seq,timestamp,EDA_raw
84548,1780495391.4606562,31
84549,1780495391.4606788,30
84550,1780495391.460682,29
84551,1780495391.460684,34
84552,1780495391.460686,33
84553,1780495391.4606879,32
84554,1780495391.46069,31
84555,1780495391.460692,32
84556,1780495391.460694,29
84557,1780495391.460696,35
84558,1780495391.4606998,29
84559,1780495391.464043,33
84560,1780495391.4640498,36
84561,1780495391.464053,31
84562,1780495391.464055,32
84563,1780495391.4640572,30
84564,1780495391.4640589,33
84565,1780495391.464061,34
84566,1780495391.464063,29
84567,1780495391.464064,32
84568,1780495391.464066,34
84569,1780495391.4640691,32
84570,1780495391.4660091,32
84571,1780495391.466017,31
84572,1780495391.4660192,33
84573,1780495391.466021,34
84574,1780495391.466023,30
84575,1780495391.4660249,33
84576,1780495391.466027,32
84577,1780495391.466031,31
84578,1780495391.466033,32
84579,1780495391.466035,34
84580,1780495391.469443,33
84581,1780495391.469463,33
84582,1780495391.4694662,32
84583,1780495391.4694679,33
84584,1780495391.46947,31
84585,1780495391.469472,32
84586,1780495391.4694731,30
84587,1780495391.469475,31
84588,1780495391.4694772,32
84589,1780495391.4694788,34
84590,1780495391.469483,31
84591,1780495391.502563,32
84592,1780495391.50258,33
84593,1780495391.502583,33
84594,1780495391.5025852,31
84595,1780495391.5025878,33
84596,1780495391.50259,31
84597,1780495391.502592,32
84598,1780495391.502594,32
84599,1780495391.502597,33
84600,1780495391.502601,32
84601,1780495391.503894,32
84602,1780495391.5079942,32
84603,1780495391.508,31
84604,1780495391.508003,31
84605,1780495391.5080051,32
84606,1780495391.508008,31
84607,1780495391.50801,32
84608,1780495391.508012,33
84609,1780495391.5080152,32
84610,1780495391.5080168,33
84611,1780495391.50802,31
84612,1780495391.5102,32
84613,1780495391.510209,31
84614,1780495391.5102122,32
84615,1780495391.5102148,32
84616,1780495391.510218,33
84617,1780495391.510221,32
84618,1780495391.5102239,31
84619,1780495391.510226,32
84620,1780495391.510229,32
84621,1780495391.510232,32
84622,1780495391.5102358,32
84623,1780495391.512426,32
84624,1780495391.512432,32
84625,1780495391.512457,32
84626,1780495391.51246,32
84627,1780495391.512463,32
84628,1780495391.512466,31
84629,1780495391.5124679,32
84630,1780495391.512471,32
84631,1780495391.512474,32
84632,1780495391.512477,32
84633,1780495391.512481,32
84634,1780495391.5475929,34
84635,1780495391.547611,32
84636,1780495391.547617,31
84637,1780495391.54762,33
84638,1780495391.5476239,31
84639,1780495391.547628,31
84640,1780495391.547633,32
84641,1780495391.547668,32
84642,1780495391.547672,32
84643,1780495391.547677,33
84644,1780495391.551214,33
84645,1780495391.551221,30
84646,1780495391.551224,32
84647,1780495391.5512261,31
84648,1780495391.5512278,31
84649,1780495391.551231,33
84650,1780495391.551233,33
84651,1780495391.5512362,32
84652,1780495391.5512378,32
84653,1780495391.55124,32
84654,1780495391.551243,31
84655,1780495391.553377,33
84656,1780495391.553382,32
84657,1780495391.5534022,31
84658,1780495391.553405,32
84659,1780495391.553407,31
84660,1780495391.55341,33
84661,1780495391.5534122,32
84662,1780495391.5534139,33
84663,1780495391.553416,32
84664,1780495391.553419,32
84665,1780495391.555586,33
84666,1780495391.5555918,31
84667,1780495391.555595,33
84668,1780495391.555597,33
84669,1780495391.5555992,32
84670,1780495391.5556018,31
84671,1780495391.555604,31
84672,1780495391.555607,32
84673,1780495391.555609,33
84674,1780495391.555611,31
84675,1780495391.555614,33
84676,1780495391.587538,33
84677,1780495391.58758,32
84678,1780495391.587583,32
84679,1780495391.5875862,31
84680,1780495391.587588,30
84681,1780495391.587591,33
84682,1780495391.587593,32
84683,1780495391.587596,32
84684,1780495391.587598,31
84685,1780495391.5876029,32
84686,1780495391.588438,31
84687,1780495391.5944781,31
84688,1780495391.5944881,30
84689,1780495391.5944908,32
84690,1780495391.5944939,33
84691,1780495391.594496,32
84692,1780495391.5944982,31
84693,1780495391.594502,32
84694,1780495391.5945039,31
84695,1780495391.594507,32
84696,1780495391.59451,33
84697,1780495391.594541,31
84698,1780495391.5966988,31
84699,1780495391.596709,31
84700,1780495391.596711,32
84701,1780495391.596714,32
84702,1780495391.596716,31
84703,1780495391.596718,32
84704,1780495391.596721,32
84705,1780495391.5967228,31
84706,1780495391.596726,32
84707,1780495391.596729,32
84708,1780495391.598925,33
84709,1780495391.598934,33
84710,1780495391.598936,31
84711,1780495391.598939,32
84712,1780495391.5989408,31
84713,1780495391.598943,32
84714,1780495391.5989451,31
84715,1780495391.598948,31
84716,1780495391.59895,33
84717,1780495391.598952,32
84718,1780495391.598956,32
84719,1780495391.6494231,32
84720,1780495391.649431,32
84721,1780495391.64945,32
84722,1780495391.649451,31
84723,1780495391.6494532,31
84724,1780495391.649454,31
84725,1780495391.649455,32
84726,1780495391.649456,32
84727,1780495391.649458,33
84728,1780495391.649459,31
84729,1780495391.64946,33
84730,1780495391.649462,32
84731,1780495391.653693,33
84732,1780495391.653696,32
84733,1780495391.653698,31
84734,1780495391.6536992,33
84735,1780495391.6537,32
84736,1780495391.653701,33
84737,1780495391.6537018,32
84738,1780495391.653704,31
84739,1780495391.653705,32
84740,1780495391.6558871,32
84741,1780495391.655892,33
84742,1780495391.655893,31
84743,1780495391.655895,32
84744,1780495391.655896,33
84745,1780495391.6558971,31
84746,1780495391.655898,31
84747,1780495391.6558988,32
84748,1780495391.655901,33
84749,1780495391.655912,32
84750,1780495391.655914,32
84751,1780495391.659777,32
84752,1780495391.6597812,33
84753,1780495391.659782,32
84754,1780495391.659783,33
84755,1780495391.6597838,31
84756,1780495391.65979,32
84757,1780495391.659791,31
84758,1780495391.659792,32
84759,1780495391.659793,33
84760,1780495391.6597939,31
84761,1780495391.659796,32
84762,1780495391.660872,32
84763,1780495391.660883,33
84764,1780495391.660886,33
84765,1780495391.6608891,32
84766,1780495391.6609101,32
84767,1780495391.660911,33
84768,1780495391.660913,32
84769,1780495391.660914,31
84770,1780495391.660915,31
84771,1780495391.6609159,32
84772,1780495391.664608,32
84773,1780495391.664615,31
84774,1780495391.664617,32
84775,1780495391.664618,32
84776,1780495391.664619,31
84777,1780495391.66462,33
84778,1780495391.664621,33
84779,1780495391.664622,32
84780,1780495391.664623,33
84781,1780495391.6646342,32
84782,1780495391.664636,31
84783,1780495391.718805,31
84784,1780495391.718814,32
84785,1780495391.718816,32
84786,1780495391.718817,31
84787,1780495391.718817,32
84788,1780495391.718818,32
84789,1780495391.7188191,33
84790,1780495391.71882,33
84791,1780495391.718821,31
84792,1780495391.718821,32
84793,1780495391.718823,32
84794,1780495391.721076,32
84795,1780495391.721078,32
84796,1780495391.721079,32
84797,1780495391.721079,32
84798,1780495391.72108,31
84799,1780495391.721081,31
84800,1780495391.7210822,31
84801,1780495391.721083,32
84802,1780495391.721083,32
84803,1780495391.7210848,32
84804,1780495391.725305,33
84805,1780495391.725308,31
84806,1780495391.725309,33
84807,1780495391.725309,33
84808,1780495391.7253098,33
84809,1780495391.725311,33
84810,1780495391.725312,31
84811,1780495391.725312,31
84812,1780495391.725313,32
84813,1780495391.7253141,32
84814,1780495391.725315,32
84815,1780495391.7293818,32
84816,1780495391.729386,32
84817,1780495391.729388,31
84818,1780495391.729389,33
84819,1780495391.7293901,32
84820,1780495391.729391,33
84821,1780495391.729392,32
84822,1780495391.729392,30
84823,1780495391.729393,31
84824,1780495391.729394,29
84825,1780495391.729395,31
84826,1780495391.731624,32
84827,1780495391.731626,33
84828,1780495391.731627,32
84829,1780495391.731627,32
84830,1780495391.731628,32
84831,1780495391.7316291,31
84832,1780495391.73163,32
84833,1780495391.731631,32
84834,1780495391.731631,32
84835,1780495391.7316322,31
84836,1780495391.73382,33
84837,1780495391.7338219,33
84838,1780495391.733823,32
84839,1780495391.733823,33
84840,1780495391.733824,32
84841,1780495391.733825,32
84842,1780495391.7338262,31
84843,1780495391.733827,32
84844,1780495391.733827,32
84845,1780495391.733828,32
84846,1780495391.733829,32
84847,1780495391.736089,33
84848,1780495391.736091,32
84849,1780495391.736091,32
84850,1780495391.7360919,32
84851,1780495391.736093,32
84852,1780495391.736094,31
84853,1780495391.736094,32
84854,1780495391.736095,32
84855,1780495391.736096,33
84856,1780495391.736097,32
84857,1780495391.7382069,31
84858,1780495391.7681332,32
84859,1780495391.76814,31
84860,1780495391.768141,31
84861,1780495391.768142,32
84862,1780495391.7681432,32
84863,1780495391.768144,31
84864,1780495391.768144,33
84865,1780495391.7681448,32
84866,1780495391.768146,31
84867,1780495391.768147,33
84868,1780495391.7736802,32
84869,1780495391.773681,32
84870,1780495391.7736819,32
84871,1780495391.7736828,32
84872,1780495391.773684,32
84873,1780495391.773685,32
84874,1780495391.773685,31
84875,1780495391.773686,31
84876,1780495391.7736871,32
84877,1780495391.773688,31
84878,1780495391.773689,32
84879,1780495391.775167,32
84880,1780495391.77517,33
84881,1780495391.775171,32
84882,1780495391.775177,33
84883,1780495391.775178,31
84884,1780495391.775179,32
84885,1780495391.77518,32
84886,1780495391.775181,31
84887,1780495391.775182,32
84888,1780495391.775182,31
84889,1780495391.7785652,33
84890,1780495391.7785668,33
84891,1780495391.7785668,32
84892,1780495391.778568,33
84893,1780495391.778569,31
84894,1780495391.77857,32
84895,1780495391.778571,31
84896,1780495391.778571,33
84897,1780495391.778572,32
84898,1780495391.778573,31
84899,1780495391.778574,32
84900,1780495391.8080761,31
84901,1780495391.808102,33
84902,1780495391.8081028,32
84903,1780495391.808104,31
84904,1780495391.808105,32
84905,1780495391.808106,32
84906,1780495391.808107,32
84907,1780495391.808108,30
84908,1780495391.808109,31
84909,1780495391.808109,33
84910,1780495391.8081112,31
84911,1780495391.8122728,32
84912,1780495391.812276,32
84913,1780495391.812277,32
84914,1780495391.812278,31
84915,1780495391.812279,32
84916,1780495391.8122802,31
84917,1780495391.8122811,32
84918,1780495391.812282,31
84919,1780495391.8122828,31
84920,1780495391.8122828,32
84921,1780495391.812285,32
84922,1780495391.814336,32
84923,1780495391.8143392,32
84924,1780495391.814341,32
84925,1780495391.8143418,32
84926,1780495391.814343,31
84927,1780495391.814344,32
84928,1780495391.814345,33
84929,1780495391.814346,32
84930,1780495391.814347,32
84931,1780495391.814348,31
84932,1780495391.82069,32
84933,1780495391.820698,34
84934,1780495391.820699,31
84935,1780495391.8207,33
84936,1780495391.820701,32
84937,1780495391.8207018,32
84938,1780495391.820703,32
84939,1780495391.820704,31
84940,1780495391.820705,32
84941,1780495391.8207061,31
84942,1780495391.820708,32
84943,1780495391.8495429,33
84944,1780495391.849548,31
84945,1780495391.84955,31
84946,1780495391.8495512,32
84947,1780495391.849552,30
84948,1780495391.8495529,32
84949,1780495391.849565,32
84950,1780495391.849566,32
84951,1780495391.849568,30
84952,1780495391.849569,32
84953,1780495391.849571,31
84954,1780495391.853913,32
84955,1780495391.8539221,32
84956,1780495391.853923,33
84957,1780495391.853924,32
84958,1780495391.853926,31
84959,1780495391.853927,33
84960,1780495391.8539279,31
84961,1780495391.853929,32
84962,1780495391.853931,32
84963,1780495391.853933,31
84964,1780495391.856034,32
84965,1780495391.8560379,31
84966,1780495391.8560388,31
84967,1780495391.856041,31
84968,1780495391.856042,31
84969,1780495391.856043,32
84970,1780495391.856045,32
84971,1780495391.856046,32
84972,1780495391.856048,32
84973,1780495391.8560488,32
84974,1780495391.856051,32
84975,1780495391.868045,32
84976,1780495391.868049,31
84977,1780495391.868051,32
84978,1780495391.868052,32
84979,1780495391.868054,32
84980,1780495391.868055,32
84981,1780495391.868056,31
84982,1780495391.8680582,33
84983,1780495391.868059,30
84984,1780495391.8680599,32
84985,1780495391.868062,33
84986,1780495391.898766,32
84987,1780495391.898774,32
84988,1780495391.898777,32
84989,1780495391.898779,32
84990,1780495391.8987799,32
84991,1780495391.898782,32
84992,1780495391.898784,31
84993,1780495391.898786,32
84994,1780495391.8987882,31
84995,1780495391.8987908,31
84996,1780495391.9032269,32
84997,1780495391.903232,33
84998,1780495391.903234,32
84999,1780495391.9032362,33
85000,1780495391.9032378,31
85001,1780495391.90324,32
85002,1780495391.903241,32
85003,1780495391.903243,33
85004,1780495391.903245,32
85005,1780495391.903263,33
85006,1780495391.9032671,30
85007,1780495391.905012,33
85008,1780495391.9050171,33
85009,1780495391.9050188,32
85010,1780495391.905021,33
85011,1780495391.9050229,31
85012,1780495391.905025,32
85013,1780495391.9050272,32
85014,1780495391.905028,32
85015,1780495391.9050298,32
85016,1780495391.905032,31
85017,1780495391.905042,30
85018,1780495391.911896,33
85019,1780495391.911901,32
85020,1780495391.911904,32
85021,1780495391.911906,33
85022,1780495391.9119081,33
85023,1780495391.9119098,33
85024,1780495391.911912,31
85025,1780495391.911915,32
85026,1780495391.9119182,31
85027,1780495391.9119208,31
85028,1780495391.918165,31
85029,1780495391.918171,34
85030,1780495391.9181728,31
85031,1780495391.918175,32
85032,1780495391.918178,32
85033,1780495391.91818,31
85034,1780495391.918182,32
85035,1780495391.918184,32
85036,1780495391.918186,32
85037,1780495391.918189,31
85038,1780495391.9181921,33
85039,1780495391.948383,32
85040,1780495391.9484,32
85041,1780495391.948409,31
85042,1780495391.948412,32
85043,1780495391.948415,31
85044,1780495391.948417,33
85045,1780495391.94842,32
85046,1780495391.948423,32
85047,1780495391.948426,33
85048,1780495391.948429,32
85049,1780495391.948433,32
85050,1780495391.954547,33
85051,1780495391.95457,33
85052,1780495391.954574,30
85053,1780495391.954577,32
85054,1780495391.954581,32
85055,1780495391.954583,32
85056,1780495391.954587,32
85057,1780495391.954589,31
85058,1780495391.954592,32
85059,1780495391.9545999,32
85060,1780495391.95651,32
85061,1780495391.956519,32
85062,1780495391.956523,32
85063,1780495391.956527,32
85064,1780495391.956529,32
85065,1780495391.956532,32
85066,1780495391.956535,32
85067,1780495391.9565382,32
85068,1780495391.9565408,31
85069,1780495391.956547,32
85070,1780495391.9565508,31
85071,1780495391.958692,32
85072,1780495391.958698,32
85073,1780495391.958702,33
85074,1780495391.958705,32
85075,1780495391.958709,32
85076,1780495391.958712,32
85077,1780495391.958716,33
85078,1780495391.958719,31
85079,1780495391.958721,31
85080,1780495391.958724,33
85081,1780495391.9587278,31
85082,1780495392.0168262,32
85083,1780495392.016858,32
85084,1780495392.016864,32
85085,1780495392.016868,33
85086,1780495392.016872,32
85087,1780495392.016876,31
85088,1780495392.01688,33
85089,1780495392.016885,32
85090,1780495392.016889,32
85091,1780495392.016897,33
85092,1780495392.02071,32
85093,1780495392.020726,32
85094,1780495392.020731,32
85095,1780495392.020736,31
85096,1780495392.0207412,32
85097,1780495392.020746,31
85098,1780495392.02075,32
85099,1780495392.020755,33
85100,1780495392.02076,32
85101,1780495392.0207648,32
85102,1780495392.0207691,31
85103,1780495392.020777,32
85104,1780495392.02468,31
85105,1780495392.0247061,31
85106,1780495392.02471,32
85107,1780495392.024713,32
85108,1780495392.0247161,31
85109,1780495392.024759,32
85110,1780495392.0247629,33
85111,1780495392.024766,33
85112,1780495392.024769,33
85113,1780495392.0247731,31
85114,1780495392.0276859,33
85115,1780495392.0276961,31
85116,1780495392.027699,32
85117,1780495392.027701,32
85118,1780495392.027704,32
85119,1780495392.0277061,33
85120,1780495392.027709,32
85121,1780495392.027711,31
85122,1780495392.027713,32
85123,1780495392.027717,32
85124,1780495392.03113,33
85125,1780495392.031144,32
85126,1780495392.031148,32
85127,1780495392.031151,33
85128,1780495392.031154,32
85129,1780495392.031157,32
85130,1780495392.031159,31
85131,1780495392.031163,32
85132,1780495392.0311658,34
85133,1780495392.031169,31
85134,1780495392.031177,32
85135,1780495392.032962,33
85136,1780495392.032976,33
85137,1780495392.032979,33
85138,1780495392.032982,32
85139,1780495392.032985,31
85140,1780495392.0329878,32
85141,1780495392.033031,31
85142,1780495392.033034,32
85143,1780495392.033037,32
85144,1780495392.0330398,32
85145,1780495392.0330439,32
85146,1780495392.0367181,31
85147,1780495392.036729,31
85148,1780495392.036733,33
85149,1780495392.036737,32
85150,1780495392.03674,32
85151,1780495392.0367439,32
85152,1780495392.036751,32
85153,1780495392.036756,31
85154,1780495392.0367591,31
85155,1780495392.036785,32
85156,1780495392.066737,31
85157,1780495392.066745,32
85158,1780495392.066748,30
85159,1780495392.0667489,31
85160,1780495392.066751,31
85161,1780495392.066753,32
85162,1780495392.066755,30
85163,1780495392.0667572,31
85164,1780495392.066758,32
85165,1780495392.0667598,33
85166,1780495392.066763,32
85167,1780495392.072633,31
85168,1780495392.07264,31
85169,1780495392.072643,33
85170,1780495392.072644,34
85171,1780495392.072646,33
85172,1780495392.0726469,33
85173,1780495392.072649,33
85174,1780495392.072651,31
85175,1780495392.072652,33
85176,1780495392.072654,33
85177,1780495392.072656,32
85178,1780495392.075165,33
85179,1780495392.075169,32
85180,1780495392.075171,31
85181,1780495392.0751731,32
85182,1780495392.0751739,31
85183,1780495392.075176,32
85184,1780495392.075177,33
85185,1780495392.075179,33
85186,1780495392.07518,32
85187,1780495392.0751832,31
85188,1780495392.077695,31
85189,1780495392.0776992,32
85190,1780495392.077701,36
85191,1780495392.0777018,32
85192,1780495392.077704,32
85193,1780495392.077705,32
85194,1780495392.077707,31
85195,1780495392.077709,33
85196,1780495392.0777102,32
85197,1780495392.0777118,31
85198,1780495392.077714,31
85199,1780495392.108704,32
85200,1780495392.1087072,32
85201,1780495392.1087081,32
85202,1780495392.108709,32
85203,1780495392.1087098,33
85204,1780495392.1087098,30
85205,1780495392.108712,32
85206,1780495392.108712,33
85207,1780495392.108713,32
85208,1780495392.108715,30
85209,1780495392.110249,32
85210,1780495392.110251,33
85211,1780495392.1151319,33
85212,1780495392.115133,32
85213,1780495392.115134,33
85214,1780495392.115135,31
85215,1780495392.115136,32
85216,1780495392.115137,31
85217,1780495392.115138,31
85218,1780495392.115139,31
85219,1780495392.1151402,31
85220,1780495392.1194391,31
85221,1780495392.1194408,33
85222,1780495392.119442,32
85223,1780495392.119443,32
85224,1780495392.119448,32
85225,1780495392.1194491,33
85226,1780495392.11945,32
85227,1780495392.1194508,32
85228,1780495392.1194508,31
85229,1780495392.119452,40
85230,1780495392.119454,35
85231,1780495392.121572,33
85232,1780495392.1215749,32
85233,1780495392.121577,32
85234,1780495392.121577,32
85235,1780495392.121578,31
85236,1780495392.121579,33
85237,1780495392.1215801,33
85238,1780495392.1215801,32
85239,1780495392.121581,32
85240,1780495392.121582,33
85241,1780495392.121583,32
85242,1780495392.150641,32
85243,1780495392.150644,32
85244,1780495392.150645,33
85245,1780495392.150645,32
85246,1780495392.150646,32
85247,1780495392.150647,32
85248,1780495392.150648,32
85249,1780495392.150648,43
85250,1780495392.150649,37
85251,1780495392.15065,33
85252,1780495392.1549382,33
85253,1780495392.15494,32
85254,1780495392.1549408,32
85255,1780495392.154942,32
85256,1780495392.154943,31
85257,1780495392.154943,32
85258,1780495392.154944,34
85259,1780495392.1549451,31
85260,1780495392.154946,31
85261,1780495392.154947,32
85262,1780495392.154948,31
85263,1780495392.157135,32
85264,1780495392.157136,32
85265,1780495392.157137,32
85266,1780495392.1571379,32
85267,1780495392.157139,32
85268,1780495392.15714,31
85269,1780495392.157141,38
85270,1780495392.157142,34
85271,1780495392.157142,34
85272,1780495392.157143,32
85273,1780495392.160204,33
85274,1780495392.160206,32
85275,1780495392.160207,32
85276,1780495392.160208,33
85277,1780495392.160208,32
85278,1780495392.160209,32
85279,1780495392.16021,32
85280,1780495392.1602108,31
85281,1780495392.160212,32
85282,1780495392.160213,33
85283,1780495392.160214,32
85284,1780495392.192471,33
85285,1780495392.1924732,32
85286,1780495392.1924741,33
85287,1780495392.1924748,32
85288,1780495392.1924758,31
85289,1780495392.192477,40
85290,1780495392.192477,36
85291,1780495392.192478,35
85292,1780495392.192479,33
85293,1780495392.19248,32
85294,1780495392.192481,32
85295,1780495392.196255,33
85296,1780495392.196257,33
85297,1780495392.196258,33
85298,1780495392.196258,31
85299,1780495392.196259,33
85300,1780495392.1962602,31
85301,1780495392.1962612,31
85302,1780495392.196262,32
85303,1780495392.196262,32
85304,1780495392.1962628,32
85305,1780495392.196264,33
85306,1780495392.19856,32
85307,1780495392.198563,33
85308,1780495392.198563,34
85309,1780495392.198572,35
85310,1780495392.198573,36
85311,1780495392.198574,33
85312,1780495392.198575,33
85313,1780495392.1985762,32
85314,1780495392.1985762,32
85315,1780495392.198578,32
85316,1780495392.227961,32
85317,1780495392.227963,32
85318,1780495392.227964,32
85319,1780495392.2279649,32
85320,1780495392.227966,32
85321,1780495392.227966,33
85322,1780495392.227967,31
85323,1780495392.227968,32
85324,1780495392.227969,32
85325,1780495392.2279701,32
85326,1780495392.227971,32
85327,1780495392.232405,32
85328,1780495392.232407,37
85329,1780495392.232408,38
85330,1780495392.232409,36
85331,1780495392.2324102,36
85332,1780495392.232411,34
85333,1780495392.2324119,34
85334,1780495392.2324119,32
85335,1780495392.2324128,33
85336,1780495392.232414,32
85337,1780495392.232415,32
85338,1780495392.2346299,32
85339,1780495392.234632,31
85340,1780495392.234633,32
85341,1780495392.234634,33
85342,1780495392.234635,32
85343,1780495392.234636,33
85344,1780495392.234637,33
85345,1780495392.234638,32
85346,1780495392.2346392,33
85347,1780495392.23464,33
85348,1780495392.23666,42
85349,1780495392.236662,38
85350,1780495392.236663,35
85351,1780495392.236664,34
85352,1780495392.236665,34
85353,1780495392.236665,33
85354,1780495392.2366662,33
85355,1780495392.236667,32
85356,1780495392.2366679,32
85357,1780495392.2366688,33
85358,1780495392.23667,31
85359,1780495392.249376,32
85360,1780495392.249378,32
85361,1780495392.24938,33
85362,1780495392.249381,32
85363,1780495392.2493818,32
85364,1780495392.2493818,32
85365,1780495392.249383,31
85366,1780495392.249384,33
85367,1780495392.2493849,37
85368,1780495392.249387,40
85369,1780495392.287173,37
85370,1780495392.290252,38
85371,1780495392.2902558,35
85372,1780495392.290257,35
85373,1780495392.290259,34
85374,1780495392.29026,33
85375,1780495392.290261,32
85376,1780495392.290263,33
85377,1780495392.2902641,33
85378,1780495392.290266,32
85379,1780495392.290268,31
85380,1780495392.2930932,32
85381,1780495392.2930958,32
85382,1780495392.293098,32
85383,1780495392.293099,33
85384,1780495392.2931,32
85385,1780495392.293102,31
85386,1780495392.2931042,33
85387,1780495392.293105,39
85388,1780495392.2931058,39
85389,1780495392.293108,39
85390,1780495392.2931101,38
85391,1780495392.3040981,37
85392,1780495392.3041012,34
85393,1780495392.304102,33
85394,1780495392.3041039,32
85395,1780495392.304105,31
85396,1780495392.304106,32
85397,1780495392.3041081,33
85398,1780495392.304109,32
85399,1780495392.304111,33
85400,1780495392.3041122,33
85401,1780495392.3041139,32
85402,1780495392.306425,32
85403,1780495392.3064268,32
85404,1780495392.306429,32
85405,1780495392.3064299,32
85406,1780495392.306431,32
85407,1780495392.306433,37
85408,1780495392.3064342,41
85409,1780495392.306444,39
85410,1780495392.306446,39
85411,1780495392.306448,35
85412,1780495392.309371,35
85413,1780495392.3093739,32
85414,1780495392.309375,33
85415,1780495392.309377,31
85416,1780495392.309379,32
85417,1780495392.30938,32
85418,1780495392.309382,32
85419,1780495392.309383,34
85420,1780495392.309385,32
85421,1780495392.309386,32
85422,1780495392.309389,31
85423,1780495392.3127759,31
85424,1780495392.312779,32
85425,1780495392.312781,32
85426,1780495392.312783,32
85427,1780495392.312785,35
85428,1780495392.3127859,42
85429,1780495392.312788,41
85430,1780495392.312789,38
85431,1780495392.312791,37
85432,1780495392.312792,35
85433,1780495392.312795,34
85434,1780495392.343884,32
85435,1780495392.343889,33
85436,1780495392.343891,32
85437,1780495392.343894,32
85438,1780495392.3438962,32
85439,1780495392.343898,33
85440,1780495392.343901,31
85441,1780495392.343903,32
85442,1780495392.343905,33
85443,1780495392.343908,31
85444,1780495392.349113,33
85445,1780495392.349118,33
85446,1780495392.349121,45
85447,1780495392.349123,40
85448,1780495392.3491251,42
85449,1780495392.3491268,42
85450,1780495392.34913,39
85451,1780495392.349132,35
85452,1780495392.349134,37
85453,1780495392.3491359,35
85454,1780495392.34914,33
85455,1780495392.3507671,32
85456,1780495392.350772,30
85457,1780495392.350774,33
85458,1780495392.350776,31
85459,1780495392.350778,32
85460,1780495392.3507898,32
85461,1780495392.350792,32
85462,1780495392.350794,33
85463,1780495392.350796,32
85464,1780495392.350799,32
85465,1780495392.350801,33
85466,1780495392.350803,40
85467,1780495392.350805,44
85468,1780495392.350807,40
85469,1780495392.350809,40
85470,1780495392.3508108,41
85471,1780495392.3508139,38
85472,1780495392.350816,35
85473,1780495392.3508182,34
85474,1780495392.35082,33
85475,1780495392.3508239,33
85476,1780495392.383866,32
85477,1780495392.3838909,33
85478,1780495392.383896,32
85479,1780495392.383899,33
85480,1780495392.383904,32
85481,1780495392.383907,33
85482,1780495392.38391,33
85483,1780495392.3839118,32
85484,1780495392.383915,32
85485,1780495392.383918,34
85486,1780495392.3839219,37
85487,1780495392.387796,42
85488,1780495392.3878112,44
85489,1780495392.3878138,44
85490,1780495392.387817,41
85491,1780495392.38782,39
85492,1780495392.3878222,37
85493,1780495392.387829,36
85494,1780495392.387831,34
85495,1780495392.387834,33
85496,1780495392.387837,32
85497,1780495392.387844,33
85498,1780495392.3903658,31
85499,1780495392.3903801,32
85500,1780495392.3903859,33
85501,1780495392.39039,31
85502,1780495392.390393,31
85503,1780495392.390398,32
85504,1780495392.3904068,36
85505,1780495392.390411,39
85506,1780495392.390416,41
85507,1780495392.390423,42
85508,1780495392.421383,42
85509,1780495392.421411,44
85510,1780495392.4214149,44
85511,1780495392.421419,42
85512,1780495392.4214232,38
85513,1780495392.4214258,36
85514,1780495392.421429,36
85515,1780495392.421432,34
85516,1780495392.4214342,33
85517,1780495392.421438,33
85518,1780495392.422685,32
85519,1780495392.426912,33
85520,1780495392.426921,32
85521,1780495392.426956,33
85522,1780495392.4269598,32
85523,1780495392.426966,36
85524,1780495392.426969,39
85525,1780495392.426972,40
85526,1780495392.426975,42
85527,1780495392.426978,41
85528,1780495392.4269812,47
85529,1780495392.426985,46
85530,1780495392.429375,44
85531,1780495392.429386,43
85532,1780495392.429389,42
85533,1780495392.4293919,39
85534,1780495392.429394,37
85535,1780495392.429397,36
85536,1780495392.4294,37
85537,1780495392.4294028,34
85538,1780495392.429406,34
85539,1780495392.42941,32
85540,1780495392.434005,33
85541,1780495392.4340239,37
85542,1780495392.4340281,35
85543,1780495392.434031,37
85544,1780495392.4340339,39
85545,1780495392.434037,42
85546,1780495392.43404,44
85547,1780495392.434043,48
85548,1780495392.434046,49
85549,1780495392.4340491,46
85550,1780495392.434057,45
85551,1780495392.463189,43
85552,1780495392.463211,42
85553,1780495392.4632168,38
85554,1780495392.463221,37
85555,1780495392.4632251,37
85556,1780495392.463228,35
85557,1780495392.463232,36
85558,1780495392.463236,33
85559,1780495392.46324,33
85560,1780495392.463244,34
85561,1780495392.463249,37
85562,1780495392.4675388,36
85563,1780495392.4675531,39
85564,1780495392.4675572,41
85565,1780495392.46756,43
85566,1780495392.467563,48
85567,1780495392.467566,49
85568,1780495392.4675689,49
85569,1780495392.467572,49
85570,1780495392.467575,48
85571,1780495392.467579,45
85572,1780495392.4707782,43
85573,1780495392.470795,43
85574,1780495392.4707992,41
85575,1780495392.4708018,39
85576,1780495392.4708061,37
85577,1780495392.470809,37
85578,1780495392.4708118,36
85579,1780495392.470815,36
85580,1780495392.470817,37
85581,1780495392.4708202,37
85582,1780495392.470827,39
85583,1780495392.473205,40
85584,1780495392.47322,43
85585,1780495392.473224,45
85586,1780495392.473227,45
85587,1780495392.4732301,50
85588,1780495392.473233,52
85589,1780495392.473236,51
85590,1780495392.473239,50
85591,1780495392.473241,47
85592,1780495392.473244,46
85593,1780495392.473249,44
85594,1780495392.5031412,42
85595,1780495392.503146,41
85596,1780495392.503148,41
85597,1780495392.50315,38
85598,1780495392.5031521,37
85599,1780495392.5031538,37
85600,1780495392.503156,39
85601,1780495392.503158,40
85602,1780495392.50316,42
85603,1780495392.5031621,42
85604,1780495392.503165,44
85605,1780495392.509845,49
85606,1780495392.509848,49
85607,1780495392.50985,54
85608,1780495392.509851,54
85609,1780495392.509853,55
85610,1780495392.509855,53
85611,1780495392.509856,49
85612,1780495392.5098581,49
85613,1780495392.509859,48
85614,1780495392.5098612,45
85615,1780495392.509862,45
85616,1780495392.5098639,42
85617,1780495392.509866,42
85618,1780495392.509867,39
85619,1780495392.509869,40
85620,1780495392.50987,44
85621,1780495392.5098722,44
85622,1780495392.5098739,44
85623,1780495392.509876,47
85624,1780495392.509877,48
85625,1780495392.50988,52
85626,1780495392.514375,51
85627,1780495392.514378,54
85628,1780495392.514379,57
85629,1780495392.5143812,56
85630,1780495392.5143821,54
85631,1780495392.514383,52
85632,1780495392.5143838,48
85633,1780495392.514386,47
85634,1780495392.514387,44
85635,1780495392.514389,42
85636,1780495392.543274,41
85637,1780495392.543277,40
85638,1780495392.543278,38
85639,1780495392.5432792,41
85640,1780495392.5432801,41
85641,1780495392.5432808,40
85642,1780495392.543282,44
85643,1780495392.543283,44
85644,1780495392.543284,48
85645,1780495392.543285,48
85646,1780495392.543287,52
85647,1780495392.5476658,54
85648,1780495392.547668,55
85649,1780495392.547669,56
85650,1780495392.5476701,55
85651,1780495392.547671,50
85652,1780495392.547672,52
85653,1780495392.547673,47
85654,1780495392.5476742,48
85655,1780495392.547675,45
85656,1780495392.5476758,42
85657,1780495392.547677,42
85658,1780495392.550349,40
85659,1780495392.5503511,40
85660,1780495392.5503519,41
85661,1780495392.5503519,43
85662,1780495392.5503528,45
85663,1780495392.550354,47
85664,1780495392.550355,49
85665,1780495392.550356,51
85666,1780495392.550357,53
85667,1780495392.550358,56
85668,1780495392.590006,56
85669,1780495392.590009,57
85670,1780495392.5900102,54
85671,1780495392.590011,54
85672,1780495392.5900118,50
85673,1780495392.5900118,50
85674,1780495392.590013,44
85675,1780495392.590014,45
85676,1780495392.590015,42
85677,1780495392.590016,41
85678,1780495392.590017,39
85679,1780495392.591533,41
85680,1780495392.591536,42
85681,1780495392.591537,42
85682,1780495392.591537,45
85683,1780495392.591538,48
85684,1780495392.591539,47
85685,1780495392.5915399,52
85686,1780495392.591541,52
85687,1780495392.591541,55
85688,1780495392.591542,56
85689,1780495392.591543,56
85690,1780495392.600158,55
85691,1780495392.60016,53
85692,1780495392.600161,50
85693,1780495392.600162,50
85694,1780495392.600162,48
85695,1780495392.600163,46
85696,1780495392.6001642,44
85697,1780495392.6001651,41
85698,1780495392.6001651,40
85699,1780495392.6001668,41
85700,1780495392.602607,42
85701,1780495392.602609,43
85702,1780495392.6026099,46
85703,1780495392.6026108,48
85704,1780495392.602612,47
85705,1780495392.602612,51
85706,1780495392.602613,51
85707,1780495392.602614,56
85708,1780495392.602615,58
85709,1780495392.602615,58
85710,1780495392.602617,56
85711,1780495392.6051872,52
85712,1780495392.605189,52
85713,1780495392.6051898,49
85714,1780495392.605191,47
85715,1780495392.605192,46
85716,1780495392.605193,44
85717,1780495392.605193,43
85718,1780495392.605194,42
85719,1780495392.605195,42
85720,1780495392.605196,42
85721,1780495392.605197,43
85722,1780495392.6080709,46
85723,1780495392.608073,46
85724,1780495392.608074,49
85725,1780495392.608074,49
85726,1780495392.608075,54
85727,1780495392.608076,56
85728,1780495392.608077,60
85729,1780495392.608078,57
85730,1780495392.6080792,57
85731,1780495392.60808,54
85732,1780495392.642515,53
85733,1780495392.642518,49
85734,1780495392.642518,49
85735,1780495392.642519,46
85736,1780495392.64252,45
85737,1780495392.6425211,43
85738,1780495392.642522,42
85739,1780495392.6425228,45
85740,1780495392.642524,44
85741,1780495392.642524,44
85742,1780495392.642526,47
85743,1780495392.6468952,47
85744,1780495392.6468968,51
85745,1780495392.646898,52
85746,1780495392.646899,55
85747,1780495392.646899,57
85748,1780495392.6469,60
85749,1780495392.646901,57
85750,1780495392.646902,57
85751,1780495392.646903,56
85752,1780495392.646903,53
85753,1780495392.6469052,50
85754,1780495392.649136,50
85755,1780495392.649138,47
85756,1780495392.649139,45
85757,1780495392.649139,44
85758,1780495392.64914,41
85759,1780495392.649141,44
85760,1780495392.649142,44
85761,1780495392.649142,46
85762,1780495392.649143,45
85763,1780495392.649148,48
85764,1780495392.651356,50
85765,1780495392.651358,52
85766,1780495392.651358,56
85767,1780495392.651359,58
85768,1780495392.65136,59
85769,1780495392.651361,60
85770,1780495392.651362,56
85771,1780495392.651362,55
85772,1780495392.6513631,52
85773,1780495392.651364,52
85774,1780495392.651365,50
85775,1780495392.682571,48
85776,1780495392.682574,47
85777,1780495392.682575,44
85778,1780495392.682576,43
85779,1780495392.682577,44
85780,1780495392.682577,46
85781,1780495392.6825778,45
85782,1780495392.682579,47
85783,1780495392.68258,49
85784,1780495392.682581,52
85785,1780495392.682582,52
85786,1780495392.689219,55
85787,1780495392.6892211,60
85788,1780495392.6892219,60
85789,1780495392.6892228,59
85790,1780495392.689224,58
85791,1780495392.689225,56
85792,1780495392.689226,54
85793,1780495392.689235,51
85794,1780495392.689236,51
85795,1780495392.6892369,49
85796,1780495392.691453,46
85797,1780495392.691454,45
85798,1780495392.691455,44
85799,1780495392.691456,47
85800,1780495392.691457,45
85801,1780495392.691458,46
85802,1780495392.6914592,49
85803,1780495392.6914601,51
85804,1780495392.691461,53
85805,1780495392.6914618,54
85806,1780495392.691464,57
85807,1780495392.693048,61
85808,1780495392.6930501,63
85809,1780495392.6930509,60
85810,1780495392.6930518,59
85811,1780495392.693053,58
85812,1780495392.693054,54
85813,1780495392.693055,54
85814,1780495392.693056,51
85815,1780495392.693057,50
85816,1780495392.693058,48
85817,1780495392.693059,46
85818,1780495392.723705,44
85819,1780495392.723707,48
85820,1780495392.723708,49
85821,1780495392.72371,49
85822,1780495392.723711,49
85823,1780495392.723712,51
85824,1780495392.723713,55
85825,1780495392.723714,56
85826,1780495392.723718,60
85827,1780495392.7237198,63
85828,1780495392.72818,63
85829,1780495392.728183,64
85830,1780495392.728184,62
85831,1780495392.7281852,59
85832,1780495392.7281861,57
85833,1780495392.7281868,54
85834,1780495392.7281878,53
85835,1780495392.72819,50
85836,1780495392.728191,49
85837,1780495392.728192,49
85838,1780495392.728194,46
85839,1780495392.729685,48
85840,1780495392.729687,48
85841,1780495392.7296891,49
85842,1780495392.72969,52
85843,1780495392.729692,53
85844,1780495392.729693,55
85845,1780495392.729695,59
85846,1780495392.729696,60
85847,1780495392.729697,63
85848,1780495392.729698,65
85849,1780495392.729701,63
85850,1780495392.762548,61
85851,1780495392.762551,61
85852,1780495392.762552,57
85853,1780495392.7625542,55
85854,1780495392.7625558,53
85855,1780495392.762557,52
85856,1780495392.762559,51
85857,1780495392.76256,49
85858,1780495392.762562,48
85859,1780495392.7625642,50
85860,1780495392.764838,51
85861,1780495392.764842,51
85862,1780495392.764844,53
85863,1780495392.7648451,54
85864,1780495392.764847,56
85865,1780495392.764849,60
85866,1780495392.7648509,60
85867,1780495392.764853,65
85868,1780495392.764854,68
85869,1780495392.764856,65
85870,1780495392.764859,61
85871,1780495392.769473,63
85872,1780495392.7694762,59
85873,1780495392.7694778,59
85874,1780495392.76948,57
85875,1780495392.769482,53
85876,1780495392.769483,50
85877,1780495392.769485,50
85878,1780495392.7694871,50
85879,1780495392.7694888,50
85880,1780495392.76949,51
85881,1780495392.769493,51
85882,1780495392.771638,53
85883,1780495392.771643,55
85884,1780495392.7716448,56
85885,1780495392.771647,59
85886,1780495392.7716491,63
85887,1780495392.771651,66
85888,1780495392.7716532,68
85889,1780495392.7716548,65
85890,1780495392.771657,65
85891,1780495392.771667,61
85892,1780495392.803222,60
85893,1780495392.803228,58
85894,1780495392.803231,54
85895,1780495392.803234,53
85896,1780495392.8032372,53
85897,1780495392.8032389,49
85898,1780495392.803242,50
85899,1780495392.803245,51
85900,1780495392.8032482,51
85901,1780495392.8032498,53
85902,1780495392.803253,55
85903,1780495392.803257,55
85904,1780495392.809333,58
85905,1780495392.809356,62
85906,1780495392.8093598,65
85907,1780495392.809363,65
85908,1780495392.809365,68
85909,1780495392.809367,66
85910,1780495392.809369,64
85911,1780495392.809373,63
85912,1780495392.809376,60
85913,1780495392.809379,58
85914,1780495392.8114848,56
85915,1780495392.8114939,55
85916,1780495392.811497,53
85917,1780495392.8115,51
85918,1780495392.811502,51
85919,1780495392.8115041,52
85920,1780495392.811507,51
85921,1780495392.8115141,53
85922,1780495392.8115158,54
85923,1780495392.811519,54
85924,1780495392.8137689,59
85925,1780495392.813785,61
85926,1780495392.813788,65
85927,1780495392.813791,66
85928,1780495392.813796,67
85929,1780495392.813799,66
85930,1780495392.813801,67
85931,1780495392.813803,62
85932,1780495392.813805,59
85933,1780495392.813807,58
85934,1780495392.8138108,56
85935,1780495392.843134,56
85936,1780495392.843155,53
85937,1780495392.843161,50
85938,1780495392.843165,51
85939,1780495392.843169,51
85940,1780495392.843172,52
85941,1780495392.843176,56
85942,1780495392.84318,55
85943,1780495392.8431842,55
85944,1780495392.843188,60
85945,1780495392.843194,61
85946,1780495392.847511,63
85947,1780495392.84753,65
85948,1780495392.8475351,67
85949,1780495392.847538,68
85950,1780495392.8475451,66
85951,1780495392.847549,65
85952,1780495392.847554,61
85953,1780495392.847622,59
85954,1780495392.847627,57
85955,1780495392.847636,57
85956,1780495392.849552,54
85957,1780495392.8495622,54
85958,1780495392.849566,52
85959,1780495392.84957,54
85960,1780495392.849591,54
85961,1780495392.8495948,55
85962,1780495392.849598,56
85963,1780495392.849601,59
85964,1780495392.849605,60
85965,1780495392.849608,63
85966,1780495392.849613,65
85967,1780495392.8889751,67
85968,1780495392.889002,70
85969,1780495392.8890061,70
85970,1780495392.889009,66
85971,1780495392.889013,66
85972,1780495392.8890162,64
85973,1780495392.889036,61
85974,1780495392.88907,60
85975,1780495392.889081,57
85976,1780495392.8890848,57
85977,1780495392.889089,55
85978,1780495392.8904178,53
85979,1780495392.8904252,54
85980,1780495392.8904278,55
85981,1780495392.890431,58
85982,1780495392.890434,59
85983,1780495392.8904378,61
85984,1780495392.890442,60
85985,1780495392.890444,65
85986,1780495392.8904471,68
85987,1780495392.890451,68
85988,1780495392.8958452,70
85989,1780495392.8958662,70
85990,1780495392.895871,69
85991,1780495392.895875,67
85992,1780495392.895879,64
85993,1780495392.895883,63
85994,1780495392.8958862,62
85995,1780495392.89589,58
85996,1780495392.895893,58
85997,1780495392.8958972,57
85998,1780495392.895902,55
85999,1780495392.908426,58
86000,1780495392.908457,57
86001,1780495392.908463,58
86002,1780495392.908471,61
86003,1780495392.9084759,62
86004,1780495392.90848,65
86005,1780495392.9084868,68
86006,1780495392.908491,69
86007,1780495392.908496,70
86008,1780495392.908501,74
86009,1780495392.908509,70
86010,1780495392.91045,68
86011,1780495392.91046,68
86012,1780495392.910464,68
86013,1780495392.910469,65
86014,1780495392.9104729,64
86015,1780495392.910478,62
86016,1780495392.910485,59
86017,1780495392.910489,60
86018,1780495392.910492,57
86019,1780495392.910497,58
86020,1780495392.941421,59
86021,1780495392.941427,57
86022,1780495392.94143,61
86023,1780495392.941431,62
86024,1780495392.9414332,65
86025,1780495392.9414349,67
86026,1780495392.941437,70
86027,1780495392.941439,72
86028,1780495392.941441,76
86029,1780495392.941442,75
86030,1780495392.9414442,71
86031,1780495392.941447,69
86032,1780495392.943676,67
86033,1780495392.943679,67
86034,1780495392.943681,64
86035,1780495392.9436831,62
86036,1780495392.943685,62
86037,1780495392.9436858,59
86038,1780495392.943688,59
86039,1780495392.9436889,62
86040,1780495392.943691,61
86041,1780495392.9436932,63
86042,1780495392.945357,64
86043,1780495392.94536,66
86044,1780495392.9453619,67
86045,1780495392.945364,70
86046,1780495392.945365,71
86047,1780495392.945367,76
86048,1780495392.945368,77
86049,1780495392.9453702,74
86050,1780495392.945371,73
86051,1780495392.945374,71
86052,1780495392.949162,69
86053,1780495392.949165,69
86054,1780495392.949167,67
86055,1780495392.949169,64
86056,1780495392.9491708,62
86057,1780495392.949172,60
86058,1780495392.949174,62
86059,1780495392.9491751,61
86060,1780495392.949177,63
86061,1780495392.949179,65
86062,1780495392.9491808,67
86063,1780495392.9513721,66
86064,1780495392.951375,69
86065,1780495392.951376,69
86066,1780495392.9513779,72
86067,1780495392.951379,75
86068,1780495392.95138,79
86069,1780495392.951382,74
86070,1780495392.951383,73
86071,1780495392.951384,72
86072,1780495392.9513862,70
86073,1780495392.955279,67
86074,1780495392.987406,67
86075,1780495392.987408,62
86076,1780495392.9874089,63
86077,1780495392.9874098,61
86078,1780495392.987411,61
86079,1780495392.987412,63
86080,1780495392.987413,63
86081,1780495392.9874141,62
86082,1780495392.987415,66
86083,1780495392.987416,67
86084,1780495392.9911392,67
86085,1780495392.9911401,69
86086,1780495392.991141,73
86087,1780495392.9911418,75
86088,1780495392.991143,80
86089,1780495392.991144,76
86090,1780495392.991144,74
86091,1780495392.991145,74
86092,1780495392.991146,70
86093,1780495392.991147,67
86094,1780495392.991148,67
86095,1780495392.9934661,67
86096,1780495392.9934678,63
86097,1780495392.993469,62
86098,1780495392.993473,60
86099,1780495392.993474,61
86100,1780495392.993475,61
86101,1780495392.993475,63
86102,1780495392.9934762,65
86103,1780495392.993477,65
86104,1780495392.9934778,69
86105,1780495392.993479,72
86106,1780495392.995743,72
86107,1780495392.995745,75
86108,1780495392.9957461,76
86109,1780495392.9957461,77
86110,1780495392.995747,72
86111,1780495392.995748,69
86112,1780495392.9957492,68
86113,1780495392.99575,67
86114,1780495392.99575,66
86115,1780495392.9957519,66
86116,1780495393.02751,63
86117,1780495393.027512,61
86118,1780495393.027513,57
86119,1780495393.0275142,59
86120,1780495393.027515,63
86121,1780495393.027515,63
86122,1780495393.027516,63
86123,1780495393.0275168,65
86124,1780495393.027518,68
86125,1780495393.027518,70
86126,1780495393.02752,72
86127,1780495393.0344288,74
86128,1780495393.034431,77
86129,1780495393.034432,77
86130,1780495393.0344331,74
86131,1780495393.034434,69
86132,1780495393.034434,69
86133,1780495393.034436,68
86134,1780495393.034436,64
86135,1780495393.0344372,64
86136,1780495393.034438,62
86137,1780495393.036578,60
86138,1780495393.03658,58
86139,1780495393.03658,61
86140,1780495393.036581,63
86141,1780495393.036582,63
86142,1780495393.036583,64
86143,1780495393.036584,65
86144,1780495393.0365849,67
86145,1780495393.0365849,69
86146,1780495393.036586,71
86147,1780495393.036587,74
86148,1780495393.0383518,76
86149,1780495393.038353,74
86150,1780495393.038354,70
86151,1780495393.0383549,68
86152,1780495393.038356,70
86153,1780495393.038356,66
86154,1780495393.038357,65
86155,1780495393.038358,63
86156,1780495393.038359,63
86157,1780495393.038359,59
86158,1780495393.038365,59
86159,1780495393.071595,59
86160,1780495393.071598,57
86161,1780495393.071598,60
86162,1780495393.071599,62
86163,1780495393.0716002,63
86164,1780495393.071601,66
86165,1780495393.0716019,68
86166,1780495393.071603,69
86167,1780495393.071603,72
86168,1780495393.071604,73
86169,1780495393.071605,74
86170,1780495393.077625,71
86171,1780495393.077628,69
86172,1780495393.0776289,67
86173,1780495393.07763,67
86174,1780495393.07763,66
86175,1780495393.077631,63
86176,1780495393.077632,60
86177,1780495393.0776331,58
86178,1780495393.077634,57
86179,1780495393.077635,58
86180,1780495393.080183,59
86181,1780495393.0801852,61
86182,1780495393.0801861,61
86183,1780495393.0801861,63
86184,1780495393.0801868,66
86185,1780495393.0801878,68
86186,1780495393.080189,70
86187,1780495393.080189,72
86188,1780495393.08019,72
86189,1780495393.080191,72
86190,1780495393.080192,70
86191,1780495393.0826051,67
86192,1780495393.082607,65
86193,1780495393.0826082,64
86194,1780495393.082609,61
86195,1780495393.08261,61
86196,1780495393.08261,62
86197,1780495393.0826108,58
86198,1780495393.082612,58
86199,1780495393.082613,57
86200,1780495393.082614,56
86201,1780495393.084394,59
86202,1780495393.086463,58
86203,1780495393.0864651,64
86204,1780495393.086466,64
86205,1780495393.086467,67
86206,1780495393.086467,68
86207,1780495393.086468,72
86208,1780495393.0864692,73
86209,1780495393.08647,72
86210,1780495393.08647,69
86211,1780495393.0864708,68
86212,1780495393.121668,67
86213,1780495393.1216698,64
86214,1780495393.121671,64
86215,1780495393.121672,62
86216,1780495393.1216729,58
86217,1780495393.121674,57
86218,1780495393.121675,58
86219,1780495393.121676,57
86220,1780495393.121676,58
86221,1780495393.1216772,61
86222,1780495393.121679,61
86223,1780495393.125185,62
86224,1780495393.1251872,64
86225,1780495393.125188,67
86226,1780495393.125189,69
86227,1780495393.1251898,71
86228,1780495393.125191,72
86229,1780495393.125192,73
86230,1780495393.1251929,69
86231,1780495393.125194,69
86232,1780495393.125195,66
86233,1780495393.125196,63
86234,1780495393.127645,61
86235,1780495393.127647,59
86236,1780495393.127648,60
86237,1780495393.127649,55
86238,1780495393.12765,55
86239,1780495393.127651,57
86240,1780495393.1276522,58
86241,1780495393.1276531,57
86242,1780495393.1276538,60
86243,1780495393.127655,61
86244,1780495393.130218,63
86245,1780495393.13022,66
86246,1780495393.1302211,68
86247,1780495393.130222,69
86248,1780495393.130223,74
86249,1780495393.1302242,69
86250,1780495393.130225,68
86251,1780495393.130226,68
86252,1780495393.1302269,66
86253,1780495393.130228,61
86254,1780495393.130229,59
86255,1780495393.191531,59
86256,1780495393.191535,57
86257,1780495393.1915362,57
86258,1780495393.1915379,54
86259,1780495393.191539,56
86260,1780495393.191541,56
86261,1780495393.191543,59
86262,1780495393.191545,61
86263,1780495393.1915462,61
86264,1780495393.1915479,63
86265,1780495393.19155,65
86266,1780495393.1943,68
86267,1780495393.194303,70
86268,1780495393.194305,71
86269,1780495393.194307,73
86270,1780495393.194308,70
86271,1780495393.19431,67
86272,1780495393.194311,66
86273,1780495393.194313,64
86274,1780495393.194314,61
86275,1780495393.194317,58
86276,1780495393.197686,55
86277,1780495393.197689,56
86278,1780495393.197691,55
86279,1780495393.197692,56
86280,1780495393.197694,56
86281,1780495393.197695,57
86282,1780495393.197697,58
86283,1780495393.197699,59
86284,1780495393.1977,62
86285,1780495393.197702,64
86286,1780495393.1977038,64
86287,1780495393.200168,69
86288,1780495393.200174,72
86289,1780495393.2001762,69
86290,1780495393.200178,67
86291,1780495393.20018,66
86292,1780495393.200182,64
86293,1780495393.200184,62
86294,1780495393.200185,60
86295,1780495393.200187,56
86296,1780495393.2001889,57
86297,1780495393.200192,53
86298,1780495393.2026172,55
86299,1780495393.202621,54
86300,1780495393.202623,54
86301,1780495393.202625,55
86302,1780495393.2026272,57
86303,1780495393.202629,59
86304,1780495393.202631,60
86305,1780495393.202633,61
86306,1780495393.202635,65
86307,1780495393.2026381,68
86308,1780495393.2052212,70
86309,1780495393.205225,68
86310,1780495393.205227,68
86311,1780495393.205229,65
86312,1780495393.2052312,64
86313,1780495393.2052321,60
86314,1780495393.2052338,58
86315,1780495393.205236,55
86316,1780495393.205238,56
86317,1780495393.20524,52
86318,1780495393.2052429,52
86319,1780495393.208065,54
86320,1780495393.208069,51
86321,1780495393.208071,54
86322,1780495393.208073,56
86323,1780495393.208075,58
86324,1780495393.208077,59
86325,1780495393.208079,63
86326,1780495393.2080798,64
86327,1780495393.208082,68
86328,1780495393.2080839,68
86329,1780495393.208087,67
86330,1780495393.230206,67
86331,1780495393.230211,65
86332,1780495393.2302132,62
86333,1780495393.2302148,58
86334,1780495393.230217,59
86335,1780495393.23022,55
86336,1780495393.230222,54
86337,1780495393.230237,51
86338,1780495393.230239,52
86339,1780495393.230243,53
86340,1780495393.232831,54
86341,1780495393.232836,56
86342,1780495393.232838,56
86343,1780495393.232841,59
86344,1780495393.232843,61
86345,1780495393.232845,63
86346,1780495393.2328472,63
86347,1780495393.232849,68
86348,1780495393.232851,67
86349,1780495393.2328541,68
86350,1780495393.232857,66
86351,1780495393.2630029,65
86352,1780495393.26302,61
86353,1780495393.263024,60
86354,1780495393.263027,54
86355,1780495393.26303,55
86356,1780495393.2630332,53
86357,1780495393.263036,53
86358,1780495393.263042,51
86359,1780495393.263045,51
86360,1780495393.263047,51
86361,1780495393.263052,54
86362,1780495393.266507,52
86363,1780495393.266526,55
86364,1780495393.26653,58
86365,1780495393.2665331,62
86366,1780495393.266536,62
86367,1780495393.266541,66
86368,1780495393.2665448,67
86369,1780495393.266548,66
86370,1780495393.26655,65
86371,1780495393.2665558,64
86372,1780495393.2694411,62
86373,1780495393.26945,58
86374,1780495393.269453,57
86375,1780495393.2694569,53
86376,1780495393.26946,53
86377,1780495393.269464,50
86378,1780495393.2694662,48
86379,1780495393.269469,50
86380,1780495393.269471,51
86381,1780495393.269475,54
86382,1780495393.2694788,54
86383,1780495393.272928,56
86384,1780495393.272948,57
86385,1780495393.272952,60
86386,1780495393.272956,62
86387,1780495393.272959,65
86388,1780495393.272962,67
86389,1780495393.2729652,65
86390,1780495393.2729669,64
86391,1780495393.272973,61
86392,1780495393.272976,59
86393,1780495393.27298,57
86394,1780495393.3039622,56
86395,1780495393.303999,53
86396,1780495393.3040051,50
86397,1780495393.304011,49
86398,1780495393.3040152,49
86399,1780495393.304019,50
86400,1780495393.3040268,49
86401,1780495393.304031,50
86402,1780495393.304034,52
86403,1780495393.304042,55
86404,1780495393.307467,57
86405,1780495393.307483,60
86406,1780495393.307491,61
86407,1780495393.3074949,65
86408,1780495393.307499,66
86409,1780495393.307502,61
86410,1780495393.3075058,63
86411,1780495393.307509,59
86412,1780495393.307513,57
86413,1780495393.3075159,57
86414,1780495393.307521,53
86415,1780495393.308914,52
86416,1780495393.3089259,50
86417,1780495393.308929,49
86418,1780495393.308932,50
86419,1780495393.308935,48
86420,1780495393.30894,50
86421,1780495393.308943,49
86422,1780495393.308946,51
86423,1780495393.308948,52
86424,1780495393.3089511,55
86425,1780495393.308958,58
86426,1780495393.3115342,59
86427,1780495393.311546,62
86428,1780495393.31155,64
86429,1780495393.311553,66
86430,1780495393.311556,63
86431,1780495393.3115578,58
86432,1780495393.311564,57
86433,1780495393.311567,55
86434,1780495393.31157,52
86435,1780495393.311574,52
86436,1780495393.343935,50
86437,1780495393.343955,47
86438,1780495393.34396,47
86439,1780495393.3439648,48
86440,1780495393.343968,48
86441,1780495393.3439722,48
86442,1780495393.3439748,51
86443,1780495393.3439791,52
86444,1780495393.3439832,56
86445,1780495393.343987,58
86446,1780495393.3439949,58
86447,1780495393.347898,64
86448,1780495393.347915,65
86449,1780495393.347921,63
86450,1780495393.347925,61
86451,1780495393.347929,59
86452,1780495393.3479319,56
86453,1780495393.347938,56
86454,1780495393.3479419,54
86455,1780495393.347945,50
86456,1780495393.34796,49
86457,1780495393.347969,46
86458,1780495393.3518348,46
86459,1780495393.351851,47
86460,1780495393.351854,47
86461,1780495393.351857,48
86462,1780495393.3518589,49
86463,1780495393.351862,52
86464,1780495393.351866,56
86465,1780495393.351868,56
86466,1780495393.351871,60
86467,1780495393.351879,61
86468,1780495393.3556201,65
86469,1780495393.3556402,63
86470,1780495393.355644,60
86471,1780495393.355646,58
86472,1780495393.355653,56
86473,1780495393.355658,54
86474,1780495393.3556612,51
86475,1780495393.355663,50
86476,1780495393.355669,49
86477,1780495393.3556721,48
86478,1780495393.355676,46
86479,1780495393.381979,45
86480,1780495393.381985,49
86481,1780495393.381987,50
86482,1780495393.381989,50
86483,1780495393.38199,50
86484,1780495393.3819919,55
86485,1780495393.381994,56
86486,1780495393.381996,57
86487,1780495393.381998,62
86488,1780495393.3820002,62
86489,1780495393.3820019,62
86490,1780495393.3841112,61
86491,1780495393.384115,58
86492,1780495393.384117,55
86493,1780495393.384119,52
86494,1780495393.3841212,51
86495,1780495393.3841228,48
86496,1780495393.384125,49
86497,1780495393.384127,46
86498,1780495393.384129,44
86499,1780495393.384131,45
86500,1780495393.388104,48
86501,1780495393.388107,49
86502,1780495393.388109,50
86503,1780495393.3881102,50
86504,1780495393.3881118,53
86505,1780495393.388114,57
86506,1780495393.388115,58
86507,1780495393.388117,60
86508,1780495393.388118,64
86509,1780495393.3881202,62
86510,1780495393.388122,59
86511,1780495393.418234,56
86512,1780495393.418236,54
86513,1780495393.418237,51
86514,1780495393.418238,52
86515,1780495393.4182389,50
86516,1780495393.41824,47
86517,1780495393.418241,44
86518,1780495393.418242,43
86519,1780495393.4182432,46
86520,1780495393.4182441,46
86521,1780495393.4182458,48
86522,1780495393.424164,48
86523,1780495393.424166,51
86524,1780495393.424167,53
86525,1780495393.4241679,53
86526,1780495393.424169,57
86527,1780495393.42417,59
86528,1780495393.424171,63
86529,1780495393.424172,61
86530,1780495393.424173,61
86531,1780495393.424174,57
86532,1780495393.425911,55
86533,1780495393.425913,52
86534,1780495393.425914,51
86535,1780495393.4259148,48
86536,1780495393.425916,48
86537,1780495393.425917,44
86538,1780495393.4259179,44
86539,1780495393.4259179,45
86540,1780495393.425919,47
86541,1780495393.42592,47
86542,1780495393.425921,48
86543,1780495393.430376,50
86544,1780495393.430378,53
86545,1780495393.430379,55
86546,1780495393.43038,56
86547,1780495393.430381,60
86548,1780495393.430381,61
86549,1780495393.430382,61
86550,1780495393.4303832,56
86551,1780495393.4303842,55
86552,1780495393.4303849,53
86553,1780495393.435377,49
86554,1780495393.495418,50
86555,1780495393.495421,47
86556,1780495393.495422,47
86557,1780495393.495423,43
86558,1780495393.495423,43
86559,1780495393.495424,41
86560,1780495393.495425,45
86561,1780495393.495426,45
86562,1780495393.4954271,46
86563,1780495393.495428,48
86564,1780495393.499151,51
86565,1780495393.499161,54
86566,1780495393.499163,55
86567,1780495393.499163,58
86568,1780495393.4991639,60
86569,1780495393.4991648,59
86570,1780495393.4991648,58
86571,1780495393.499166,56
86572,1780495393.499167,52
86573,1780495393.499168,53
86574,1780495393.499169,46
86575,1780495393.5013351,45
86576,1780495393.501336,46
86577,1780495393.501337,43
86578,1780495393.501338,41
86579,1780495393.501339,42
86580,1780495393.50134,44
86581,1780495393.501343,44
86582,1780495393.501344,44
86583,1780495393.501345,48
86584,1780495393.501345,50
86585,1780495393.503139,52
86586,1780495393.5031412,53
86587,1780495393.5031412,57
86588,1780495393.5031419,60
86589,1780495393.5031428,58
86590,1780495393.503144,56
86591,1780495393.503145,54
86592,1780495393.503146,51
86593,1780495393.503146,50
86594,1780495393.5031471,47
86595,1780495393.503148,45
86596,1780495393.506869,44
86597,1780495393.5068731,43
86598,1780495393.506874,41
86599,1780495393.5068748,42
86600,1780495393.506876,42
86601,1780495393.506877,44
86602,1780495393.506877,46
86603,1780495393.506878,46
86604,1780495393.506879,49
86605,1780495393.50688,50
86606,1780495393.506881,52
86607,1780495393.509254,56
86608,1780495393.509256,59
86609,1780495393.509256,59
86610,1780495393.509257,55
86611,1780495393.509258,52
86612,1780495393.509259,50
86613,1780495393.50926,49
86614,1780495393.50926,44
86615,1780495393.5092611,46
86616,1780495393.509262,45
86617,1780495393.509263,44
86618,1780495393.5129,40
86619,1780495393.512903,40
86620,1780495393.512904,42
86621,1780495393.512905,44
86622,1780495393.512906,46
86623,1780495393.512907,47
86624,1780495393.512907,48
86625,1780495393.512908,54
86626,1780495393.5129092,55
86627,1780495393.5129101,58
86628,1780495393.515114,57
86629,1780495393.515116,57
86630,1780495393.5151172,57
86631,1780495393.5151181,54
86632,1780495393.515119,53
86633,1780495393.515119,50
86634,1780495393.51512,48
86635,1780495393.515121,45
86636,1780495393.515122,45
86637,1780495393.515123,44
86638,1780495393.5169752,41
86639,1780495393.547541,44
86640,1780495393.547544,43
86641,1780495393.5475461,47
86642,1780495393.5475469,46
86643,1780495393.5475478,46
86644,1780495393.547549,50
86645,1780495393.54755,53
86646,1780495393.547551,55
86647,1780495393.547551,57
86648,1780495393.547552,59
86649,1780495393.547553,57
86650,1780495393.54964,54
86651,1780495393.549642,54
86652,1780495393.549643,50
86653,1780495393.549644,50
86654,1780495393.549645,47
86655,1780495393.549645,46
86656,1780495393.5496461,43
86657,1780495393.549647,43
86658,1780495393.5496478,41
86659,1780495393.549649,42
86660,1780495393.554394,43
86661,1780495393.554395,45
86662,1780495393.554396,44
86663,1780495393.5543969,46
86664,1780495393.554398,50
86665,1780495393.554399,51
86666,1780495393.5544,52
86667,1780495393.5544,56
86668,1780495393.554401,60
86669,1780495393.554402,54
86670,1780495393.554403,56
86671,1780495393.5588832,50
86672,1780495393.558885,48
86673,1780495393.5588858,48
86674,1780495393.558887,46
86675,1780495393.558888,45
86676,1780495393.558889,41
86677,1780495393.5588899,41
86678,1780495393.558891,39
86679,1780495393.558892,40
86680,1780495393.558893,40
86681,1780495393.562312,42
86682,1780495393.592336,44
86683,1780495393.5923378,46
86684,1780495393.59234,48
86685,1780495393.592341,50
86686,1780495393.592342,54
86687,1780495393.592343,55
86688,1780495393.592344,57
86689,1780495393.592345,57
86690,1780495393.5923462,56
86691,1780495393.5923479,53
86692,1780495393.593652,51
86693,1780495393.593654,48
86694,1780495393.593655,44
86695,1780495393.593656,44
86696,1780495393.593657,43
86697,1780495393.5936582,41
86698,1780495393.593659,37
86699,1780495393.5936599,41
86700,1780495393.5936608,43
86701,1780495393.593662,41
86702,1780495393.593664,44
86703,1780495393.598201,47
86704,1780495393.598203,48
86705,1780495393.5982049,51
86706,1780495393.598206,53
86707,1780495393.598207,55
86708,1780495393.598208,57
86709,1780495393.59821,58
86710,1780495393.598211,54
86711,1780495393.598212,53
86712,1780495393.5982132,49
86713,1780495393.5982149,50
86714,1780495393.6003761,48
86715,1780495393.600378,43
86716,1780495393.60038,42
86717,1780495393.600381,40
86718,1780495393.6003819,39
86719,1780495393.600383,39
86720,1780495393.600385,41
86721,1780495393.6003861,42
86722,1780495393.600387,43
86723,1780495393.600389,46
86724,1780495393.632551,49
86725,1780495393.632554,51
86726,1780495393.632556,53
86727,1780495393.6325572,56
86728,1780495393.632559,58
86729,1780495393.632561,55
86730,1780495393.632562,55
86731,1780495393.632564,53
86732,1780495393.632565,52
86733,1780495393.632567,50
86734,1780495393.632569,47
86735,1780495393.636173,43
86736,1780495393.6361759,44
86737,1780495393.636178,43
86738,1780495393.63618,42
86739,1780495393.6361809,43
86740,1780495393.636183,42
86741,1780495393.636184,42
86742,1780495393.6361861,46
86743,1780495393.6361878,47
86744,1780495393.636189,49
86745,1780495393.636191,53
86746,1780495393.638324,53
86747,1780495393.6383271,54
86748,1780495393.638329,60
86749,1780495393.6383302,57
86750,1780495393.638332,55
86751,1780495393.638334,53
86752,1780495393.638335,52
86753,1780495393.6383371,49
86754,1780495393.638338,48
86755,1780495393.6383412,44
86756,1780495393.6700501,46
86757,1780495393.670055,43
86758,1780495393.670058,41
86759,1780495393.67006,42
86760,1780495393.670062,42
86761,1780495393.6700642,44
86762,1780495393.6700659,46
86763,1780495393.670069,49
86764,1780495393.6700711,51
86765,1780495393.670075,52
86766,1780495393.671403,53
86767,1780495393.67557,58
86768,1780495393.675574,59
86769,1780495393.6755772,59
86770,1780495393.6755798,57
86771,1780495393.675591,54
86772,1780495393.675593,52
86773,1780495393.675596,51
86774,1780495393.6755981,48
86775,1780495393.6755998,46
86776,1780495393.675602,46
86777,1780495393.675606,43
86778,1780495393.6792479,43
86779,1780495393.679252,43
86780,1780495393.679255,43
86781,1780495393.6792572,46
86782,1780495393.6792588,48
86783,1780495393.679261,50
86784,1780495393.6792629,50
86785,1780495393.679265,52
86786,1780495393.6792681,55
86787,1780495393.679271,58
86788,1780495393.680853,62
86789,1780495393.6808572,58
86790,1780495393.6808598,57
86791,1780495393.680862,56
86792,1780495393.680864,54
86793,1780495393.680866,50
86794,1780495393.6808681,49
86795,1780495393.6808698,47
86796,1780495393.680873,46
86797,1780495393.680875,45
86798,1780495393.6808782,43
86799,1780495393.7107,44
86800,1780495393.7107341,44
86801,1780495393.7107399,44
86802,1780495393.7107468,47
86803,1780495393.710751,48
86804,1780495393.710755,51
86805,1780495393.710763,53
86806,1780495393.710766,57
86807,1780495393.7107708,61
86808,1780495393.710774,62
86809,1780495393.71078,60
86810,1780495393.714805,58
86811,1780495393.714825,57
86812,1780495393.714829,54
86813,1780495393.714834,51
86814,1780495393.71485,51
86815,1780495393.714854,48
86816,1780495393.714865,46
86817,1780495393.7148879,45
86818,1780495393.715016,45
86819,1780495393.71503,45
86820,1780495393.717262,47
86821,1780495393.717281,48
86822,1780495393.7172852,50
86823,1780495393.717289,50
86824,1780495393.717293,54
86825,1780495393.7172968,56
86826,1780495393.717301,57
86827,1780495393.717304,62
86828,1780495393.7173078,63
86829,1780495393.717311,61
86830,1780495393.7173162,58
86831,1780495393.719485,57
86832,1780495393.719498,56
86833,1780495393.7195032,54
86834,1780495393.719538,51
86835,1780495393.719543,51
86836,1780495393.7195468,47
86837,1780495393.719551,49
86838,1780495393.719554,46
86839,1780495393.719558,46
86840,1780495393.7195609,48
86841,1780495393.719566,48
86842,1780495393.78781,48
86843,1780495393.7878342,51
86844,1780495393.787839,54
86845,1780495393.787842,54
86846,1780495393.7878451,56
86847,1780495393.787848,60
86848,1780495393.787852,63
86849,1780495393.7878551,62
86850,1780495393.787858,61
86851,1780495393.787862,59
86852,1780495393.7913752,58
86853,1780495393.7913952,54
86854,1780495393.791399,54
86855,1780495393.791402,52
86856,1780495393.791425,50
86857,1780495393.791428,48
86858,1780495393.791432,48
86859,1780495393.791435,47
86860,1780495393.791438,48
86861,1780495393.7914398,47
86862,1780495393.791445,53
86863,1780495393.793504,56
86864,1780495393.7935119,56
86865,1780495393.793516,55
86866,1780495393.7935202,59
86867,1780495393.793524,63
86868,1780495393.7935271,65
86869,1780495393.793532,65
86870,1780495393.793536,62
86871,1780495393.79354,58
86872,1780495393.793544,57
86873,1780495393.793548,57
86874,1780495393.801996,54
86875,1780495393.802023,51
86876,1780495393.802026,51
86877,1780495393.8020291,47
86878,1780495393.8020322,47
86879,1780495393.802034,50
86880,1780495393.802038,51
86881,1780495393.802042,50
86882,1780495393.802044,53
86883,1780495393.802051,53
86884,1780495393.804045,57
86885,1780495393.804054,60
86886,1780495393.8040571,61
86887,1780495393.80406,65
86888,1780495393.804063,66
86889,1780495393.804066,65
86890,1780495393.804069,64
86891,1780495393.804071,60
86892,1780495393.804074,58
86893,1780495393.8040771,56
86894,1780495393.804081,55
86895,1780495393.806195,54
86896,1780495393.8062022,50
86897,1780495393.806205,49
86898,1780495393.806208,48
86899,1780495393.806211,49
86900,1780495393.8062139,50
86901,1780495393.806217,54
86902,1780495393.806219,53
86903,1780495393.806238,54
86904,1780495393.80624,56
86905,1780495393.808394,59
86906,1780495393.8083992,61
86907,1780495393.8084009,62
86908,1780495393.808403,67
86909,1780495393.808405,67
86910,1780495393.808408,62
86911,1780495393.8084102,58
86912,1780495393.8084118,59
86913,1780495393.808414,58
86914,1780495393.808417,54
86915,1780495393.8084202,52
86916,1780495393.811611,52
86917,1780495393.811616,49
86918,1780495393.811618,48
86919,1780495393.81162,49
86920,1780495393.8116229,50
86921,1780495393.811625,51
86922,1780495393.811627,54
86923,1780495393.811629,55
86924,1780495393.8116312,58
86925,1780495393.811635,60
86926,1780495393.816139,61
86927,1780495393.816144,63
86928,1780495393.816146,65
86929,1780495393.816148,65
86930,1780495393.81615,64
86931,1780495393.8161511,61
86932,1780495393.816153,60
86933,1780495393.816155,57
86934,1780495393.8161569,55
86935,1780495393.816159,53
86936,1780495393.81616,53
86937,1780495393.816164,50
86938,1780495393.846569,49
86939,1780495393.846572,51
86940,1780495393.846573,51
86941,1780495393.846574,52
86942,1780495393.846575,53
86943,1780495393.8465762,56
86944,1780495393.846578,58
86945,1780495393.8465788,60
86946,1780495393.84658,62
86947,1780495393.846582,64
86948,1780495393.8501298,68
86949,1780495393.850133,66
86950,1780495393.8501341,65
86951,1780495393.850135,63
86952,1780495393.850136,62
86953,1780495393.850137,59
86954,1780495393.8501382,56
86955,1780495393.850139,54
86956,1780495393.8501399,53
86957,1780495393.8501408,52
86958,1780495393.850143,50
86959,1780495393.8530822,50
86960,1780495393.853085,51
86961,1780495393.853086,54
86962,1780495393.853087,55
86963,1780495393.853088,56
86964,1780495393.853089,59
86965,1780495393.853091,61
86966,1780495393.8530922,64
86967,1780495393.8530931,66
86968,1780495393.8530939,68
86969,1780495393.8530948,66
86970,1780495393.860167,63
86971,1780495393.86017,65
86972,1780495393.860171,59
86973,1780495393.860172,59
86974,1780495393.860173,58
86975,1780495393.8601742,54
86976,1780495393.8601751,54
86977,1780495393.8601758,51
86978,1780495393.8601768,50
86979,1780495393.860178,51
86980,1780495393.890336,53
86981,1780495393.890338,54
86982,1780495393.8903391,54
86983,1780495393.89034,56
86984,1780495393.890341,60
86985,1780495393.890342,61
86986,1780495393.890342,64
86987,1780495393.890343,67
86988,1780495393.890344,69
86989,1780495393.8903449,67
86990,1780495393.890346,66
86991,1780495393.893888,63
86992,1780495393.893891,61
86993,1780495393.893893,60
86994,1780495393.893893,60
86995,1780495393.893894,57
86996,1780495393.893895,56
86997,1780495393.8938959,53
86998,1780495393.893897,53
86999,1780495393.893897,54
87000,1780495393.893898,53
87001,1780495393.893899,55
87002,1780495393.8963451,56
87003,1780495393.8963468,57
87004,1780495393.896348,62
87005,1780495393.896348,64
87006,1780495393.896349,65
87007,1780495393.89635,69
87008,1780495393.8963509,68
87009,1780495393.896352,67
87010,1780495393.896352,67
87011,1780495393.896353,65
87012,1780495393.89934,62
87013,1780495393.899341,62
87014,1780495393.899342,59
87015,1780495393.899343,58
87016,1780495393.899344,55
87017,1780495393.899344,54
87018,1780495393.899345,53
87019,1780495393.8993459,55
87020,1780495393.8993468,54
87021,1780495393.899348,55
87022,1780495393.9019022,59
87023,1780495393.931623,61
87024,1780495393.931626,62
87025,1780495393.931627,65
87026,1780495393.931628,65
87027,1780495393.931629,68
87028,1780495393.931629,71
87029,1780495393.9316301,69
87030,1780495393.931631,69
87031,1780495393.931632,67
87032,1780495393.931633,65
87033,1780495393.931634,62
87034,1780495393.935078,62
87035,1780495393.9350789,61
87036,1780495393.93508,57
87037,1780495393.935081,56
87038,1780495393.935082,55
87039,1780495393.935082,56
87040,1780495393.935083,57
87041,1780495393.935084,59
87042,1780495393.935085,61
87043,1780495393.935086,61
87044,1780495393.937602,66
87045,1780495393.937603,66
87046,1780495393.9376042,68
87047,1780495393.9376051,70
87048,1780495393.9376059,74
87049,1780495393.9376059,70
87050,1780495393.9376068,69
87051,1780495393.937608,68
87052,1780495393.937609,65
87053,1780495393.93761,64
87054,1780495393.937611,60
87055,1780495393.940198,61
87056,1780495393.9401999,58
87057,1780495393.9401999,56
87058,1780495393.940201,57
87059,1780495393.940202,56
87060,1780495393.940203,60
87061,1780495393.9402041,60
87062,1780495393.940205,63
87063,1780495393.940205,65
87064,1780495393.940206,65
87065,1780495393.940207,68
87066,1780495393.9731698,69
87067,1780495393.973172,72
87068,1780495393.973173,73
87069,1780495393.973174,75
87070,1780495393.973175,71
87071,1780495393.973176,67
87072,1780495393.9731772,68
87073,1780495393.9731772,67
87074,1780495393.9731781,64
87075,1780495393.9731789,63
87076,1780495393.977727,63
87077,1780495393.977729,61
87078,1780495393.977729,59
87079,1780495393.97773,60
87080,1780495393.977731,62
87081,1780495393.9777322,64
87082,1780495393.9777331,63
87083,1780495393.9777331,65
87084,1780495393.9777339,69
87085,1780495393.9777348,70
87086,1780495393.977736,72
87087,1780495393.980122,73
87088,1780495393.980124,78
87089,1780495393.980125,77
87090,1780495393.980125,75
87091,1780495393.980126,72
87092,1780495393.9801269,69
87093,1780495393.980128,67
87094,1780495393.980128,67
87095,1780495393.980129,64
87096,1780495393.98013,64
87097,1780495393.9801311,60
87098,1780495393.982796,61
87099,1780495393.982798,62
87100,1780495393.982799,64
87101,1780495393.982799,65
87102,1780495393.9827998,65
87103,1780495393.982801,68
87104,1780495393.982802,70
87105,1780495393.9828029,71
87106,1780495393.982804,73
87107,1780495393.982805,77
87108,1780495394.012885,77
87109,1780495394.012896,79
87110,1780495394.012897,76
87111,1780495394.012898,74
87112,1780495394.0128992,73
87113,1780495394.0129,69
87114,1780495394.012901,67
87115,1780495394.0129018,66
87116,1780495394.012903,67
87117,1780495394.012904,64
87118,1780495394.012905,64
87119,1780495394.0164638,64
87120,1780495394.016466,66
87121,1780495394.0164669,66
87122,1780495394.016468,69
87123,1780495394.016469,71
87124,1780495394.01647,70
87125,1780495394.0164711,74
87126,1780495394.016472,78
87127,1780495394.016473,80
87128,1780495394.016473,81
87129,1780495394.019352,80
87130,1780495394.019354,78
87131,1780495394.0193548,73
87132,1780495394.019356,73
87133,1780495394.019357,72
87134,1780495394.019358,70
87135,1780495394.0193589,68
87136,1780495394.01936,68
87137,1780495394.019361,66
87138,1780495394.019362,65
87139,1780495394.019364,67
87140,1780495394.089153,69
87141,1780495394.089157,68
87142,1780495394.089159,72
87143,1780495394.089161,73
87144,1780495394.089163,72
87145,1780495394.089165,77
87146,1780495394.0891662,77
87147,1780495394.0891678,82
87148,1780495394.08917,85
87149,1780495394.089172,84
87150,1780495394.089175,80
87151,1780495394.091081,77
87152,1780495394.091085,79
87153,1780495394.091087,76
87154,1780495394.091089,72
87155,1780495394.091091,72
87156,1780495394.0910919,71
87157,1780495394.091094,68
87158,1780495394.0910962,68
87159,1780495394.091098,68
87160,1780495394.0911,69
87161,1780495394.091102,69
87162,1780495394.095498,71
87163,1780495394.0955021,76
87164,1780495394.0955038,77
87165,1780495394.095506,81
87166,1780495394.0955079,82
87167,1780495394.095509,85
87168,1780495394.095511,87
87169,1780495394.095513,85
87170,1780495394.0955148,85
87171,1780495394.0955179,82
87172,1780495394.102329,79
87173,1780495394.1023328,76
87174,1780495394.102335,77
87175,1780495394.1023371,73
87176,1780495394.10234,74
87177,1780495394.102342,69
87178,1780495394.102344,69
87179,1780495394.102346,70
87180,1780495394.102349,71
87181,1780495394.1023512,71
87182,1780495394.1023529,74
87183,1780495394.102355,77
87184,1780495394.102358,80
87185,1780495394.10236,82
87186,1780495394.1023622,82
87187,1780495394.1023638,85
87188,1780495394.102367,90
87189,1780495394.102369,88
87190,1780495394.102371,84
87191,1780495394.1023731,83
87192,1780495394.102376,81
87193,1780495394.10238,79
87194,1780495394.106922,76
87195,1780495394.1069272,76
87196,1780495394.1069288,73
87197,1780495394.106931,73
87198,1780495394.1069329,71
87199,1780495394.106935,73
87200,1780495394.1069381,74
87201,1780495394.1069398,75
87202,1780495394.106942,77
87203,1780495394.106945,79
87204,1780495394.108364,81
87205,1780495394.108368,82
87206,1780495394.108371,84
87207,1780495394.108373,88
87208,1780495394.108375,91
87209,1780495394.1083782,91
87210,1780495394.1083798,86
87211,1780495394.108382,85
87212,1780495394.108385,82
87213,1780495394.108387,82
87214,1780495394.1083899,79
87215,1780495394.114107,78
87216,1780495394.114111,75
87217,1780495394.114114,74
87218,1780495394.1141162,74
87219,1780495394.1141179,74
87220,1780495394.11412,75
87221,1780495394.114123,76
87222,1780495394.114125,80
87223,1780495394.1141272,80
87224,1780495394.1141288,82
87225,1780495394.114132,83
87226,1780495394.1160052,85
87227,1780495394.116009,90
87228,1780495394.116011,90
87229,1780495394.116014,90
87230,1780495394.1160161,88
87231,1780495394.1160178,87
87232,1780495394.11602,84
87233,1780495394.116022,82
87234,1780495394.116024,81
87235,1780495394.1160269,79
87236,1780495394.147001,78
87237,1780495394.1470258,75
87238,1780495394.147031,74
87239,1780495394.147035,77
87240,1780495394.147039,76
87241,1780495394.147043,75
87242,1780495394.1470468,79
87243,1780495394.147051,83
87244,1780495394.1470551,85
87245,1780495394.147058,84
87246,1780495394.1470668,87
87247,1780495394.150309,94
87248,1780495394.150335,94
87249,1780495394.15034,92
87250,1780495394.150344,89
87251,1780495394.150348,89
87252,1780495394.150351,86
87253,1780495394.1503549,86
87254,1780495394.1503592,84
87255,1780495394.150363,80
87256,1780495394.150367,78
87257,1780495394.1503732,77
87258,1780495394.153226,78
87259,1780495394.153244,76
87260,1780495394.153249,81
87261,1780495394.153253,81
87262,1780495394.153256,84
87263,1780495394.15326,85
87264,1780495394.153266,85
87265,1780495394.153271,89
87266,1780495394.1532748,90
87267,1780495394.15328,92
87268,1780495394.157847,93
87269,1780495394.157863,94
87270,1780495394.157867,94
87271,1780495394.1578739,90
87272,1780495394.157878,89
87273,1780495394.157886,87
87274,1780495394.15789,84
87275,1780495394.1578948,81
87276,1780495394.1579,81
87277,1780495394.1579032,80
87278,1780495394.157908,78
87279,1780495394.213206,78
87280,1780495394.213234,79
87281,1780495394.213242,82
87282,1780495394.2132459,83
87283,1780495394.2132502,85
87284,1780495394.213254,88
87285,1780495394.213259,91
87286,1780495394.213263,92
87287,1780495394.2132668,96
87288,1780495394.213273,98
87289,1780495394.217082,95
87290,1780495394.2189739,93
87291,1780495394.2189922,92
87292,1780495394.218996,91
87293,1780495394.219,89
87294,1780495394.219004,86
87295,1780495394.219007,87
87296,1780495394.219012,81
87297,1780495394.219015,81
87298,1780495394.219019,82
87299,1780495394.219025,79
87300,1780495394.22159,83
87301,1780495394.221608,84
87302,1780495394.221611,85
87303,1780495394.2216141,87
87304,1780495394.221617,90
87305,1780495394.22162,91
87306,1780495394.2216241,94
87307,1780495394.221627,99
87308,1780495394.221629,101
87309,1780495394.221632,97
87310,1780495394.221636,98
87311,1780495394.223966,92
87312,1780495394.223976,94
87313,1780495394.223979,90
87314,1780495394.223982,90
87315,1780495394.223985,84
87316,1780495394.223988,85
87317,1780495394.224015,83
87318,1780495394.2240179,83
87319,1780495394.224021,84
87320,1780495394.224024,82
87321,1780495394.2240279,85
87322,1780495394.2263198,87
87323,1780495394.226327,88
87324,1780495394.226331,90
87325,1780495394.2263339,94
87326,1780495394.226337,97
87327,1780495394.226339,98
87328,1780495394.226343,100
87329,1780495394.226346,97
87330,1780495394.226349,97
87331,1780495394.226353,94
87332,1780495394.229514,92
87333,1780495394.229525,92
87334,1780495394.229528,89
87335,1780495394.2295308,85
87336,1780495394.229537,86
87337,1780495394.22954,86
87338,1780495394.229543,81
87339,1780495394.229546,84
87340,1780495394.2295492,83
87341,1780495394.229552,86
87342,1780495394.229556,87
87343,1780495394.235415,90
87344,1780495394.235436,90
87345,1780495394.235441,93
87346,1780495394.235444,96
87347,1780495394.235447,98
87348,1780495394.23545,101
87349,1780495394.235453,100
87350,1780495394.235456,98
87351,1780495394.235459,95
87352,1780495394.2354612,92
87353,1780495394.23902,91
87354,1780495394.239029,90
87355,1780495394.239032,86
87356,1780495394.2390358,86
87357,1780495394.23904,85
87358,1780495394.2390442,83
87359,1780495394.2390459,87
87360,1780495394.239051,83
87361,1780495394.239053,88
87362,1780495394.2390559,87
87363,1780495394.23906,90
87364,1780495394.269131,92
87365,1780495394.269135,95
87366,1780495394.269137,95
87367,1780495394.2691379,99
87368,1780495394.26914,101
87369,1780495394.269142,100
87370,1780495394.269143,98
87371,1780495394.269145,96
87372,1780495394.2691462,96
87373,1780495394.2691479,92
87374,1780495394.26915,93
87375,1780495394.27311,88
87376,1780495394.273113,87
87377,1780495394.273115,87
87378,1780495394.2731159,85
87379,1780495394.273118,85
87380,1780495394.273119,87
87381,1780495394.273121,89
87382,1780495394.273122,88
87383,1780495394.273123,93
87384,1780495394.273124,95
87385,1780495394.2731268,98
87386,1780495394.2776399,99
87387,1780495394.277642,100
87388,1780495394.277644,102
87389,1780495394.277645,101
87390,1780495394.277646,99
87391,1780495394.277648,97
87392,1780495394.277649,96
87393,1780495394.2776508,92
87394,1780495394.277652,91
87395,1780495394.277654,91
87396,1780495394.281486,89
87397,1780495394.281489,87
87398,1780495394.2814898,87
87399,1780495394.281491,88
87400,1780495394.281493,87
87401,1780495394.281494,89
87402,1780495394.281495,90
87403,1780495394.281496,93
87404,1780495394.2814982,96
87405,1780495394.281499,96
87406,1780495394.284419,100
87407,1780495394.314175,103
87408,1780495394.314177,103
87409,1780495394.314178,103
87410,1780495394.3141792,101
87411,1780495394.3141801,99
87412,1780495394.3141801,99
87413,1780495394.314181,98
87414,1780495394.3141818,92
87415,1780495394.314183,92
87416,1780495394.314184,91
87417,1780495394.314185,91
87418,1780495394.3179898,88
87419,1780495394.317992,91
87420,1780495394.317993,91
87421,1780495394.317993,93
87422,1780495394.3179939,93
87423,1780495394.317995,95
87424,1780495394.317996,95
87425,1780495394.317997,100
87426,1780495394.317997,102
87427,1780495394.3179991,103
87428,1780495394.322625,108
87429,1780495394.322626,106
87430,1780495394.322627,102
87431,1780495394.322628,100
87432,1780495394.3226292,100
87433,1780495394.322638,99
87434,1780495394.322639,95
87435,1780495394.32264,93
87436,1780495394.32264,92
87437,1780495394.322641,92
87438,1780495394.3226418,90
87439,1780495394.3250592,90
87440,1780495394.3250601,89
87441,1780495394.325061,92
87442,1780495394.3250618,96
87443,1780495394.325063,95
87444,1780495394.325064,98
87445,1780495394.325064,101
87446,1780495394.325065,101
87447,1780495394.325066,105
87448,1780495394.325067,105
87449,1780495394.326841,103
87450,1780495394.390337,105
87451,1780495394.39034,99
87452,1780495394.390341,100
87453,1780495394.390342,95
87454,1780495394.390342,96
87455,1780495394.390343,94
87456,1780495394.390344,91
87457,1780495394.3903449,90
87458,1780495394.390346,91
87459,1780495394.390347,91
87460,1780495394.390348,92
87461,1780495394.394281,93
87462,1780495394.394283,96
87463,1780495394.394283,98
87464,1780495394.394284,99
87465,1780495394.394285,100
87466,1780495394.3942862,103
87467,1780495394.394287,107
87468,1780495394.394287,107
87469,1780495394.394288,107
87470,1780495394.3942888,103
87471,1780495394.397673,102
87472,1780495394.397675,100
87473,1780495394.397677,98
87474,1780495394.397677,98
87475,1780495394.3976781,93
87476,1780495394.397679,91
87477,1780495394.39768,92
87478,1780495394.397681,90
87479,1780495394.397682,92
87480,1780495394.397682,92
87481,1780495394.397683,92
87482,1780495394.400089,95
87483,1780495394.400091,96
87484,1780495394.400091,100
87485,1780495394.400092,100
87486,1780495394.4000928,101
87487,1780495394.400094,107
87488,1780495394.400094,109
87489,1780495394.400095,105
87490,1780495394.400096,104
87491,1780495394.4000971,101
87492,1780495394.402587,102
87493,1780495394.4025888,100
87494,1780495394.40259,98
87495,1780495394.40259,97
87496,1780495394.402591,94
87497,1780495394.402592,93
87498,1780495394.4025931,91
87499,1780495394.4025931,92
87500,1780495394.402594,91
87501,1780495394.402595,94
87502,1780495394.402596,96
87503,1780495394.4050639,100
87504,1780495394.405066,101
87505,1780495394.405067,102
87506,1780495394.405067,103
87507,1780495394.405068,109
87508,1780495394.405069,109
87509,1780495394.40507,107
87510,1780495394.405071,106
87511,1780495394.405071,104
87512,1780495394.405072,103
87513,1780495394.408067,100
87514,1780495394.4080682,100
87515,1780495394.4080691,96
87516,1780495394.4080698,98
87517,1780495394.4080708,95
87518,1780495394.408072,91
87519,1780495394.408072,93
87520,1780495394.408073,95
87521,1780495394.408074,96
87522,1780495394.408075,98
87523,1780495394.408076,99
87524,1780495394.4126122,100
87525,1780495394.4126132,103
87526,1780495394.4126139,107
87527,1780495394.4126148,109
87528,1780495394.412616,113
87529,1780495394.412617,109
87530,1780495394.412617,107
87531,1780495394.412618,105
87532,1780495394.412619,103
87533,1780495394.41262,102
87534,1780495394.414387,98
87535,1780495394.446665,97
87536,1780495394.446667,99
87537,1780495394.4466681,97
87538,1780495394.446669,95
87539,1780495394.44667,96
87540,1780495394.446671,96
87541,1780495394.446672,100
87542,1780495394.446673,101
87543,1780495394.4466739,101
87544,1780495394.446675,103
87545,1780495394.446677,107
87546,1780495394.450217,109
87547,1780495394.450219,110
87548,1780495394.45022,115
87549,1780495394.450221,112
87550,1780495394.450222,111
87551,1780495394.4502232,109
87552,1780495394.4502242,105
87553,1780495394.4502249,104
87554,1780495394.4502301,100
87555,1780495394.450231,101
87556,1780495394.4531672,98
87557,1780495394.4531689,98
87558,1780495394.4531698,98
87559,1780495394.453171,95
87560,1780495394.453172,99
87561,1780495394.453173,98
87562,1780495394.453175,101
87563,1780495394.453176,102
87564,1780495394.453177,106
87565,1780495394.4531782,105
87566,1780495394.4531798,108
87567,1780495394.457897,110
87568,1780495394.457899,114
87569,1780495394.4579,111
87570,1780495394.457901,111
87571,1780495394.4579022,106
87572,1780495394.4579031,106
87573,1780495394.4579048,102
87574,1780495394.457906,102
87575,1780495394.457907,100
87576,1780495394.457908,98
87577,1780495394.457909,98
87578,1780495394.464038,98
87579,1780495394.46404,96
87580,1780495394.464041,96
87581,1780495394.464042,99
87582,1780495394.464043,100
87583,1780495394.464044,101
87584,1780495394.464045,104
87585,1780495394.464046,105
87586,1780495394.4640472,109
87587,1780495394.4640489,113
87588,1780495394.4941251,114
87589,1780495394.4941282,110
87590,1780495394.49413,109
87591,1780495394.4941308,108
87592,1780495394.494133,105
87593,1780495394.494134,102
87594,1780495394.4941351,102
87595,1780495394.494137,101
87596,1780495394.494138,100
87597,1780495394.494139,97
87598,1780495394.4941409,97
87599,1780495394.4981928,99
87600,1780495394.498196,98
87601,1780495394.498197,99
87602,1780495394.498199,100
87603,1780495394.4982002,100
87604,1780495394.4982011,103
87605,1780495394.4982028,107
87606,1780495394.498204,107
87607,1780495394.498205,111
87608,1780495394.498207,111
87609,1780495394.499542,113
87610,1780495394.531636,112
87611,1780495394.53164,109
87612,1780495394.5316422,105
87613,1780495394.5316439,101
87614,1780495394.531646,102
87615,1780495394.531647,101
87616,1780495394.531649,97
87617,1780495394.531651,95
87618,1780495394.5316532,97
87619,1780495394.531656,97
87620,1780495394.5351229,100
87621,1780495394.535127,100
87622,1780495394.535129,101
87623,1780495394.535131,103
87624,1780495394.535132,105
87625,1780495394.5351338,108
87626,1780495394.535136,107
87627,1780495394.5351381,112
87628,1780495394.535139,115
87629,1780495394.535142,112
87630,1780495394.536869,111
87631,1780495394.538887,109
87632,1780495394.538891,109
87633,1780495394.538893,106
87634,1780495394.5388951,102
87635,1780495394.5388968,101
87636,1780495394.538898,100
87637,1780495394.538901,99
87638,1780495394.538902,99
87639,1780495394.538904,100
87640,1780495394.538906,99
87641,1780495394.538908,101
87642,1780495394.541356,104
87643,1780495394.5413601,104
87644,1780495394.5413618,106
87645,1780495394.541363,109
87646,1780495394.541365,111
87647,1780495394.541367,115
87648,1780495394.5413692,116
87649,1780495394.5413709,114
87650,1780495394.5413718,110
87651,1780495394.541375,110
87652,1780495394.5442839,108
87653,1780495394.544296,107
87654,1780495394.544298,104
87655,1780495394.544301,101
87656,1780495394.5443032,102
87657,1780495394.5443048,100
87658,1780495394.544307,101
87659,1780495394.544309,100
87660,1780495394.544311,101
87661,1780495394.5443141,102
87662,1780495394.544317,103
87663,1780495394.548991,106
87664,1780495394.5489962,106
87665,1780495394.5489979,109
87666,1780495394.549,111
87667,1780495394.549002,115
87668,1780495394.549004,119
87669,1780495394.5490072,116
87670,1780495394.5490088,114
87671,1780495394.549011,109
87672,1780495394.549013,106
87673,1780495394.549016,107
87674,1780495394.580089,107
87675,1780495394.580111,101
87676,1780495394.5801148,99
87677,1780495394.5801191,99
87678,1780495394.5801249,97
87679,1780495394.580128,99
87680,1780495394.580131,100
87681,1780495394.580134,102
87682,1780495394.580137,101
87683,1780495394.5801432,104
87684,1780495394.584499,108
87685,1780495394.584516,110
87686,1780495394.5845199,112
87687,1780495394.584523,116
87688,1780495394.584527,118
87689,1780495394.5845299,115
87690,1780495394.584533,114
87691,1780495394.584536,110
87692,1780495394.58454,108
87693,1780495394.584542,105
87694,1780495394.584546,104
87695,1780495394.586695,102
87696,1780495394.586705,103
87697,1780495394.5867121,100
87698,1780495394.586715,100
87699,1780495394.5867178,99
87700,1780495394.586721,100
87701,1780495394.586723,102
87702,1780495394.586726,105
87703,1780495394.586729,106
87704,1780495394.5867321,107
87705,1780495394.5867362,110
87706,1780495394.616701,112
87707,1780495394.616723,114
87708,1780495394.616726,117
87709,1780495394.616729,113
87710,1780495394.616732,112
87711,1780495394.616734,111
87712,1780495394.616739,109
87713,1780495394.616742,108
87714,1780495394.616745,103
87715,1780495394.616749,102
87716,1780495394.624898,100
87717,1780495394.6249118,100
87718,1780495394.624916,99
87719,1780495394.6249201,101
87720,1780495394.624923,100
87721,1780495394.624925,102
87722,1780495394.624928,103
87723,1780495394.624931,106
87724,1780495394.62494,107
87725,1780495394.624942,110
87726,1780495394.624955,111
87727,1780495394.624959,115
87728,1780495394.624962,116
87729,1780495394.624968,111
87730,1780495394.624971,111
87731,1780495394.624976,108
87732,1780495394.625063,107
87733,1780495394.62507,107
87734,1780495394.625074,105
87735,1780495394.625077,101
87736,1780495394.62508,100
87737,1780495394.6250849,99
87738,1780495394.62939,98
87739,1780495394.629406,100
87740,1780495394.62941,101
87741,1780495394.6294122,100
87742,1780495394.6294148,103
87743,1780495394.629418,103
87744,1780495394.6294231,108
87745,1780495394.629426,107
87746,1780495394.629429,111
87747,1780495394.6294332,114
87748,1780495394.692502,115
87749,1780495394.692508,112
87750,1780495394.692511,110
87751,1780495394.692512,109
87752,1780495394.692514,106
87753,1780495394.692516,103
87754,1780495394.692518,105
87755,1780495394.69252,101
87756,1780495394.692522,100
87757,1780495394.692524,100
87758,1780495394.692527,97
87759,1780495394.699451,101
87760,1780495394.699456,99
87761,1780495394.6994581,100
87762,1780495394.69946,100
87763,1780495394.699462,103
87764,1780495394.6994638,105
87765,1780495394.699465,109
87766,1780495394.699467,112
87767,1780495394.699469,112
87768,1780495394.699471,115
87769,1780495394.6994739,113
87770,1780495394.700918,112
87771,1780495394.700921,108
87772,1780495394.700923,105
87773,1780495394.7009249,107
87774,1780495394.700926,102
87775,1780495394.700928,100
87776,1780495394.700929,99
87777,1780495394.700931,97
87778,1780495394.700932,96
87779,1780495394.7009401,99
87780,1780495394.702743,100
87781,1780495394.7027462,100
87782,1780495394.7027478,100
87783,1780495394.702749,103
87784,1780495394.702751,106
87785,1780495394.702752,107
87786,1780495394.702754,108
87787,1780495394.702755,113
87788,1780495394.7027571,112
87789,1780495394.702759,112
87790,1780495394.702761,112
87791,1780495394.706461,109
87792,1780495394.706465,105
87793,1780495394.7064672,106
87794,1780495394.706468,101
87795,1780495394.7064698,101
87796,1780495394.706472,100
87797,1780495394.706487,97
87798,1780495394.706489,99
87799,1780495394.70649,96
87800,1780495394.706492,98
87801,1780495394.706495,98
87802,1780495394.709242,100
87803,1780495394.709244,101
87804,1780495394.709246,104
87805,1780495394.7092469,106
87806,1780495394.709248,109
87807,1780495394.70925,113
87808,1780495394.7092512,114
87809,1780495394.709252,112
87810,1780495394.7092538,111
87811,1780495394.709256,108
87812,1780495394.713752,105
87813,1780495394.713755,104
87814,1780495394.713757,101
87815,1780495394.713758,100
87816,1780495394.713759,99
87817,1780495394.713761,99
87818,1780495394.713762,99
87819,1780495394.713763,100
87820,1780495394.7137651,99
87821,1780495394.7137659,100
87822,1780495394.713768,100
87823,1780495394.715986,103
87824,1780495394.715988,103
87825,1780495394.7159889,105
87826,1780495394.715991,109
87827,1780495394.715992,111
87828,1780495394.7159932,112
87829,1780495394.7159941,114
87830,1780495394.7159948,109
87831,1780495394.715997,109
87832,1780495394.715998,108
87833,1780495394.716,106
87834,1780495394.717678,103
87835,1780495394.7176802,100
87836,1780495394.717682,99
87837,1780495394.7176828,99
87838,1780495394.717684,98
87839,1780495394.717685,101
87840,1780495394.7176871,100
87841,1780495394.717688,101
87842,1780495394.7176902,104
87843,1780495394.717692,105
87844,1780495394.7478578,104
87845,1780495394.74786,111
87846,1780495394.747861,112
87847,1780495394.747862,116
87848,1780495394.747863,119
87849,1780495394.747863,118
87850,1780495394.747864,113
87851,1780495394.7478652,112
87852,1780495394.7478662,108
87853,1780495394.7478662,108
87854,1780495394.7478678,106
87855,1780495394.75135,105
87856,1780495394.751353,102
87857,1780495394.7513542,99
87858,1780495394.751355,102
87859,1780495394.751356,101
87860,1780495394.7513568,102
87861,1780495394.751358,103
87862,1780495394.751358,104
87863,1780495394.751359,107
87864,1780495394.75136,109
87865,1780495394.7513611,110
87866,1780495394.7542999,114
87867,1780495394.754302,117
87868,1780495394.754303,118
87869,1780495394.754304,117
87870,1780495394.7543051,116
87871,1780495394.7543051,114
87872,1780495394.754306,109
87873,1780495394.754307,109
87874,1780495394.754308,106
87875,1780495394.7543092,105
87876,1780495394.7874188,104
87877,1780495394.787421,99
87878,1780495394.787422,100
87879,1780495394.787423,101
87880,1780495394.787423,101
87881,1780495394.787424,103
87882,1780495394.787425,106
87883,1780495394.787426,107
87884,1780495394.787426,109
87885,1780495394.7874272,112
87886,1780495394.787429,114
87887,1780495394.791842,117
87888,1780495394.7918441,116
87889,1780495394.791845,116
87890,1780495394.791845,115
87891,1780495394.7918458,112
87892,1780495394.791847,109
87893,1780495394.791848,110
87894,1780495394.791849,106
87895,1780495394.791849,103
87896,1780495394.79185,103
87897,1780495394.791851,101
87898,1780495394.793364,100
87899,1780495394.793366,100
87900,1780495394.7933671,102
87901,1780495394.7933671,102
87902,1780495394.793368,105
87903,1780495394.793369,107
87904,1780495394.79337,107
87905,1780495394.793371,112
87906,1780495394.793372,112
87907,1780495394.7933729,116
87908,1780495394.795281,116
87909,1780495394.795282,115
87910,1780495394.795284,115
87911,1780495394.795284,112
87912,1780495394.795285,109
87913,1780495394.795286,107
87914,1780495394.7952871,108
87915,1780495394.795292,102
87916,1780495394.7952929,104
87917,1780495394.7952929,100
87918,1780495394.795294,101
87919,1780495394.827473,102
87920,1780495394.827476,102
87921,1780495394.827477,103
87922,1780495394.827478,106
87923,1780495394.8274791,105
87924,1780495394.8274791,107
87925,1780495394.82748,111
87926,1780495394.827481,114
87927,1780495394.8274822,116
87928,1780495394.8274822,118
87929,1780495394.827484,116
87930,1780495394.8342159,115
87931,1780495394.8342211,111
87932,1780495394.834222,110
87933,1780495394.834223,107
87934,1780495394.8342242,105
87935,1780495394.8342242,105
87936,1780495394.834225,103
87937,1780495394.834226,100
87938,1780495394.8342268,100
87939,1780495394.834228,101
87940,1780495394.8363252,101
87941,1780495394.8363268,102
87942,1780495394.8363268,103
87943,1780495394.836328,108
87944,1780495394.836329,107
87945,1780495394.83633,109
87946,1780495394.836331,111
87947,1780495394.836331,117
87948,1780495394.836332,116
87949,1780495394.836333,114
87950,1780495394.836334,114
87951,1780495394.838559,110
87952,1780495394.838561,108
87953,1780495394.838562,107
87954,1780495394.838563,105
87955,1780495394.8385642,103
87956,1780495394.838565,101
87957,1780495394.838565,99
87958,1780495394.8385658,98
87959,1780495394.838567,100
87960,1780495394.838568,100
87961,1780495394.838569,101
87962,1780495394.867892,101
87963,1780495394.867894,103
87964,1780495394.8678951,105
87965,1780495394.867896,107
87966,1780495394.867897,109
87967,1780495394.8678982,113
87968,1780495394.867899,113
87969,1780495394.8679,111
87970,1780495394.8679008,110
87971,1780495394.867902,108
87972,1780495394.87232,104
87973,1780495394.8723211,102
87974,1780495394.872322,99
87975,1780495394.872323,99
87976,1780495394.872324,101
87977,1780495394.8723252,96
87978,1780495394.872326,96
87979,1780495394.8723269,96
87980,1780495394.872328,101
87981,1780495394.872329,100
87982,1780495394.87233,101
87983,1780495394.8744571,100
87984,1780495394.8744588,102
87985,1780495394.874461,106
87986,1780495394.874462,105
87987,1780495394.874463,110
87988,1780495394.874463,113
87989,1780495394.874464,110
87990,1780495394.874465,109
87991,1780495394.874466,103
87992,1780495394.8744671,104
87993,1780495394.874468,102
87994,1780495394.880515,100
87995,1780495394.880516,100
87996,1780495394.880517,96
87997,1780495394.880518,96
87998,1780495394.880519,98
87999,1780495394.8805199,97
88000,1780495394.880521,97
88001,1780495394.880522,100
88002,1780495394.880523,101
88003,1780495394.880524,101
88004,1780495394.909415,103
88005,1780495394.909417,106
88006,1780495394.909419,108
88007,1780495394.90942,111
88008,1780495394.909421,113
88009,1780495394.9094222,110
88010,1780495394.909424,110
88011,1780495394.9094248,107
88012,1780495394.909426,104
88013,1780495394.909427,102
88014,1780495394.909429,101
88015,1780495394.913716,100
88016,1780495394.913718,99
88017,1780495394.913719,98
88018,1780495394.9137201,96
88019,1780495394.913722,97
88020,1780495394.913723,100
88021,1780495394.913724,100
88022,1780495394.913725,101
88023,1780495394.9137259,103
88024,1780495394.913728,105
88025,1780495394.913729,108
88026,1780495394.915631,105
88027,1780495394.915634,111
88028,1780495394.9156349,112
88029,1780495394.915636,111
88030,1780495394.915637,109
88031,1780495394.915639,108
88032,1780495394.91564,104
88033,1780495394.915641,103
88034,1780495394.915642,100
88035,1780495394.915644,99
88036,1780495394.9467058,99
88037,1780495394.946709,98
88038,1780495394.946711,98
88039,1780495394.946713,98
88040,1780495394.9467142,100
88041,1780495394.9467158,100
88042,1780495394.946717,100
88043,1780495394.946719,102
88044,1780495394.94672,103
88045,1780495394.946722,107
88046,1780495394.9467242,109
88047,1780495394.9895418,113
88048,1780495394.989547,111
88049,1780495394.9895492,113
88050,1780495394.989552,109
88051,1780495394.989554,108
88052,1780495394.989556,104
88053,1780495394.989558,103
88054,1780495394.9895601,101
88055,1780495394.989562,101
88056,1780495394.989565,99
88057,1780495394.991728,99
88058,1780495394.991733,97
88059,1780495394.991735,98
88060,1780495394.9917371,99
88061,1780495394.9917388,102
88062,1780495394.991741,99
88063,1780495394.991744,101
88064,1780495394.991746,108
88065,1780495394.991748,107
88066,1780495394.99175,110
88067,1780495394.9917529,112
88068,1780495394.994196,114
88069,1780495394.9942012,112
88070,1780495394.9942038,111
88071,1780495394.994207,107
88072,1780495394.99421,106
88073,1780495394.9942122,103
88074,1780495394.994215,100
88075,1780495394.9942179,100
88076,1780495394.994221,100
88077,1780495394.994224,99
88078,1780495394.994228,97
88079,1780495395.001935,98
88080,1780495395.001941,100
88081,1780495395.001944,99
88082,1780495395.001947,100
88083,1780495395.00195,105
88084,1780495395.0019531,104
88085,1780495395.001955,106
88086,1780495395.001958,110
88087,1780495395.001961,111
88088,1780495395.002031,111
88089,1780495395.0020401,112
88090,1780495395.003659,109
88091,1780495395.00367,106
88092,1780495395.003673,105
88093,1780495395.003676,103
88094,1780495395.003679,102
88095,1780495395.0036821,100
88096,1780495395.0036852,102
88097,1780495395.003687,97
88098,1780495395.00369,97
88099,1780495395.003693,98
88100,1780495395.0057862,100
88101,1780495395.005792,99
88102,1780495395.005794,100
88103,1780495395.0057971,103
88104,1780495395.0057988,102
88105,1780495395.005801,104
88106,1780495395.005804,109
88107,1780495395.005806,112
88108,1780495395.005808,113
88109,1780495395.005811,112
88110,1780495395.005814,110
88111,1780495395.009255,106
88112,1780495395.009259,106
88113,1780495395.009263,103
88114,1780495395.009265,101
88115,1780495395.0092669,101
88116,1780495395.00927,98
88117,1780495395.009273,98
88118,1780495395.009275,98
88119,1780495395.0092769,95
88120,1780495395.009279,99
88121,1780495395.009282,98
88122,1780495395.013925,101
88123,1780495395.013942,102
88124,1780495395.013945,104
88125,1780495395.013949,108
88126,1780495395.013951,108
88127,1780495395.0139542,111
88128,1780495395.01396,113
88129,1780495395.013963,113
88130,1780495395.013966,109
88131,1780495395.01397,105
88132,1780495395.043126,99
88133,1780495395.043149,103
88134,1780495395.043154,101
88135,1780495395.043158,101
88136,1780495395.0431628,97
88137,1780495395.0431669,96
88138,1780495395.0431712,97
88139,1780495395.043175,99
88140,1780495395.043179,101
88141,1780495395.0431879,99
88142,1780495395.04674,100
88143,1780495395.048136,103
88144,1780495395.048146,104
88145,1780495395.048151,108
88146,1780495395.048157,110
88147,1780495395.048161,113
88148,1780495395.048165,113
88149,1780495395.048169,113
88150,1780495395.048172,110
88151,1780495395.048176,108
88152,1780495395.048179,106
88153,1780495395.0481842,105
88154,1780495395.0509372,101
88155,1780495395.050953,102
88156,1780495395.050956,101
88157,1780495395.050963,97
88158,1780495395.050966,99
88159,1780495395.05097,99
88160,1780495395.050974,98
88161,1780495395.050982,100
88162,1780495395.0509849,102
88163,1780495395.05099,102
88164,1780495395.053215,104
88165,1780495395.053239,110
88166,1780495395.053243,113
88167,1780495395.0532491,113
88168,1780495395.0532532,113
88169,1780495395.053256,112
88170,1780495395.053259,111
88171,1780495395.053267,107
88172,1780495395.05327,108
88173,1780495395.0532749,104
88174,1780495395.0535302,102
88175,1780495395.0876071,99
88176,1780495395.087635,98
88177,1780495395.087641,99
88178,1780495395.0876439,97
88179,1780495395.087647,99
88180,1780495395.08765,100
88181,1780495395.0876532,99
88182,1780495395.087656,101
88183,1780495395.0876591,103
88184,1780495395.087662,106
88185,1780495395.087667,107
88186,1780495395.089751,112
88187,1780495395.089764,112
88188,1780495395.089769,114
88189,1780495395.089771,112
88190,1780495395.0897741,110
88191,1780495395.089777,108
88192,1780495395.089779,107
88193,1780495395.089781,102
88194,1780495395.0897841,101
88195,1780495395.0897868,98
88196,1780495395.094177,102
88197,1780495395.094187,98
88198,1780495395.0941901,99
88199,1780495395.094193,99
88200,1780495395.094197,98
88201,1780495395.094199,100
88202,1780495395.094202,99
88203,1780495395.0942059,103
88204,1780495395.0942101,106
88205,1780495395.094213,109
88206,1780495395.094217,110
88207,1780495395.095937,112
88208,1780495395.095953,115
88209,1780495395.096051,111
88210,1780495395.096054,110
88211,1780495395.0960581,110
88212,1780495395.096061,105
88213,1780495395.096064,104
88214,1780495395.0960672,101
88215,1780495395.0960698,99
88216,1780495395.096072,98
88217,1780495395.096077,96
88218,1780495395.1286411,96
88219,1780495395.128646,97
88220,1780495395.128648,100
88221,1780495395.12865,98
88222,1780495395.128652,99
88223,1780495395.128653,101
88224,1780495395.1286552,102
88225,1780495395.1286569,106
88226,1780495395.128659,108
88227,1780495395.128662,109
88228,1780495395.134433,112
88229,1780495395.134437,108
88230,1780495395.134439,110
88231,1780495395.134441,109
88232,1780495395.134443,102
88233,1780495395.134444,103
88234,1780495395.1344461,101
88235,1780495395.134447,100
88236,1780495395.134449,101
88237,1780495395.134451,97
88238,1780495395.134453,95
88239,1780495395.136575,98
88240,1780495395.136579,100
88241,1780495395.1365812,99
88242,1780495395.1365829,101
88243,1780495395.136584,100
88244,1780495395.136586,103
88245,1780495395.136587,106
88246,1780495395.136589,106
88247,1780495395.13659,111
88248,1780495395.136592,112
88249,1780495395.1365938,110
88250,1780495395.138782,108
88251,1780495395.1387851,105
88252,1780495395.138793,104
88253,1780495395.138795,101
88254,1780495395.138797,100
88255,1780495395.138798,97
88256,1780495395.1388001,96
88257,1780495395.1388018,96
88258,1780495395.138804,93
88259,1780495395.138806,94
88260,1780495395.167855,95
88261,1780495395.167858,97
88262,1780495395.1678588,96
88263,1780495395.16786,101
88264,1780495395.167861,104
88265,1780495395.167862,106
88266,1780495395.1678631,104
88267,1780495395.167864,109
88268,1780495395.167865,111
88269,1780495395.167865,110
88270,1780495395.167867,108
88271,1780495395.172968,104
88272,1780495395.17297,103
88273,1780495395.172971,100
88274,1780495395.172972,100
88275,1780495395.1729732,98
88276,1780495395.172974,97
88277,1780495395.172975,95
88278,1780495395.172976,95
88279,1780495395.172977,94
88280,1780495395.172978,97
88281,1780495395.17298,97
88282,1780495395.175174,99
88283,1780495395.175176,97
88284,1780495395.1751769,100
88285,1780495395.1751769,104
88286,1780495395.175178,106
88287,1780495395.175179,108
88288,1780495395.17518,111
88289,1780495395.1751812,108
88290,1780495395.175182,105
88291,1780495395.175183,105
88292,1780495395.178933,101
88293,1780495395.178935,100
88294,1780495395.178936,100
88295,1780495395.1789372,97
88296,1780495395.1789372,98
88297,1780495395.1789382,94
88298,1780495395.1789389,92
88299,1780495395.1789398,94
88300,1780495395.178941,93
88301,1780495395.178942,96
88302,1780495395.178943,98
88303,1780495395.2081401,100
88304,1780495395.208142,101
88305,1780495395.208143,101
88306,1780495395.208144,105
88307,1780495395.208145,105
88308,1780495395.208145,112
88309,1780495395.2081459,105
88310,1780495395.208147,108
88311,1780495395.208148,104
88312,1780495395.208149,101
88313,1780495395.20815,100
88314,1780495395.213273,100
88315,1780495395.213274,95
88316,1780495395.213275,96
88317,1780495395.213276,95
88318,1780495395.2132769,90
88319,1780495395.213278,93
88320,1780495395.213278,92
88321,1780495395.213279,95
88322,1780495395.21328,96
88323,1780495395.213281,98
88324,1780495395.215837,101
88325,1780495395.215838,102
88326,1780495395.215839,105
88327,1780495395.21584,106
88328,1780495395.215841,107
88329,1780495395.215841,107
88330,1780495395.215842,106
88331,1780495395.215843,104
88332,1780495395.2158442,101
88333,1780495395.215845,98
88334,1780495395.2158458,98
88335,1780495395.2862458,96
88336,1780495395.286249,94
88337,1780495395.2862499,92
88338,1780495395.286251,91
88339,1780495395.286252,91
88340,1780495395.286252,92
88341,1780495395.286253,93
88342,1780495395.2862542,97
88343,1780495395.2862551,98
88344,1780495395.286256,101
88345,1780495395.287542,103
88346,1780495395.291696,103
88347,1780495395.291699,107
88348,1780495395.2917,109
88349,1780495395.291701,107
88350,1780495395.291702,105
88351,1780495395.291702,104
88352,1780495395.291703,100
88353,1780495395.2917042,96
88354,1780495395.2917051,97
88355,1780495395.291706,97
88356,1780495395.294229,94
88357,1780495395.294231,92
88358,1780495395.2942321,95
88359,1780495395.294233,92
88360,1780495395.294234,97
88361,1780495395.294235,96
88362,1780495395.294236,97
88363,1780495395.294237,100
88364,1780495395.294237,102
88365,1780495395.2942379,102
88366,1780495395.294239,106
88367,1780495395.298866,110
88368,1780495395.298868,109
88369,1780495395.298869,108
88370,1780495395.29887,107
88371,1780495395.298871,104
88372,1780495395.298871,101
88373,1780495395.298872,100
88374,1780495395.2988732,99
88375,1780495395.2988741,97
88376,1780495395.2988749,96
88377,1780495395.300375,96
88378,1780495395.3003762,93
88379,1780495395.3003771,95
88380,1780495395.300378,93
88381,1780495395.3003788,97
88382,1780495395.30038,100
88383,1780495395.300381,99
88384,1780495395.300381,102
88385,1780495395.300382,106
88386,1780495395.300383,106
88387,1780495395.300384,110
88388,1780495395.304448,111
88389,1780495395.30445,109
88390,1780495395.30445,107
88391,1780495395.304451,105
88392,1780495395.3044522,103
88393,1780495395.3044531,102
88394,1780495395.3044538,100
88395,1780495395.3044548,97
88396,1780495395.304456,97
88397,1780495395.304457,98
88398,1780495395.304461,95
88399,1780495395.306607,99
88400,1780495395.306609,97
88401,1780495395.3066099,99
88402,1780495395.306611,100
88403,1780495395.306612,102
88404,1780495395.306613,104
88405,1780495395.306614,105
88406,1780495395.306615,108
88407,1780495395.306616,110
88408,1780495395.306617,113
88409,1780495395.306619,110
88410,1780495395.309351,107
88411,1780495395.3093529,106
88412,1780495395.309354,106
88413,1780495395.309355,105
88414,1780495395.309356,100
88415,1780495395.309356,99
88416,1780495395.3093572,96
88417,1780495395.3093581,97
88418,1780495395.309359,96
88419,1780495395.309361,96
88420,1780495395.313919,98
88421,1780495395.313921,98
88422,1780495395.313921,101
88423,1780495395.3139222,103
88424,1780495395.3139231,102
88425,1780495395.313924,107
88426,1780495395.313925,107
88427,1780495395.313926,110
88428,1780495395.313927,111
88429,1780495395.313928,109
88430,1780495395.3139288,108
88431,1780495395.316041,104
88432,1780495395.316042,103
88433,1780495395.316043,103
88434,1780495395.316044,101
88435,1780495395.316045,100
88436,1780495395.316046,98
88437,1780495395.3160472,95
88438,1780495395.316048,97
88439,1780495395.3160489,97
88440,1780495395.3160498,96
88441,1780495395.316051,98
88442,1780495395.345372,98
88443,1780495395.345375,100
88444,1780495395.345376,101
88445,1780495395.345393,107
88446,1780495395.3453948,108
88447,1780495395.345408,112
88448,1780495395.34541,112
88449,1780495395.345412,111
88450,1780495395.3454132,109
88451,1780495395.3454149,106
88452,1780495395.349895,102
88453,1780495395.349898,103
88454,1780495395.349899,99
88455,1780495395.3499,100
88456,1780495395.3499022,98
88457,1780495395.349903,98
88458,1780495395.3499038,93
88459,1780495395.349905,96
88460,1780495395.349906,97
88461,1780495395.349907,98
88462,1780495395.349909,100
88463,1780495395.3520901,100
88464,1780495395.352093,101
88465,1780495395.352094,106
88466,1780495395.352095,108
88467,1780495395.3521001,111
88468,1780495395.352101,112
88469,1780495395.3521018,109
88470,1780495395.352103,107
88471,1780495395.352105,108
88472,1780495395.352106,104
88473,1780495395.352108,100
88474,1780495395.383123,101
88475,1780495395.383126,100
88476,1780495395.3831282,96
88477,1780495395.38313,95
88478,1780495395.3831308,95
88479,1780495395.383133,95
88480,1780495395.383134,96
88481,1780495395.383136,98
88482,1780495395.383138,100
88483,1780495395.38314,99
88484,1780495395.389462,104
88485,1780495395.389465,104
88486,1780495395.3894668,107
88487,1780495395.389468,109
88488,1780495395.3894699,112
88489,1780495395.389471,108
88490,1780495395.389473,108
88491,1780495395.3894742,105
88492,1780495395.389476,101
88493,1780495395.389477,100
88494,1780495395.3894799,101
88495,1780495395.391668,98
88496,1780495395.3916721,97
88497,1780495395.391674,96
88498,1780495395.391675,96
88499,1780495395.391677,93
88500,1780495395.3916779,98
88501,1780495395.39168,98
88502,1780495395.3916821,101
88503,1780495395.391683,100
88504,1780495395.391685,103
88505,1780495395.391687,107
88506,1780495395.393207,109
88507,1780495395.393211,110
88508,1780495395.3932118,112
88509,1780495395.393214,109
88510,1780495395.393215,108
88511,1780495395.393217,103
88512,1780495395.393218,103
88513,1780495395.3932202,100
88514,1780495395.3932211,100
88515,1780495395.393224,98
88516,1780495395.4229891,97
88517,1780495395.422994,95
88518,1780495395.422996,97
88519,1780495395.4229991,98
88520,1780495395.423001,97
88521,1780495395.423003,97
88522,1780495395.4230049,100
88523,1780495395.423008,101
88524,1780495395.42301,103
88525,1780495395.423012,107
88526,1780495395.423014,107
88527,1780495395.423018,110
88528,1780495395.428405,113
88529,1780495395.42841,109
88530,1780495395.428412,111
88531,1780495395.4284139,106
88532,1780495395.428416,104
88533,1780495395.4284182,102
88534,1780495395.428421,101
88535,1780495395.428423,100
88536,1780495395.428425,99
88537,1780495395.428428,97
88538,1780495395.42843,95
88539,1780495395.428432,98
88540,1780495395.428434,96
88541,1780495395.428436,100
88542,1780495395.428438,102
88543,1780495395.428441,100
88544,1780495395.428443,104
88545,1780495395.4284449,106
88546,1780495395.428447,108
88547,1780495395.428451,110
88548,1780495395.4354649,111
88549,1780495395.4354749,111
88550,1780495395.435478,109
88551,1780495395.435481,106
88552,1780495395.435484,102
88553,1780495395.435487,105
88554,1780495395.435489,100
88555,1780495395.435492,101
88556,1780495395.435495,99
88557,1780495395.435498,96
88558,1780495395.435503,95
88559,1780495395.4889228,96
88560,1780495395.488951,98
88561,1780495395.488957,100
88562,1780495395.48896,100
88563,1780495395.488964,106
88564,1780495395.488968,103
88565,1780495395.488972,107
88566,1780495395.488975,108
88567,1780495395.48898,113
88568,1780495395.4889832,113
88569,1780495395.4889889,110
88570,1780495395.49365,110
88571,1780495395.493666,108
88572,1780495395.493672,107
88573,1780495395.493676,102
88574,1780495395.493679,99
88575,1780495395.493684,100
88576,1780495395.49369,100
88577,1780495395.493694,99
88578,1780495395.4936981,95
88579,1780495395.493703,98
88580,1780495395.4958642,98
88581,1780495395.495883,99
88582,1780495395.495887,99
88583,1780495395.4958909,103
88584,1780495395.4958951,104
88585,1780495395.495898,107
88586,1780495395.495902,110
88587,1780495395.495905,110
88588,1780495395.495908,114
88589,1780495395.4959118,112
88590,1780495395.4959161,109
88591,1780495395.4996831,108
88592,1780495395.499705,105
88593,1780495395.499711,103
88594,1780495395.499723,102
88595,1780495395.499798,99
88596,1780495395.499807,100
88597,1780495395.4998121,97
88598,1780495395.4999318,98
88599,1780495395.4999418,98
88600,1780495395.500007,98
88601,1780495395.500014,98
88602,1780495395.501704,102
88603,1780495395.5017228,104
88604,1780495395.501726,105
88605,1780495395.501729,108
88606,1780495395.501735,109
88607,1780495395.501738,115
88608,1780495395.5017421,115
88609,1780495395.501745,115
88610,1780495395.501748,112
88611,1780495395.5017521,106
88612,1780495395.50436,106
88613,1780495395.504372,101
88614,1780495395.5043771,101
88615,1780495395.50438,100
88616,1780495395.504383,99
88617,1780495395.504386,100
88618,1780495395.504389,99
88619,1780495395.504392,99
88620,1780495395.504395,98
88621,1780495395.5043972,100
88622,1780495395.504401,105
88623,1780495395.510859,102
88624,1780495395.510871,106
88625,1780495395.510877,109
88626,1780495395.510881,109
88627,1780495395.510886,113
88628,1780495395.51089,114
88629,1780495395.510895,111
88630,1780495395.5108979,110
88631,1780495395.510902,110
88632,1780495395.510905,108
88633,1780495395.510911,106
88634,1780495395.542979,101
88635,1780495395.5430012,103
88636,1780495395.543005,102
88637,1780495395.543008,101
88638,1780495395.54301,99
88639,1780495395.543013,100
88640,1780495395.543017,101
88641,1780495395.54302,101
88642,1780495395.543023,105
88643,1780495395.543029,106
88644,1780495395.5465379,107
88645,1780495395.546579,108
88646,1780495395.5465841,112
88647,1780495395.546586,113
88648,1780495395.546589,116
88649,1780495395.546592,114
88650,1780495395.546595,115
88651,1780495395.546598,109
88652,1780495395.546601,111
88653,1780495395.546604,105
88654,1780495395.5466082,104
88655,1780495395.5494149,103
88656,1780495395.549432,101
88657,1780495395.549435,100
88658,1780495395.549438,99
88659,1780495395.549442,100
88660,1780495395.5494442,103
88661,1780495395.5494761,101
88662,1780495395.549479,105
88663,1780495395.5494819,109
88664,1780495395.549485,108
88665,1780495395.5494888,110
88666,1780495395.587807,113
88667,1780495395.587811,116
88668,1780495395.5878131,117
88669,1780495395.5878139,115
88670,1780495395.587816,112
88671,1780495395.587817,111
88672,1780495395.587818,108
88673,1780495395.587821,107
88674,1780495395.5878222,106
88675,1780495395.587824,103
88676,1780495395.591391,102
88677,1780495395.591394,100
88678,1780495395.5913951,101
88679,1780495395.591397,102
88680,1780495395.591398,102
88681,1780495395.591399,104
88682,1780495395.5914,107
88683,1780495395.5914009,105
88684,1780495395.591402,110
88685,1780495395.591404,112
88686,1780495395.5914052,112
88687,1780495395.594232,117
88688,1780495395.5942342,119
88689,1780495395.594236,115
88690,1780495395.5942369,113
88691,1780495395.594238,112
88692,1780495395.594239,110
88693,1780495395.59424,107
88694,1780495395.594242,106
88695,1780495395.594243,105
88696,1780495395.594244,105
88697,1780495395.594246,104
88698,1780495395.597555,102
88699,1780495395.597557,104
88700,1780495395.597558,107
88701,1780495395.5975602,108
88702,1780495395.5975611,109
88703,1780495395.597562,111
88704,1780495395.5975628,112
88705,1780495395.597564,115
88706,1780495395.597566,117
88707,1780495395.597567,122
88708,1780495395.600141,125
88709,1780495395.600144,122
88710,1780495395.6001449,122
88711,1780495395.6001458,115
88712,1780495395.600147,115
88713,1780495395.600148,113
88714,1780495395.600149,109
88715,1780495395.60015,109
88716,1780495395.600151,109
88717,1780495395.600152,107
88718,1780495395.6001542,107
88719,1780495395.603876,107
88720,1780495395.6038778,108
88721,1780495395.603879,108
88722,1780495395.60388,108
88723,1780495395.603881,110
88724,1780495395.603882,115
88725,1780495395.603884,118
88726,1780495395.603884,118
88727,1780495395.6038861,120
88728,1780495395.6038861,122
88729,1780495395.603888,121
88730,1780495395.6339881,121
88731,1780495395.6339898,116
88732,1780495395.633991,114
88733,1780495395.633992,114
88734,1780495395.633992,111
88735,1780495395.633993,110
88736,1780495395.633994,106
88737,1780495395.633995,107
88738,1780495395.633996,106
88739,1780495395.633997,105
88740,1780495395.638031,110
88741,1780495395.638033,111
88742,1780495395.6380339,113
88743,1780495395.638035,111
88744,1780495395.638036,115
88745,1780495395.638037,119
88746,1780495395.638037,121
88747,1780495395.638038,124
88748,1780495395.638039,124
88749,1780495395.63804,122
88750,1780495395.638041,123
88751,1780495395.642595,118
88752,1780495395.6425972,118
88753,1780495395.642598,115
88754,1780495395.6425989,113
88755,1780495395.6425989,110
88756,1780495395.6425998,110
88757,1780495395.642601,108
88758,1780495395.642602,107
88759,1780495395.642602,109
88760,1780495395.642603,108
88761,1780495395.6451242,110
88762,1780495395.6451259,111
88763,1780495395.6451268,115
88764,1780495395.6451268,115
88765,1780495395.645128,119
88766,1780495395.645129,121
88767,1780495395.64513,123
88768,1780495395.645131,125
88769,1780495395.645131,122
88770,1780495395.645132,120
88771,1780495395.645133,120
88772,1780495395.675297,117
88773,1780495395.6752992,114
88774,1780495395.6753001,113
88775,1780495395.675301,109
88776,1780495395.6753018,112
88777,1780495395.6753018,108
88778,1780495395.675303,106
88779,1780495395.675304,110
88780,1780495395.675305,110
88781,1780495395.675305,110
88782,1780495395.675307,114
88783,1780495395.678829,114
88784,1780495395.678831,118
88785,1780495395.678832,118
88786,1780495395.678833,121
88787,1780495395.678833,127
88788,1780495395.678834,126
88789,1780495395.6788511,125
88790,1780495395.678852,123
88791,1780495395.678853,119
88792,1780495395.678854,119
88793,1780495395.678855,117
88794,1780495395.681441,115
88795,1780495395.681442,112
88796,1780495395.681443,112
88797,1780495395.6814442,110
88798,1780495395.6814451,109
88799,1780495395.6814451,108
88800,1780495395.6814458,111
88801,1780495395.681447,110
88802,1780495395.681448,112
88803,1780495395.681449,116
88804,1780495395.713216,118
88805,1780495395.713218,119
88806,1780495395.7132192,124
88807,1780495395.7132201,124
88808,1780495395.713221,124
88809,1780495395.7132218,124
88810,1780495395.713223,122
88811,1780495395.713223,122
88812,1780495395.713224,119
88813,1780495395.713225,115
88814,1780495395.713226,115
88815,1780495395.717694,113
88816,1780495395.717696,113
88817,1780495395.717697,109
88818,1780495395.717697,111
88819,1780495395.717698,111
88820,1780495395.717699,112
88821,1780495395.7177,113
88822,1780495395.7177012,116
88823,1780495395.7177012,115
88824,1780495395.717702,120
88825,1780495395.7177029,119
88826,1780495395.720021,123
88827,1780495395.7200232,125
88828,1780495395.720024,125
88829,1780495395.720025,125
88830,1780495395.720026,125
88831,1780495395.720026,122
88832,1780495395.720027,118
88833,1780495395.720028,120
88834,1780495395.7200289,115
88835,1780495395.72003,115
88836,1780495395.722656,112
88837,1780495395.7226582,112
88838,1780495395.722659,110
88839,1780495395.72266,114
88840,1780495395.722661,111
88841,1780495395.722661,115
88842,1780495395.722662,114
88843,1780495395.722663,118
88844,1780495395.7226639,118
88845,1780495395.722665,123
88846,1780495395.724331,124
88847,1780495395.754952,128
88848,1780495395.754954,128
88849,1780495395.754955,125
88850,1780495395.754956,126
88851,1780495395.754957,121
88852,1780495395.7549582,120
88853,1780495395.754959,121
88854,1780495395.7549598,116
88855,1780495395.754961,119
88856,1780495395.754962,115
88857,1780495395.7549639,114
88858,1780495395.757205,109
88859,1780495395.7572072,112
88860,1780495395.757208,115
88861,1780495395.757209,115
88862,1780495395.75721,116
88863,1780495395.757211,120
88864,1780495395.757212,123
88865,1780495395.7572129,124
88866,1780495395.757214,126
88867,1780495395.757216,127
88868,1780495395.764441,131
88869,1780495395.764443,131
88870,1780495395.7644439,125
88871,1780495395.7644448,126
88872,1780495395.764447,123
88873,1780495395.764448,124
88874,1780495395.7644491,120
88875,1780495395.76445,118
88876,1780495395.764451,116
88877,1780495395.764452,114
88878,1780495395.7644532,113
88879,1780495395.765861,115
88880,1780495395.765863,115
88881,1780495395.765864,117
88882,1780495395.7658648,119
88883,1780495395.765866,115
88884,1780495395.765867,123
88885,1780495395.765868,128
88886,1780495395.7658691,132
88887,1780495395.76587,131
88888,1780495395.765871,130
88889,1780495395.765873,129
88890,1780495395.798672,129
88891,1780495395.7986739,125
88892,1780495395.798676,124
88893,1780495395.798677,122
88894,1780495395.798678,122
88895,1780495395.79868,120
88896,1780495395.798681,117
88897,1780495395.7986822,116
88898,1780495395.798684,117
88899,1780495395.798686,118
88900,1780495395.803173,119
88901,1780495395.803176,117
88902,1780495395.8031769,122
88903,1780495395.803179,123
88904,1780495395.80318,125
88905,1780495395.8031812,130
88906,1780495395.803183,131
88907,1780495395.803184,132
88908,1780495395.803185,135
88909,1780495395.803187,133
88910,1780495395.803189,131
88911,1780495395.8050208,129
88912,1780495395.805023,127
88913,1780495395.805025,124
88914,1780495395.805026,123
88915,1780495395.805027,121
88916,1780495395.8050292,119
88917,1780495395.8050299,118
88918,1780495395.805032,116
88919,1780495395.805033,119
88920,1780495395.805034,124
88921,1780495395.808324,119
88922,1780495395.808327,121
88923,1780495395.808328,124
88924,1780495395.8083289,128
88925,1780495395.808331,130
88926,1780495395.808332,133
88927,1780495395.8083389,138
88928,1780495395.808341,135
88929,1780495395.808342,135
88930,1780495395.808343,131
88931,1780495395.808345,131
88932,1780495395.8587992,127
88933,1780495395.858804,124
88934,1780495395.8588061,126
88935,1780495395.858808,122
88936,1780495395.858811,121
88937,1780495395.8588128,120
88938,1780495395.858815,120
88939,1780495395.858817,122
88940,1780495395.858819,120
88941,1780495395.8588212,124
88942,1780495395.858825,125
88943,1780495395.8627021,127
88944,1780495395.862706,130
88945,1780495395.862709,131
88946,1780495395.8627121,133
88947,1780495395.862714,137
88948,1780495395.862716,135
88949,1780495395.8627179,135
88950,1780495395.86272,135
88951,1780495395.8627222,133
88952,1780495395.862725,128
88953,1780495395.8627279,128
88954,1780495395.864949,126
88955,1780495395.864953,125
88956,1780495395.864955,123
88957,1780495395.8649569,121
88958,1780495395.86496,122
88959,1780495395.864962,123
88960,1780495395.864964,123
88961,1780495395.864966,123
88962,1780495395.8649678,127
88963,1780495395.864971,128
88964,1780495395.868614,131
88965,1780495395.868619,130
88966,1780495395.868622,134
88967,1780495395.868625,136
88968,1780495395.868628,139
88969,1780495395.8686311,136
88970,1780495395.8686342,133
88971,1780495395.868636,133
88972,1780495395.868639,128
88973,1780495395.868642,127
88974,1780495395.868646,127
88975,1780495395.870108,126
88976,1780495395.870114,126
88977,1780495395.8701172,121
88978,1780495395.87012,119
88979,1780495395.870123,123
88980,1780495395.870125,123
88981,1780495395.8701282,123
88982,1780495395.870131,127
88983,1780495395.870133,129
88984,1780495395.870136,130
88985,1780495395.872697,132
88986,1780495395.872702,137
88987,1780495395.872705,137
88988,1780495395.872708,138
88989,1780495395.8727198,137
88990,1780495395.8727229,134
88991,1780495395.872725,133
88992,1780495395.872728,132
88993,1780495395.872731,127
88994,1780495395.872734,126
88995,1780495395.8727381,126
88996,1780495395.903872,122
88997,1780495395.903904,123
88998,1780495395.903913,122
88999,1780495395.9039161,124
89000,1780495395.9039202,122
89001,1780495395.903924,125
89002,1780495395.9039328,127
89003,1780495395.903937,129
89004,1780495395.903944,132
89005,1780495395.9039512,135
89006,1780495395.904674,135
89007,1780495395.909302,140
89008,1780495395.909313,138
89009,1780495395.9093199,139
89010,1780495395.909324,135
89011,1780495395.909327,135
89012,1780495395.9093308,133
89013,1780495395.9093351,130
89014,1780495395.909338,128
89015,1780495395.9093409,128
89016,1780495395.909345,126
89017,1780495395.90935,122
89018,1780495395.914266,123
89019,1780495395.914288,125
89020,1780495395.914293,124
89021,1780495395.9142962,127
89022,1780495395.9143,126
89023,1780495395.914305,129
89024,1780495395.914309,129
89025,1780495395.914312,132
89026,1780495395.914316,134
89027,1780495395.914321,140
89028,1780495395.916194,138
89029,1780495395.91621,140
89030,1780495395.916213,135
89031,1780495395.916217,133
89032,1780495395.916221,133
89033,1780495395.916225,130
89034,1780495395.916228,129
89035,1780495395.916235,127
89036,1780495395.916238,122
89037,1780495395.916242,125
89038,1780495395.9162471,124
89039,1780495395.9457011,124
89040,1780495395.94573,125
89041,1780495395.945735,127
89042,1780495395.94574,128
89043,1780495395.9457438,129
89044,1780495395.9457479,131
89045,1780495395.945753,135
89046,1780495395.945757,137
89047,1780495395.9457622,140
89048,1780495395.945765,141
89049,1780495395.945769,138
89050,1780495395.945777,136
89051,1780495395.949192,135
89052,1780495395.949213,134
89053,1780495395.949218,133
89054,1780495395.9492218,130
89055,1780495395.949225,132
89056,1780495395.9492302,128
89057,1780495395.949234,126
89058,1780495395.949238,123
89059,1780495395.9492428,123
89060,1780495395.9531908,126
89061,1780495395.953214,128
89062,1780495395.953218,132
89063,1780495395.9532218,133
89064,1780495395.953226,134
89065,1780495395.9532318,138
89066,1780495395.9532359,138
89067,1780495395.953239,141
89068,1780495395.9532428,142
89069,1780495395.953247,142
89070,1780495395.953252,141
89071,1780495395.960522,136
89072,1780495395.9605389,136
89073,1780495395.960543,135
89074,1780495395.960547,132
89075,1780495395.9605498,132
89076,1780495395.960552,129
89077,1780495395.960557,128
89078,1780495395.96056,130
89079,1780495395.960563,129
89080,1780495395.960566,130
89081,1780495395.96057,131
89082,1780495395.9911911,132
89083,1780495395.991201,132
89084,1780495395.9912052,136
89085,1780495395.991209,139
89086,1780495395.9912121,143
89087,1780495395.991214,144
89088,1780495395.991219,146
89089,1780495395.991221,144
89090,1780495395.991224,135
89091,1780495395.9912288,136
89092,1780495395.9955788,141
89093,1780495395.995583,137
89094,1780495395.9955862,135
89095,1780495395.995588,132
89096,1780495395.99559,132
89097,1780495395.9955919,132
89098,1780495395.995594,132
89099,1780495395.9955971,131
89100,1780495395.995599,133
89101,1780495395.995601,133
89102,1780495395.995605,135
89103,1780495395.997293,137
89104,1780495395.997298,144
89105,1780495395.9973,141
89106,1780495395.997302,144
89107,1780495395.997304,149
89108,1780495395.997306,148
89109,1780495395.997309,146
89110,1780495395.9973109,144
89111,1780495395.997313,140
89112,1780495395.9973152,138
89113,1780495395.997319,140
89114,1780495395.999282,136
89115,1780495395.9992871,132
89116,1780495395.999289,132
89117,1780495395.999292,133
89118,1780495395.999294,132
89119,1780495395.999296,132
89120,1780495395.999298,131
89121,1780495395.9993,134
89122,1780495395.9993029,134
89123,1780495395.999306,140
89124,1780495396.032618,142
89125,1780495396.0326211,140
89126,1780495396.032622,146
89127,1780495396.032623,149
89128,1780495396.0326242,149
89129,1780495396.032625,147
89130,1780495396.0326269,145
89131,1780495396.032628,147
89132,1780495396.032629,142
89133,1780495396.03263,140
89134,1780495396.0326312,138
89135,1780495396.032633,134
89136,1780495396.034612,135
89137,1780495396.034615,134
89138,1780495396.034616,134
89139,1780495396.0346172,133
89140,1780495396.0346181,134
89141,1780495396.0346198,137
89142,1780495396.034621,139
89143,1780495396.034622,142
89144,1780495396.034623,143
89145,1780495396.0389912,144
89146,1780495396.038993,148
89147,1780495396.0389938,150
89148,1780495396.038995,151
89149,1780495396.038996,150
89150,1780495396.038997,148
89151,1780495396.0389981,144
89152,1780495396.038999,142
89153,1780495396.039,141
89154,1780495396.039001,140
89155,1780495396.039003,137
89156,1780495396.0412428,135
89157,1780495396.041245,135
89158,1780495396.041246,135
89159,1780495396.041247,133
89160,1780495396.041247,135
89161,1780495396.041248,137
89162,1780495396.041249,139
89163,1780495396.04125,141
89164,1780495396.0412512,144
89165,1780495396.0412521,148
89166,1780495396.0412538,148
89167,1780495396.076614,151
89168,1780495396.076619,155
89169,1780495396.07662,148
89170,1780495396.076621,150
89171,1780495396.076622,148
89172,1780495396.076622,144
89173,1780495396.0766232,145
89174,1780495396.076624,142
89175,1780495396.0766249,138
89176,1780495396.0766258,138
89177,1780495396.076627,139
89178,1780495396.08163,138
89179,1780495396.081632,138
89180,1780495396.081633,139
89181,1780495396.081634,141
89182,1780495396.081635,144
89183,1780495396.081635,141
89184,1780495396.0816362,146
89185,1780495396.0816371,149
89186,1780495396.0816379,152
89187,1780495396.0816388,152
89188,1780495396.083864,155
89189,1780495396.0838661,154
89190,1780495396.0838668,150
89191,1780495396.0838678,148
89192,1780495396.083869,145
89193,1780495396.08387,141
89194,1780495396.083871,142
89195,1780495396.083871,140
89196,1780495396.083872,140
89197,1780495396.083873,138
89198,1780495396.083874,138
89199,1780495396.08614,138
89200,1780495396.086143,141
89201,1780495396.086144,142
89202,1780495396.086145,144
89203,1780495396.086146,145
89204,1780495396.086146,146
89205,1780495396.086147,148
89206,1780495396.086148,151
89207,1780495396.0861492,155
89208,1780495396.08615,157
89209,1780495396.086151,152
89210,1780495396.1186728,153
89211,1780495396.118675,151
89212,1780495396.118676,149
89213,1780495396.118677,147
89214,1780495396.118678,145
89215,1780495396.118678,144
89216,1780495396.118679,144
89217,1780495396.11868,140
89218,1780495396.1186812,140
89219,1780495396.1186812,140
89220,1780495396.1186829,143
89221,1780495396.160579,144
89222,1780495396.160581,144
89223,1780495396.1605818,149
89224,1780495396.160583,149
89225,1780495396.160584,153
89226,1780495396.160585,156
89227,1780495396.1605859,159
89228,1780495396.160587,159
89229,1780495396.160587,157
89230,1780495396.160589,158
89231,1780495396.163083,153
89232,1780495396.163085,152
89233,1780495396.1630862,151
89234,1780495396.1630871,149
89235,1780495396.1630878,148
89236,1780495396.1630878,147
89237,1780495396.1630888,146
89238,1780495396.16309,145
89239,1780495396.163091,146
89240,1780495396.163092,151
89241,1780495396.163093,150
89242,1780495396.16523,150
89243,1780495396.1652322,152
89244,1780495396.1652322,156
89245,1780495396.165233,156
89246,1780495396.1652339,161
89247,1780495396.165235,164
89248,1780495396.165236,166
89249,1780495396.165236,163
89250,1780495396.165237,158
89251,1780495396.165238,156
89252,1780495396.169062,157
89253,1780495396.169064,154
89254,1780495396.169064,152
89255,1780495396.169065,153
89256,1780495396.169066,151
89257,1780495396.169067,149
89258,1780495396.169068,147
89259,1780495396.169069,149
89260,1780495396.169069,151
89261,1780495396.16907,151
89262,1780495396.1690712,154
89263,1780495396.171206,157
89264,1780495396.171208,158
89265,1780495396.1712089,159
89266,1780495396.17121,163
89267,1780495396.171211,166
89268,1780495396.171212,167
89269,1780495396.1712132,163
89270,1780495396.171214,164
89271,1780495396.171214,161
89272,1780495396.171215,160
89273,1780495396.171217,157
89274,1780495396.173496,157
89275,1780495396.1734972,154
89276,1780495396.1734982,149
89277,1780495396.1734989,154
89278,1780495396.1734998,151
89279,1780495396.173501,155
89280,1780495396.173502,156
89281,1780495396.173502,154
89282,1780495396.173503,157
89283,1780495396.173505,159
89284,1780495396.1751392,160
89285,1780495396.175141,163
89286,1780495396.1751418,164
89287,1780495396.175143,170
89288,1780495396.175144,167
89289,1780495396.175144,167
89290,1780495396.175145,164
89291,1780495396.175146,164
89292,1780495396.175147,162
89293,1780495396.175148,160
89294,1780495396.175149,158
89295,1780495396.183491,156
89296,1780495396.1834931,157
89297,1780495396.1834939,155
89298,1780495396.1834948,154
89299,1780495396.1834948,155
89300,1780495396.183496,157
89301,1780495396.183497,155
89302,1780495396.183498,160
89303,1780495396.183499,161
89304,1780495396.1835,163
89305,1780495396.1856341,166
89306,1780495396.21474,166
89307,1780495396.214742,171
89308,1780495396.2147431,170
89309,1780495396.214744,172
89310,1780495396.214746,168
89311,1780495396.214747,165
89312,1780495396.214748,164
89313,1780495396.2147489,165
89314,1780495396.21475,162
89315,1780495396.214751,159
89316,1780495396.21893,160
89317,1780495396.218933,158
89318,1780495396.218934,157
89319,1780495396.218935,160
89320,1780495396.218936,159
89321,1780495396.218938,161
89322,1780495396.2189388,160
89323,1780495396.21894,163
89324,1780495396.218941,167
89325,1780495396.218942,170
89326,1780495396.218944,170
89327,1780495396.221159,171
89328,1780495396.221161,174
89329,1780495396.221163,175
89330,1780495396.221164,172
89331,1780495396.221165,171
89332,1780495396.2211661,169
89333,1780495396.221168,164
89334,1780495396.221169,162
89335,1780495396.22117,163
89336,1780495396.2211719,161
89337,1780495396.221174,160
89338,1780495396.223375,161
89339,1780495396.223377,159
89340,1780495396.223378,161
89341,1780495396.2233799,163
89342,1780495396.223381,164
89343,1780495396.223382,165
89344,1780495396.223383,170
89345,1780495396.2233841,168
89346,1780495396.223386,173
89347,1780495396.2233868,176
89348,1780495396.257472,177
89349,1780495396.257476,175
89350,1780495396.257477,174
89351,1780495396.257479,169
89352,1780495396.25748,170
89353,1780495396.257482,168
89354,1780495396.257484,165
89355,1780495396.257486,166
89356,1780495396.257487,164
89357,1780495396.257489,165
89358,1780495396.2574909,164
89359,1780495396.2611709,164
89360,1780495396.261174,164
89361,1780495396.2611752,166
89362,1780495396.261177,168
89363,1780495396.261179,170
89364,1780495396.26118,172
89365,1780495396.261182,175
89366,1780495396.261183,176
89367,1780495396.261185,180
89368,1780495396.2611861,181
89369,1780495396.2611892,176
89370,1780495396.263525,178
89371,1780495396.2635279,175
89372,1780495396.26353,169
89373,1780495396.263531,171
89374,1780495396.263533,169
89375,1780495396.263534,169
89376,1780495396.2635362,164
89377,1780495396.263537,165
89378,1780495396.2635388,167
89379,1780495396.263541,166
89380,1780495396.265766,168
89381,1780495396.265769,170
89382,1780495396.265771,172
89383,1780495396.265772,172
89384,1780495396.265774,173
89385,1780495396.2657752,176
89386,1780495396.2657769,177
89387,1780495396.265779,181
89388,1780495396.26578,183
89389,1780495396.265783,181
89390,1780495396.2692962,180
89391,1780495396.304969,176
89392,1780495396.304975,175
89393,1780495396.304978,175
89394,1780495396.304981,173
89395,1780495396.3049831,170
89396,1780495396.304986,169
89397,1780495396.3049889,167
89398,1780495396.304992,167
89399,1780495396.304994,172
89400,1780495396.3049972,171
89401,1780495396.305002,171
89402,1780495396.307179,175
89403,1780495396.307185,176
89404,1780495396.307188,177
89405,1780495396.3071911,181
89406,1780495396.307194,181
89407,1780495396.3071969,188
89408,1780495396.307199,185
89409,1780495396.307202,185
89410,1780495396.3072052,180
89411,1780495396.307209,178
89412,1780495396.311706,177
89413,1780495396.311726,176
89414,1780495396.311729,175
89415,1780495396.311733,173
89416,1780495396.3117352,170
89417,1780495396.311738,170
89418,1780495396.3117409,169
89419,1780495396.311743,171
89420,1780495396.311748,174
89421,1780495396.31175,174
89422,1780495396.311753,176
89423,1780495396.314358,178
89424,1780495396.314372,180
89425,1780495396.314377,182
89426,1780495396.314379,186
89427,1780495396.314382,188
89428,1780495396.314384,188
89429,1780495396.31439,190
89430,1780495396.314393,182
89431,1780495396.314395,183
89432,1780495396.314398,180
89433,1780495396.314402,178
89434,1780495396.322125,179
89435,1780495396.3221602,176
89436,1780495396.322171,175
89437,1780495396.3221738,173
89438,1780495396.322183,172
89439,1780495396.322193,175
89440,1780495396.3222,176
89441,1780495396.322222,176
89442,1780495396.322231,178
89443,1780495396.322283,177
89444,1780495396.351939,182
89445,1780495396.3519669,186
89446,1780495396.351972,188
89447,1780495396.351976,189
89448,1780495396.35198,191
89449,1780495396.351985,192
89450,1780495396.351988,189
89451,1780495396.351994,185
89452,1780495396.3519979,184
89453,1780495396.3520021,182
89454,1780495396.352006,178
89455,1780495396.352014,178
89456,1780495396.356211,176
89457,1780495396.3562298,175
89458,1780495396.356234,176
89459,1780495396.3562381,179
89460,1780495396.356242,177
89461,1780495396.356246,180
89462,1780495396.356249,181
89463,1780495396.356253,183
89464,1780495396.356256,187
89465,1780495396.356261,191
89466,1780495396.359398,192
89467,1780495396.359415,196
89468,1780495396.3594198,193
89469,1780495396.359424,194
89470,1780495396.3594282,193
89471,1780495396.359432,193
89472,1780495396.3594382,185
89473,1780495396.359442,188
89474,1780495396.359445,181
89475,1780495396.35945,183
89476,1780495396.363997,180
89477,1780495396.364017,180
89478,1780495396.3640242,181
89479,1780495396.364029,181
89480,1780495396.364033,184
89481,1780495396.364038,184
89482,1780495396.364042,186
89483,1780495396.364046,187
89484,1780495396.36405,188
89485,1780495396.364054,192
89486,1780495396.364059,196
89487,1780495396.392997,198
89488,1780495396.393012,197
89489,1780495396.3930151,195
89490,1780495396.393018,196
89491,1780495396.3930209,194
89492,1780495396.393024,192
89493,1780495396.393027,191
89494,1780495396.39303,186
89495,1780495396.393033,184
89496,1780495396.393035,181
89497,1780495396.393041,184
89498,1780495396.396405,182
89499,1780495396.396419,183
89500,1780495396.396422,186
89501,1780495396.396426,189
89502,1780495396.396429,192
89503,1780495396.396432,189
89504,1780495396.396435,193
89505,1780495396.396441,196
89506,1780495396.3964438,196
89507,1780495396.396448,199
89508,1780495396.399786,199
89509,1780495396.39981,197
89510,1780495396.399814,196
89511,1780495396.399817,194
89512,1780495396.39982,194
89513,1780495396.3998232,192
89514,1780495396.3998258,193
89515,1780495396.399829,185
89516,1780495396.399832,188
89517,1780495396.3998342,185
89518,1780495396.399838,186
89519,1780495396.4043741,185
89520,1780495396.404392,186
89521,1780495396.404396,186
89522,1780495396.4043992,190
89523,1780495396.404403,192
89524,1780495396.4044049,194
89525,1780495396.4044118,196
89526,1780495396.404415,196
89527,1780495396.404418,201
89528,1780495396.404421,198
89529,1780495396.457877,201
89530,1780495396.4578822,198
89531,1780495396.457883,196
89532,1780495396.457885,196
89533,1780495396.457886,193
89534,1780495396.457888,190
89535,1780495396.457889,186
89536,1780495396.457891,189
89537,1780495396.4578922,187
89538,1780495396.4578938,186
89539,1780495396.457896,187
89540,1780495396.461309,188
89541,1780495396.461312,190
89542,1780495396.461313,191
89543,1780495396.4613152,194
89544,1780495396.461316,198
89545,1780495396.4613178,196
89546,1780495396.461319,200
89547,1780495396.46132,200
89548,1780495396.4613209,204
89549,1780495396.461323,200
89550,1780495396.4613252,200
89551,1780495396.4643211,199
89552,1780495396.4643252,195
89553,1780495396.4643269,194
89554,1780495396.464328,194
89555,1780495396.464329,191
89556,1780495396.464331,189
89557,1780495396.464332,186
89558,1780495396.464333,189
89559,1780495396.4643352,190
89560,1780495396.464336,190
89561,1780495396.464339,191
89562,1780495396.4675672,192
89563,1780495396.4675698,194
89564,1780495396.467571,197
89565,1780495396.467572,199
89566,1780495396.467573,198
89567,1780495396.4675741,203
89568,1780495396.467576,204
89569,1780495396.4675782,205
89570,1780495396.467579,200
89571,1780495396.467581,196
89572,1780495396.469972,197
89573,1780495396.469974,195
89574,1780495396.469975,195
89575,1780495396.469976,193
89576,1780495396.469978,192
89577,1780495396.4699788,190
89578,1780495396.46998,189
89579,1780495396.469981,190
89580,1780495396.4699829,191
89581,1780495396.469984,190
89582,1780495396.469986,196
89583,1780495396.472577,195
89584,1780495396.472579,195
89585,1780495396.4725811,201
89586,1780495396.4725819,201
89587,1780495396.4725828,206
89588,1780495396.472584,205
89589,1780495396.472586,206
89590,1780495396.472587,204
89591,1780495396.472588,201
89592,1780495396.47259,200
89593,1780495396.4725912,196
89594,1780495396.479337,198
89595,1780495396.47934,193
89596,1780495396.479341,192
89597,1780495396.479342,191
89598,1780495396.4793432,192
89599,1780495396.4793441,193
89600,1780495396.4793448,194
89601,1780495396.479346,195
89602,1780495396.479347,196
89603,1780495396.479348,199
89604,1780495396.513269,203
89605,1780495396.513272,203
89606,1780495396.513273,205
89607,1780495396.5132742,207
89608,1780495396.5132742,207
89609,1780495396.513275,207
89610,1780495396.5132759,205
89611,1780495396.5132768,204
89612,1780495396.5132768,205
89613,1780495396.513278,198
89614,1780495396.513279,196
89615,1780495396.51328,196
89616,1780495396.514682,193
89617,1780495396.514684,193
89618,1780495396.514685,192
89619,1780495396.5146859,196
89620,1780495396.514687,196
89621,1780495396.514688,195
89622,1780495396.514688,197
89623,1780495396.514689,199
89624,1780495396.5146902,204
89625,1780495396.514691,206
89626,1780495396.5191512,207
89627,1780495396.5191529,209
89628,1780495396.5191529,210
89629,1780495396.5191538,208
89630,1780495396.519155,204
89631,1780495396.519156,205
89632,1780495396.519157,203
89633,1780495396.519167,201
89634,1780495396.519168,198
89635,1780495396.519169,197
89636,1780495396.521303,198
89637,1780495396.5213041,194
89638,1780495396.521305,193
89639,1780495396.521306,196
89640,1780495396.521306,196
89641,1780495396.521307,196
89642,1780495396.521308,198
89643,1780495396.521309,198
89644,1780495396.5213099,202
89645,1780495396.5213099,204
89646,1780495396.521312,208
89647,1780495396.552387,209
89648,1780495396.5523899,209
89649,1780495396.552392,211
89650,1780495396.552393,205
89651,1780495396.552393,202
89652,1780495396.552394,201
89653,1780495396.552395,202
89654,1780495396.552396,198
89655,1780495396.552397,196
89656,1780495396.552397,197
89657,1780495396.5523992,195
89658,1780495396.559121,195
89659,1780495396.559123,197
89660,1780495396.559123,197
89661,1780495396.559124,196
89662,1780495396.559125,199
89663,1780495396.559126,200
89664,1780495396.559127,197
89665,1780495396.559127,208
89666,1780495396.559128,207
89667,1780495396.559129,211
89668,1780495396.561355,213
89669,1780495396.561357,210
89670,1780495396.561357,209
89671,1780495396.561358,204
89672,1780495396.5613592,203
89673,1780495396.56136,202
89674,1780495396.5613608,201
89675,1780495396.5613608,197
89676,1780495396.561362,197
89677,1780495396.561363,195
89678,1780495396.561364,195
89679,1780495396.563485,195
89680,1780495396.563487,196
89681,1780495396.563488,199
89682,1780495396.563488,202
89683,1780495396.563489,200
89684,1780495396.5634902,204
89685,1780495396.563491,206
89686,1780495396.563491,209
89687,1780495396.563492,209
89688,1780495396.563493,211
89689,1780495396.563494,212
89690,1780495396.592862,209
89691,1780495396.592866,206
89692,1780495396.5928671,202
89693,1780495396.592868,201
89694,1780495396.592869,201
89695,1780495396.59287,199
89696,1780495396.592871,198
89697,1780495396.592872,197
89698,1780495396.5928729,198
89699,1780495396.592875,197
89700,1780495396.59726,198
89701,1780495396.5972621,199
89702,1780495396.597263,200
89703,1780495396.5972638,202
89704,1780495396.5972638,206
89705,1780495396.597265,209
89706,1780495396.597266,209
89707,1780495396.597267,211
89708,1780495396.5972679,216
89709,1780495396.5972679,210
89710,1780495396.597269,207
89711,1780495396.599263,208
89712,1780495396.599265,207
89713,1780495396.599265,202
89714,1780495396.599266,200
89715,1780495396.599267,201
89716,1780495396.5992682,197
89717,1780495396.5992692,196
89718,1780495396.5992692,198
89719,1780495396.5992699,201
89720,1780495396.5992708,201
89721,1780495396.599272,202
89722,1780495396.632389,202
89723,1780495396.632392,206
89724,1780495396.632394,207
89725,1780495396.632395,208
89726,1780495396.632396,212
89727,1780495396.6323972,212
89728,1780495396.6323981,215
89729,1780495396.632399,214
89730,1780495396.6323998,213
89731,1780495396.632401,209
89732,1780495396.6361542,209
89733,1780495396.636157,205
89734,1780495396.636158,206
89735,1780495396.636159,204
89736,1780495396.63616,201
89737,1780495396.636161,200
89738,1780495396.636162,201
89739,1780495396.636163,200
89740,1780495396.6361642,204
89741,1780495396.6361651,206
89742,1780495396.6361659,206
89743,1780495396.638423,209
89744,1780495396.638425,209
89745,1780495396.638426,213
89746,1780495396.6384268,217
89747,1780495396.638428,217
89748,1780495396.638429,217
89749,1780495396.6384299,215
89750,1780495396.638431,211
89751,1780495396.638432,214
89752,1780495396.638433,204
89753,1780495396.6384351,210
89754,1780495396.640671,205
89755,1780495396.640673,203
89756,1780495396.640674,203
89757,1780495396.640675,204
89758,1780495396.640676,200
89759,1780495396.6406772,201
89760,1780495396.640691,202
89761,1780495396.640692,201
89762,1780495396.640693,203
89763,1780495396.640694,206
89764,1780495396.6724439,208
89765,1780495396.672447,211
89766,1780495396.672449,212
89767,1780495396.67245,215
89768,1780495396.672451,215
89769,1780495396.6724532,214
89770,1780495396.6724539,213
89771,1780495396.6724548,212
89772,1780495396.672457,207
89773,1780495396.6724591,207
89774,1780495396.678918,206
89775,1780495396.678921,204
89776,1780495396.681283,203
89777,1780495396.6812868,202
89778,1780495396.681288,200
89779,1780495396.68129,201
89780,1780495396.681291,203
89781,1780495396.681292,204
89782,1780495396.681294,205
89783,1780495396.6812952,207
89784,1780495396.6812959,209
89785,1780495396.681299,211
89786,1780495396.683542,212
89787,1780495396.683545,218
89788,1780495396.683546,215
89789,1780495396.683548,216
89790,1780495396.683549,213
89791,1780495396.68355,210
89792,1780495396.683552,206
89793,1780495396.683553,209
89794,1780495396.683554,205
89795,1780495396.683556,207
89796,1780495396.685771,202
89797,1780495396.6857731,201
89798,1780495396.685775,201
89799,1780495396.6857758,201
89800,1780495396.685778,201
89801,1780495396.6857789,206
89802,1780495396.68578,204
89803,1780495396.685782,207
89804,1780495396.6857831,210
89805,1780495396.685784,209
89806,1780495396.685786,212
89807,1780495396.717461,216
89808,1780495396.7174652,216
89809,1780495396.7174668,215
89810,1780495396.7174678,216
89811,1780495396.71747,213
89812,1780495396.717472,211
89813,1780495396.717474,208
89814,1780495396.7174761,205
89815,1780495396.717477,204
89816,1780495396.717479,204
89817,1780495396.717482,202
89818,1780495396.760833,202
89819,1780495396.76086,203
89820,1780495396.760881,207
89821,1780495396.760884,205
89822,1780495396.760888,206
89823,1780495396.760891,206
89824,1780495396.760896,213
89825,1780495396.760899,212
89826,1780495396.760902,216
89827,1780495396.76091,217
89828,1780495396.763096,219
89829,1780495396.763128,216
89830,1780495396.763131,213
89831,1780495396.763134,213
89832,1780495396.763137,206
89833,1780495396.7631402,208
89834,1780495396.7631419,206
89835,1780495396.763145,204
89836,1780495396.763148,204
89837,1780495396.76315,202
89838,1780495396.763154,202
89839,1780495396.764431,203
89840,1780495396.764441,203
89841,1780495396.7644448,204
89842,1780495396.764448,206
89843,1780495396.76445,209
89844,1780495396.7644532,212
89845,1780495396.764456,213
89846,1780495396.764459,218
89847,1780495396.764461,220
89848,1780495396.7644641,218
89849,1780495396.764468,215
89850,1780495396.793199,211
89851,1780495396.79322,215
89852,1780495396.7932239,209
89853,1780495396.793227,210
89854,1780495396.793231,209
89855,1780495396.7932339,206
89856,1780495396.793237,201
89857,1780495396.79324,202
89858,1780495396.793243,203
89859,1780495396.793247,202
89860,1780495396.799893,202
89861,1780495396.799912,204
89862,1780495396.799915,207
89863,1780495396.7999182,209
89864,1780495396.7999208,211
89865,1780495396.799924,212
89866,1780495396.799928,218
89867,1780495396.79993,217
89868,1780495396.799933,219
89869,1780495396.799936,214
89870,1780495396.7999392,215
89871,1780495396.7999418,212
89872,1780495396.7999449,209
89873,1780495396.799948,207
89874,1780495396.7999501,206
89875,1780495396.799954,204
89876,1780495396.799956,205
89877,1780495396.7999601,201
89878,1780495396.799962,204
89879,1780495396.799965,203
89880,1780495396.799968,205
89881,1780495396.7999759,204
89882,1780495396.804426,207
89883,1780495396.804447,210
89884,1780495396.8044522,213
89885,1780495396.8044548,216
89886,1780495396.8044631,216
89887,1780495396.804466,221
89888,1780495396.804469,217
89889,1780495396.8044732,216
89890,1780495396.804476,217
89891,1780495396.80448,212
89892,1780495396.8058891,211
89893,1780495396.8059032,209
89894,1780495396.805907,208
89895,1780495396.80591,206
89896,1780495396.805913,205
89897,1780495396.8059158,203
89898,1780495396.80593,204
89899,1780495396.805933,204
89900,1780495396.805936,203
89901,1780495396.805938,205
89902,1780495396.805942,210
89903,1780495396.808109,209
89904,1780495396.8081238,210
89905,1780495396.8081322,217
89906,1780495396.8081338,217
89907,1780495396.808138,221
89908,1780495396.80814,222
89909,1780495396.8081431,219
89910,1780495396.808146,215
89911,1780495396.808149,215
89912,1780495396.808152,213
89913,1780495396.808156,212
89914,1780495396.812622,207
89915,1780495396.812639,205
89916,1780495396.812642,203
89917,1780495396.8126452,204
89918,1780495396.8126469,204
89919,1780495396.81265,203
89920,1780495396.812653,206
89921,1780495396.8126569,204
89922,1780495396.812659,209
89923,1780495396.812664,211
89924,1780495396.81523,213
89925,1780495396.815244,213
89926,1780495396.815247,216
89927,1780495396.81525,219
89928,1780495396.815254,220
89929,1780495396.815257,218
89930,1780495396.815259,217
89931,1780495396.8152618,213
89932,1780495396.815265,210
89933,1780495396.81527,209
89934,1780495396.815274,209
89935,1780495396.818998,205
89936,1780495396.819017,203
89937,1780495396.81902,203
89938,1780495396.8190238,205
89939,1780495396.819026,205
89940,1780495396.819029,203
89941,1780495396.819032,208
89942,1780495396.819034,205
89943,1780495396.819037,212
89944,1780495396.819044,213
89945,1780495396.822127,213
89946,1780495396.853208,220
89947,1780495396.85324,218
89948,1780495396.853245,218
89949,1780495396.853248,219
89950,1780495396.8532522,216
89951,1780495396.8532548,215
89952,1780495396.853259,212
89953,1780495396.853267,210
89954,1780495396.853271,208
89955,1780495396.8532748,205
89956,1780495396.860312,204
89957,1780495396.860335,201
89958,1780495396.860343,206
89959,1780495396.8603468,207
89960,1780495396.86035,207
89961,1780495396.8603551,209
89962,1780495396.860357,211
89963,1780495396.8603609,210
89964,1780495396.860364,212
89965,1780495396.860367,216
89966,1780495396.860372,216
89967,1780495396.8627882,219
89968,1780495396.8628,222
89969,1780495396.862805,217
89970,1780495396.862808,217
89971,1780495396.8628109,216
89972,1780495396.862813,209
89973,1780495396.862817,210
89974,1780495396.862819,206
89975,1780495396.8628218,205
89976,1780495396.862825,203
89977,1780495396.862829,202
89978,1780495396.865185,204
89979,1780495396.865191,203
89980,1780495396.865194,204
89981,1780495396.865197,207
89982,1780495396.8652,208
89983,1780495396.865202,212
89984,1780495396.865205,212
89985,1780495396.8652081,210
89986,1780495396.8652108,216
89987,1780495396.865215,217
89988,1780495396.8965309,215
89989,1780495396.8965352,215
89990,1780495396.896537,213
89991,1780495396.896539,211
89992,1780495396.89654,212
89993,1780495396.8965409,208
89994,1780495396.896543,206
89995,1780495396.896544,203
89996,1780495396.896545,204
89997,1780495396.896547,202
89998,1780495396.899731,205
89999,1780495396.906345,202
90000,1780495396.906348,204
90001,1780495396.906349,205
90002,1780495396.9063501,206
90003,1780495396.906352,208
90004,1780495396.906353,212
90005,1780495396.906354,211
90006,1780495396.9063559,216
90007,1780495396.906357,218
90008,1780495396.906358,217
90009,1780495396.9063601,217
90010,1780495396.908745,214
90011,1780495396.908747,210
90012,1780495396.908749,211
90013,1780495396.908751,208
90014,1780495396.908752,208
90015,1780495396.908753,204
90016,1780495396.9087539,203
90017,1780495396.908756,199
90018,1780495396.908757,201
90019,1780495396.908758,202
90020,1780495396.9112551,204
90021,1780495396.911257,203
90022,1780495396.911259,206
90023,1780495396.91126,204
90024,1780495396.9112608,210
90025,1780495396.911262,212
90026,1780495396.911263,214
90027,1780495396.911264,216
90028,1780495396.9112651,214
90029,1780495396.911267,211
90030,1780495396.9130619,209
90031,1780495396.9176059,210
90032,1780495396.917609,208
90033,1780495396.91761,204
90034,1780495396.9176111,203
90035,1780495396.917612,203
90036,1780495396.9176168,200
90037,1780495396.917618,197
90038,1780495396.917619,198
90039,1780495396.91762,200
90040,1780495396.917621,199
90041,1780495396.917623,200
90042,1780495396.947744,204
90043,1780495396.947746,203
90044,1780495396.947747,206
90045,1780495396.9477482,208
90046,1780495396.9477491,209
90047,1780495396.9477491,215
90048,1780495396.9477499,213
90049,1780495396.9477508,211
90050,1780495396.947752,208
90051,1780495396.947753,208
90052,1780495396.951318,205
90053,1780495396.9513211,202
90054,1780495396.951322,202
90055,1780495396.9513228,199
90056,1780495396.9513228,199
90057,1780495396.951324,196
90058,1780495396.951325,196
90059,1780495396.951326,198
90060,1780495396.951327,198
90061,1780495396.951327,200
90062,1780495396.951329,202
90063,1780495396.953762,198
90064,1780495396.9537642,205
90065,1780495396.9537652,211
90066,1780495396.9537659,211
90067,1780495396.9537668,212
90068,1780495396.953768,213
90069,1780495396.953768,213
90070,1780495396.953769,210
90071,1780495396.95377,205
90072,1780495396.953771,202
90073,1780495396.956356,200
90074,1780495396.956358,202
90075,1780495396.956359,196
90076,1780495396.956359,196
90077,1780495396.9563599,196
90078,1780495396.956361,196
90079,1780495396.956362,197
90080,1780495396.956362,198
90081,1780495396.956363,200
90082,1780495396.956364,200
90083,1780495396.956365,204
90084,1780495396.9881668,205
90085,1780495396.98817,207
90086,1780495396.988171,208
90087,1780495396.988172,213
90088,1780495396.988173,213
90089,1780495396.988173,211
90090,1780495396.988174,206
90091,1780495396.9881752,203
90092,1780495396.9881759,203
90093,1780495396.9881768,203
90094,1780495396.988178,200
90095,1780495396.992623,200
90096,1780495396.992626,196
90097,1780495396.992627,197
90098,1780495396.9926279,196
90099,1780495396.9926279,197
90100,1780495396.992629,197
90101,1780495396.99263,197
90102,1780495396.992631,200
90103,1780495396.9926322,201
90104,1780495396.9926322,201
90105,1780495396.992634,205
90106,1780495396.995115,209
90107,1780495396.995117,209
90108,1780495396.9951181,212
90109,1780495396.995119,208
90110,1780495396.99512,208
90111,1780495396.99512,205
90112,1780495396.995121,201
90113,1780495396.995122,201
90114,1780495396.995123,198
90115,1780495396.9951239,195
90116,1780495397.063136,197
90117,1780495397.063139,192
90118,1780495397.0631402,195
90119,1780495397.063141,196
90120,1780495397.0631418,197
90121,1780495397.063143,197
90122,1780495397.063144,199
90123,1780495397.063145,199
90124,1780495397.0631459,200
90125,1780495397.063147,202
90126,1780495397.063148,209
90127,1780495397.064592,210
90128,1780495397.064594,207
90129,1780495397.064595,204
90130,1780495397.064596,207
90131,1780495397.064597,202
90132,1780495397.064598,200
90133,1780495397.064599,201
90134,1780495397.0646,198
90135,1780495397.0646012,196
90136,1780495397.0646021,193
90137,1780495397.0646029,191
90138,1780495397.069141,194
90139,1780495397.069143,196
90140,1780495397.069144,195
90141,1780495397.0691452,195
90142,1780495397.0691462,196
90143,1780495397.0691469,199
90144,1780495397.0691478,203
90145,1780495397.069149,206
90146,1780495397.06915,206
90147,1780495397.069151,206
90148,1780495397.071261,206
90149,1780495397.071263,208
90150,1780495397.071264,206
90151,1780495397.071265,198
90152,1780495397.071266,199
90153,1780495397.0712671,196
90154,1780495397.071268,197
90155,1780495397.071269,196
90156,1780495397.07127,195
90157,1780495397.071271,194
90158,1780495397.071272,190
90159,1780495397.07355,193
90160,1780495397.073552,193
90161,1780495397.0735528,197
90162,1780495397.073554,199
90163,1780495397.073555,201
90164,1780495397.073556,200
90165,1780495397.073557,202
90166,1780495397.073558,206
90167,1780495397.073559,209
90168,1780495397.07356,210
90169,1780495397.0735612,204
90170,1780495397.0757031,203
90171,1780495397.075705,203
90172,1780495397.075706,198
90173,1780495397.075707,196
90174,1780495397.075712,196
90175,1780495397.075713,193
90176,1780495397.075714,191
90177,1780495397.075715,192
90178,1780495397.075716,191
90179,1780495397.0757172,193
90180,1780495397.079245,192
90181,1780495397.079247,194
90182,1780495397.079248,196
90183,1780495397.0792499,197
90184,1780495397.079251,199
90185,1780495397.079252,201
90186,1780495397.079253,205
90187,1780495397.079254,207
90188,1780495397.079255,208
90189,1780495397.079256,202
90190,1780495397.0792582,205
90191,1780495397.083792,199
90192,1780495397.0837939,200
90193,1780495397.0837948,196
90194,1780495397.083797,194
90195,1780495397.083798,192
90196,1780495397.0837991,194
90197,1780495397.0838,189
90198,1780495397.083801,191
90199,1780495397.0838022,194
90200,1780495397.083803,193
90201,1780495397.0838048,196
90202,1780495397.0859919,195
90203,1780495397.085994,196
90204,1780495397.085995,200
90205,1780495397.0859962,202
90206,1780495397.085998,207
90207,1780495397.085999,206
90208,1780495397.0860002,206
90209,1780495397.086001,206
90210,1780495397.0860019,201
90211,1780495397.0860028,197
90212,1780495397.115391,198
90213,1780495397.115394,197
90214,1780495397.115396,196
90215,1780495397.1153972,194
90216,1780495397.115398,192
90217,1780495397.1153998,189
90218,1780495397.115401,193
90219,1780495397.115402,194
90220,1780495397.1154041,192
90221,1780495397.115405,195
90222,1780495397.115407,196
90223,1780495397.118838,197
90224,1780495397.1188412,199
90225,1780495397.1188421,202
90226,1780495397.1188428,207
90227,1780495397.118845,209
90228,1780495397.118846,206
90229,1780495397.118847,205
90230,1780495397.118849,203
90231,1780495397.11885,201
90232,1780495397.1188512,198
90233,1780495397.12143,197
90234,1780495397.121433,196
90235,1780495397.1214342,195
90236,1780495397.121435,193
90237,1780495397.1214368,194
90238,1780495397.121438,190
90239,1780495397.121439,194
90240,1780495397.1214411,194
90241,1780495397.121442,196
90242,1780495397.121443,198
90243,1780495397.121449,198
90244,1780495397.157526,199
90245,1780495397.15753,202
90246,1780495397.157532,204
90247,1780495397.157534,211
90248,1780495397.157535,207
90249,1780495397.157537,205
90250,1780495397.1575391,205
90251,1780495397.157553,202
90252,1780495397.157554,202
90253,1780495397.157557,197
90254,1780495397.158603,196
90255,1780495397.162821,196
90256,1780495397.162826,195
90257,1780495397.162828,191
90258,1780495397.162831,192
90259,1780495397.162833,193
90260,1780495397.162835,196
90261,1780495397.162837,195
90262,1780495397.162839,196
90263,1780495397.162842,199
90264,1780495397.162844,202
90265,1780495397.162848,204
90266,1780495397.1647072,206
90267,1780495397.164712,205
90268,1780495397.164714,206
90269,1780495397.164716,204
90270,1780495397.1647182,203
90271,1780495397.164721,203
90272,1780495397.164723,203
90273,1780495397.164725,196
90274,1780495397.164727,198
90275,1780495397.1647308,195
90276,1780495397.1692789,193
90277,1780495397.169284,193
90278,1780495397.1692858,192
90279,1780495397.1692889,194
90280,1780495397.169291,193
90281,1780495397.1692932,196
90282,1780495397.169295,198
90283,1780495397.169297,197
90284,1780495397.169299,199
90285,1780495397.169301,203
90286,1780495397.169305,208
90287,1780495397.1741178,207
90288,1780495397.174122,207
90289,1780495397.174125,206
90290,1780495397.174127,203
90291,1780495397.174129,204
90292,1780495397.174131,198
90293,1780495397.174134,199
90294,1780495397.1741362,196
90295,1780495397.174138,195
90296,1780495397.174141,192
90297,1780495397.174144,194
90298,1780495397.206372,191
90299,1780495397.206401,195
90300,1780495397.2064052,194
90301,1780495397.206409,199
90302,1780495397.2064111,196
90303,1780495397.206414,200
90304,1780495397.2064168,199
90305,1780495397.20642,203
90306,1780495397.2064261,205
90307,1780495397.206429,207
90308,1780495397.206433,205
90309,1780495397.207791,210
90310,1780495397.2077959,206
90311,1780495397.207802,201
90312,1780495397.2078059,201
90313,1780495397.207809,198
90314,1780495397.207812,199
90315,1780495397.207815,196
90316,1780495397.207819,197
90317,1780495397.207823,194
90318,1780495397.207828,196
90319,1780495397.212426,194
90320,1780495397.212446,194
90321,1780495397.212451,196
90322,1780495397.2124548,198
90323,1780495397.212459,199
90324,1780495397.2124622,199
90325,1780495397.212466,207
90326,1780495397.212474,207
90327,1780495397.212478,211
90328,1780495397.212482,208
90329,1780495397.21249,206
90330,1780495397.214561,201
90331,1780495397.214578,202
90332,1780495397.214587,200
90333,1780495397.214591,198
90334,1780495397.2145941,197
90335,1780495397.214598,196
90336,1780495397.2146041,194
90337,1780495397.214608,192
90338,1780495397.214612,192
90339,1780495397.214617,194
90340,1780495397.251369,191
90341,1780495397.251394,196
90342,1780495397.2513988,196
90343,1780495397.251402,200
90344,1780495397.2514062,202
90345,1780495397.25141,206
90346,1780495397.251414,207
90347,1780495397.2514172,211
90348,1780495397.251421,207
90349,1780495397.251425,209
90350,1780495397.251434,207
90351,1780495397.255666,203
90352,1780495397.255685,202
90353,1780495397.255689,199
90354,1780495397.255692,198
90355,1780495397.255695,197
90356,1780495397.2556999,196
90357,1780495397.2557042,195
90358,1780495397.255708,196
90359,1780495397.255711,196
90360,1780495397.255714,196
90361,1780495397.255718,195
90362,1780495397.257196,196
90363,1780495397.257208,199
90364,1780495397.257211,203
90365,1780495397.257215,203
90366,1780495397.2572181,208
90367,1780495397.25722,210
90368,1780495397.2572238,211
90369,1780495397.257227,206
90370,1780495397.257229,204
90371,1780495397.257233,205
90372,1780495397.259219,203
90373,1780495397.259226,201
90374,1780495397.259231,198
90375,1780495397.2592351,197
90376,1780495397.259239,196
90377,1780495397.259243,192
90378,1780495397.259247,197
90379,1780495397.2592509,197
90380,1780495397.25928,196
90381,1780495397.259308,198
90382,1780495397.2593122,200
90383,1780495397.293379,197
90384,1780495397.2934022,205
90385,1780495397.293406,206
90386,1780495397.29341,207
90387,1780495397.2934148,210
90388,1780495397.293418,209
90389,1780495397.293422,208
90390,1780495397.293426,209
90391,1780495397.293429,203
90392,1780495397.2934332,203
90393,1780495397.293437,201
90394,1780495397.2946692,198
90395,1780495397.294677,196
90396,1780495397.294681,197
90397,1780495397.294684,195
90398,1780495397.294687,195
90399,1780495397.2946901,196
90400,1780495397.2946932,198
90401,1780495397.2946959,197
90402,1780495397.294699,199
90403,1780495397.294703,204
90404,1780495397.2992902,202
90405,1780495397.2993128,204
90406,1780495397.299316,207
90407,1780495397.29932,212
90408,1780495397.2993228,212
90409,1780495397.299326,210
90410,1780495397.299329,208
90411,1780495397.2993321,204
90412,1780495397.299335,206
90413,1780495397.299337,204
90414,1780495397.2993422,202
90415,1780495397.301499,200
90416,1780495397.301515,198
90417,1780495397.3015199,195
90418,1780495397.301523,196
90419,1780495397.301526,197
90420,1780495397.3015292,197
90421,1780495397.3015318,200
90422,1780495397.301535,198
90423,1780495397.301538,202
90424,1780495397.301541,205
90425,1780495397.301545,206
90426,1780495397.3573189,209
90427,1780495397.357322,212
90428,1780495397.357323,214
90429,1780495397.3573241,212
90430,1780495397.357325,210
90431,1780495397.357326,209
90432,1780495397.3573272,203
90433,1780495397.357328,200
90434,1780495397.357329,201
90435,1780495397.3573298,200
90436,1780495397.36181,200
90437,1780495397.361813,197
90438,1780495397.361813,199
90439,1780495397.361814,197
90440,1780495397.361815,201
90441,1780495397.3618162,203
90442,1780495397.3618171,205
90443,1780495397.361818,205
90444,1780495397.3618188,207
90445,1780495397.36182,210
90446,1780495397.361821,215
90447,1780495397.364199,215
90448,1780495397.364201,214
90449,1780495397.364202,216
90450,1780495397.364203,210
90451,1780495397.364204,210
90452,1780495397.3642051,206
90453,1780495397.364206,208
90454,1780495397.364207,203
90455,1780495397.3642082,202
90456,1780495397.364209,203
90457,1780495397.368696,197
90458,1780495397.3686981,200
90459,1780495397.3686988,201
90460,1780495397.3686998,202
90461,1780495397.368701,201
90462,1780495397.368701,201
90463,1780495397.368702,207
90464,1780495397.368703,207
90465,1780495397.368704,211
90466,1780495397.368705,214
90467,1780495397.368706,216
90468,1780495397.370978,214
90469,1780495397.37098,212
90470,1780495397.3709812,213
90471,1780495397.370982,214
90472,1780495397.370982,208
90473,1780495397.370983,209
90474,1780495397.3709838,202
90475,1780495397.370985,203
90476,1780495397.370986,204
90477,1780495397.370986,199
90478,1780495397.3709881,198
90479,1780495397.372562,200
90480,1780495397.372564,202
90481,1780495397.372565,203
90482,1780495397.372566,207
90483,1780495397.372567,206
90484,1780495397.372567,212
90485,1780495397.3725681,212
90486,1780495397.372569,215
90487,1780495397.37257,218
90488,1780495397.372571,218
90489,1780495397.372572,213
90490,1780495397.376692,216
90491,1780495397.376694,210
90492,1780495397.3766952,209
90493,1780495397.3766952,209
90494,1780495397.376696,206
90495,1780495397.376697,203
90496,1780495397.376698,204
90497,1780495397.376699,202
90498,1780495397.376699,202
90499,1780495397.3767009,199
90500,1780495397.391764,201
90501,1780495397.391766,202
90502,1780495397.391767,205
90503,1780495397.391768,208
90504,1780495397.3917692,211
90505,1780495397.3917701,213
90506,1780495397.3917701,217
90507,1780495397.3917708,220
90508,1780495397.3917718,218
90509,1780495397.391773,217
90510,1780495397.391774,214
90511,1780495397.3954911,213
90512,1780495397.395493,209
90513,1780495397.395493,210
90514,1780495397.395494,209
90515,1780495397.395495,206
90516,1780495397.395496,206
90517,1780495397.3954968,204
90518,1780495397.3954968,202
90519,1780495397.395498,207
90520,1780495397.395499,206
90521,1780495397.3955,207
90522,1780495397.426542,204
90523,1780495397.426545,212
90524,1780495397.4265459,214
90525,1780495397.426547,215
90526,1780495397.426548,217
90527,1780495397.426548,220
90528,1780495397.426549,219
90529,1780495397.42655,217
90530,1780495397.426551,220
90531,1780495397.426552,216
90532,1780495397.430078,211
90533,1780495397.43008,212
90534,1780495397.4300811,210
90535,1780495397.430082,208
90536,1780495397.430083,207
90537,1780495397.430084,207
90538,1780495397.430084,205
90539,1780495397.4300852,207
90540,1780495397.430086,209
90541,1780495397.4300869,209
90542,1780495397.430088,208
90543,1780495397.432618,215
90544,1780495397.43262,213
90545,1780495397.43262,217
90546,1780495397.432621,223
90547,1780495397.4326222,223
90548,1780495397.4326231,220
90549,1780495397.432624,220
90550,1780495397.432624,216
90551,1780495397.4326248,214
90552,1780495397.432626,215
90553,1780495397.432627,213
90554,1780495397.437988,211
90555,1780495397.43799,209
90556,1780495397.43799,206
90557,1780495397.437991,207
90558,1780495397.4379919,206
90559,1780495397.437993,207
90560,1780495397.437994,209
90561,1780495397.437994,209
90562,1780495397.437995,211
90563,1780495397.4379961,215
90564,1780495397.471504,215
90565,1780495397.4715059,217
90566,1780495397.4715068,219
90567,1780495397.4715068,224
90568,1780495397.471508,223
90569,1780495397.471509,221
90570,1780495397.47151,220
90571,1780495397.47151,219
90572,1780495397.4715111,215
90573,1780495397.471512,211
90574,1780495397.471513,212
90575,1780495397.475125,208
90576,1780495397.475127,207
90577,1780495397.4751282,210
90578,1780495397.4751291,207
90579,1780495397.4751291,210
90580,1780495397.47513,210
90581,1780495397.4751308,212
90582,1780495397.475132,209
90583,1780495397.475133,214
90584,1780495397.475133,218
90585,1780495397.475135,221
90586,1780495397.477557,220
90587,1780495397.477559,226
90588,1780495397.477559,223
90589,1780495397.47756,222
90590,1780495397.477561,223
90591,1780495397.4775622,219
90592,1780495397.477563,214
90593,1780495397.477563,214
90594,1780495397.4775639,211
90595,1780495397.4775648,210
90596,1780495397.4801128,210
90597,1780495397.480115,210
90598,1780495397.480115,210
90599,1780495397.480116,210
90600,1780495397.480117,208
90601,1780495397.480118,213
90602,1780495397.480119,213
90603,1780495397.480119,216
90604,1780495397.4801202,219
90605,1780495397.4801211,220
90606,1780495397.480122,225
90607,1780495397.5115929,228
90608,1780495397.511595,226
90609,1780495397.511596,225
90610,1780495397.5115972,223
90611,1780495397.511598,219
90612,1780495397.511599,217
90613,1780495397.5116,216
90614,1780495397.511601,215
90615,1780495397.511602,214
90616,1780495397.5116029,211
90617,1780495397.511605,211
90618,1780495397.517608,211
90619,1780495397.51761,208
90620,1780495397.517611,211
90621,1780495397.517612,214
90622,1780495397.5176132,215
90623,1780495397.5176141,218
90624,1780495397.517615,218
90625,1780495397.517616,224
90626,1780495397.517617,223
90627,1780495397.517618,228
90628,1780495397.520125,225
90629,1780495397.520128,226
90630,1780495397.520129,223
90631,1780495397.5201302,224
90632,1780495397.520131,219
90633,1780495397.520132,219
90634,1780495397.520133,216
90635,1780495397.520135,212
90636,1780495397.5201359,213
90637,1780495397.520137,209
90638,1780495397.520138,211
90639,1780495397.522594,212
90640,1780495397.522597,214
90641,1780495397.5225978,217
90642,1780495397.522599,217
90643,1780495397.5226,217
90644,1780495397.522601,221
90645,1780495397.522602,224
90646,1780495397.522603,229
90647,1780495397.522604,224
90648,1780495397.522605,228
90649,1780495397.522607,228
90650,1780495397.552804,225
90651,1780495397.5528069,220
90652,1780495397.552809,222
90653,1780495397.55281,217
90654,1780495397.552812,216
90655,1780495397.552813,215
90656,1780495397.5528152,212
90657,1780495397.5528162,209
90658,1780495397.5528169,212
90659,1780495397.552819,212
90660,1780495397.55634,215
90661,1780495397.556343,214
90662,1780495397.556345,217
90663,1780495397.5563462,218
90664,1780495397.5563478,222
90665,1780495397.556349,225
90666,1780495397.55635,226
90667,1780495397.556351,228
90668,1780495397.556353,226
90669,1780495397.556354,225
90670,1780495397.5563562,225
90671,1780495397.559248,222
90672,1780495397.5592508,221
90673,1780495397.559253,217
90674,1780495397.559254,217
90675,1780495397.5592551,215
90676,1780495397.559257,212
90677,1780495397.5592582,210
90678,1780495397.55926,210
90679,1780495397.5592608,213
90680,1780495397.559262,212
90681,1780495397.559264,217
90682,1780495397.5638888,217
90683,1780495397.563892,217
90684,1780495397.563893,220
90685,1780495397.563895,226
90686,1780495397.5638962,228
90687,1780495397.5638971,228
90688,1780495397.5638988,229
90689,1780495397.5639,226
90690,1780495397.563901,225
90691,1780495397.563903,220
90692,1780495397.594101,219
90693,1780495397.594112,218
90694,1780495397.594114,216
90695,1780495397.5941162,214
90696,1780495397.5941179,215
90697,1780495397.59412,210
90698,1780495397.594122,214
90699,1780495397.5941231,217
90700,1780495397.594125,213
90701,1780495397.5941272,218
90702,1780495397.5941298,219
90703,1780495397.5975978,218
90704,1780495397.5976021,227
90705,1780495397.597604,227
90706,1780495397.597606,227
90707,1780495397.5976079,228
90708,1780495397.597609,228
90709,1780495397.597611,228
90710,1780495397.597613,227
90711,1780495397.597615,227
90712,1780495397.5976162,222
90713,1780495397.597619,220
90714,1780495397.6001658,216
90715,1780495397.600169,216
90716,1780495397.600171,219
90717,1780495397.600173,213
90718,1780495397.6001751,212
90719,1780495397.6001768,216
90720,1780495397.600178,217
90721,1780495397.60018,222
90722,1780495397.600182,220
90723,1780495397.6001852,223
90724,1780495397.66029,225
90725,1780495397.660311,229
90726,1780495397.660316,227
90727,1780495397.660322,232
90728,1780495397.660326,231
90729,1780495397.66033,230
90730,1780495397.6603332,227
90731,1780495397.660337,226
90732,1780495397.660341,225
90733,1780495397.6603441,223
90734,1780495397.660351,222
90735,1780495397.6633222,216
90736,1780495397.6633458,216
90737,1780495397.6633558,215
90738,1780495397.663359,214
90739,1780495397.663363,217
90740,1780495397.6633668,218
90741,1780495397.66337,217
90742,1780495397.6633742,220
90743,1780495397.6633768,218
90744,1780495397.663381,222
90745,1780495397.663386,228
90746,1780495397.667694,228
90747,1780495397.667711,231
90748,1780495397.667715,232
90749,1780495397.667721,227
90750,1780495397.667725,227
90751,1780495397.667728,225
90752,1780495397.667732,225
90753,1780495397.667736,219
90754,1780495397.667739,219
90755,1780495397.667747,218
90756,1780495397.6700642,213
90757,1780495397.6700742,213
90758,1780495397.670082,214
90759,1780495397.670086,216
90760,1780495397.67009,217
90761,1780495397.670094,220
90762,1780495397.6700969,221
90763,1780495397.670101,217
90764,1780495397.670105,223
90765,1780495397.6701078,223
90766,1780495397.670113,228
90767,1780495397.6726131,229
90768,1780495397.672621,228
90769,1780495397.672624,226
90770,1780495397.672628,227
90771,1780495397.6726341,224
90772,1780495397.672687,222
90773,1780495397.672692,219
90774,1780495397.672695,218
90775,1780495397.672699,211
90776,1780495397.672703,213
90777,1780495397.672708,213
90778,1780495397.67505,215
90779,1780495397.6750562,213
90780,1780495397.67506,215
90781,1780495397.675064,218
90782,1780495397.675067,218
90783,1780495397.675071,219
90784,1780495397.675076,225
90785,1780495397.6750798,226
90786,1780495397.675084,226
90787,1780495397.675088,229
90788,1780495397.678098,229
90789,1780495397.67811,228
90790,1780495397.678114,228
90791,1780495397.678118,224
90792,1780495397.6781209,221
90793,1780495397.6781251,221
90794,1780495397.6781282,212
90795,1780495397.678132,214
90796,1780495397.6781352,217
90797,1780495397.67814,215
90798,1780495397.679619,214
90799,1780495397.6840498,215
90800,1780495397.6840708,215
90801,1780495397.684076,218
90802,1780495397.6840801,219
90803,1780495397.684084,220
90804,1780495397.684088,224
90805,1780495397.6840909,226
90806,1780495397.684095,227
90807,1780495397.684099,230
90808,1780495397.684103,231
90809,1780495397.684111,228
90810,1780495397.714228,226
90811,1780495397.714252,225
90812,1780495397.714257,221
90813,1780495397.7142599,221
90814,1780495397.7142642,219
90815,1780495397.714268,219
90816,1780495397.7142751,220
90817,1780495397.714279,215
90818,1780495397.714283,217
90819,1780495397.71429,216
90820,1780495397.717715,216
90821,1780495397.717731,218
90822,1780495397.717736,221
90823,1780495397.71774,222
90824,1780495397.717744,225
90825,1780495397.7177489,229
90826,1780495397.7177532,232
90827,1780495397.717757,230
90828,1780495397.717761,231
90829,1780495397.7177641,228
90830,1780495397.71777,228
90831,1780495397.720282,225
90832,1780495397.720298,222
90833,1780495397.720302,222
90834,1780495397.720306,219
90835,1780495397.72031,217
90836,1780495397.720313,216
90837,1780495397.720317,215
90838,1780495397.720321,214
90839,1780495397.7203252,217
90840,1780495397.7203279,217
90841,1780495397.724301,222
90842,1780495397.724316,219
90843,1780495397.724319,222
90844,1780495397.724322,225
90845,1780495397.724324,227
90846,1780495397.7243268,228
90847,1780495397.72433,231
90848,1780495397.724334,230
90849,1780495397.7243378,228
90850,1780495397.724341,224
90851,1780495397.724345,226
90852,1780495397.757791,223
90853,1780495397.757797,221
90854,1780495397.757798,220
90855,1780495397.757801,218
90856,1780495397.757803,215
90857,1780495397.757805,214
90858,1780495397.7578082,216
90859,1780495397.757809,219
90860,1780495397.7578108,221
90861,1780495397.757814,220
90862,1780495397.760483,222
90863,1780495397.762557,223
90864,1780495397.762561,226
90865,1780495397.7625642,228
90866,1780495397.7625651,231
90867,1780495397.7625668,237
90868,1780495397.762569,232
90869,1780495397.762571,232
90870,1780495397.762573,225
90871,1780495397.7625742,227
90872,1780495397.7625759,225
90873,1780495397.762579,225
90874,1780495397.765142,220
90875,1780495397.765145,221
90876,1780495397.765147,217
90877,1780495397.7651489,217
90878,1780495397.76515,216
90879,1780495397.765152,216
90880,1780495397.765153,219
90881,1780495397.765155,221
90882,1780495397.765156,221
90883,1780495397.765159,221
90884,1780495397.769279,227
90885,1780495397.769283,228
90886,1780495397.7692852,230
90887,1780495397.769286,232
90888,1780495397.7692878,230
90889,1780495397.769289,231
90890,1780495397.769291,231
90891,1780495397.769292,225
90892,1780495397.769294,224
90893,1780495397.769296,219
90894,1780495397.769299,222
90895,1780495397.8015501,220
90896,1780495397.8015518,214
90897,1780495397.801553,217
90898,1780495397.801554,218
90899,1780495397.801555,219
90900,1780495397.8015559,220
90901,1780495397.801557,219
90902,1780495397.801558,223
90903,1780495397.801559,221
90904,1780495397.8015602,227
90905,1780495397.801561,229
90906,1780495397.801562,232
90907,1780495397.8049018,234
90908,1780495397.804904,231
90909,1780495397.804905,231
90910,1780495397.804906,230
90911,1780495397.804907,229
90912,1780495397.804907,227
90913,1780495397.804908,224
90914,1780495397.804909,220
90915,1780495397.8049102,220
90916,1780495397.8075671,220
90917,1780495397.80757,217
90918,1780495397.807571,218
90919,1780495397.807571,221
90920,1780495397.807572,221
90921,1780495397.807573,222
90922,1780495397.807574,225
90923,1780495397.807575,226
90924,1780495397.8075762,227
90925,1780495397.8075771,230
90926,1780495397.807578,232
90927,1780495397.811331,234
90928,1780495397.8113332,233
90929,1780495397.8113332,233
90930,1780495397.811334,229
90931,1780495397.8113348,227
90932,1780495397.811336,227
90933,1780495397.811336,224
90934,1780495397.811337,224
90935,1780495397.811338,221
90936,1780495397.811339,217
90937,1780495397.81134,217
90938,1780495397.843061,220
90939,1780495397.843063,221
90940,1780495397.843064,223
90941,1780495397.843065,221
90942,1780495397.8430662,222
90943,1780495397.8430662,225
90944,1780495397.843067,229
90945,1780495397.843068,228
90946,1780495397.8430688,230
90947,1780495397.84307,236
90948,1780495397.847616,232
90949,1780495397.847617,232
90950,1780495397.847618,227
90951,1780495397.847619,229
90952,1780495397.84762,229
90953,1780495397.8476212,222
90954,1780495397.847622,222
90955,1780495397.847622,222
90956,1780495397.8476229,218
90957,1780495397.8476238,220
90958,1780495397.847625,219
90959,1780495397.8500211,220
90960,1780495397.8500228,221
90961,1780495397.850024,221
90962,1780495397.850025,225
90963,1780495397.850026,225
90964,1780495397.850027,227
90965,1780495397.850028,229
90966,1780495397.850028,233
90967,1780495397.850029,232
90968,1780495397.8500302,234
90969,1780495397.8500311,235
90970,1780495397.85266,232
90971,1780495397.852662,229
90972,1780495397.852663,227
90973,1780495397.852663,225
90974,1780495397.852664,223
90975,1780495397.8526652,223
90976,1780495397.8526661,220
90977,1780495397.8526661,219
90978,1780495397.8526669,221
90979,1780495397.8526678,223
90980,1780495397.882824,221
90981,1780495397.882826,223
90982,1780495397.882827,226
90983,1780495397.882827,224
90984,1780495397.882828,229
90985,1780495397.882829,229
90986,1780495397.8828301,235
90987,1780495397.882831,236
90988,1780495397.882831,234
90989,1780495397.8828318,230
90990,1780495397.882833,232
90991,1780495397.886391,231
90992,1780495397.886393,228
90993,1780495397.886394,226
90994,1780495397.886394,226
90995,1780495397.886395,223
90996,1780495397.886396,220
90997,1780495397.886397,218
90998,1780495397.8863978,220
90999,1780495397.8863978,220
91000,1780495397.886399,228
91001,1780495397.8891861,220
91002,1780495397.889187,224
91003,1780495397.889188,229
91004,1780495397.889189,228
91005,1780495397.889189,230
91006,1780495397.88919,234
91007,1780495397.889191,234
91008,1780495397.8891919,235
91009,1780495397.889193,234
91010,1780495397.889194,233
91011,1780495397.889195,228
91012,1780495397.957685,227
91013,1780495397.957688,226
91014,1780495397.957689,221
91015,1780495397.957691,225
91016,1780495397.957692,220
91017,1780495397.9576929,217
91018,1780495397.957694,218
91019,1780495397.957695,219
91020,1780495397.957696,222
91021,1780495397.957698,222
91022,1780495397.9592488,222
91023,1780495397.961357,225
91024,1780495397.961359,230
91025,1780495397.961361,227
91026,1780495397.961362,233
91027,1780495397.9613628,236
91028,1780495397.961364,232
91029,1780495397.961365,231
91030,1780495397.961366,229
91031,1780495397.9613671,229
91032,1780495397.961368,228
91033,1780495397.9613702,224
91034,1780495397.9643142,224
91035,1780495397.9643168,222
91036,1780495397.964318,220
91037,1780495397.964319,221
91038,1780495397.96432,219
91039,1780495397.9643211,219
91040,1780495397.964322,222
91041,1780495397.964324,221
91042,1780495397.9643252,223
91043,1780495397.964326,225
91044,1780495397.967579,226
91045,1780495397.967582,232
91046,1780495397.967583,230
91047,1780495397.967584,235
91048,1780495397.967585,235
91049,1780495397.967586,233
91050,1780495397.967587,230
91051,1780495397.9675882,228
91052,1780495397.9675891,224
91053,1780495397.9675899,225
91054,1780495397.967592,221
91055,1780495397.970062,221
91056,1780495397.9700649,218
91057,1780495397.9700658,215
91058,1780495397.970067,219
91059,1780495397.970069,218
91060,1780495397.9700701,220
91061,1780495397.970071,220
91062,1780495397.970072,225
91063,1780495397.9700742,225
91064,1780495397.970075,225
91065,1780495397.970077,228
91066,1780495397.972515,233
91067,1780495397.972517,231
91068,1780495397.972518,232
91069,1780495397.972519,227
91070,1780495397.9725199,228
91071,1780495397.972522,227
91072,1780495397.972523,223
91073,1780495397.972524,225
91074,1780495397.9725251,224
91075,1780495397.972527,222
91076,1780495397.975043,216
91077,1780495397.975046,216
91078,1780495397.975052,222
91079,1780495397.975053,216
91080,1780495397.9750552,220
91081,1780495397.975056,222
91082,1780495397.975057,224
91083,1780495397.975059,223
91084,1780495397.97506,226
91085,1780495397.975061,228
91086,1780495397.9750662,233
91087,1780495397.9780061,235
91088,1780495397.978008,231
91089,1780495397.978009,230
91090,1780495397.9780102,229
91091,1780495397.978011,226
91092,1780495397.978013,225
91093,1780495397.978014,222
91094,1780495397.978015,222
91095,1780495397.978016,219
91096,1780495397.978018,216
91097,1780495397.97946,216
91098,1780495397.98517,218
91099,1780495397.985173,218
91100,1780495397.9851751,217
91101,1780495397.985176,219
91102,1780495397.985177,224
91103,1780495397.985179,226
91104,1780495397.98518,226
91105,1780495397.985182,227
91106,1780495397.985183,230
91107,1780495397.985185,232
91108,1780495398.015319,233
91109,1780495398.0153222,229
91110,1780495398.0153239,228
91111,1780495398.015326,229
91112,1780495398.015327,225
91113,1780495398.0153291,223
91114,1780495398.01533,221
91115,1780495398.015332,220
91116,1780495398.0153332,220
91117,1780495398.015336,218
91118,1780495398.0180428,218
91119,1780495398.0201411,219
91120,1780495398.020145,219
91121,1780495398.0201468,220
91122,1780495398.020149,223
91123,1780495398.0201511,223
91124,1780495398.020152,228
91125,1780495398.020154,231
91126,1780495398.020156,232
91127,1780495398.020158,231
91128,1780495398.020159,234
91129,1780495398.020162,230
91130,1780495398.023221,227
91131,1780495398.023225,225
91132,1780495398.023226,226
91133,1780495398.023228,223
91134,1780495398.0232298,223
91135,1780495398.023232,220
91136,1780495398.0232341,215
91137,1780495398.023235,217
91138,1780495398.0232372,221
91139,1780495398.0232399,219
91140,1780495398.0531762,222
91141,1780495398.053181,220
91142,1780495398.053183,223
91143,1780495398.053185,224
91144,1780495398.053188,227
91145,1780495398.05319,230
91146,1780495398.053192,229
91147,1780495398.053195,232
91148,1780495398.0531971,233
91149,1780495398.053199,229
91150,1780495398.0532029,228
91151,1780495398.057694,228
91152,1780495398.057699,225
91153,1780495398.0577018,223
91154,1780495398.057705,219
91155,1780495398.05772,219
91156,1780495398.0577228,219
91157,1780495398.057726,219
91158,1780495398.057729,219
91159,1780495398.057732,217
91160,1780495398.0577338,221
91161,1780495398.057739,220
91162,1780495398.060041,219
91163,1780495398.0600462,225
91164,1780495398.0600488,225
91165,1780495398.060052,229
91166,1780495398.060055,232
91167,1780495398.0600572,234
91168,1780495398.0600598,231
91169,1780495398.060063,227
91170,1780495398.060066,228
91171,1780495398.0600698,228
91172,1780495398.062634,225
91173,1780495398.0626402,225
91174,1780495398.062643,217
91175,1780495398.062645,221
91176,1780495398.062648,217
91177,1780495398.0626528,215
91178,1780495398.062656,218
91179,1780495398.062658,218
91180,1780495398.0626612,220
91181,1780495398.062664,220
91182,1780495398.062668,222
91183,1780495398.066565,225
91184,1780495398.066588,227
91185,1780495398.066591,230
91186,1780495398.066611,231
91187,1780495398.066616,233
91188,1780495398.0666182,232
91189,1780495398.0666208,230
91190,1780495398.066623,228
91191,1780495398.066626,223
91192,1780495398.066633,225
91193,1780495398.071966,220
91194,1780495398.101619,219
91195,1780495398.101635,222
91196,1780495398.1016388,215
91197,1780495398.101642,219
91198,1780495398.101645,217
91199,1780495398.1016471,219
91200,1780495398.101653,218
91201,1780495398.101655,220
91202,1780495398.10166,224
91203,1780495398.1016681,227
91204,1780495398.105153,228
91205,1780495398.105164,232
91206,1780495398.1051672,232
91207,1780495398.105173,236
91208,1780495398.1051772,231
91209,1780495398.1051798,230
91210,1780495398.105183,231
91211,1780495398.105186,228
91212,1780495398.1051898,223
91213,1780495398.105193,225
91214,1780495398.1051981,221
91215,1780495398.1075919,222
91216,1780495398.107599,220
91217,1780495398.107602,217
91218,1780495398.107605,218
91219,1780495398.107608,217
91220,1780495398.107611,223
91221,1780495398.1076171,221
91222,1780495398.10762,224
91223,1780495398.1076229,228
91224,1780495398.107626,227
91225,1780495398.110104,229
91226,1780495398.110112,232
91227,1780495398.110116,235
91228,1780495398.1101189,231
91229,1780495398.110122,230
91230,1780495398.110124,229
91231,1780495398.1101272,226
91232,1780495398.1101341,226
91233,1780495398.110137,225
91234,1780495398.1101398,219
91235,1780495398.110143,221
91236,1780495398.141738,219
91237,1780495398.141765,215
91238,1780495398.141771,218
91239,1780495398.1417758,219
91240,1780495398.141782,222
91241,1780495398.141786,222
91242,1780495398.14179,221
91243,1780495398.141793,222
91244,1780495398.141797,229
91245,1780495398.1418,229
91246,1780495398.141808,231
91247,1780495398.147742,234
91248,1780495398.147763,233
91249,1780495398.147768,232
91250,1780495398.1477718,231
91251,1780495398.147777,228
91252,1780495398.1477802,223
91253,1780495398.147784,221
91254,1780495398.147788,217
91255,1780495398.147795,220
91256,1780495398.147798,219
91257,1780495398.147804,219
91258,1780495398.1501062,219
91259,1780495398.150141,220
91260,1780495398.150147,220
91261,1780495398.150151,223
91262,1780495398.150155,223
91263,1780495398.1501591,221
91264,1780495398.150163,228
91265,1780495398.150166,233
91266,1780495398.15017,232
91267,1780495398.150175,232
91268,1780495398.152637,232
91269,1780495398.152649,228
91270,1780495398.1526542,230
91271,1780495398.152658,226
91272,1780495398.152662,224
91273,1780495398.152666,223
91274,1780495398.15267,222
91275,1780495398.152673,221
91276,1780495398.152677,220
91277,1780495398.152682,218
91278,1780495398.1544461,218
91279,1780495398.184097,218
91280,1780495398.1841018,219
91281,1780495398.184105,220
91282,1780495398.184107,224
91283,1780495398.184109,228
91284,1780495398.184112,227
91285,1780495398.184114,230
91286,1780495398.184116,231
91287,1780495398.184118,237
91288,1780495398.1841202,230
91289,1780495398.1841228,229
91290,1780495398.188111,229
91291,1780495398.188115,228
91292,1780495398.188117,224
91293,1780495398.188119,225
91294,1780495398.188121,223
91295,1780495398.188123,222
91296,1780495398.188125,221
91297,1780495398.188127,218
91298,1780495398.188129,219
91299,1780495398.188131,220
91300,1780495398.1926332,221
91301,1780495398.192637,222
91302,1780495398.1926389,226
91303,1780495398.192641,226
91304,1780495398.1926432,229
91305,1780495398.192645,230
91306,1780495398.192647,233
91307,1780495398.192648,233
91308,1780495398.19265,234
91309,1780495398.192652,234
91310,1780495398.192655,233
91311,1780495398.194987,227
91312,1780495398.194991,225
91313,1780495398.1949928,224
91314,1780495398.194995,222
91315,1780495398.194997,223
91316,1780495398.194998,216
91317,1780495398.1950002,217
91318,1780495398.195002,215
91319,1780495398.195004,220
91320,1780495398.195006,223
91321,1780495398.196853,222
91322,1780495398.26294,222
91323,1780495398.262943,224
91324,1780495398.262943,228
91325,1780495398.262944,229
91326,1780495398.262945,229
91327,1780495398.2629461,234
91328,1780495398.262947,235
91329,1780495398.262947,231
91330,1780495398.262948,228
91331,1780495398.26295,229
91332,1780495398.26756,226
91333,1780495398.267562,224
91334,1780495398.267563,224
91335,1780495398.267564,222
91336,1780495398.267564,220
91337,1780495398.267565,218
91338,1780495398.267566,220
91339,1780495398.2675672,220
91340,1780495398.2675672,221
91341,1780495398.267568,224
91342,1780495398.2675688,225
91343,1780495398.2700648,225
91344,1780495398.270067,228
91345,1780495398.270068,233
91346,1780495398.270069,233
91347,1780495398.27007,238
91348,1780495398.270071,229
91349,1780495398.270072,231
91350,1780495398.270072,229
91351,1780495398.2700732,228
91352,1780495398.2700741,227
91353,1780495398.2700748,223
91354,1780495398.272487,224
91355,1780495398.272489,223
91356,1780495398.27249,217
91357,1780495398.272491,218
91358,1780495398.272491,219
91359,1780495398.272492,220
91360,1780495398.2724931,218
91361,1780495398.272494,224
91362,1780495398.272495,225
91363,1780495398.2724962,227
91364,1780495398.2750442,227
91365,1780495398.2750468,230
91366,1780495398.275048,233
91367,1780495398.2750561,234
91368,1780495398.275058,234
91369,1780495398.275059,233
91370,1780495398.27506,228
91371,1780495398.2750669,228
91372,1780495398.2750678,226
91373,1780495398.275069,225
91374,1780495398.275071,222
91375,1780495398.278075,220
91376,1780495398.278077,220
91377,1780495398.2780778,217
91378,1780495398.278079,221
91379,1780495398.27808,220
91380,1780495398.278081,220
91381,1780495398.278081,224
91382,1780495398.2780821,226
91383,1780495398.278083,224
91384,1780495398.278084,227
91385,1780495398.285053,230
91386,1780495398.285054,234
91387,1780495398.285055,235
91388,1780495398.285056,233
91389,1780495398.285057,231
91390,1780495398.285058,228
91391,1780495398.285058,228
91392,1780495398.285059,228
91393,1780495398.2850602,225
91394,1780495398.2850611,222
91395,1780495398.2850618,219
91396,1780495398.287534,221
91397,1780495398.2875361,217
91398,1780495398.2875369,222
91399,1780495398.2875369,219
91400,1780495398.2875378,219
91401,1780495398.287539,220
91402,1780495398.28754,224
91403,1780495398.287541,225
91404,1780495398.287541,227
91405,1780495398.287543,230
91406,1780495398.28922,229
91407,1780495398.29133,235
91408,1780495398.291332,234
91409,1780495398.2913332,230
91410,1780495398.291334,231
91411,1780495398.2913349,228
91412,1780495398.2913349,225
91413,1780495398.2913358,223
91414,1780495398.291337,218
91415,1780495398.291338,222
91416,1780495398.291339,220
91417,1780495398.29134,217
91418,1780495398.323,221
91419,1780495398.323002,222
91420,1780495398.3230028,221
91421,1780495398.323004,222
91422,1780495398.323004,224
91423,1780495398.323005,227
91424,1780495398.323006,228
91425,1780495398.3230069,230
91426,1780495398.323008,235
91427,1780495398.323009,236
91428,1780495398.327583,233
91429,1780495398.327585,232
91430,1780495398.327586,231
91431,1780495398.3275871,227
91432,1780495398.327588,226
91433,1780495398.327589,223
91434,1780495398.327589,222
91435,1780495398.32759,222
91436,1780495398.327591,223
91437,1780495398.327592,220
91438,1780495398.3275928,218
91439,1780495398.330073,221
91440,1780495398.330078,223
91441,1780495398.330079,223
91442,1780495398.33008,223
91443,1780495398.330081,228
91444,1780495398.330082,229
91445,1780495398.3300831,231
91446,1780495398.3300831,233
91447,1780495398.330084,235
91448,1780495398.330085,234
91449,1780495398.332609,230
91450,1780495398.332612,228
91451,1780495398.3326132,231
91452,1780495398.332614,228
91453,1780495398.332614,226
91454,1780495398.332615,224
91455,1780495398.3326159,216
91456,1780495398.332617,221
91457,1780495398.332617,217
91458,1780495398.332618,219
91459,1780495398.332619,219
91460,1780495398.363701,222
91461,1780495398.363706,221
91462,1780495398.3637068,227
91463,1780495398.363708,225
91464,1780495398.363709,229
91465,1780495398.363709,231
91466,1780495398.36371,231
91467,1780495398.3637109,233
91468,1780495398.363712,232
91469,1780495398.363713,233
91470,1780495398.363714,230
91471,1780495398.367224,228
91472,1780495398.3672261,227
91473,1780495398.3672268,226
91474,1780495398.3672278,225
91475,1780495398.367229,223
91476,1780495398.367229,221
91477,1780495398.36723,217
91478,1780495398.367231,217
91479,1780495398.367232,220
91480,1780495398.367233,222
91481,1780495398.3672352,221
91482,1780495398.368957,223
91483,1780495398.36896,228
91484,1780495398.368961,229
91485,1780495398.368962,231
91486,1780495398.368963,234
91487,1780495398.3689642,235
91488,1780495398.3689651,233
91489,1780495398.3689659,233
91490,1780495398.3689659,231
91491,1780495398.368968,229
91492,1780495398.399117,227
91493,1780495398.3991191,229
91494,1780495398.3991199,222
91495,1780495398.3991208,222
91496,1780495398.399123,219
91497,1780495398.399124,220
91498,1780495398.399125,221
91499,1780495398.399126,221
91500,1780495398.399127,223
91501,1780495398.399128,223
91502,1780495398.403527,221
91503,1780495398.40353,227
91504,1780495398.403531,228
91505,1780495398.403533,228
91506,1780495398.4035342,234
91507,1780495398.4035351,235
91508,1780495398.4035368,234
91509,1780495398.403538,231
91510,1780495398.403539,228
91511,1780495398.40354,230
91512,1780495398.403542,225
91513,1780495398.403544,225
91514,1780495398.407957,224
91515,1780495398.4079611,219
91516,1780495398.4079628,220
91517,1780495398.407964,220
91518,1780495398.407966,217
91519,1780495398.407967,220
91520,1780495398.407968,218
91521,1780495398.40797,222
91522,1780495398.4079711,224
91523,1780495398.40798,225
91524,1780495398.409547,225
91525,1780495398.409549,230
91526,1780495398.4095511,232
91527,1780495398.4095519,235
91528,1780495398.4095528,232
91529,1780495398.409555,231
91530,1780495398.409556,230
91531,1780495398.409557,228
91532,1780495398.409558,226
91533,1780495398.40956,225
91534,1780495398.4095612,223
91535,1780495398.4391649,221
91536,1780495398.439168,217
91537,1780495398.4391701,217
91538,1780495398.439171,217
91539,1780495398.4391732,218
91540,1780495398.439174,221
91541,1780495398.4391758,223
91542,1780495398.439177,225
91543,1780495398.439179,228
91544,1780495398.4391801,229
91545,1780495398.439183,230
91546,1780495398.44309,232
91547,1780495398.443094,236
91548,1780495398.443095,235
91549,1780495398.443097,232
91550,1780495398.443098,231
91551,1780495398.4431,227
91552,1780495398.443102,227
91553,1780495398.443103,223
91554,1780495398.443105,225
91555,1780495398.4431071,223
91556,1780495398.4514718,219
91557,1780495398.4514759,220
91558,1780495398.451478,218
91559,1780495398.4514802,217
91560,1780495398.451481,220
91561,1780495398.4514828,222
91562,1780495398.451484,227
91563,1780495398.4514859,228
91564,1780495398.451487,228
91565,1780495398.451489,229
91566,1780495398.451491,233
91567,1780495398.4538019,235
91568,1780495398.4538062,233
91569,1780495398.453808,230
91570,1780495398.45381,232
91571,1780495398.453812,228
91572,1780495398.453814,228
91573,1780495398.4538162,222
91574,1780495398.4538171,222
91575,1780495398.4538188,219
91576,1780495398.453821,219
91577,1780495398.453824,219
91578,1780495398.484908,218
91579,1780495398.4849129,220
91580,1780495398.484915,219
91581,1780495398.484917,221
91582,1780495398.484919,224
91583,1780495398.484921,225
91584,1780495398.4849238,228
91585,1780495398.484926,231
91586,1780495398.484928,232
91587,1780495398.4849322,234
91588,1780495398.4884531,233
91589,1780495398.488457,232
91590,1780495398.488459,229
91591,1780495398.488461,231
91592,1780495398.4884639,227
91593,1780495398.488466,224
91594,1780495398.488468,223
91595,1780495398.48847,220
91596,1780495398.488472,216
91597,1780495398.4884748,217
91598,1780495398.488477,221
91599,1780495398.48848,220
91600,1780495398.49067,221
91601,1780495398.490674,220
91602,1780495398.490676,224
91603,1780495398.490679,226
91604,1780495398.4906812,227
91605,1780495398.4906828,228
91606,1780495398.490685,233
91607,1780495398.490687,233
91608,1780495398.49069,232
91609,1780495398.490693,233
91610,1780495398.494133,228
91611,1780495398.494138,228
91612,1780495398.4941409,225
91613,1780495398.494143,222
91614,1780495398.4941509,225
91615,1780495398.494154,222
91616,1780495398.494157,217
91617,1780495398.49416,216
91618,1780495398.494163,218
91619,1780495398.494167,220
91620,1780495398.56005,220
91621,1780495398.560074,221
91622,1780495398.560079,223
91623,1780495398.560082,226
91624,1780495398.560087,227
91625,1780495398.560093,229
91626,1780495398.560097,231
91627,1780495398.5601,233
91628,1780495398.560103,231
91629,1780495398.560107,231
91630,1780495398.560113,228
91631,1780495398.564335,227
91632,1780495398.56435,221
91633,1780495398.564354,221
91634,1780495398.564357,222
91635,1780495398.56436,219
91636,1780495398.564363,217
91637,1780495398.564369,215
91638,1780495398.564372,218
91639,1780495398.564375,218
91640,1780495398.564378,220
91641,1780495398.564381,225
91642,1780495398.568882,223
91643,1780495398.568907,227
91644,1780495398.568911,226
91645,1780495398.568914,228
91646,1780495398.568917,232
91647,1780495398.5689201,235
91648,1780495398.568924,232
91649,1780495398.5689468,231
91650,1780495398.56895,231
91651,1780495398.568955,228
91652,1780495398.5703092,223
91653,1780495398.5703151,224
91654,1780495398.570317,221
91655,1780495398.5703208,219
91656,1780495398.570325,217
91657,1780495398.570327,215
91658,1780495398.5703301,219
91659,1780495398.570333,219
91660,1780495398.570335,221
91661,1780495398.570338,220
91662,1780495398.5703418,222
91663,1780495398.574291,224
91664,1780495398.574304,225
91665,1780495398.574307,229
91666,1780495398.5743098,232
91667,1780495398.5743139,233
91668,1780495398.574316,234
91669,1780495398.57432,229
91670,1780495398.574323,227
91671,1780495398.574326,228
91672,1780495398.5743291,223
91673,1780495398.574333,223
91674,1780495398.576458,222
91675,1780495398.576464,221
91676,1780495398.576467,216
91677,1780495398.576469,215
91678,1780495398.576473,218
91679,1780495398.576475,218
91680,1780495398.576481,220
91681,1780495398.5764852,222
91682,1780495398.576488,225
91683,1780495398.576491,223
91684,1780495398.5787132,225
91685,1780495398.578718,228
91686,1780495398.578721,232
91687,1780495398.5787241,229
91688,1780495398.578727,233
91689,1780495398.578729,232
91690,1780495398.578732,227
91691,1780495398.578735,228
91692,1780495398.578738,227
91693,1780495398.57874,224
91694,1780495398.5787442,222
91695,1780495398.581014,221
91696,1780495398.5810292,218
91697,1780495398.581034,216
91698,1780495398.581038,218
91699,1780495398.581043,220
91700,1780495398.581046,221
91701,1780495398.5810492,219
91702,1780495398.5810518,223
91703,1780495398.581055,226
91704,1780495398.581058,228
91705,1780495398.5810618,229
91706,1780495398.610497,230
91707,1780495398.610518,232
91708,1780495398.610522,231
91709,1780495398.610525,231
91710,1780495398.610527,229
91711,1780495398.610531,227
91712,1780495398.610539,223
91713,1780495398.610543,221
91714,1780495398.6105459,218
91715,1780495398.610571,218
91716,1780495398.6105752,218
91717,1780495398.6147149,216
91718,1780495398.614732,216
91719,1780495398.6147351,219
91720,1780495398.614738,219
91721,1780495398.614741,222
91722,1780495398.614744,222
91723,1780495398.6147468,225
91724,1780495398.61475,224
91725,1780495398.614753,229
91726,1780495398.614757,235
91727,1780495398.618046,231
91728,1780495398.6180532,232
91729,1780495398.6180549,227
91730,1780495398.618058,227
91731,1780495398.618061,221
91732,1780495398.618064,222
91733,1780495398.618067,223
91734,1780495398.6180701,221
91735,1780495398.618072,218
91736,1780495398.618075,214
91737,1780495398.61808,215
91738,1780495398.6216471,217
91739,1780495398.621654,217
91740,1780495398.6216571,218
91741,1780495398.6216588,222
91742,1780495398.621661,223
91743,1780495398.621664,221
91744,1780495398.621666,225
91745,1780495398.621668,228
91746,1780495398.6216698,228
91747,1780495398.621674,233
91748,1780495398.651617,229
91749,1780495398.651625,227
91750,1780495398.651627,225
91751,1780495398.651628,226
91752,1780495398.6516302,224
91753,1780495398.651631,220
91754,1780495398.651632,221
91755,1780495398.651634,217
91756,1780495398.651635,216
91757,1780495398.651636,216
91758,1780495398.651639,215
91759,1780495398.659329,217
91760,1780495398.6593332,219
91761,1780495398.659334,221
91762,1780495398.659335,223
91763,1780495398.659337,223
91764,1780495398.659338,223
91765,1780495398.659339,228
91766,1780495398.6593401,230
91767,1780495398.659342,232
91768,1780495398.659343,231
91769,1780495398.661494,228
91770,1780495398.661497,228
91771,1780495398.6614988,217
91772,1780495398.6615,224
91773,1780495398.661502,223
91774,1780495398.661503,220
91775,1780495398.661504,216
91776,1780495398.66151,216
91777,1780495398.661511,214
91778,1780495398.6615129,214
91779,1780495398.661515,219
91780,1780495398.663083,218
91781,1780495398.663085,220
91782,1780495398.6630862,223
91783,1780495398.6630871,220
91784,1780495398.6630971,226
91785,1780495398.663098,226
91786,1780495398.6630988,226
91787,1780495398.6631,233
91788,1780495398.663101,233
91789,1780495398.663102,228
91790,1780495398.663104,226
91791,1780495398.692788,221
91792,1780495398.692791,221
91793,1780495398.6927931,220
91794,1780495398.6927931,217
91795,1780495398.692794,217
91796,1780495398.6927948,217
91797,1780495398.692796,217
91798,1780495398.692797,214
91799,1780495398.692797,217
91800,1780495398.692798,219
91801,1780495398.692799,219
91802,1780495398.6970801,219
91803,1780495398.697081,219
91804,1780495398.697082,225
91805,1780495398.697083,229
91806,1780495398.697084,228
91807,1780495398.697085,232
91808,1780495398.697085,232
91809,1780495398.6970859,230
91810,1780495398.697087,225
91811,1780495398.697088,225
91812,1780495398.700323,221
91813,1780495398.700325,221
91814,1780495398.700326,215
91815,1780495398.700327,215
91816,1780495398.7003279,216
91817,1780495398.700329,217
91818,1780495398.70033,217
91819,1780495398.70033,215
91820,1780495398.700331,215
91821,1780495398.700332,220
91822,1780495398.700333,220
91823,1780495398.7293482,222
91824,1780495398.7293508,223
91825,1780495398.729352,223
91826,1780495398.729352,228
91827,1780495398.729353,231
91828,1780495398.729354,228
91829,1780495398.729355,225
91830,1780495398.729356,228
91831,1780495398.729356,225
91832,1780495398.729357,225
91833,1780495398.7293582,226
91834,1780495398.733613,218
91835,1780495398.7336152,217
91836,1780495398.733616,215
91837,1780495398.7336168,215
91838,1780495398.733618,215
91839,1780495398.733619,216
91840,1780495398.733619,217
91841,1780495398.73362,218
91842,1780495398.733621,218
91843,1780495398.733622,223
91844,1780495398.734964,225
91845,1780495398.734966,228
91846,1780495398.734967,230
91847,1780495398.734967,231
91848,1780495398.734968,229
91849,1780495398.7349691,227
91850,1780495398.73497,227
91851,1780495398.73497,219
91852,1780495398.7349708,223
91853,1780495398.734987,221
91854,1780495398.7349892,221
91855,1780495398.7376409,217
91856,1780495398.737642,216
91857,1780495398.737643,213
91858,1780495398.737644,215
91859,1780495398.7376451,215
91860,1780495398.737646,216
91861,1780495398.737646,215
91862,1780495398.737647,221
91863,1780495398.737648,223
91864,1780495398.737649,225
91865,1780495398.73765,228
91866,1780495398.768929,229
91867,1780495398.768932,233
91868,1780495398.768933,230
91869,1780495398.7689338,231
91870,1780495398.7689338,226
91871,1780495398.768935,223
91872,1780495398.768936,226
91873,1780495398.7689369,217
91874,1780495398.768938,219
91875,1780495398.768939,219
91876,1780495398.77297,215
91877,1780495398.772972,215
91878,1780495398.772973,214
91879,1780495398.772973,217
91880,1780495398.772974,217
91881,1780495398.7729752,219
91882,1780495398.7729762,223
91883,1780495398.7729762,222
91884,1780495398.7729769,227
91885,1780495398.7729778,229
91886,1780495398.772979,229
91887,1780495398.777546,232
91888,1780495398.777548,230
91889,1780495398.777549,229
91890,1780495398.77755,227
91891,1780495398.7775512,226
91892,1780495398.777552,223
91893,1780495398.777552,220
91894,1780495398.7775528,220
91895,1780495398.777554,219
91896,1780495398.777555,219
91897,1780495398.777556,216
91898,1780495398.780072,217
91899,1780495398.780073,218
91900,1780495398.780074,218
91901,1780495398.780076,222
91902,1780495398.780076,220
91903,1780495398.780077,222
91904,1780495398.7800782,227
91905,1780495398.7800791,230
91906,1780495398.78008,229
91907,1780495398.7800808,231
91908,1780495398.810326,233
91909,1780495398.810328,230
91910,1780495398.8103292,229
91911,1780495398.8103302,226
91912,1780495398.8103309,223
91913,1780495398.8103318,223
91914,1780495398.810333,222
91915,1780495398.810334,220
91916,1780495398.810334,218
91917,1780495398.810335,218
91918,1780495398.810337,218
91919,1780495398.8138611,217
91920,1780495398.8138628,216
91921,1780495398.813864,220
91922,1780495398.813865,221
91923,1780495398.813866,223
91924,1780495398.813867,226
91925,1780495398.813868,228
91926,1780495398.813869,231
91927,1780495398.8138702,234
91928,1780495398.8138711,232
91929,1780495398.813872,229
91930,1780495398.816313,228
91931,1780495398.816315,224
91932,1780495398.816316,227
91933,1780495398.8163168,223
91934,1780495398.816318,219
91935,1780495398.816319,219
91936,1780495398.81632,220
91937,1780495398.8163211,216
91938,1780495398.816322,217
91939,1780495398.816323,218
91940,1780495398.860252,220
91941,1780495398.860256,219
91942,1780495398.860257,225
91943,1780495398.860259,224
91944,1780495398.86026,227
91945,1780495398.8602612,228
91946,1780495398.8602629,230
91947,1780495398.8602638,232
91948,1780495398.860265,232
91949,1780495398.860267,227
91950,1780495398.863038,228
91951,1780495398.867563,226
91952,1780495398.867566,226
91953,1780495398.867568,224
91954,1780495398.867569,223
91955,1780495398.86757,222
91956,1780495398.867572,218
91957,1780495398.867573,217
91958,1780495398.867575,219
91959,1780495398.8675761,216
91960,1780495398.867577,219
91961,1780495398.867579,222
91962,1780495398.870007,219
91963,1780495398.8700101,224
91964,1780495398.8700109,227
91965,1780495398.870013,227
91966,1780495398.870014,228
91967,1780495398.870016,231
91968,1780495398.870017,230
91969,1780495398.870019,230
91970,1780495398.8700202,228
91971,1780495398.8700218,225
91972,1780495398.87257,223
91973,1780495398.872573,220
91974,1780495398.8725739,220
91975,1780495398.872576,217
91976,1780495398.872577,216
91977,1780495398.8725781,214
91978,1780495398.872579,215
91979,1780495398.872581,214
91980,1780495398.872582,215
91981,1780495398.872583,218
91982,1780495398.872585,221
91983,1780495398.8750248,226
91984,1780495398.875029,223
91985,1780495398.87503,228
91986,1780495398.875031,231
91987,1780495398.8750331,234
91988,1780495398.875034,232
91989,1780495398.875036,228
91990,1780495398.875037,226
91991,1780495398.875044,226
91992,1780495398.8750458,220
91993,1780495398.875048,219
91994,1780495398.877599,218
91995,1780495398.877603,217
91996,1780495398.877604,215
91997,1780495398.877606,213
91998,1780495398.8776069,214
91999,1780495398.877609,217
92000,1780495398.877611,214
92001,1780495398.877612,218
92002,1780495398.877614,220
92003,1780495398.8776162,221
92004,1780495398.9089541,223
92005,1780495398.908958,225
92006,1780495398.90896,229
92007,1780495398.908962,230
92008,1780495398.908979,230
92009,1780495398.908984,228
92010,1780495398.908986,227
92011,1780495398.9089868,224
92012,1780495398.908989,220
92013,1780495398.9089909,218
92014,1780495398.909003,216
92015,1780495398.911305,219
92016,1780495398.9113111,215
92017,1780495398.911314,214
92018,1780495398.911317,213
92019,1780495398.911319,213
92020,1780495398.9113212,221
92021,1780495398.9113228,216
92022,1780495398.911325,218
92023,1780495398.911327,220
92024,1780495398.91133,224
92025,1780495398.911333,223
92026,1780495398.913915,229
92027,1780495398.913919,229
92028,1780495398.913922,230
92029,1780495398.913924,226
92030,1780495398.913926,224
92031,1780495398.913928,222
92032,1780495398.913931,221
92033,1780495398.913933,220
92034,1780495398.9139352,218
92035,1780495398.9139378,216
92036,1780495398.94413,214
92037,1780495398.944149,212
92038,1780495398.944152,215
92039,1780495398.944156,211
92040,1780495398.9441621,215
92041,1780495398.9441652,217
92042,1780495398.9441679,218
92043,1780495398.944171,221
92044,1780495398.944174,221
92045,1780495398.9441762,223
92046,1780495398.944181,228
92047,1780495398.94768,232
92048,1780495398.9477031,229
92049,1780495398.9477062,227
92050,1780495398.94771,223
92051,1780495398.9477131,222
92052,1780495398.947716,218
92053,1780495398.9477189,219
92054,1780495398.947721,217
92055,1780495398.947724,212
92056,1780495398.9477272,214
92057,1780495398.9477298,212
92058,1780495398.950103,212
92059,1780495398.9501162,214
92060,1780495398.95012,215
92061,1780495398.950123,217
92062,1780495398.9501262,219
92063,1780495398.9501288,221
92064,1780495398.950132,224
92065,1780495398.950138,227
92066,1780495398.950141,228
92067,1780495398.950145,227
92068,1780495398.953145,228
92069,1780495398.953164,225
92070,1780495398.953171,222
92071,1780495398.953175,220
92072,1780495398.9531782,221
92073,1780495398.953181,217
92074,1780495398.953184,217
92075,1780495398.953187,213
92076,1780495398.9531898,213
92077,1780495398.953193,211
92078,1780495398.953197,213
92079,1780495398.987529,212
92080,1780495398.987563,214
92081,1780495398.9875681,210
92082,1780495398.987571,213
92083,1780495398.987575,219
92084,1780495398.9875782,224
92085,1780495398.987582,227
92086,1780495398.987584,226
92087,1780495398.9875882,228
92088,1780495398.9875898,226
92089,1780495398.987595,228
92090,1780495398.98969,223
92091,1780495398.989702,222
92092,1780495398.989706,221
92093,1780495398.9897091,219
92094,1780495398.9897118,216
92095,1780495398.9897149,212
92096,1780495398.9897192,210
92097,1780495398.989721,213
92098,1780495398.989724,214
92099,1780495398.989729,216
92100,1780495398.994015,212
92101,1780495398.9940212,214
92102,1780495398.994024,218
92103,1780495398.994027,217
92104,1780495398.994029,218
92105,1780495398.9940321,224
92106,1780495398.994036,228
92107,1780495398.994039,228
92108,1780495398.9940422,228
92109,1780495398.994045,228
92110,1780495398.994048,224
92111,1780495398.996665,222
92112,1780495398.996682,220
92113,1780495398.996685,214
92114,1780495398.996688,213
92115,1780495398.996693,216
92116,1780495398.996696,213
92117,1780495398.9966989,212
92118,1780495398.996701,211
92119,1780495398.996704,213
92120,1780495398.996707,215
92121,1780495398.996711,216
92122,1780495399.027495,216
92123,1780495399.027526,219
92124,1780495399.027532,222
92125,1780495399.02754,224
92126,1780495399.027543,227
92127,1780495399.0275478,231
92128,1780495399.027555,226
92129,1780495399.0275588,224
92130,1780495399.027563,224
92131,1780495399.02757,223
92132,1780495399.033043,220
92133,1780495399.033066,216
92134,1780495399.0330691,216
92135,1780495399.0330722,213
92136,1780495399.033074,212
92137,1780495399.033077,212
92138,1780495399.0330791,215
92139,1780495399.033081,213
92140,1780495399.033084,213
92141,1780495399.033086,216
92142,1780495399.0330932,220
92143,1780495399.033725,219
92144,1780495399.03374,224
92145,1780495399.0337431,225
92146,1780495399.033746,224
92147,1780495399.033748,229
92148,1780495399.033751,228
92149,1780495399.0337532,224
92150,1780495399.033756,226
92151,1780495399.033758,221
92152,1780495399.033761,221
92153,1780495399.035889,219
92154,1780495399.035899,215
92155,1780495399.0359008,213
92156,1780495399.0359051,213
92157,1780495399.035907,212
92158,1780495399.03591,214
92159,1780495399.035913,211
92160,1780495399.035917,215
92161,1780495399.03592,216
92162,1780495399.0359218,215
92163,1780495399.035926,217
92164,1780495399.065407,220
92165,1780495399.0654159,224
92166,1780495399.065418,225
92167,1780495399.0654202,228
92168,1780495399.065424,226
92169,1780495399.0654411,226
92170,1780495399.0654569,222
92171,1780495399.06553,220
92172,1780495399.0655339,216
92173,1780495399.065536,218
92174,1780495399.0655391,217
92175,1780495399.069707,216
92176,1780495399.0697112,212
92177,1780495399.0697129,210
92178,1780495399.069716,211
92179,1780495399.069717,212
92180,1780495399.069719,212
92181,1780495399.069721,214
92182,1780495399.069723,220
92183,1780495399.069725,219
92184,1780495399.069726,224
92185,1780495399.069729,225
92186,1780495399.0718532,227
92187,1780495399.071857,229
92188,1780495399.071859,227
92189,1780495399.071861,221
92190,1780495399.071863,223
92191,1780495399.0718641,221
92192,1780495399.071867,219
92193,1780495399.071869,216
92194,1780495399.071871,214
92195,1780495399.0718741,214
92196,1780495399.103538,208
92197,1780495399.10354,210
92198,1780495399.103541,210
92199,1780495399.103542,213
92200,1780495399.103543,213
92201,1780495399.103544,214
92202,1780495399.1035452,219
92203,1780495399.1035461,219
92204,1780495399.1035469,222
92205,1780495399.1035478,224
92206,1780495399.10355,226
92207,1780495399.109238,228
92208,1780495399.10924,226
92209,1780495399.109241,225
92210,1780495399.1092422,221
92211,1780495399.109243,221
92212,1780495399.1092439,219
92213,1780495399.1092448,220
92214,1780495399.109246,218
92215,1780495399.109247,213
92216,1780495399.109248,213
92217,1780495399.10925,214
92218,1780495399.111443,214
92219,1780495399.111445,213
92220,1780495399.111446,214
92221,1780495399.111447,216
92222,1780495399.111448,216
92223,1780495399.111449,219
92224,1780495399.111449,222
92225,1780495399.1114502,222
92226,1780495399.111451,225
92227,1780495399.1114528,227
92228,1780495399.114027,227
92229,1780495399.1140292,226
92230,1780495399.1140301,224
92231,1780495399.114031,219
92232,1780495399.114032,219
92233,1780495399.114032,214
92234,1780495399.114033,214
92235,1780495399.114034,213
92236,1780495399.114035,212
92237,1780495399.114036,212
92238,1780495399.114037,211
92239,1780495399.162275,211
92240,1780495399.162279,213
92241,1780495399.1622798,213
92242,1780495399.162281,217
92243,1780495399.162281,218
92244,1780495399.162282,221
92245,1780495399.162283,222
92246,1780495399.1622841,224
92247,1780495399.162285,226
92248,1780495399.162285,226
92249,1780495399.162287,223
92250,1780495399.169971,224
92251,1780495399.169973,219
92252,1780495399.169975,219
92253,1780495399.169975,215
92254,1780495399.169976,216
92255,1780495399.1699772,215
92256,1780495399.1699781,210
92257,1780495399.1699789,214
92258,1780495399.1699798,211
92259,1780495399.169981,213
92260,1780495399.171456,212
92261,1780495399.171457,216
92262,1780495399.171458,217
92263,1780495399.171459,220
92264,1780495399.1714602,222
92265,1780495399.1714602,224
92266,1780495399.171461,226
92267,1780495399.1714618,230
92268,1780495399.171463,224
92269,1780495399.171463,227
92270,1780495399.171464,221
92271,1780495399.171465,217
92272,1780495399.1714659,216
92273,1780495399.171467,217
92274,1780495399.171468,216
92275,1780495399.171468,213
92276,1780495399.171469,212
92277,1780495399.1714702,211
92278,1780495399.171471,210
92279,1780495399.1714718,211
92280,1780495399.1714718,215
92281,1780495399.171474,212
92282,1780495399.1757739,218
92283,1780495399.175776,219
92284,1780495399.175777,221
92285,1780495399.175777,223
92286,1780495399.1757782,228
92287,1780495399.175779,229
92288,1780495399.17578,226
92289,1780495399.175781,224
92290,1780495399.175781,219
92291,1780495399.175783,221
92292,1780495399.179085,219
92293,1780495399.179086,216
92294,1780495399.1790872,215
92295,1780495399.1790879,213
92296,1780495399.1790888,210
92297,1780495399.17909,210
92298,1780495399.17909,214
92299,1780495399.179091,213
92300,1780495399.179092,215
92301,1780495399.179093,214
92302,1780495399.179094,213
92303,1780495399.208121,217
92304,1780495399.208124,220
92305,1780495399.2081249,226
92306,1780495399.208126,226
92307,1780495399.208127,228
92308,1780495399.208127,226
92309,1780495399.208128,225
92310,1780495399.208129,222
92311,1780495399.2081301,221
92312,1780495399.2081301,219
92313,1780495399.208131,218
92314,1780495399.208132,217
92315,1780495399.2123919,214
92316,1780495399.212394,212
92317,1780495399.212395,213
92318,1780495399.212395,213
92319,1780495399.2123961,214
92320,1780495399.212397,216
92321,1780495399.212398,214
92322,1780495399.212399,216
92323,1780495399.2124002,221
92324,1780495399.213998,221
92325,1780495399.213999,226
92326,1780495399.2140002,228
92327,1780495399.214001,230
92328,1780495399.214002,225
92329,1780495399.214002,228
92330,1780495399.2140028,224
92331,1780495399.214004,221
92332,1780495399.214005,220
92333,1780495399.214005,216
92334,1780495399.2140071,217
92335,1780495399.218457,214
92336,1780495399.218464,212
92337,1780495399.218465,211
92338,1780495399.218466,214
92339,1780495399.218467,216
92340,1780495399.2184682,216
92341,1780495399.2184691,219
92342,1780495399.2184691,222
92343,1780495399.2184699,223
92344,1780495399.2184708,224
92345,1780495399.218472,225
92346,1780495399.2477992,229
92347,1780495399.247801,234
92348,1780495399.247802,229
92349,1780495399.247803,227
92350,1780495399.247804,228
92351,1780495399.2478049,224
92352,1780495399.2478058,222
92353,1780495399.2478058,218
92354,1780495399.247807,219
92355,1780495399.247809,215
92356,1780495399.2514508,215
92357,1780495399.251453,215
92358,1780495399.2514539,216
92359,1780495399.251455,215
92360,1780495399.251456,218
92361,1780495399.251457,220
92362,1780495399.251458,220
92363,1780495399.2514591,224
92364,1780495399.25146,225
92365,1780495399.251461,227
92366,1780495399.251462,229
92367,1780495399.255247,232
92368,1780495399.2552488,228
92369,1780495399.25525,229
92370,1780495399.255251,222
92371,1780495399.255252,222
92372,1780495399.255253,217
92373,1780495399.255254,218
92374,1780495399.255255,218
92375,1780495399.2552562,214
92376,1780495399.2552571,216
92377,1780495399.2552588,214
92378,1780495399.259687,215
92379,1780495399.2596889,213
92380,1780495399.25969,215
92381,1780495399.259691,217
92382,1780495399.259692,221
92383,1780495399.2596931,226
92384,1780495399.259694,225
92385,1780495399.259695,227
92386,1780495399.2596962,229
92387,1780495399.259698,229
92388,1780495399.289088,228
92389,1780495399.2890902,228
92390,1780495399.289092,228
92391,1780495399.289093,221
92392,1780495399.289094,220
92393,1780495399.289095,218
92394,1780495399.289097,220
92395,1780495399.289098,216
92396,1780495399.289099,213
92397,1780495399.2891,214
92398,1780495399.289102,216
92399,1780495399.2943308,214
92400,1780495399.294334,218
92401,1780495399.294335,217
92402,1780495399.294337,219
92403,1780495399.294338,222
92404,1780495399.2943392,225
92405,1780495399.294341,224
92406,1780495399.2943418,228
92407,1780495399.294344,228
92408,1780495399.294345,227
92409,1780495399.294347,227
92410,1780495399.2964962,225
92411,1780495399.2964978,222
92412,1780495399.2965,221
92413,1780495399.296501,216
92414,1780495399.296502,212
92415,1780495399.296504,214
92416,1780495399.296505,213
92417,1780495399.2965062,215
92418,1780495399.2965078,213
92419,1780495399.29651,213
92420,1780495399.311838,217
92421,1780495399.311841,217
92422,1780495399.311842,216
92423,1780495399.311844,222
92424,1780495399.311845,223
92425,1780495399.3118458,224
92426,1780495399.311848,228
92427,1780495399.3118489,229
92428,1780495399.311851,227
92429,1780495399.311852,228
92430,1780495399.3118541,223
92431,1780495399.3155131,223
92432,1780495399.315516,220
92433,1780495399.315518,219
92434,1780495399.315519,215
92435,1780495399.315521,217
92436,1780495399.315522,213
92437,1780495399.315524,214
92438,1780495399.315525,213
92439,1780495399.315527,218
92440,1780495399.315528,219
92441,1780495399.315531,217
92442,1780495399.3304052,220
92443,1780495399.33041,222
92444,1780495399.3304121,221
92445,1780495399.330413,225
92446,1780495399.330415,227
92447,1780495399.330417,228
92448,1780495399.3304188,229
92449,1780495399.330421,228
92450,1780495399.330423,224
92451,1780495399.3304262,225
92452,1780495399.359382,221
92453,1780495399.3593862,221
92454,1780495399.3593888,218
92455,1780495399.359391,217
92456,1780495399.3593931,215
92457,1780495399.359395,211
92458,1780495399.3593972,215
92459,1780495399.3594,216
92460,1780495399.359402,215
92461,1780495399.359404,218
92462,1780495399.3594072,219
92463,1780495399.3643851,221
92464,1780495399.36439,227
92465,1780495399.364392,228
92466,1780495399.364395,229
92467,1780495399.364397,231
92468,1780495399.3643992,228
92469,1780495399.3644018,226
92470,1780495399.364404,228
92471,1780495399.364406,224
92472,1780495399.364408,222
92473,1780495399.3664918,217
92474,1780495399.366847,219
92475,1780495399.3668501,214
92476,1780495399.3668532,214
92477,1780495399.3668559,215
92478,1780495399.366859,216
92479,1780495399.366862,217
92480,1780495399.366865,218
92481,1780495399.3668668,216
92482,1780495399.36687,220
92483,1780495399.366875,222
92484,1780495399.369112,227
92485,1780495399.369117,228
92486,1780495399.36912,229
92487,1780495399.369123,230
92488,1780495399.3691258,232
92489,1780495399.369129,228
92490,1780495399.369132,227
92491,1780495399.3691342,225
92492,1780495399.3691368,223
92493,1780495399.36914,220
92494,1780495399.369144,216
92495,1780495399.400012,214
92496,1780495399.400039,217
92497,1780495399.400046,211
92498,1780495399.400049,214
92499,1780495399.400053,215
92500,1780495399.400059,220
92501,1780495399.400063,221
92502,1780495399.400065,222
92503,1780495399.400068,223
92504,1780495399.4000928,228
92505,1780495399.400098,228
92506,1780495399.402169,232
92507,1780495399.402179,234
92508,1780495399.4021819,231
92509,1780495399.402185,228
92510,1780495399.402187,229
92511,1780495399.40219,222
92512,1780495399.402194,224
92513,1780495399.402198,219
92514,1780495399.4022012,219
92515,1780495399.402205,218
92516,1780495399.409371,217
92517,1780495399.4093828,214
92518,1780495399.40939,219
92519,1780495399.4093928,215
92520,1780495399.409396,218
92521,1780495399.409399,219
92522,1780495399.4094021,221
92523,1780495399.4094038,223
92524,1780495399.409407,227
92525,1780495399.40941,230
92526,1780495399.4094138,230
92527,1780495399.4115908,234
92528,1780495399.4115999,231
92529,1780495399.411604,231
92530,1780495399.411607,228
92531,1780495399.4116101,226
92532,1780495399.411613,223
92533,1780495399.411616,219
92534,1780495399.4116192,219
92535,1780495399.4116218,218
92536,1780495399.411624,217
92537,1780495399.411649,217
92538,1780495399.4614809,216
92539,1780495399.461504,217
92540,1780495399.4615092,218
92541,1780495399.461513,219
92542,1780495399.461517,222
92543,1780495399.461534,223
92544,1780495399.461539,229
92545,1780495399.461542,228
92546,1780495399.461546,229
92547,1780495399.461555,231
92548,1780495399.464288,229
92549,1780495399.464302,228
92550,1780495399.4643059,228
92551,1780495399.464309,227
92552,1780495399.464313,224
92553,1780495399.464316,222
92554,1780495399.464319,219
92555,1780495399.4643211,216
92556,1780495399.464324,216
92557,1780495399.464328,217
92558,1780495399.464332,214
92559,1780495399.4675882,217
92560,1780495399.4675999,218
92561,1780495399.467604,222
92562,1780495399.467607,222
92563,1780495399.4676101,227
92564,1780495399.467613,225
92565,1780495399.467616,228
92566,1780495399.467618,231
92567,1780495399.467621,230
92568,1780495399.467624,229
92569,1780495399.467629,228
92570,1780495399.47,227
92571,1780495399.470007,224
92572,1780495399.470009,220
92573,1780495399.470012,221
92574,1780495399.4700139,219
92575,1780495399.470016,219
92576,1780495399.47002,218
92577,1780495399.4700239,213
92578,1780495399.470027,214
92579,1780495399.47003,215
92580,1780495399.472536,220
92581,1780495399.472544,220
92582,1780495399.472547,222
92583,1780495399.4725509,221
92584,1780495399.472555,226
92585,1780495399.4725592,228
92586,1780495399.4725618,231
92587,1780495399.4725661,232
92588,1780495399.4725702,229
92589,1780495399.472573,227
92590,1780495399.472578,229
92591,1780495399.475119,228
92592,1780495399.475126,222
92593,1780495399.4751308,221
92594,1780495399.475133,218
92595,1780495399.475135,217
92596,1780495399.475138,217
92597,1780495399.47514,216
92598,1780495399.475142,216
92599,1780495399.475144,218
92600,1780495399.475167,219
92601,1780495399.475172,220
92602,1780495399.5061498,221
92603,1780495399.506158,223
92604,1780495399.50616,226
92605,1780495399.506162,228
92606,1780495399.506164,229
92607,1780495399.506166,230
92608,1780495399.5061681,229
92609,1780495399.50617,229
92610,1780495399.506172,225
92611,1780495399.506175,226
92612,1780495399.510508,221
92613,1780495399.5105128,222
92614,1780495399.510515,219
92615,1780495399.510517,221
92616,1780495399.51052,216
92617,1780495399.5105221,218
92618,1780495399.5105228,218
92619,1780495399.510525,218
92620,1780495399.510527,217
92621,1780495399.510529,219
92622,1780495399.5105321,220
92623,1780495399.512761,225
92624,1780495399.512769,228
92625,1780495399.5127711,227
92626,1780495399.512773,232
92627,1780495399.512775,232
92628,1780495399.512794,229
92629,1780495399.5127969,228
92630,1780495399.512799,228
92631,1780495399.512801,225
92632,1780495399.512815,224
92633,1780495399.512819,220
92634,1780495399.5156128,220
92635,1780495399.5156171,220
92636,1780495399.515619,216
92637,1780495399.51562,216
92638,1780495399.515622,217
92639,1780495399.5156229,216
92640,1780495399.515625,218
92641,1780495399.515627,220
92642,1780495399.515628,222
92643,1780495399.5156312,223
92644,1780495399.545294,226
92645,1780495399.5452979,230
92646,1780495399.545299,229
92647,1780495399.5453,234
92648,1780495399.545301,229
92649,1780495399.545302,228
92650,1780495399.545303,225
92651,1780495399.545304,226
92652,1780495399.545305,221
92653,1780495399.5453062,218
92654,1780495399.545307,218
92655,1780495399.5496519,217
92656,1780495399.549654,216
92657,1780495399.549655,214
92658,1780495399.5496562,215
92659,1780495399.549657,218
92660,1780495399.549658,219
92661,1780495399.5496588,217
92662,1780495399.54966,218
92663,1780495399.5496671,223
92664,1780495399.549668,226
92665,1780495399.54967,228
92666,1780495399.5518148,230
92667,1780495399.551817,229
92668,1780495399.551818,229
92669,1780495399.551818,229
92670,1780495399.551819,226
92671,1780495399.55182,224
92672,1780495399.551821,222
92673,1780495399.5518222,218
92674,1780495399.5518231,215
92675,1780495399.5518239,217
92676,1780495399.583052,214
92677,1780495399.583057,212
92678,1780495399.5830579,213
92679,1780495399.5830588,214
92680,1780495399.58306,216
92681,1780495399.58306,210
92682,1780495399.583061,222
92683,1780495399.583062,220
92684,1780495399.5830631,225
92685,1780495399.583064,225
92686,1780495399.583065,227
92687,1780495399.587523,228
92688,1780495399.5875251,229
92689,1780495399.5875258,226
92690,1780495399.5875268,224
92691,1780495399.587528,225
92692,1780495399.587529,220
92693,1780495399.587529,216
92694,1780495399.58753,216
92695,1780495399.587531,213
92696,1780495399.587532,213
92697,1780495399.587533,213
92698,1780495399.5899808,213
92699,1780495399.589983,215
92700,1780495399.589983,216
92701,1780495399.589984,219
92702,1780495399.5899851,222
92703,1780495399.589986,222
92704,1780495399.589987,226
92705,1780495399.589988,226
92706,1780495399.5899892,228
92707,1780495399.58999,229
92708,1780495399.59243,228
92709,1780495399.592432,225
92710,1780495399.592433,224
92711,1780495399.592434,218
92712,1780495399.592434,221
92713,1780495399.592435,219
92714,1780495399.592436,218
92715,1780495399.592437,214
92716,1780495399.592437,215
92717,1780495399.592439,214
92718,1780495399.594284,213
92719,1780495399.624022,218
92720,1780495399.624025,217
92721,1780495399.624026,216
92722,1780495399.6240268,220
92723,1780495399.624028,224
92724,1780495399.624029,223
92725,1780495399.624029,228
92726,1780495399.6240299,229
92727,1780495399.624031,230
92728,1780495399.624032,230
92729,1780495399.624043,228
92730,1780495399.627486,227
92731,1780495399.627487,224
92732,1780495399.627488,223
92733,1780495399.627489,221
92734,1780495399.62749,215
92735,1780495399.627491,217
92736,1780495399.627491,214
92737,1780495399.6274922,216
92738,1780495399.6274931,215
92739,1780495399.6274939,215
92740,1780495399.6301289,214
92741,1780495399.630134,217
92742,1780495399.630135,223
92743,1780495399.630136,222
92744,1780495399.6301372,224
92745,1780495399.6301382,227
92746,1780495399.6301382,226
92747,1780495399.6301389,229
92748,1780495399.6301398,225
92749,1780495399.6301398,225
92750,1780495399.630142,220
92751,1780495399.633861,223
92752,1780495399.633863,218
92753,1780495399.633864,215
92754,1780495399.6338649,214
92755,1780495399.633866,214
92756,1780495399.633866,212
92757,1780495399.633867,209
92758,1780495399.633868,213
92759,1780495399.6338692,212
92760,1780495399.6338692,215
92761,1780495399.633871,214
92762,1780495399.663956,216
92763,1780495399.663958,219
92764,1780495399.663959,221
92765,1780495399.66396,223
92766,1780495399.6639612,227
92767,1780495399.6639612,226
92768,1780495399.6639621,226
92769,1780495399.6639628,226
92770,1780495399.6639638,220
92771,1780495399.663965,221
92772,1780495399.667625,218
92773,1780495399.667627,216
92774,1780495399.667628,214
92775,1780495399.667628,212
92776,1780495399.667629,213
92777,1780495399.6676302,211
92778,1780495399.6676311,213
92779,1780495399.667632,210
92780,1780495399.6676328,213
92781,1780495399.667634,213
92782,1780495399.667635,220
92783,1780495399.670193,220
92784,1780495399.6701949,223
92785,1780495399.670196,223
92786,1780495399.670197,226
92787,1780495399.670198,228
92788,1780495399.6701992,225
92789,1780495399.6702,225
92790,1780495399.670201,223
92791,1780495399.670202,219
92792,1780495399.670202,216
92793,1780495399.670204,212
92794,1780495399.6776261,216
92795,1780495399.6776278,215
92796,1780495399.677629,212
92797,1780495399.67763,210
92798,1780495399.677634,213
92799,1780495399.677635,212
92800,1780495399.6776361,215
92801,1780495399.677637,216
92802,1780495399.6776378,217
92803,1780495399.677639,221
92804,1780495399.707787,222
92805,1780495399.7077901,223
92806,1780495399.707791,227
92807,1780495399.7077918,224
92808,1780495399.707793,225
92809,1780495399.707794,224
92810,1780495399.707795,221
92811,1780495399.7077959,220
92812,1780495399.707797,215
92813,1780495399.707798,215
92814,1780495399.7078001,215
92815,1780495399.7113202,213
92816,1780495399.711322,211
92817,1780495399.7113228,213
92818,1780495399.711324,211
92819,1780495399.711325,210
92820,1780495399.711326,214
92821,1780495399.711328,215
92822,1780495399.711329,221
92823,1780495399.71133,220
92824,1780495399.7113311,220
92825,1780495399.711333,225
92826,1780495399.713842,227
92827,1780495399.713844,227
92828,1780495399.713845,225
92829,1780495399.713846,226
92830,1780495399.713847,220
92831,1780495399.713848,219
92832,1780495399.713849,219
92833,1780495399.71385,215
92834,1780495399.713851,215
92835,1780495399.713853,213
92836,1780495399.720143,213
92837,1780495399.720146,211
92838,1780495399.720147,213
92839,1780495399.720148,210
92840,1780495399.720149,212
92841,1780495399.720151,218
92842,1780495399.7201521,219
92843,1780495399.720153,219
92844,1780495399.720154,221
92845,1780495399.7201548,225
92846,1780495399.720157,226
92847,1780495399.761562,227
92848,1780495399.761565,227
92849,1780495399.7615669,225
92850,1780495399.761569,225
92851,1780495399.76157,222
92852,1780495399.7615721,222
92853,1780495399.7615738,217
92854,1780495399.761575,214
92855,1780495399.761577,214
92856,1780495399.761578,209
92857,1780495399.761581,213
92858,1780495399.76752,215
92859,1780495399.767523,215
92860,1780495399.7675252,213
92861,1780495399.7675269,218
92862,1780495399.767529,218
92863,1780495399.767531,223
92864,1780495399.767532,224
92865,1780495399.767534,227
92866,1780495399.7675362,228
92867,1780495399.767539,228
92868,1780495399.7700639,228
92869,1780495399.770067,225
92870,1780495399.770069,225
92871,1780495399.770071,223
92872,1780495399.7700732,222
92873,1780495399.7700748,218
92874,1780495399.770077,217
92875,1780495399.770078,215
92876,1780495399.77008,216
92877,1780495399.770082,210
92878,1780495399.770085,215
92879,1780495399.772536,219
92880,1780495399.772543,215
92881,1780495399.772545,216
92882,1780495399.772547,219
92883,1780495399.7725492,223
92884,1780495399.7725508,224
92885,1780495399.772553,229
92886,1780495399.772555,230
92887,1780495399.772557,229
92888,1780495399.7725592,228
92889,1780495399.7725608,227
92890,1780495399.7751,224
92891,1780495399.775103,224
92892,1780495399.775105,219
92893,1780495399.7751071,217
92894,1780495399.775109,215
92895,1780495399.775111,216
92896,1780495399.775112,216
92897,1780495399.775114,213
92898,1780495399.775116,215
92899,1780495399.775119,216
92900,1780495399.8061981,219
92901,1780495399.8062038,215
92902,1780495399.806207,221
92903,1780495399.80621,223
92904,1780495399.8062122,226
92905,1780495399.8062148,226
92906,1780495399.806218,226
92907,1780495399.806221,229
92908,1780495399.8062232,229
92909,1780495399.806226,228
92910,1780495399.806231,225
92911,1780495399.810482,221
92912,1780495399.8104892,221
92913,1780495399.8104918,218
92914,1780495399.810495,216
92915,1780495399.810498,214
92916,1780495399.810501,212
92917,1780495399.810504,216
92918,1780495399.810507,214
92919,1780495399.8105102,217
92920,1780495399.8105118,215
92921,1780495399.810517,217
92922,1780495399.812835,223
92923,1780495399.812858,221
92924,1780495399.812862,224
92925,1780495399.812864,228
92926,1780495399.812866,228
92927,1780495399.812869,230
92928,1780495399.812875,227
92929,1780495399.8128781,228
92930,1780495399.8128798,225
92931,1780495399.812883,224
92932,1780495399.814987,222
92933,1780495399.814997,216
92934,1780495399.815,218
92935,1780495399.815003,216
92936,1780495399.81504,216
92937,1780495399.8150458,213
92938,1780495399.815048,215
92939,1780495399.81505,215
92940,1780495399.8150542,216
92941,1780495399.8150568,220
92942,1780495399.81506,219
92943,1780495399.8442938,223
92944,1780495399.8443148,227
92945,1780495399.8443258,227
92946,1780495399.84433,229
92947,1780495399.8443332,231
92948,1780495399.844336,228
92949,1780495399.844341,228
92950,1780495399.8443441,226
92951,1780495399.8443468,225
92952,1780495399.8443499,222
92953,1780495399.844357,221
92954,1780495399.850255,220
92955,1780495399.850281,220
92956,1780495399.850285,216
92957,1780495399.8502882,217
92958,1780495399.850291,218
92959,1780495399.850296,219
92960,1780495399.850299,222
92961,1780495399.850303,222
92962,1780495399.850305,220
92963,1780495399.8503108,224
92964,1780495399.852374,229
92965,1780495399.8523881,228
92966,1780495399.852391,230
92967,1780495399.852393,232
92968,1780495399.852396,232
92969,1780495399.8523982,229
92970,1780495399.8524,227
92971,1780495399.852403,226
92972,1780495399.852405,223
92973,1780495399.852407,219
92974,1780495399.8524108,220
92975,1780495399.881685,219
92976,1780495399.881716,219
92977,1780495399.881721,216
92978,1780495399.8817248,216
92979,1780495399.881728,216
92980,1780495399.881732,220
92981,1780495399.8817348,220
92982,1780495399.881737,222
92983,1780495399.881741,224
92984,1780495399.881744,227
92985,1780495399.881749,228
92986,1780495399.889212,235
92987,1780495399.889232,231
92988,1780495399.889235,230
92989,1780495399.889238,229
92990,1780495399.889241,225
92991,1780495399.889243,225
92992,1780495399.889249,221
92993,1780495399.889251,220
92994,1780495399.8892539,219
92995,1780495399.889257,215
92996,1780495399.8913028,218
92997,1780495399.891307,216
92998,1780495399.891309,213
92999,1780495399.8913128,215
93000,1780495399.891316,216
93001,1780495399.891319,219
93002,1780495399.8913212,220
93003,1780495399.8913229,225
93004,1780495399.891325,222
93005,1780495399.8913321,228
93006,1780495399.891335,230
93007,1780495399.8931699,229
93008,1780495399.8931782,228
93009,1780495399.8931808,227
93010,1780495399.893184,223
93011,1780495399.893187,224
93012,1780495399.8931892,220
93013,1780495399.893193,218
93014,1780495399.893195,218
93015,1780495399.893198,217
93016,1780495399.8932,213
93017,1780495399.8932061,213
93018,1780495399.924916,214
93019,1780495399.924926,215
93020,1780495399.9249291,217
93021,1780495399.9249332,216
93022,1780495399.9249349,220
93023,1780495399.924938,223
93024,1780495399.924941,224
93025,1780495399.9249449,229
93026,1780495399.924948,226
93027,1780495399.924952,230
93028,1780495399.929276,228
93029,1780495399.92928,226
93030,1780495399.9292831,222
93031,1780495399.929285,223
93032,1780495399.929287,222
93033,1780495399.9292889,217
93034,1780495399.929291,215
93035,1780495399.929294,214
93036,1780495399.9292958,212
93037,1780495399.929298,212
93038,1780495399.929301,215
93039,1780495399.9315321,215
93040,1780495399.9315379,214
93041,1780495399.931541,216
93042,1780495399.931544,220
93043,1780495399.9315462,222
93044,1780495399.9315479,223
93045,1780495399.93155,226
93046,1780495399.931552,229
93047,1780495399.931555,228
93048,1780495399.9315572,227
93049,1780495399.93156,227
93050,1780495399.933739,223
93051,1780495399.933743,221
93052,1780495399.933745,219
93053,1780495399.933747,218
93054,1780495399.933749,214
93055,1780495399.933751,215
93056,1780495399.933753,211
93057,1780495399.933755,209
93058,1780495399.933758,212
93059,1780495399.93376,214
93060,1780495399.9628181,213
93061,1780495399.962821,217
93062,1780495399.962822,218
93063,1780495399.9628239,219
93064,1780495399.962825,220
93065,1780495399.962826,228
93066,1780495399.962828,228
93067,1780495399.962829,229
93068,1780495399.96283,224
93069,1780495399.962831,225
93070,1780495399.962833,224
93071,1780495399.9663181,221
93072,1780495399.966321,220
93073,1780495399.966322,216
93074,1780495399.966323,215
93075,1780495399.966325,215
93076,1780495399.966326,212
93077,1780495399.966327,212
93078,1780495399.9663281,208
93079,1780495399.966329,216
93080,1780495399.96633,214
93081,1780495399.966332,216
93082,1780495399.9687731,217
93083,1780495399.9687748,223
93084,1780495399.968776,223
93085,1780495399.968777,225
93086,1780495399.968778,227
93087,1780495399.96878,227
93088,1780495399.968781,227
93089,1780495399.9687822,223
93090,1780495399.9687831,220
93091,1780495399.9687848,222
93092,1780495399.999789,218
93093,1780495399.999792,217
93094,1780495399.9997928,216
93095,1780495399.9997928,216
93096,1780495399.999794,214
93097,1780495399.999795,207
93098,1780495399.999796,210
93099,1780495399.999797,212
93100,1780495399.999797,214
93101,1780495399.999798,216
93102,1780495399.999799,219
93103,1780495400.004132,220
93104,1780495400.004134,224
93105,1780495400.004135,224
93106,1780495400.0041358,228
93107,1780495400.004137,228
93108,1780495400.004137,226
93109,1780495400.004138,224
93110,1780495400.004139,223
93111,1780495400.0041401,218
93112,1780495400.004141,217
93113,1780495400.004142,215
93114,1780495400.009415,212
93115,1780495400.0094159,213
93116,1780495400.009417,213
93117,1780495400.009418,212
93118,1780495400.009419,211
93119,1780495400.009419,212
93120,1780495400.00942,214
93121,1780495400.009421,215
93122,1780495400.009422,214
93123,1780495400.009423,220
93124,1780495400.011008,224
93125,1780495400.01101,225
93126,1780495400.0110111,230
93127,1780495400.011012,229
93128,1780495400.011013,224
93129,1780495400.011013,225
93130,1780495400.011014,222
93131,1780495400.011015,222
93132,1780495400.011016,218
93133,1780495400.011016,216
93134,1780495400.011018,215
93135,1780495400.0585668,215
93136,1780495400.05857,213
93137,1780495400.058571,210
93138,1780495400.058571,214
93139,1780495400.058572,213
93140,1780495400.058573,212
93141,1780495400.058574,216
93142,1780495400.0585752,217
93143,1780495400.0585752,222
93144,1780495400.0585759,221
93145,1780495400.0585768,226
93146,1780495400.060812,227
93147,1780495400.0608141,229
93148,1780495400.060815,228
93149,1780495400.060815,225
93150,1780495400.0608158,224
93151,1780495400.060817,221
93152,1780495400.060818,221
93153,1780495400.060819,215
93154,1780495400.060819,217
93155,1780495400.060821,216
93156,1780495400.067564,214
93157,1780495400.067565,216
93158,1780495400.0675662,211
93159,1780495400.067567,216
93160,1780495400.067568,216
93161,1780495400.0675688,219
93162,1780495400.06757,218
93163,1780495400.06757,219
93164,1780495400.067571,224
93165,1780495400.0675719,226
93166,1780495400.067573,224
93167,1780495400.0700228,230
93168,1780495400.070024,226
93169,1780495400.070025,225
93170,1780495400.070026,222
93171,1780495400.070027,219
93172,1780495400.070028,217
93173,1780495400.070029,214
93174,1780495400.0700328,214
93175,1780495400.070034,213
93176,1780495400.070035,210
93177,1780495400.073354,213
93178,1780495400.073355,212
93179,1780495400.073356,214
93180,1780495400.073357,216
93181,1780495400.073358,219
93182,1780495400.073359,219
93183,1780495400.073359,221
93184,1780495400.07336,223
93185,1780495400.073361,224
93186,1780495400.0733619,228
93187,1780495400.0733628,225
93188,1780495400.0752552,226
93189,1780495400.075257,224
93190,1780495400.075257,222
93191,1780495400.075258,222
93192,1780495400.075259,220
93193,1780495400.07526,215
93194,1780495400.07526,213
93195,1780495400.0752609,210
93196,1780495400.075262,208
93197,1780495400.075263,212
93198,1780495400.077483,213
93199,1780495400.106624,210
93200,1780495400.1066298,214
93201,1780495400.1066308,216
93202,1780495400.106632,214
93203,1780495400.106633,222
93204,1780495400.106634,222
93205,1780495400.106635,226
93206,1780495400.106636,226
93207,1780495400.106637,227
93208,1780495400.1066382,228
93209,1780495400.110255,223
93210,1780495400.1124978,222
93211,1780495400.112499,220
93212,1780495400.1125,218
93213,1780495400.112501,218
93214,1780495400.112502,215
93215,1780495400.112503,214
93216,1780495400.112504,212
93217,1780495400.1125052,214
93218,1780495400.1125062,215
93219,1780495400.1125069,214
93220,1780495400.114023,213
93221,1780495400.1140249,216
93222,1780495400.114026,217
93223,1780495400.114026,220
93224,1780495400.114027,221
93225,1780495400.114028,224
93226,1780495400.1140292,229
93227,1780495400.1140301,225
93228,1780495400.114031,226
93229,1780495400.114032,224
93230,1780495400.114033,223
93231,1780495400.117926,218
93232,1780495400.117928,217
93233,1780495400.117929,216
93234,1780495400.11793,214
93235,1780495400.117931,214
93236,1780495400.117931,211
93237,1780495400.117932,212
93238,1780495400.117933,212
93239,1780495400.117934,211
93240,1780495400.1179352,212
93241,1780495400.1179368,215
93242,1780495400.1469262,218
93243,1780495400.1469288,219
93244,1780495400.14693,225
93245,1780495400.146931,226
93246,1780495400.146932,227
93247,1780495400.146933,225
93248,1780495400.146934,225
93249,1780495400.146935,223
93250,1780495400.1469362,222
93251,1780495400.146938,218
93252,1780495400.151249,217
93253,1780495400.1512508,219
93254,1780495400.151252,216
93255,1780495400.151254,215
93256,1780495400.1512551,209
93257,1780495400.151256,211
93258,1780495400.151257,214
93259,1780495400.1512582,212
93260,1780495400.15126,216
93261,1780495400.1512609,218
93262,1780495400.151262,219
93263,1780495400.153434,221
93264,1780495400.153437,221
93265,1780495400.1534379,225
93266,1780495400.153439,226
93267,1780495400.15344,227
93268,1780495400.153441,227
93269,1780495400.153443,222
93270,1780495400.153444,225
93271,1780495400.153445,220
93272,1780495400.153446,215
93273,1780495400.1534479,215
93274,1780495400.159158,214
93275,1780495400.1591601,213
93276,1780495400.159162,212
93277,1780495400.159163,211
93278,1780495400.159164,215
93279,1780495400.159165,211
93280,1780495400.1591659,213
93281,1780495400.159178,216
93282,1780495400.159179,217
93283,1780495400.159181,221
93284,1780495400.188045,223
93285,1780495400.188048,224
93286,1780495400.18805,228
93287,1780495400.188052,226
93288,1780495400.188053,226
93289,1780495400.188055,223
93290,1780495400.188056,220
93291,1780495400.1880581,222
93292,1780495400.1880589,218
93293,1780495400.188061,219
93294,1780495400.188064,215
93295,1780495400.1930292,214
93296,1780495400.193033,213
93297,1780495400.1930351,211
93298,1780495400.193036,212
93299,1780495400.193038,212
93300,1780495400.1930392,214
93301,1780495400.1930408,219
93302,1780495400.1930418,218
93303,1780495400.193044,219
93304,1780495400.193045,224
93305,1780495400.193048,225
93306,1780495400.1952431,228
93307,1780495400.1952472,230
93308,1780495400.1952481,229
93309,1780495400.19525,223
93310,1780495400.195251,225
93311,1780495400.195253,222
93312,1780495400.195254,212
93313,1780495400.195256,217
93314,1780495400.1952581,210
93315,1780495400.1952598,215
93316,1780495400.2243998,216
93317,1780495400.2244039,214
93318,1780495400.224406,210
93319,1780495400.224409,211
93320,1780495400.2244108,215
93321,1780495400.224413,219
93322,1780495400.224415,215
93323,1780495400.2244182,222
93324,1780495400.22442,225
93325,1780495400.224422,227
93326,1780495400.224426,229
93327,1780495400.2299478,228
93328,1780495400.229953,227
93329,1780495400.229955,228
93330,1780495400.229957,224
93331,1780495400.229959,220
93332,1780495400.229961,220
93333,1780495400.229964,217
93334,1780495400.2299662,218
93335,1780495400.2299678,216
93336,1780495400.22997,215
93337,1780495400.229972,214
93338,1780495400.229974,218
93339,1780495400.2299762,217
93340,1780495400.2299788,218
93341,1780495400.229981,218
93342,1780495400.229983,222
93343,1780495400.229985,223
93344,1780495400.2299871,224
93345,1780495400.22999,228
93346,1780495400.229992,230
93347,1780495400.229996,227
93348,1780495400.23215,229
93349,1780495400.2321541,223
93350,1780495400.232157,223
93351,1780495400.232159,226
93352,1780495400.232161,219
93353,1780495400.2321632,222
93354,1780495400.232165,217
93355,1780495400.232167,216
93356,1780495400.2321699,217
93357,1780495400.232172,215
93358,1780495400.232176,216
93359,1780495400.261722,218
93360,1780495400.261745,216
93361,1780495400.261754,219
93362,1780495400.261757,222
93363,1780495400.261761,227
93364,1780495400.261763,222
93365,1780495400.261769,228
93366,1780495400.261772,230
93367,1780495400.261775,231
93368,1780495400.261777,228
93369,1780495400.261784,228
93370,1780495400.266866,227
93371,1780495400.2668931,224
93372,1780495400.266897,222
93373,1780495400.266903,220
93374,1780495400.266906,217
93375,1780495400.266909,217
93376,1780495400.266912,215
93377,1780495400.266915,217
93378,1780495400.2669172,218
93379,1780495400.2669199,218
93380,1780495400.2669241,219
93381,1780495400.2690282,224
93382,1780495400.2690408,220
93383,1780495400.269046,225
93384,1780495400.269053,225
93385,1780495400.269057,230
93386,1780495400.2690601,233
93387,1780495400.269064,230
93388,1780495400.269067,227
93389,1780495400.269071,228
93390,1780495400.269075,227
93391,1780495400.29806,227
93392,1780495400.29808,223
93393,1780495400.2980852,218
93394,1780495400.298089,220
93395,1780495400.2980921,217
93396,1780495400.2980962,214
93397,1780495400.2981,217
93398,1780495400.298104,217
93399,1780495400.298107,219
93400,1780495400.298111,221
93401,1780495400.2981172,220
93402,1780495400.302187,222
93403,1780495400.3022149,225
93404,1780495400.302218,228
93405,1780495400.302221,228
93406,1780495400.302224,231
93407,1780495400.302227,231
93408,1780495400.3022301,231
93409,1780495400.3022342,228
93410,1780495400.302237,225
93411,1780495400.3022442,224
93412,1780495400.305403,221
93413,1780495400.305409,219
93414,1780495400.305411,218
93415,1780495400.305415,213
93416,1780495400.305418,217
93417,1780495400.305421,215
93418,1780495400.305423,217
93419,1780495400.3054478,216
93420,1780495400.305452,218
93421,1780495400.3054562,218
93422,1780495400.305459,223
93423,1780495400.3084211,224
93424,1780495400.308429,225
93425,1780495400.3084328,224
93426,1780495400.308437,229
93427,1780495400.30844,230
93428,1780495400.308444,228
93429,1780495400.308447,225
93430,1780495400.30845,227
93431,1780495400.3084538,221
93432,1780495400.308457,221
93433,1780495400.3084621,222
93434,1780495400.357975,217
93435,1780495400.357997,214
93436,1780495400.358002,216
93437,1780495400.3580039,217
93438,1780495400.3580081,215
93439,1780495400.35801,216
93440,1780495400.3580139,219
93441,1780495400.358017,219
93442,1780495400.358022,223
93443,1780495400.358027,225
93444,1780495400.360051,227
93445,1780495400.360061,226
93446,1780495400.360065,231
93447,1780495400.3600671,227
93448,1780495400.36007,229
93449,1780495400.3600729,225
93450,1780495400.360075,224
93451,1780495400.360078,221
93452,1780495400.360081,221
93453,1780495400.3600829,219
93454,1780495400.36009,219
93455,1780495400.362428,218
93456,1780495400.362441,215
93457,1780495400.362444,215
93458,1780495400.362447,214
93459,1780495400.36245,218
93460,1780495400.362452,217
93461,1780495400.3624551,218
93462,1780495400.3624582,218
93463,1780495400.3624609,225
93464,1780495400.362464,227
93465,1780495400.362468,228
93466,1780495400.3646379,229
93467,1780495400.364651,230
93468,1780495400.364654,228
93469,1780495400.3646579,225
93470,1780495400.364661,221
93471,1780495400.3646631,218
93472,1780495400.3646662,217
93473,1780495400.3646688,217
93474,1780495400.364672,216
93475,1780495400.364676,216
93476,1780495400.369055,214
93477,1780495400.369063,215
93478,1780495400.369066,213
93479,1780495400.369069,212
93480,1780495400.3690722,213
93481,1780495400.369075,217
93482,1780495400.369078,221
93483,1780495400.369081,222
93484,1780495400.369084,224
93485,1780495400.369087,226
93486,1780495400.369091,229
93487,1780495400.371199,227
93488,1780495400.3712041,226
93489,1780495400.3712058,223
93490,1780495400.371208,224
93491,1780495400.371211,221
93492,1780495400.371213,217
93493,1780495400.371215,216
93494,1780495400.371218,216
93495,1780495400.3712199,215
93496,1780495400.371222,213
93497,1780495400.371226,215
93498,1780495400.4002712,213
93499,1780495400.400275,214
93500,1780495400.400276,214
93501,1780495400.400278,217
93502,1780495400.400279,220
93503,1780495400.40028,223
93504,1780495400.4002821,226
93505,1780495400.4002829,226
93506,1780495400.4002838,228
93507,1780495400.400286,228
93508,1780495400.404744,224
93509,1780495400.404747,226
93510,1780495400.404748,224
93511,1780495400.40475,222
93512,1780495400.404751,217
93513,1780495400.4047518,215
93514,1780495400.404754,215
93515,1780495400.4047549,214
93516,1780495400.404756,209
93517,1780495400.404758,216
93518,1780495400.4047601,212
93519,1780495400.406909,212
93520,1780495400.406912,214
93521,1780495400.406913,216
93522,1780495400.406914,219
93523,1780495400.4069152,222
93524,1780495400.4069161,225
93525,1780495400.4069178,226
93526,1780495400.406919,229
93527,1780495400.40692,228
93528,1780495400.406921,229
93529,1780495400.406923,228
93530,1780495400.4363258,223
93531,1780495400.436328,221
93532,1780495400.436329,219
93533,1780495400.43633,215
93534,1780495400.436331,217
93535,1780495400.436332,214
93536,1780495400.436333,214
93537,1780495400.4363341,216
93538,1780495400.4363341,213
93539,1780495400.436336,214
93540,1780495400.440062,215
93541,1780495400.440063,218
93542,1780495400.440064,218
93543,1780495400.440065,224
93544,1780495400.440066,226
93545,1780495400.44007,228
93546,1780495400.4400709,227
93547,1780495400.4400718,229
93548,1780495400.440073,228
93549,1780495400.440074,227
93550,1780495400.440075,227
93551,1780495400.444201,224
93552,1780495400.444203,220
93553,1780495400.444204,219
93554,1780495400.444205,215
93555,1780495400.444205,217
93556,1780495400.444206,212
93557,1780495400.4442072,215
93558,1780495400.4442081,214
93559,1780495400.4442089,216
93560,1780495400.4442089,219
93561,1780495400.4464169,216
93562,1780495400.446419,221
93563,1780495400.44642,223
93564,1780495400.446421,228
93565,1780495400.446421,228
93566,1780495400.446422,230
93567,1780495400.446423,229
93568,1780495400.446424,228
93569,1780495400.4464252,228
93570,1780495400.4464252,224
93571,1780495400.4464262,223
93572,1780495400.47553,220
93573,1780495400.475532,220
93574,1780495400.475533,218
93575,1780495400.475534,215
93576,1780495400.4755352,212
93577,1780495400.4755359,217
93578,1780495400.4755359,215
93579,1780495400.4755368,218
93580,1780495400.475538,217
93581,1780495400.475539,217
93582,1780495400.47554,221
93583,1780495400.4788349,223
93584,1780495400.478837,227
93585,1780495400.478838,229
93586,1780495400.478838,229
93587,1780495400.4788392,228
93588,1780495400.47884,228
93589,1780495400.478841,228
93590,1780495400.478842,225
93591,1780495400.478842,221
93592,1780495400.478843,220
93593,1780495400.478844,218
93594,1780495400.48135,218
93595,1780495400.481351,216
93596,1780495400.4813519,213
93597,1780495400.481353,214
93598,1780495400.481354,214
93599,1780495400.481354,217
93600,1780495400.481355,219
93601,1780495400.4813561,221
93602,1780495400.481357,221
93603,1780495400.481358,224
93604,1780495400.488822,227
93605,1780495400.488825,228
93606,1780495400.488826,233
93607,1780495400.488826,228
93608,1780495400.488827,227
93609,1780495400.488828,228
93610,1780495400.488829,225
93611,1780495400.4888299,222
93612,1780495400.4888299,223
93613,1780495400.488831,220
93614,1780495400.488832,219
93615,1780495400.51998,216
93616,1780495400.519983,213
93617,1780495400.5199842,215
93618,1780495400.519985,215
93619,1780495400.519986,218
93620,1780495400.5199869,220
93621,1780495400.519988,220
93622,1780495400.519988,223
93623,1780495400.519989,223
93624,1780495400.51999,227
93625,1780495400.519991,228
93626,1780495400.519992,229
93627,1780495400.5220401,230
93628,1780495400.522042,230
93629,1780495400.522043,228
93630,1780495400.522044,225
93631,1780495400.522044,223
93632,1780495400.522045,222
93633,1780495400.5220459,222
93634,1780495400.522047,219
93635,1780495400.522048,216
93636,1780495400.5263739,217
93637,1780495400.526376,216
93638,1780495400.526377,215
93639,1780495400.526378,216
93640,1780495400.526378,219
93641,1780495400.526379,221
93642,1780495400.52638,223
93643,1780495400.526381,227
93644,1780495400.526382,226
93645,1780495400.526382,229
93646,1780495400.526384,231
93647,1780495400.530186,230
93648,1780495400.530189,230
93649,1780495400.53019,225
93650,1780495400.53019,225
93651,1780495400.5301912,226
93652,1780495400.530192,223
93653,1780495400.5301929,217
93654,1780495400.5301929,220
93655,1780495400.5301938,218
93656,1780495400.530196,216
93657,1780495400.532415,214
93658,1780495400.561557,213
93659,1780495400.561559,212
93660,1780495400.5615602,219
93661,1780495400.561561,223
93662,1780495400.561562,223
93663,1780495400.5615628,223
93664,1780495400.561564,227
93665,1780495400.561565,230
93666,1780495400.561565,234
93667,1780495400.561567,231
93668,1780495400.566015,230
93669,1780495400.566017,228
93670,1780495400.566019,225
93671,1780495400.56602,224
93672,1780495400.566025,219
93673,1780495400.566026,220
93674,1780495400.566026,220
93675,1780495400.566027,217
93676,1780495400.566028,214
93677,1780495400.566029,214
93678,1780495400.5660312,215
93679,1780495400.56814,218
93680,1780495400.5681422,220
93681,1780495400.5681431,220
93682,1780495400.5681438,225
93683,1780495400.5681448,225
93684,1780495400.568146,227
93685,1780495400.568147,230
93686,1780495400.568148,230
93687,1780495400.568149,231
93688,1780495400.568149,228
93689,1780495400.568151,226
93690,1780495400.5729449,226
93691,1780495400.572947,223
93692,1780495400.572949,223
93693,1780495400.5729501,219
93694,1780495400.572951,218
93695,1780495400.572952,216
93696,1780495400.572952,214
93697,1780495400.572953,217
93698,1780495400.5729542,215
93699,1780495400.5729558,219
93700,1780495400.603209,220
93701,1780495400.603213,219
93702,1780495400.603214,222
93703,1780495400.6032152,224
93704,1780495400.603216,224
93705,1780495400.6032178,231
93706,1780495400.603219,231
93707,1780495400.60322,230
93708,1780495400.603221,228
93709,1780495400.6032221,226
93710,1780495400.603234,225
93711,1780495400.604954,225
93712,1780495400.6049569,221
93713,1780495400.604958,220
93714,1780495400.604959,220
93715,1780495400.604961,218
93716,1780495400.604962,215
93717,1780495400.604963,215
93718,1780495400.604964,219
93719,1780495400.604966,218
93720,1780495400.6049669,224
93721,1780495400.608195,220
93722,1780495400.608198,224
93723,1780495400.6081998,228
93724,1780495400.608201,228
93725,1780495400.608202,232
93726,1780495400.608203,233
93727,1780495400.6082041,232
93728,1780495400.608206,231
93729,1780495400.608207,231
93730,1780495400.608208,228
93731,1780495400.6082098,227
93732,1780495400.6573498,226
93733,1780495400.6573539,221
93734,1780495400.657356,220
93735,1780495400.6573582,218
93736,1780495400.6573591,216
93737,1780495400.6573608,218
93738,1780495400.657363,221
93739,1780495400.657365,221
93740,1780495400.657366,220
93741,1780495400.6573749,224
93742,1780495400.658693,226
93743,1780495400.662962,230
93744,1780495400.662965,232
93745,1780495400.662967,236
93746,1780495400.662969,235
93747,1780495400.66297,233
93748,1780495400.662972,233
93749,1780495400.6629739,232
93750,1780495400.662976,230
93751,1780495400.662978,226
93752,1780495400.6629791,226
93753,1780495400.662982,225
93754,1780495400.66516,224
93755,1780495400.665165,222
93756,1780495400.665167,221
93757,1780495400.665169,220
93758,1780495400.665171,219
93759,1780495400.665173,222
93760,1780495400.6651762,226
93761,1780495400.665178,226
93762,1780495400.66518,230
93763,1780495400.665183,231
93764,1780495400.6689239,231
93765,1780495400.668928,234
93766,1780495400.668931,238
93767,1780495400.6689332,238
93768,1780495400.6689348,229
93769,1780495400.668937,233
93770,1780495400.668939,228
93771,1780495400.668942,226
93772,1780495400.668944,226
93773,1780495400.668946,224
93774,1780495400.668949,225
93775,1780495400.6704361,218
93776,1780495400.670441,217
93777,1780495400.670443,216
93778,1780495400.6704462,219
93779,1780495400.670448,222
93780,1780495400.67045,221
93781,1780495400.6704519,223
93782,1780495400.670455,226
93783,1780495400.6704571,228
93784,1780495400.6704588,228
93785,1780495400.674073,231
93786,1780495400.674078,232
93787,1780495400.67408,234
93788,1780495400.674083,230
93789,1780495400.6740851,229
93790,1780495400.6740868,225
93791,1780495400.674089,228
93792,1780495400.674091,222
93793,1780495400.674094,223
93794,1780495400.674096,221
93795,1780495400.674099,219
93796,1780495400.7031722,216
93797,1780495400.703198,218
93798,1780495400.703202,216
93799,1780495400.7032058,220
93800,1780495400.703209,220
93801,1780495400.7032142,221
93802,1780495400.7032168,224
93803,1780495400.70322,226
93804,1780495400.703223,228
93805,1780495400.7032251,231
93806,1780495400.70323,233
93807,1780495400.707249,231
93808,1780495400.707256,233
93809,1780495400.70726,230
93810,1780495400.707266,228
93811,1780495400.7072692,225
93812,1780495400.707272,225
93813,1780495400.707275,223
93814,1780495400.707278,221
93815,1780495400.7072809,218
93816,1780495400.707283,219
93817,1780495400.707287,219
93818,1780495400.7095292,218
93819,1780495400.709541,218
93820,1780495400.709544,219
93821,1780495400.709547,222
93822,1780495400.7095501,226
93823,1780495400.709553,227
93824,1780495400.7095559,229
93825,1780495400.709559,232
93826,1780495400.709565,234
93827,1780495400.70957,235
93828,1780495400.711782,230
93829,1780495400.711796,227
93830,1780495400.711802,227
93831,1780495400.7118049,227
93832,1780495400.711808,222
93833,1780495400.711811,223
93834,1780495400.711814,220
93835,1780495400.711819,217
93836,1780495400.711822,215
93837,1780495400.711825,215
93838,1780495400.713752,216
93839,1780495400.743032,220
93840,1780495400.7430542,219
93841,1780495400.7430599,222
93842,1780495400.7430642,224
93843,1780495400.743068,228
93844,1780495400.743071,227
93845,1780495400.7430751,230
93846,1780495400.743079,232
93847,1780495400.743082,231
93848,1780495400.743086,232
93849,1780495400.743089,229
93850,1780495400.747388,227
93851,1780495400.747408,226
93852,1780495400.747412,221
93853,1780495400.747416,221
93854,1780495400.7474189,222
93855,1780495400.747423,219
93856,1780495400.7474282,216
93857,1780495400.747432,217
93858,1780495400.747436,217
93859,1780495400.7474408,221
93860,1780495400.749564,222
93861,1780495400.749582,222
93862,1780495400.749587,223
93863,1780495400.749591,224
93864,1780495400.749595,229
93865,1780495400.749599,230
93866,1780495400.749602,235
93867,1780495400.749606,234
93868,1780495400.749613,231
93869,1780495400.7496169,230
93870,1780495400.749622,228
93871,1780495400.7543209,228
93872,1780495400.754362,223
93873,1780495400.7543669,222
93874,1780495400.75437,221
93875,1780495400.754373,220
93876,1780495400.754377,217
93877,1780495400.75438,221
93878,1780495400.754383,219
93879,1780495400.754405,220
93880,1780495400.754409,221
93881,1780495400.7586539,226
93882,1780495400.786865,227
93883,1780495400.786887,227
93884,1780495400.786891,232
93885,1780495400.786895,236
93886,1780495400.786898,235
93887,1780495400.786901,235
93888,1780495400.786905,232
93889,1780495400.786908,232
93890,1780495400.786911,230
93891,1780495400.786916,228
93892,1780495400.791539,228
93893,1780495400.7915509,224
93894,1780495400.791554,224
93895,1780495400.791557,223
93896,1780495400.791561,222
93897,1780495400.7915661,220
93898,1780495400.791569,222
93899,1780495400.791573,221
93900,1780495400.7915761,227
93901,1780495400.79158,226
93902,1780495400.7915862,228
93903,1780495400.7933261,230
93904,1780495400.7933362,232
93905,1780495400.79334,234
93906,1780495400.793343,235
93907,1780495400.7933471,236
93908,1780495400.793349,236
93909,1780495400.793352,234
93910,1780495400.793355,228
93911,1780495400.793358,228
93912,1780495400.7933629,227
93913,1780495400.794988,226
93914,1780495400.797251,224
93915,1780495400.797266,220
93916,1780495400.797269,221
93917,1780495400.7972732,219
93918,1780495400.797276,222
93919,1780495400.797278,225
93920,1780495400.797281,224
93921,1780495400.797285,227
93922,1780495400.797289,227
93923,1780495400.7972941,231
93924,1780495400.829481,229
93925,1780495400.8294861,232
93926,1780495400.829488,237
93927,1780495400.82949,239
93928,1780495400.829491,237
93929,1780495400.829493,232
93930,1780495400.829494,228
93931,1780495400.8294961,229
93932,1780495400.829497,228
93933,1780495400.8294988,226
93934,1780495400.829501,223
93935,1780495400.829503,222
93936,1780495400.830606,220
93937,1780495400.83061,222
93938,1780495400.830611,224
93939,1780495400.830613,226
93940,1780495400.830614,228
93941,1780495400.830616,219
93942,1780495400.8306181,228
93943,1780495400.8306189,232
93944,1780495400.830621,235
93945,1780495400.8350651,237
93946,1780495400.835068,237
93947,1780495400.835069,240
93948,1780495400.835071,235
93949,1780495400.835072,235
93950,1780495400.835073,233
93951,1780495400.8350751,227
93952,1780495400.835076,226
93953,1780495400.835078,228
93954,1780495400.835079,226
93955,1780495400.8350809,222
93956,1780495400.838908,219
93957,1780495400.8389099,220
93958,1780495400.838912,226
93959,1780495400.838913,225
93960,1780495400.8389142,227
93961,1780495400.838915,228
93962,1780495400.838916,232
93963,1780495400.838918,232
93964,1780495400.838919,235
93965,1780495400.838921,237
93966,1780495400.841156,239
93967,1780495400.852938,241
93968,1780495400.85294,236
93969,1780495400.852942,236
93970,1780495400.8529432,231
93971,1780495400.852944,231
93972,1780495400.8529449,226
93973,1780495400.8529458,228
93974,1780495400.852947,226
93975,1780495400.852948,226
93976,1780495400.852949,224
93977,1780495400.852951,226
93978,1780495400.881818,225
93979,1780495400.881821,228
93980,1780495400.8818219,226
93981,1780495400.881823,229
93982,1780495400.881824,229
93983,1780495400.881824,232
93984,1780495400.881825,236
93985,1780495400.8818262,239
93986,1780495400.881827,241
93987,1780495400.881828,239
93988,1780495400.8850079,238
93989,1780495400.88501,236
93990,1780495400.885011,234
93991,1780495400.885012,235
93992,1780495400.885013,232
93993,1780495400.885013,227
93994,1780495400.885014,227
93995,1780495400.885015,229
93996,1780495400.885016,225
93997,1780495400.8850172,222
93998,1780495400.886734,226
93999,1780495400.888766,228
94000,1780495400.888768,230
94001,1780495400.88877,232
94002,1780495400.888771,231
94003,1780495400.888771,233
94004,1780495400.888772,234
94005,1780495400.8887732,240
94006,1780495400.888774,241
94007,1780495400.8887749,242
94008,1780495400.8887749,239
94009,1780495400.888777,238
94010,1780495400.89211,237
94011,1780495400.892111,232
94012,1780495400.8921118,231
94013,1780495400.892113,228
94014,1780495400.892114,227
94015,1780495400.892114,227
94016,1780495400.8921149,223
94017,1780495400.892127,226
94018,1780495400.892128,224
94019,1780495400.892129,226
94020,1780495400.958549,229
94021,1780495400.9585521,227
94022,1780495400.958553,235
94023,1780495400.958554,232
94024,1780495400.958555,237
94025,1780495400.958556,239
94026,1780495400.958556,240
94027,1780495400.958557,239
94028,1780495400.9585578,237
94029,1780495400.958559,236
94030,1780495400.959751,234
94031,1780495400.964417,231
94032,1780495400.9644191,231
94033,1780495400.96442,228
94034,1780495400.964421,227
94035,1780495400.964422,226
94036,1780495400.964423,227
94037,1780495400.964423,227
94038,1780495400.964424,227
94039,1780495400.9644248,228
94040,1780495400.964426,229
94041,1780495400.964427,228
94042,1780495400.9687428,230
94043,1780495400.9687521,232
94044,1780495400.968756,238
94045,1780495400.968757,237
94046,1780495400.968758,240
94047,1780495400.968759,238
94048,1780495400.96876,236
94049,1780495400.9687612,234
94050,1780495400.9687622,234
94051,1780495400.9687629,229
94052,1780495400.970884,228
94053,1780495400.970886,228
94054,1780495400.970887,226
94055,1780495400.970888,223
94056,1780495400.970888,223
94057,1780495400.9708889,222
94058,1780495400.97089,224
94059,1780495400.970891,224
94060,1780495400.970892,227
94061,1780495400.9708931,225
94062,1780495400.973265,228
94063,1780495400.973266,230
94064,1780495400.9732668,233
94065,1780495400.973268,237
94066,1780495400.973269,239
94067,1780495400.973269,237
94068,1780495400.97327,235
94069,1780495400.9732711,231
94070,1780495400.973272,230
94071,1780495400.973273,228
94072,1780495400.9732742,227
94073,1780495400.974427,228
94074,1780495400.97881,225
94075,1780495400.9788108,224
94076,1780495400.978812,222
94077,1780495400.978813,223
94078,1780495400.978814,221
94079,1780495400.978815,222
94080,1780495400.978815,227
94081,1780495400.978816,228
94082,1780495400.978817,226
94083,1780495400.978818,230
94084,1780495400.9810472,232
94085,1780495400.981049,233
94086,1780495400.98105,237
94087,1780495400.981051,236
94088,1780495400.981051,234
94089,1780495400.981052,233
94090,1780495400.9810529,230
94091,1780495400.981054,228
94092,1780495400.981054,228
94093,1780495400.981055,225
94094,1780495400.981056,224
94095,1780495400.983257,218
94096,1780495400.983259,219
94097,1780495400.98326,222
94098,1780495400.9832609,219
94099,1780495400.983262,224
94100,1780495400.983263,223
94101,1780495400.983264,228
94102,1780495400.983264,230
94103,1780495400.983265,229
94104,1780495400.983266,232
94105,1780495400.985551,235
94106,1780495401.014199,238
94107,1780495401.0142012,236
94108,1780495401.014202,235
94109,1780495401.0142028,230
94110,1780495401.0142038,228
94111,1780495401.014205,229
94112,1780495401.014206,227
94113,1780495401.014207,225
94114,1780495401.014208,224
94115,1780495401.01421,223
94116,1780495401.0192692,220
94117,1780495401.019271,221
94118,1780495401.0192719,221
94119,1780495401.019273,224
94120,1780495401.019274,225
94121,1780495401.019275,226
94122,1780495401.0192761,233
94123,1780495401.019277,228
94124,1780495401.019278,234
94125,1780495401.019279,239
94126,1780495401.019281,239
94127,1780495401.02139,235
94128,1780495401.0213928,230
94129,1780495401.0214028,234
94130,1780495401.0214038,230
94131,1780495401.021406,230
94132,1780495401.021407,227
94133,1780495401.021408,226
94134,1780495401.021409,226
94135,1780495401.02141,225
94136,1780495401.0214112,221
94137,1780495401.021413,226
94138,1780495401.0232608,225
94139,1780495401.023263,225
94140,1780495401.023264,228
94141,1780495401.0232651,228
94142,1780495401.023266,230
94143,1780495401.023267,231
94144,1780495401.023268,236
94145,1780495401.0232692,238
94146,1780495401.02327,237
94147,1780495401.023272,237
94148,1780495401.059924,236
94149,1780495401.059927,233
94150,1780495401.0599291,231
94151,1780495401.05993,231
94152,1780495401.0599308,226
94153,1780495401.059933,229
94154,1780495401.059934,223
94155,1780495401.059935,222
94156,1780495401.059937,222
94157,1780495401.0599391,226
94158,1780495401.0610309,227
94159,1780495401.065496,224
94160,1780495401.0655,227
94161,1780495401.065502,228
94162,1780495401.065503,232
94163,1780495401.065505,231
94164,1780495401.065506,233
94165,1780495401.0655081,238
94166,1780495401.065509,240
94167,1780495401.065511,237
94168,1780495401.065513,235
94169,1780495401.065515,232
94170,1780495401.0677361,230
94171,1780495401.0677388,231
94172,1780495401.067741,229
94173,1780495401.0677419,228
94174,1780495401.067744,226
94175,1780495401.0677462,226
94176,1780495401.067748,222
94177,1780495401.067749,222
94178,1780495401.067751,223
94179,1780495401.067753,227
94180,1780495401.069962,227
94181,1780495401.069966,230
94182,1780495401.069968,231
94183,1780495401.069969,233
94184,1780495401.0699708,236
94185,1780495401.069972,240
94186,1780495401.069974,239
94187,1780495401.0699751,236
94188,1780495401.069977,236
94189,1780495401.069978,234
94190,1780495401.0699809,231
94191,1780495401.074142,231
94192,1780495401.074146,230
94193,1780495401.0741482,227
94194,1780495401.0741498,227
94195,1780495401.0741508,222
94196,1780495401.074153,222
94197,1780495401.074155,221
94198,1780495401.074156,223
94199,1780495401.0741582,227
94200,1780495401.07416,225
94201,1780495401.076349,228
94202,1780495401.105344,230
94203,1780495401.105348,232
94204,1780495401.105351,234
94205,1780495401.1053529,237
94206,1780495401.105355,241
94207,1780495401.1053572,239
94208,1780495401.105359,235
94209,1780495401.105362,231
94210,1780495401.105364,232
94211,1780495401.105367,232
94212,1780495401.110294,229
94213,1780495401.1102989,224
94214,1780495401.110301,227
94215,1780495401.110303,225
94216,1780495401.110306,222
94217,1780495401.1103082,224
94218,1780495401.1103098,227
94219,1780495401.110312,227
94220,1780495401.110314,226
94221,1780495401.110316,229
94222,1780495401.11032,233
94223,1780495401.119327,233
94224,1780495401.119332,234
94225,1780495401.119334,238
94226,1780495401.1193368,238
94227,1780495401.119339,240
94228,1780495401.1193411,239
94229,1780495401.119343,237
94230,1780495401.119346,232
94231,1780495401.119348,233
94232,1780495401.11935,232
94233,1780495401.119353,227
94234,1780495401.121569,228
94235,1780495401.1215732,225
94236,1780495401.1215758,223
94237,1780495401.121578,225
94238,1780495401.1215801,224
94239,1780495401.121583,226
94240,1780495401.121585,229
94241,1780495401.121587,229
94242,1780495401.121589,228
94243,1780495401.121593,234
94244,1780495401.1293051,234
94245,1780495401.129311,243
94246,1780495401.129314,240
94247,1780495401.129317,241
94248,1780495401.12932,238
94249,1780495401.129323,235
94250,1780495401.1293252,235
94251,1780495401.129328,232
94252,1780495401.1293309,228
94253,1780495401.129334,227
94254,1780495401.129338,227
94255,1780495401.1610649,228
94256,1780495401.1610901,223
94257,1780495401.161095,227
94258,1780495401.161098,228
94259,1780495401.161102,227
94260,1780495401.161104,228
94261,1780495401.1611068,229
94262,1780495401.16111,232
94263,1780495401.161113,234
94264,1780495401.161118,236
94265,1780495401.161123,241
94266,1780495401.164844,242
94267,1780495401.1648629,236
94268,1780495401.164866,237
94269,1780495401.164869,236
94270,1780495401.164872,232
94271,1780495401.164875,231
94272,1780495401.164882,231
94273,1780495401.164885,226
94274,1780495401.164889,228
94275,1780495401.164907,227
94276,1780495401.167039,225
94277,1780495401.1670542,225
94278,1780495401.1670568,226
94279,1780495401.167061,228
94280,1780495401.167064,229
94281,1780495401.167066,230
94282,1780495401.167069,233
94283,1780495401.167072,234
94284,1780495401.1670752,236
94285,1780495401.1670778,242
94286,1780495401.167082,245
94287,1780495401.171564,239
94288,1780495401.171579,238
94289,1780495401.171583,238
94290,1780495401.171586,235
94291,1780495401.1715891,231
94292,1780495401.171593,230
94293,1780495401.171596,229
94294,1780495401.1715991,228
94295,1780495401.171603,227
94296,1780495401.171607,223
94297,1780495401.174186,226
94298,1780495401.1843321,227
94299,1780495401.1843572,228
94300,1780495401.184361,229
94301,1780495401.1843681,232
94302,1780495401.184372,233
94303,1780495401.184375,239
94304,1780495401.1843789,238
94305,1780495401.184386,240
94306,1780495401.184389,243
94307,1780495401.184394,242
94308,1780495401.2132952,240
94309,1780495401.2133188,237
94310,1780495401.2133272,233
94311,1780495401.21333,232
94312,1780495401.213333,234
94313,1780495401.2133372,231
94314,1780495401.213342,227
94315,1780495401.213344,227
94316,1780495401.2133482,224
94317,1780495401.213351,228
94318,1780495401.21336,230
94319,1780495401.2171981,227
94320,1780495401.217212,228
94321,1780495401.217216,230
94322,1780495401.217219,233
94323,1780495401.217223,238
94324,1780495401.217225,239
94325,1780495401.2172291,241
94326,1780495401.217232,242
94327,1780495401.2172348,242
94328,1780495401.2172391,238
94329,1780495401.219687,239
94330,1780495401.219703,236
94331,1780495401.219706,233
94332,1780495401.219709,229
94333,1780495401.219712,229
94334,1780495401.219716,227
94335,1780495401.219719,226
94336,1780495401.219723,225
94337,1780495401.219726,228
94338,1780495401.219729,227
94339,1780495401.219733,228
94340,1780495401.224295,232
94341,1780495401.224313,229
94342,1780495401.2243168,234
94343,1780495401.22432,236
94344,1780495401.224323,238
94345,1780495401.224326,243
94346,1780495401.224329,241
94347,1780495401.224331,241
94348,1780495401.224333,239
94349,1780495401.224336,234
94350,1780495401.224339,235
94351,1780495401.2642581,233
94352,1780495401.264265,231
94353,1780495401.264267,232
94354,1780495401.264269,230
94355,1780495401.264271,226
94356,1780495401.264272,229
94357,1780495401.264274,228
94358,1780495401.264276,229
94359,1780495401.264278,229
94360,1780495401.2642791,233
94361,1780495401.2642822,232
94362,1780495401.267827,234
94363,1780495401.2678301,241
94364,1780495401.267831,239
94365,1780495401.267833,245
94366,1780495401.267835,246
94367,1780495401.2678359,241
94368,1780495401.267838,243
94369,1780495401.26784,239
94370,1780495401.267841,239
94371,1780495401.267843,234
94372,1780495401.271712,231
94373,1780495401.271714,228
94374,1780495401.271716,231
94375,1780495401.271717,229
94376,1780495401.271719,230
94377,1780495401.27172,227
94378,1780495401.271722,231
94379,1780495401.271723,229
94380,1780495401.271724,234
94381,1780495401.271725,235
94382,1780495401.271728,237
94383,1780495401.2739441,237
94384,1780495401.273948,241
94385,1780495401.2739499,245
94386,1780495401.273951,247
94387,1780495401.273953,243
94388,1780495401.2739542,242
94389,1780495401.273956,237
94390,1780495401.273957,239
94391,1780495401.273958,236
94392,1780495401.273959,233
94393,1780495401.273962,231
94394,1780495401.276185,231
94395,1780495401.276188,229
94396,1780495401.2761889,227
94397,1780495401.276191,229
94398,1780495401.276192,230
94399,1780495401.276194,230
94400,1780495401.276195,229
94401,1780495401.276196,233
94402,1780495401.276198,236
94403,1780495401.2761998,238
94404,1780495401.305214,242
94405,1780495401.305218,241
94406,1780495401.3052192,246
94407,1780495401.3052201,243
94408,1780495401.305221,243
94409,1780495401.3052218,240
94410,1780495401.305223,235
94411,1780495401.305223,241
94412,1780495401.305224,233
94413,1780495401.305225,232
94414,1780495401.305226,233
94415,1780495401.309581,232
94416,1780495401.3095832,230
94417,1780495401.309584,228
94418,1780495401.3095849,232
94419,1780495401.3095858,229
94420,1780495401.309587,234
94421,1780495401.309587,236
94422,1780495401.309588,235
94423,1780495401.309589,237
94424,1780495401.30959,243
94425,1780495401.309591,244
94426,1780495401.312036,246
94427,1780495401.312038,245
94428,1780495401.312039,239
94429,1780495401.3120399,239
94430,1780495401.3120399,237
94431,1780495401.312041,236
94432,1780495401.312042,234
94433,1780495401.312043,231
94434,1780495401.3120441,233
94435,1780495401.312045,231
94436,1780495401.341443,228
94437,1780495401.341446,227
94438,1780495401.3414469,228
94439,1780495401.3414478,230
94440,1780495401.341449,234
94441,1780495401.341449,231
94442,1780495401.34145,236
94443,1780495401.341451,239
94444,1780495401.3414521,239
94445,1780495401.341453,242
94446,1780495401.3458948,244
94447,1780495401.345897,245
94448,1780495401.345898,242
94449,1780495401.345899,241
94450,1780495401.3459,237
94451,1780495401.345901,235
94452,1780495401.345901,231
94453,1780495401.345902,230
94454,1780495401.3459032,231
94455,1780495401.345904,231
94456,1780495401.345904,228
94457,1780495401.345906,227
94458,1780495401.3503842,229
94459,1780495401.350385,232
94460,1780495401.350386,229
94461,1780495401.3503869,233
94462,1780495401.350388,235
94463,1780495401.350389,238
94464,1780495401.35039,244
94465,1780495401.35039,245
94466,1780495401.3503911,243
94467,1780495401.350392,238
94468,1780495401.352876,241
94469,1780495401.352878,241
94470,1780495401.352878,236
94471,1780495401.352879,237
94472,1780495401.3528802,231
94473,1780495401.352881,229
94474,1780495401.352882,229
94475,1780495401.352882,228
94476,1780495401.3528829,228
94477,1780495401.352884,229
94478,1780495401.352885,228
94479,1780495401.3830621,228
94480,1780495401.383065,228
94481,1780495401.3830662,232
94482,1780495401.383067,236
94483,1780495401.3830678,238
94484,1780495401.383069,239
94485,1780495401.383069,245
94486,1780495401.38307,246
94487,1780495401.383071,244
94488,1780495401.383072,241
94489,1780495401.383073,238
94490,1780495401.389036,235
94491,1780495401.389038,235
94492,1780495401.389039,234
94493,1780495401.389039,231
94494,1780495401.3890402,228
94495,1780495401.389041,229
94496,1780495401.389042,233
94497,1780495401.3890429,228
94498,1780495401.389044,227
94499,1780495401.389045,230
94500,1780495401.3906,231
94501,1780495401.3906019,232
94502,1780495401.390603,233
94503,1780495401.390604,236
94504,1780495401.390605,238
94505,1780495401.390605,240
94506,1780495401.3906062,242
94507,1780495401.390607,242
94508,1780495401.3906078,238
94509,1780495401.3906088,240
94510,1780495401.39061,238
94511,1780495401.393343,233
94512,1780495401.393345,230
94513,1780495401.393346,230
94514,1780495401.393347,229
94515,1780495401.393348,228
94516,1780495401.393348,227
94517,1780495401.3933492,230
94518,1780495401.39335,228
94519,1780495401.3933508,231
94520,1780495401.393352,234
94521,1780495401.393353,231
94522,1780495401.422785,234
94523,1780495401.4227872,236
94524,1780495401.4227881,239
94525,1780495401.422789,243
94526,1780495401.4227898,243
94527,1780495401.422791,245
94528,1780495401.422791,238
94529,1780495401.422792,238
94530,1780495401.422793,237
94531,1780495401.4227939,230
94532,1780495401.42716,232
94533,1780495401.427163,231
94534,1780495401.4271638,229
94535,1780495401.427165,228
94536,1780495401.427166,228
94537,1780495401.427167,231
94538,1780495401.427168,229
94539,1780495401.427169,230
94540,1780495401.42717,233
94541,1780495401.427171,231
94542,1780495401.427171,234
94543,1780495401.4287732,237
94544,1780495401.4287748,241
94545,1780495401.428776,242
94546,1780495401.428777,244
94547,1780495401.428778,243
94548,1780495401.428778,242
94549,1780495401.42878,238
94550,1780495401.428781,236
94551,1780495401.428782,233
94552,1780495401.428782,230
94553,1780495401.428789,232
94554,1780495401.4589472,229
94555,1780495401.458949,227
94556,1780495401.4589498,228
94557,1780495401.458951,228
94558,1780495401.458952,229
94559,1780495401.458954,227
94560,1780495401.458955,231
94561,1780495401.458956,233
94562,1780495401.458957,238
94563,1780495401.4589581,236
94564,1780495401.462473,240
94565,1780495401.462475,243
94566,1780495401.462476,246
94567,1780495401.462477,243
94568,1780495401.4624782,240
94569,1780495401.462479,238
94570,1780495401.4624798,235
94571,1780495401.4624808,235
94572,1780495401.462483,235
94573,1780495401.462484,231
94574,1780495401.462485,229
94575,1780495401.464965,228
94576,1780495401.464967,228
94577,1780495401.464968,226
94578,1780495401.464969,229
94579,1780495401.4649699,227
94580,1780495401.464971,229
94581,1780495401.464972,235
94582,1780495401.464973,237
94583,1780495401.4649742,238
94584,1780495401.464975,241
94585,1780495401.4649768,244
94586,1780495401.4675431,242
94587,1780495401.467545,241
94588,1780495401.4675462,244
94589,1780495401.467547,239
94590,1780495401.4675488,238
94591,1780495401.46755,231
94592,1780495401.467551,234
94593,1780495401.4675531,232
94594,1780495401.467554,229
94595,1780495401.467556,229
94596,1780495401.4838688,230
94597,1780495401.483872,230
94598,1780495401.4838731,230
94599,1780495401.483875,231
94600,1780495401.483876,233
94601,1780495401.4838772,233
94602,1780495401.4838789,236
94603,1780495401.48388,241
94604,1780495401.483881,241
94605,1780495401.483883,243
94606,1780495401.483885,245
94607,1780495401.514004,244
94608,1780495401.514008,241
94609,1780495401.5140102,241
94610,1780495401.5140119,240
94611,1780495401.514014,237
94612,1780495401.514016,235
94613,1780495401.514018,233
94614,1780495401.514019,233
94615,1780495401.5140212,229
94616,1780495401.5140228,229
94617,1780495401.514026,231
94618,1780495401.517519,231
94619,1780495401.517523,233
94620,1780495401.517525,232
94621,1780495401.517526,235
94622,1780495401.517528,237
94623,1780495401.5175302,241
94624,1780495401.5175319,241
94625,1780495401.517534,246
94626,1780495401.517535,248
94627,1780495401.517538,248
94628,1780495401.520036,240
94629,1780495401.5200388,242
94630,1780495401.520041,244
94631,1780495401.520043,238
94632,1780495401.520045,236
94633,1780495401.5200472,235
94634,1780495401.5200489,231
94635,1780495401.5200498,230
94636,1780495401.520052,229
94637,1780495401.520054,232
94638,1780495401.5200572,231
94639,1780495401.5225742,231
94640,1780495401.522578,236
94641,1780495401.52258,235
94642,1780495401.522582,236
94643,1780495401.522583,239
94644,1780495401.5225852,244
94645,1780495401.5225868,245
94646,1780495401.522589,246
94647,1780495401.5225909,248
94648,1780495401.522592,240
94649,1780495401.5225952,242
94650,1780495401.5615842,242
94651,1780495401.561604,238
94652,1780495401.561611,238
94653,1780495401.561615,235
94654,1780495401.561617,234
94655,1780495401.56162,231
94656,1780495401.5616262,230
94657,1780495401.5616279,232
94658,1780495401.561631,228
94659,1780495401.561633,233
94660,1780495401.56164,235
94661,1780495401.567641,234
94662,1780495401.5676641,239
94663,1780495401.567671,245
94664,1780495401.5676742,244
94665,1780495401.567677,245
94666,1780495401.56768,247
94667,1780495401.5676868,245
94668,1780495401.567691,242
94669,1780495401.567693,241
94670,1780495401.5677,239
94671,1780495401.5700061,236
94672,1780495401.570011,236
94673,1780495401.570014,235
94674,1780495401.570017,232
94675,1780495401.5700202,230
94676,1780495401.5700219,227
94677,1780495401.570025,231
94678,1780495401.570029,235
94679,1780495401.5700321,231
94680,1780495401.570035,233
94681,1780495401.570039,236
94682,1780495401.572454,240
94683,1780495401.5724642,242
94684,1780495401.572468,245
94685,1780495401.572473,242
94686,1780495401.572476,248
94687,1780495401.572479,250
94688,1780495401.572483,245
94689,1780495401.572489,241
94690,1780495401.5724921,238
94691,1780495401.572496,237
94692,1780495401.574944,235
94693,1780495401.574952,236
94694,1780495401.574955,230
94695,1780495401.574958,227
94696,1780495401.574961,229
94697,1780495401.574964,232
94698,1780495401.574966,230
94699,1780495401.574969,229
94700,1780495401.574972,231
94701,1780495401.574975,233
94702,1780495401.576739,237
94703,1780495401.606695,241
94704,1780495401.606723,241
94705,1780495401.606731,247
94706,1780495401.606735,245
94707,1780495401.606739,246
94708,1780495401.606742,244
94709,1780495401.6067462,238
94710,1780495401.6067488,239
94711,1780495401.606751,237
94712,1780495401.6067688,234
94713,1780495401.606772,231
94714,1780495401.6067798,233
94715,1780495401.609778,230
94716,1780495401.609785,228
94717,1780495401.609788,235
94718,1780495401.609791,231
94719,1780495401.609793,233
94720,1780495401.609799,233
94721,1780495401.609802,233
94722,1780495401.609804,235
94723,1780495401.609808,240
94724,1780495401.6125922,242
94725,1780495401.6126049,247
94726,1780495401.612608,246
94727,1780495401.612611,244
94728,1780495401.612614,242
94729,1780495401.612617,240
94730,1780495401.61262,240
94731,1780495401.6126232,236
94732,1780495401.612625,235
94733,1780495401.612628,237
94734,1780495401.612632,231
94735,1780495401.616569,231
94736,1780495401.6165938,229
94737,1780495401.616597,229
94738,1780495401.6166,230
94739,1780495401.616603,230
94740,1780495401.616607,235
94741,1780495401.61661,236
94742,1780495401.6166131,238
94743,1780495401.616617,242
94744,1780495401.616624,242
94745,1780495401.619348,246
94746,1780495401.649148,249
94747,1780495401.649166,246
94748,1780495401.649169,244
94749,1780495401.649177,244
94750,1780495401.6491861,239
94751,1780495401.6491892,235
94752,1780495401.649247,235
94753,1780495401.6492522,233
94754,1780495401.6492538,236
94755,1780495401.649258,232
94756,1780495401.653045,231
94757,1780495401.6530612,237
94758,1780495401.653065,235
94759,1780495401.653067,237
94760,1780495401.65307,239
94761,1780495401.6530728,242
94762,1780495401.653075,245
94763,1780495401.653078,248
94764,1780495401.65308,246
94765,1780495401.6530821,251
94766,1780495401.65309,253
94767,1780495401.6575308,248
94768,1780495401.65754,248
94769,1780495401.6575449,245
94770,1780495401.657548,244
94771,1780495401.657551,242
94772,1780495401.657553,242
94773,1780495401.657556,238
94774,1780495401.6575592,237
94775,1780495401.657581,235
94776,1780495401.6575842,234
94777,1780495401.657588,236
94778,1780495401.6600661,234
94779,1780495401.660075,239
94780,1780495401.660079,238
94781,1780495401.660083,236
94782,1780495401.660087,242
94783,1780495401.660091,244
94784,1780495401.6600971,246
94785,1780495401.6601012,247
94786,1780495401.660105,251
94787,1780495401.66011,244
94788,1780495401.6903229,249
94789,1780495401.6903412,245
94790,1780495401.6903439,241
94791,1780495401.690347,238
94792,1780495401.690349,236
94793,1780495401.690351,239
94794,1780495401.690353,237
94795,1780495401.690355,236
94796,1780495401.690357,237
94797,1780495401.690359,235
94798,1780495401.6903622,234
94799,1780495401.69376,235
94800,1780495401.6937659,239
94801,1780495401.693768,242
94802,1780495401.69377,236
94803,1780495401.693772,245
94804,1780495401.693774,249
94805,1780495401.693776,250
94806,1780495401.693778,249
94807,1780495401.69378,248
94808,1780495401.693781,249
94809,1780495401.693784,247
94810,1780495401.697552,241
94811,1780495401.697556,243
94812,1780495401.697558,240
94813,1780495401.69756,240
94814,1780495401.697561,236
94815,1780495401.697563,234
94816,1780495401.6975648,238
94817,1780495401.697568,235
94818,1780495401.6975691,235
94819,1780495401.697572,236
94820,1780495401.727678,239
94821,1780495401.727682,242
94822,1780495401.727684,243
94823,1780495401.7276852,247
94824,1780495401.727686,247
94825,1780495401.727687,251
94826,1780495401.7276878,253
94827,1780495401.727689,253
94828,1780495401.72769,246
94829,1780495401.727691,248
94830,1780495401.727693,245
94831,1780495401.7312572,238
94832,1780495401.7312589,242
94833,1780495401.7312598,241
94834,1780495401.731261,237
94835,1780495401.731262,238
94836,1780495401.731263,237
94837,1780495401.731264,239
94838,1780495401.731265,237
94839,1780495401.731266,241
94840,1780495401.731267,242
94841,1780495401.7312682,242
94842,1780495401.73363,246
94843,1780495401.733632,249
94844,1780495401.733633,250
94845,1780495401.733634,250
94846,1780495401.7336352,249
94847,1780495401.7336361,249
94848,1780495401.733637,249
94849,1780495401.7336378,250
94850,1780495401.733639,248
94851,1780495401.73364,244
94852,1780495401.7362409,241
94853,1780495401.736245,241
94854,1780495401.736246,239
94855,1780495401.736247,239
94856,1780495401.736248,237
94857,1780495401.736249,240
94858,1780495401.7362502,237
94859,1780495401.7362509,239
94860,1780495401.7362518,239
94861,1780495401.736253,241
94862,1780495401.736254,240
94863,1780495401.766496,249
94864,1780495401.7665,246
94865,1780495401.7665012,253
94866,1780495401.766502,253
94867,1780495401.766502,253
94868,1780495401.76651,251
94869,1780495401.7665112,248
94870,1780495401.7665122,250
94871,1780495401.7665129,243
94872,1780495401.7665138,239
94873,1780495401.766515,238
94874,1780495401.766516,239
94875,1780495401.769881,236
94876,1780495401.769883,238
94877,1780495401.7698839,236
94878,1780495401.7698848,235
94879,1780495401.769886,237
94880,1780495401.769887,241
94881,1780495401.769887,242
94882,1780495401.769888,244
94883,1780495401.769889,246
94884,1780495401.772935,248
94885,1780495401.772937,252
94886,1780495401.772938,252
94887,1780495401.772938,250
94888,1780495401.772939,248
94889,1780495401.77294,242
94890,1780495401.772941,246
94891,1780495401.772942,240
94892,1780495401.772943,240
94893,1780495401.772944,239
94894,1780495401.772945,240
94895,1780495401.779953,238
94896,1780495401.779954,235
94897,1780495401.779955,239
94898,1780495401.7799559,235
94899,1780495401.779957,237
94900,1780495401.779958,239
94901,1780495401.779958,239
94902,1780495401.779959,242
94903,1780495401.7799602,244
94904,1780495401.779961,247
94905,1780495401.7817678,252
94906,1780495401.811421,254
94907,1780495401.811424,251
94908,1780495401.811425,248
94909,1780495401.8114262,248
94910,1780495401.811427,244
94911,1780495401.811427,245
94912,1780495401.811428,243
94913,1780495401.811429,241
94914,1780495401.81143,240
94915,1780495401.811431,235
94916,1780495401.814951,238
94917,1780495401.8149529,236
94918,1780495401.8149529,238
94919,1780495401.814954,239
94920,1780495401.814955,244
94921,1780495401.814956,242
94922,1780495401.814956,243
94923,1780495401.8149571,244
94924,1780495401.814958,249
94925,1780495401.814959,250
94926,1780495401.8149602,253
94927,1780495401.817491,251
94928,1780495401.817492,251
94929,1780495401.817493,249
94930,1780495401.817494,245
94931,1780495401.817499,245
94932,1780495401.8174999,241
94933,1780495401.8174999,238
94934,1780495401.8175008,238
94935,1780495401.817502,237
94936,1780495401.817503,235
94937,1780495401.817504,235
94938,1780495401.82006,236
94939,1780495401.820062,238
94940,1780495401.8200629,237
94941,1780495401.8200629,240
94942,1780495401.820064,245
94943,1780495401.820065,248
94944,1780495401.820066,247
94945,1780495401.8200672,252
94946,1780495401.8200672,252
94947,1780495401.8200681,250
94948,1780495401.861511,251
94949,1780495401.861515,246
94950,1780495401.861516,244
94951,1780495401.861517,243
94952,1780495401.8615181,241
94953,1780495401.8615181,239
94954,1780495401.861519,238
94955,1780495401.8615198,236
94956,1780495401.861521,236
94957,1780495401.861522,238
94958,1780495401.861523,236
94959,1780495401.888779,238
94960,1780495401.888782,242
94961,1780495401.8887832,244
94962,1780495401.888784,247
94963,1780495401.888785,247
94964,1780495401.8887858,252
94965,1780495401.888787,252
94966,1780495401.888788,252
94967,1780495401.888789,250
94968,1780495401.8887901,246
94969,1780495401.888791,245
94970,1780495401.891215,245
94971,1780495401.891219,241
94972,1780495401.8912199,240
94973,1780495401.891221,237
94974,1780495401.891222,239
94975,1780495401.891223,237
94976,1780495401.8912241,237
94977,1780495401.891226,238
94978,1780495401.8912268,237
94979,1780495401.891228,237
94980,1780495401.8941498,241
94981,1780495401.894152,240
94982,1780495401.8941529,244
94983,1780495401.894167,244
94984,1780495401.8941681,248
94985,1780495401.89417,253
94986,1780495401.8941708,257
94987,1780495401.894172,252
94988,1780495401.894173,248
94989,1780495401.8941739,247
94990,1780495401.894176,248
94991,1780495401.897474,241
94992,1780495401.8974762,243
94993,1780495401.8974771,239
94994,1780495401.8974779,239
94995,1780495401.8974788,236
94996,1780495401.89748,239
94997,1780495401.897482,236
94998,1780495401.897483,237
94999,1780495401.897484,239
95000,1780495401.897485,242
95001,1780495401.897486,244
95002,1780495401.899916,245
95003,1780495401.899918,246
95004,1780495401.899919,251
95005,1780495401.89992,250
95006,1780495401.899922,253
95007,1780495401.8999228,256
95008,1780495401.899924,249
95009,1780495401.899925,249
95010,1780495401.899926,245
95011,1780495401.899928,245
95012,1780495401.9024918,242
95013,1780495401.902495,240
95014,1780495401.902496,237
95015,1780495401.902497,239
95016,1780495401.902498,237
95017,1780495401.902499,236
95018,1780495401.9025002,237
95019,1780495401.902501,241
95020,1780495401.9025018,241
95021,1780495401.902503,243
95022,1780495401.902505,245
95023,1780495401.904993,251
95024,1780495401.9049962,251
95025,1780495401.904997,255
95026,1780495401.9049978,255
95027,1780495401.904999,256
95028,1780495401.905,251
95029,1780495401.905012,248
95030,1780495401.905013,246
95031,1780495401.905014,245
95032,1780495401.905015,241
95033,1780495401.907976,243
95034,1780495401.9385269,238
95035,1780495401.938533,236
95036,1780495401.938535,240
95037,1780495401.938536,240
95038,1780495401.938538,238
95039,1780495401.938539,240
95040,1780495401.9385412,245
95041,1780495401.9385421,246
95042,1780495401.938543,244
95043,1780495401.938545,250
95044,1780495401.943053,252
95045,1780495401.9430568,253
95046,1780495401.943059,255
95047,1780495401.9430609,253
95048,1780495401.943063,254
95049,1780495401.9430652,250
95050,1780495401.9430661,243
95051,1780495401.9430678,245
95052,1780495401.94307,242
95053,1780495401.943071,239
95054,1780495401.943074,240
95055,1780495401.945239,237
95056,1780495401.9452422,239
95057,1780495401.9452438,240
95058,1780495401.945245,237
95059,1780495401.945247,240
95060,1780495401.945249,241
95061,1780495401.94525,243
95062,1780495401.9452522,243
95063,1780495401.9452531,251
95064,1780495401.9452548,247
95065,1780495401.945257,254
95066,1780495401.947793,255
95067,1780495401.9477959,253
95068,1780495401.947798,251
95069,1780495401.9478002,247
95070,1780495401.947801,242
95071,1780495401.9478028,240
95072,1780495401.947804,243
95073,1780495401.947806,238
95074,1780495401.947808,239
95075,1780495401.94781,239
95076,1780495401.979944,237
95077,1780495401.9799511,238
95078,1780495401.979954,238
95079,1780495401.979956,238
95080,1780495401.979959,242
95081,1780495401.9799612,243
95082,1780495401.9799628,243
95083,1780495401.979965,249
95084,1780495401.979968,249
95085,1780495401.97997,250
95086,1780495401.9799721,251
95087,1780495401.98148,254
95088,1780495401.9814851,247
95089,1780495401.981487,246
95090,1780495401.98149,248
95091,1780495401.981492,243
95092,1780495401.9814951,240
95093,1780495401.981497,239
95094,1780495401.981499,237
95095,1780495401.981502,236
95096,1780495401.981504,238
95097,1780495401.981507,235
95098,1780495401.9892201,238
95099,1780495401.989225,238
95100,1780495401.989227,241
95101,1780495401.9892302,244
95102,1780495401.989232,244
95103,1780495401.989234,247
95104,1780495401.9892359,247
95105,1780495401.989239,251
95106,1780495401.9892411,252
95107,1780495401.989244,251
95108,1780495401.9915168,249
95109,1780495401.991522,247
95110,1780495401.9915252,245
95111,1780495401.9915268,242
95112,1780495401.991529,239
95113,1780495401.991531,240
95114,1780495401.991533,239
95115,1780495401.9915361,235
95116,1780495401.9915378,236
95117,1780495401.99154,234
95118,1780495401.991543,240
95119,1780495402.0225222,240
95120,1780495402.0225458,239
95121,1780495402.022552,245
95122,1780495402.0225558,245
95123,1780495402.022559,248
95124,1780495402.022562,246
95125,1780495402.0225651,252
95126,1780495402.022572,251
95127,1780495402.0225742,251
95128,1780495402.0225768,251
95129,1780495402.022581,247
95130,1780495402.023644,244
95131,1780495402.02365,243
95132,1780495402.023653,241
95133,1780495402.023656,239
95134,1780495402.023663,238
95135,1780495402.023666,234
95136,1780495402.023669,235
95137,1780495402.023672,238
95138,1780495402.023678,238
95139,1780495402.023682,238
95140,1780495402.027648,239
95141,1780495402.027662,242
95142,1780495402.0276659,244
95143,1780495402.02767,248
95144,1780495402.0276759,249
95145,1780495402.02768,248
95146,1780495402.0276842,250
95147,1780495402.0276868,250
95148,1780495402.02769,248
95149,1780495402.027694,243
95150,1780495402.0277,243
95151,1780495402.0588632,242
95152,1780495402.058902,240
95153,1780495402.058914,236
95154,1780495402.058922,236
95155,1780495402.058928,236
95156,1780495402.058935,235
95157,1780495402.058941,234
95158,1780495402.058947,237
95159,1780495402.058955,238
95160,1780495402.05896,241
95161,1780495402.0589702,244
95162,1780495402.0609002,244
95163,1780495402.0609121,249
95164,1780495402.060918,247
95165,1780495402.0609229,250
95166,1780495402.060929,252
95167,1780495402.0609338,250
95168,1780495402.060939,251
95169,1780495402.0609438,246
95170,1780495402.060948,244
95171,1780495402.0609548,245
95172,1780495402.066303,241
95173,1780495402.066327,239
95174,1780495402.0663319,236
95175,1780495402.066336,237
95176,1780495402.0663402,236
95177,1780495402.066344,236
95178,1780495402.066348,236
95179,1780495402.0663512,238
95180,1780495402.066354,238
95181,1780495402.066358,240
95182,1780495402.0663638,245
95183,1780495402.0679722,247
95184,1780495402.0679839,249
95185,1780495402.067988,253
95186,1780495402.067992,251
95187,1780495402.0679948,251
95188,1780495402.067999,246
95189,1780495402.068009,246
95190,1780495402.0680351,243
95191,1780495402.068039,243
95192,1780495402.068042,240
95193,1780495402.068047,239
95194,1780495402.0974028,237
95195,1780495402.09743,236
95196,1780495402.097439,239
95197,1780495402.097444,237
95198,1780495402.097449,237
95199,1780495402.097454,239
95200,1780495402.09746,244
95201,1780495402.097502,243
95202,1780495402.0975091,246
95203,1780495402.097515,246
95204,1780495402.097526,250
95205,1780495402.101142,254
95206,1780495402.101163,254
95207,1780495402.101166,253
95208,1780495402.101174,247
95209,1780495402.1011782,251
95210,1780495402.101182,248
95211,1780495402.101187,242
95212,1780495402.1011899,243
95213,1780495402.101194,240
95214,1780495402.1011999,242
95215,1780495402.10325,240
95216,1780495402.103266,238
95217,1780495402.103272,239
95218,1780495402.103276,239
95219,1780495402.1032808,241
95220,1780495402.103286,246
95221,1780495402.1032891,244
95222,1780495402.103293,249
95223,1780495402.103297,253
95224,1780495402.1033,253
95225,1780495402.1033049,256
95226,1780495402.1090639,255
95227,1780495402.109071,255
95228,1780495402.1090748,251
95229,1780495402.1090791,249
95230,1780495402.109083,249
95231,1780495402.109087,244
95232,1780495402.109091,244
95233,1780495402.1090949,243
95234,1780495402.1091,242
95235,1780495402.1091049,240
95236,1780495402.1552918,240
95237,1780495402.1552992,239
95238,1780495402.1553001,241
95239,1780495402.155301,243
95240,1780495402.155303,247
95241,1780495402.155304,252
95242,1780495402.155306,252
95243,1780495402.155307,254
95244,1780495402.155308,256
95245,1780495402.1553102,259
95246,1780495402.155312,257
95247,1780495402.158725,253
95248,1780495402.158728,254
95249,1780495402.158729,249
95250,1780495402.158731,248
95251,1780495402.158732,249
95252,1780495402.1587331,250
95253,1780495402.158734,241
95254,1780495402.158735,244
95255,1780495402.158737,242
95256,1780495402.158738,237
95257,1780495402.15874,242
95258,1780495402.1612039,246
95259,1780495402.161207,245
95260,1780495402.1612082,244
95261,1780495402.161209,245
95262,1780495402.1612108,250
95263,1780495402.161212,254
95264,1780495402.161213,255
95265,1780495402.1612182,256
95266,1780495402.16122,256
95267,1780495402.161221,256
95268,1780495402.1641998,255
95269,1780495402.1642041,252
95270,1780495402.164205,248
95271,1780495402.164206,247
95272,1780495402.1642082,246
95273,1780495402.164209,242
95274,1780495402.1642098,244
95275,1780495402.164211,241
95276,1780495402.164212,240
95277,1780495402.1642141,243
95278,1780495402.164216,242
95279,1780495402.1683578,240
95280,1780495402.16836,246
95281,1780495402.168361,247
95282,1780495402.168362,247
95283,1780495402.168364,248
95284,1780495402.168365,256
95285,1780495402.1683662,257
95286,1780495402.1683671,256
95287,1780495402.168368,254
95288,1780495402.1683688,252
95289,1780495402.168371,249
95290,1780495402.17053,250
95291,1780495402.170532,243
95292,1780495402.1705332,244
95293,1780495402.170534,244
95294,1780495402.1705348,240
95295,1780495402.170536,238
95296,1780495402.170537,236
95297,1780495402.170538,242
95298,1780495402.170539,241
95299,1780495402.170541,241
95300,1780495402.200289,244
95301,1780495402.2002912,245
95302,1780495402.200292,249
95303,1780495402.200293,250
95304,1780495402.200293,256
95305,1780495402.2002938,253
95306,1780495402.200295,257
95307,1780495402.200296,253
95308,1780495402.2002969,251
95309,1780495402.2002969,252
95310,1780495402.200299,249
95311,1780495402.204601,246
95312,1780495402.204603,245
95313,1780495402.204604,245
95314,1780495402.204604,241
95315,1780495402.2046049,237
95316,1780495402.204606,239
95317,1780495402.204607,244
95318,1780495402.204608,240
95319,1780495402.204608,241
95320,1780495402.204609,247
95321,1780495402.204611,248
95322,1780495402.206305,249
95323,1780495402.2063081,251
95324,1780495402.206309,252
95325,1780495402.2063098,257
95326,1780495402.206311,255
95327,1780495402.206312,254
95328,1780495402.206313,254
95329,1780495402.206314,252
95330,1780495402.206314,250
95331,1780495402.206316,249
95332,1780495402.236913,247
95333,1780495402.2369149,247
95334,1780495402.236916,244
95335,1780495402.236916,243
95336,1780495402.236917,241
95337,1780495402.236918,245
95338,1780495402.236919,247
95339,1780495402.23692,245
95340,1780495402.23692,248
95341,1780495402.236921,248
95342,1780495402.236922,252
95343,1780495402.240714,254
95344,1780495402.240716,256
95345,1780495402.2407172,258
95346,1780495402.2407181,257
95347,1780495402.240719,259
95348,1780495402.2407198,253
95349,1780495402.2407198,253
95350,1780495402.240721,250
95351,1780495402.240727,251
95352,1780495402.240727,249
95353,1780495402.2420712,245
95354,1780495402.242073,241
95355,1780495402.242074,242
95356,1780495402.242075,245
95357,1780495402.242076,245
95358,1780495402.242076,242
95359,1780495402.2420769,246
95360,1780495402.242078,247
95361,1780495402.242079,250
95362,1780495402.24208,252
95363,1780495402.242081,258
95364,1780495402.244001,258
95365,1780495402.244002,258
95366,1780495402.244003,261
95367,1780495402.244004,259
95368,1780495402.2440052,256
95369,1780495402.244006,256
95370,1780495402.2440069,251
95371,1780495402.2440069,251
95372,1780495402.2440078,249
95373,1780495402.244009,246
95374,1780495402.24401,244
95375,1780495402.289314,243
95376,1780495402.2893162,245
95377,1780495402.2893171,245
95378,1780495402.2893178,243
95379,1780495402.2893188,245
95380,1780495402.28932,249
95381,1780495402.289321,252
95382,1780495402.289322,255
95383,1780495402.289322,257
95384,1780495402.289323,258
95385,1780495402.289325,262
95386,1780495402.29073,262
95387,1780495402.2907321,260
95388,1780495402.290733,256
95389,1780495402.290734,254
95390,1780495402.290735,252
95391,1780495402.2907362,258
95392,1780495402.2907362,250
95393,1780495402.290737,247
95394,1780495402.2907379,247
95395,1780495402.290739,248
95396,1780495402.2926211,248
95397,1780495402.292625,245
95398,1780495402.292626,248
95399,1780495402.292626,247
95400,1780495402.2926269,254
95401,1780495402.292628,249
95402,1780495402.292629,252
95403,1780495402.29263,258
95404,1780495402.29263,259
95405,1780495402.2926311,262
95406,1780495402.292632,261
95407,1780495402.296344,258
95408,1780495402.2963462,258
95409,1780495402.296347,253
95410,1780495402.2963479,251
95411,1780495402.2963488,250
95412,1780495402.2963488,246
95413,1780495402.29635,248
95414,1780495402.296351,245
95415,1780495402.296352,240
95416,1780495402.296352,245
95417,1780495402.2986329,242
95418,1780495402.298635,246
95419,1780495402.298636,247
95420,1780495402.2986372,248
95421,1780495402.298638,250
95422,1780495402.298638,252
95423,1780495402.298639,253
95424,1780495402.2986398,258
95425,1780495402.298641,256
95426,1780495402.298642,259
95427,1780495402.2986429,257
95428,1780495402.327852,255
95429,1780495402.327855,254
95430,1780495402.327856,250
95431,1780495402.3278568,246
95432,1780495402.327858,246
95433,1780495402.327859,245
95434,1780495402.3278599,245
95435,1780495402.327861,242
95436,1780495402.327862,245
95437,1780495402.327863,244
95438,1780495402.3278651,244
95439,1780495402.332172,245
95440,1780495402.332175,245
95441,1780495402.332176,248
95442,1780495402.332177,249
95443,1780495402.3321779,253
95444,1780495402.3321788,258
95445,1780495402.33218,259
95446,1780495402.332181,260
95447,1780495402.332182,255
95448,1780495402.3321831,254
95449,1780495402.332185,253
95450,1780495402.333762,252
95451,1780495402.333764,251
95452,1780495402.333768,247
95453,1780495402.33377,248
95454,1780495402.333771,244
95455,1780495402.333772,241
95456,1780495402.3337731,243
95457,1780495402.333774,244
95458,1780495402.333775,244
95459,1780495402.3337758,247
95460,1780495402.364875,244
95461,1780495402.3648791,249
95462,1780495402.3648798,249
95463,1780495402.364882,254
95464,1780495402.364883,257
95465,1780495402.364885,258
95466,1780495402.364886,256
95467,1780495402.364888,256
95468,1780495402.3648891,254
95469,1780495402.36489,252
95470,1780495402.364892,249
95471,1780495402.3692758,252
95472,1780495402.369278,247
95473,1780495402.36928,247
95474,1780495402.369281,245
95475,1780495402.369283,242
95476,1780495402.3692842,243
95477,1780495402.369285,244
95478,1780495402.369287,245
95479,1780495402.369288,245
95480,1780495402.3692899,245
95481,1780495402.369292,249
95482,1780495402.371451,251
95483,1780495402.371454,251
95484,1780495402.371455,259
95485,1780495402.371456,259
95486,1780495402.371458,259
95487,1780495402.371459,255
95488,1780495402.3714612,254
95489,1780495402.3714619,249
95490,1780495402.3714628,250
95491,1780495402.371465,249
95492,1780495402.3751051,245
95493,1780495402.375108,245
95494,1780495402.3751092,243
95495,1780495402.37511,241
95496,1780495402.3751118,245
95497,1780495402.375113,240
95498,1780495402.375116,244
95499,1780495402.375117,245
95500,1780495402.375118,246
95501,1780495402.37512,250
95502,1780495402.3751218,250
95503,1780495402.40735,252
95504,1780495402.407354,255
95505,1780495402.4073558,259
95506,1780495402.407358,257
95507,1780495402.40736,257
95508,1780495402.407362,255
95509,1780495402.4073641,252
95510,1780495402.4073658,251
95511,1780495402.407368,247
95512,1780495402.40737,243
95513,1780495402.407372,244
95514,1780495402.409537,245
95515,1780495402.4095402,240
95516,1780495402.4095428,242
95517,1780495402.409544,240
95518,1780495402.409546,243
95519,1780495402.409548,244
95520,1780495402.4095511,244
95521,1780495402.4095528,248
95522,1780495402.409554,251
95523,1780495402.409557,255
95524,1780495402.414911,258
95525,1780495402.414915,255
95526,1780495402.4149172,258
95527,1780495402.414919,254
95528,1780495402.414921,257
95529,1780495402.414923,251
95530,1780495402.414925,250
95531,1780495402.414926,244
95532,1780495402.414928,246
95533,1780495402.4149299,243
95534,1780495402.414933,241
95535,1780495402.417151,239
95536,1780495402.417156,243
95537,1780495402.4171588,243
95538,1780495402.417161,240
95539,1780495402.417163,245
95540,1780495402.417165,243
95541,1780495402.417168,247
95542,1780495402.4171698,251
95543,1780495402.417172,254
95544,1780495402.417174,255
95545,1780495402.4171772,259
95546,1780495402.450023,256
95547,1780495402.450044,256
95548,1780495402.450052,251
95549,1780495402.450055,250
95550,1780495402.450057,251
95551,1780495402.450059,247
95552,1780495402.450062,245
95553,1780495402.450065,244
95554,1780495402.450068,241
95555,1780495402.45007,241
95556,1780495402.454303,242
95557,1780495402.454318,240
95558,1780495402.4543219,243
95559,1780495402.454325,242
95560,1780495402.4543319,246
95561,1780495402.4543538,248
95562,1780495402.45436,251
95563,1780495402.4543629,253
95564,1780495402.454366,255
95565,1780495402.454369,258
95566,1780495402.4543738,257
95567,1780495402.4564888,254
95568,1780495402.4565,251
95569,1780495402.456504,252
95570,1780495402.456506,248
95571,1780495402.456512,250
95572,1780495402.456515,245
95573,1780495402.456518,244
95574,1780495402.456521,240
95575,1780495402.456528,241
95576,1780495402.4565299,240
95577,1780495402.4580538,240
95578,1780495402.45806,241
95579,1780495402.4580631,246
95580,1780495402.458067,247
95581,1780495402.45807,246
95582,1780495402.4580731,248
95583,1780495402.458076,254
95584,1780495402.458082,257
95585,1780495402.4580858,258
95586,1780495402.458088,255
95587,1780495402.4580932,254
95588,1780495402.4881659,254
95589,1780495402.4882078,248
95590,1780495402.488217,247
95591,1780495402.488223,247
95592,1780495402.48823,242
95593,1780495402.488236,242
95594,1780495402.488241,240
95595,1780495402.488246,241
95596,1780495402.488251,242
95597,1780495402.488259,239
95598,1780495402.488267,242
95599,1780495402.49223,245
95600,1780495402.492247,244
95601,1780495402.4922528,248
95602,1780495402.492258,251
95603,1780495402.4922628,250
95604,1780495402.492269,256
95605,1780495402.492275,258
95606,1780495402.49228,256
95607,1780495402.492285,254
95608,1780495402.49229,250
95609,1780495402.492301,251
95610,1780495402.4944,248
95611,1780495402.494411,247
95612,1780495402.494415,247
95613,1780495402.4944189,243
95614,1780495402.494422,240
95615,1780495402.494426,237
95616,1780495402.494432,238
95617,1780495402.494436,242
95618,1780495402.494439,243
95619,1780495402.4944441,244
95620,1780495402.526787,247
95621,1780495402.526813,248
95622,1780495402.5268228,251
95623,1780495402.526828,250
95624,1780495402.526838,254
95625,1780495402.5268428,258
95626,1780495402.526849,255
95627,1780495402.5268538,255
95628,1780495402.526859,254
95629,1780495402.5268638,250
95630,1780495402.526874,250
95631,1780495402.530139,246
95632,1780495402.530157,248
95633,1780495402.5301602,244
95634,1780495402.530163,242
95635,1780495402.530167,239
95636,1780495402.5301702,241
95637,1780495402.5301728,241
95638,1780495402.530176,243
95639,1780495402.53018,247
95640,1780495402.5301828,245
95641,1780495402.530187,248
95642,1780495402.532592,253
95643,1780495402.5326028,252
95644,1780495402.532606,251
95645,1780495402.532609,258
95646,1780495402.532612,258
95647,1780495402.532615,256
95648,1780495402.53262,251
95649,1780495402.5326238,249
95650,1780495402.5326269,249
95651,1780495402.5326312,247
95652,1780495402.5351691,244
95653,1780495402.535182,244
95654,1780495402.535188,243
95655,1780495402.535192,239
95656,1780495402.535197,243
95657,1780495402.5352,240
95658,1780495402.5352051,240
95659,1780495402.535208,243
95660,1780495402.5352142,246
95661,1780495402.535218,239
95662,1780495402.535223,253
95663,1780495402.585482,252
95664,1780495402.5854871,255
95665,1780495402.5854888,256
95666,1780495402.585491,255
95667,1780495402.585493,255
95668,1780495402.585494,252
95669,1780495402.585496,251
95670,1780495402.5854971,247
95671,1780495402.5854988,247
95672,1780495402.5855,246
95673,1780495402.585502,242
95674,1780495402.589886,241
95675,1780495402.589889,239
95676,1780495402.589891,242
95677,1780495402.5898921,244
95678,1780495402.5898938,245
95679,1780495402.589895,239
95680,1780495402.589897,244
95681,1780495402.5898979,250
95682,1780495402.5899,247
95683,1780495402.5899022,255
95684,1780495402.591876,257
95685,1780495402.591878,259
95686,1780495402.5918798,257
95687,1780495402.591882,257
95688,1780495402.591883,255
95689,1780495402.5918841,252
95690,1780495402.591886,252
95691,1780495402.591887,250
95692,1780495402.591889,247
95693,1780495402.5918899,246
95694,1780495402.591892,241
95695,1780495402.591893,243
95696,1780495402.591895,240
95697,1780495402.591896,244
95698,1780495402.591897,243
95699,1780495402.591899,247
95700,1780495402.5918999,247
95701,1780495402.591902,248
95702,1780495402.591903,252
95703,1780495402.591904,255
95704,1780495402.591906,256
95705,1780495402.5919092,262
95706,1780495402.596253,257
95707,1780495402.596255,257
95708,1780495402.596257,255
95709,1780495402.5962582,255
95710,1780495402.596259,248
95711,1780495402.59626,249
95712,1780495402.596262,246
95713,1780495402.596263,245
95714,1780495402.596264,246
95715,1780495402.596266,244
95716,1780495402.598497,246
95717,1780495402.598499,241
95718,1780495402.5985012,247
95719,1780495402.598502,248
95720,1780495402.5985029,248
95721,1780495402.5985038,250
95722,1780495402.598506,254
95723,1780495402.598507,255
95724,1780495402.5985081,261
95725,1780495402.598509,262
95726,1780495402.5985112,263
95727,1780495402.6276999,260
95728,1780495402.627703,258
95729,1780495402.6277041,255
95730,1780495402.627705,254
95731,1780495402.627706,254
95732,1780495402.627706,248
95733,1780495402.6277068,248
95734,1780495402.627708,246
95735,1780495402.627709,246
95736,1780495402.6277099,249
95737,1780495402.627711,249
95738,1780495402.631246,249
95739,1780495402.6312478,254
95740,1780495402.631249,251
95741,1780495402.63125,253
95742,1780495402.6312509,257
95743,1780495402.631252,261
95744,1780495402.631252,260
95745,1780495402.631253,262
95746,1780495402.631254,262
95747,1780495402.6312551,260
95748,1780495402.634976,259
95749,1780495402.634977,255
95750,1780495402.634978,255
95751,1780495402.634979,253
95752,1780495402.6349802,250
95753,1780495402.6349812,249
95754,1780495402.6349812,246
95755,1780495402.6349819,247
95756,1780495402.6349828,247
95757,1780495402.634984,248
95758,1780495402.634985,247
95759,1780495402.66608,250
95760,1780495402.6660821,251
95761,1780495402.666083,251
95762,1780495402.666084,256
95763,1780495402.666085,257
95764,1780495402.666086,258
95765,1780495402.666087,262
95766,1780495402.666087,262
95767,1780495402.6660879,260
95768,1780495402.666089,256
95769,1780495402.66609,256
95770,1780495402.668244,254
95771,1780495402.668246,250
95772,1780495402.668247,252
95773,1780495402.6682482,250
95774,1780495402.6682482,245
95775,1780495402.6682491,246
95776,1780495402.66825,246
95777,1780495402.6682508,247
95778,1780495402.668252,247
95779,1780495402.668253,248
95780,1780495402.67285,251
95781,1780495402.672852,252
95782,1780495402.672853,253
95783,1780495402.672854,255
95784,1780495402.672854,264
95785,1780495402.6728551,263
95786,1780495402.672856,260
95787,1780495402.672857,260
95788,1780495402.672858,257
95789,1780495402.672858,254
95790,1780495402.672859,252
95791,1780495402.67286,250
95792,1780495402.675065,246
95793,1780495402.675067,248
95794,1780495402.675068,246
95795,1780495402.675068,244
95796,1780495402.6750689,243
95797,1780495402.67507,244
95798,1780495402.675071,246
95799,1780495402.675072,245
95800,1780495402.675072,246
95801,1780495402.675074,249
95802,1780495402.707247,253
95803,1780495402.707249,253
95804,1780495402.7072499,259
95805,1780495402.7072508,262
95806,1780495402.707252,259
95807,1780495402.707252,257
95808,1780495402.707253,257
95809,1780495402.707254,252
95810,1780495402.7072551,252
95811,1780495402.707256,250
95812,1780495402.711738,248
95813,1780495402.7117498,245
95814,1780495402.711751,245
95815,1780495402.711753,242
95816,1780495402.711753,243
95817,1780495402.711754,244
95818,1780495402.711755,245
95819,1780495402.711756,248
95820,1780495402.711756,252
95821,1780495402.711757,253
95822,1780495402.7117581,254
95823,1780495402.713928,255
95824,1780495402.71393,261
95825,1780495402.713931,262
95826,1780495402.713932,260
95827,1780495402.713933,258
95828,1780495402.7139342,258
95829,1780495402.7139351,255
95830,1780495402.7139351,254
95831,1780495402.7139359,253
95832,1780495402.7139368,244
95833,1780495402.713938,247
95834,1780495402.7155252,246
95835,1780495402.7155268,243
95836,1780495402.715528,246
95837,1780495402.715529,246
95838,1780495402.71553,247
95839,1780495402.71553,249
95840,1780495402.715531,248
95841,1780495402.715532,251
95842,1780495402.715533,253
95843,1780495402.715534,257
95844,1780495402.745316,263
95845,1780495402.745318,261
95846,1780495402.745319,258
95847,1780495402.7453198,262
95848,1780495402.745321,259
95849,1780495402.745322,255
95850,1780495402.745322,251
95851,1780495402.745323,252
95852,1780495402.7453241,251
95853,1780495402.745325,251
95854,1780495402.745327,246
95855,1780495402.749747,246
95856,1780495402.749749,248
95857,1780495402.74975,247
95858,1780495402.749751,248
95859,1780495402.749752,251
95860,1780495402.749753,251
95861,1780495402.7497542,254
95862,1780495402.749755,257
95863,1780495402.7497559,255
95864,1780495402.7497568,259
95865,1780495402.749758,262
95866,1780495402.751897,261
95867,1780495402.7518988,260
95868,1780495402.7519,258
95869,1780495402.751901,257
95870,1780495402.7519019,253
95871,1780495402.751903,251
95872,1780495402.751904,251
95873,1780495402.751905,248
95874,1780495402.7519062,246
95875,1780495402.751907,246
95876,1780495402.786168,248
95877,1780495402.78617,248
95878,1780495402.786171,248
95879,1780495402.7861729,250
95880,1780495402.786174,250
95881,1780495402.786175,252
95882,1780495402.786176,255
95883,1780495402.786177,256
95884,1780495402.786179,263
95885,1780495402.78618,263
95886,1780495402.786182,258
95887,1780495402.7883258,256
95888,1780495402.788329,257
95889,1780495402.78833,256
95890,1780495402.788331,254
95891,1780495402.788332,251
95892,1780495402.7883341,248
95893,1780495402.788335,249
95894,1780495402.788336,245
95895,1780495402.788337,244
95896,1780495402.788339,243
95897,1780495402.792136,243
95898,1780495402.792139,250
95899,1780495402.79214,249
95900,1780495402.792141,249
95901,1780495402.792143,254
95902,1780495402.7921438,256
95903,1780495402.792145,257
95904,1780495402.792146,260
95905,1780495402.7921479,264
95906,1780495402.792149,262
95907,1780495402.792151,257
95908,1780495402.794125,256
95909,1780495402.794127,255
95910,1780495402.794129,252
95911,1780495402.7941298,249
95912,1780495402.794131,247
95913,1780495402.794132,248
95914,1780495402.794133,247
95915,1780495402.794135,245
95916,1780495402.794136,245
95917,1780495402.794137,246
95918,1780495402.794139,246
95919,1780495402.802851,249
95920,1780495402.8028538,250
95921,1780495402.802855,247
95922,1780495402.802857,252
95923,1780495402.8028579,255
95924,1780495402.802859,259
95925,1780495402.802861,262
95926,1780495402.8028622,261
95927,1780495402.802864,261
95928,1780495402.8028648,255
95929,1780495402.802867,255
95930,1780495402.832683,249
95931,1780495402.8326871,252
95932,1780495402.832688,249
95933,1780495402.83269,249
95934,1780495402.832691,245
95935,1780495402.832693,242
95936,1780495402.832695,246
95937,1780495402.832696,242
95938,1780495402.832698,245
95939,1780495402.8327,250
95940,1780495402.836396,250
95941,1780495402.836401,252
95942,1780495402.836403,256
95943,1780495402.836405,257
95944,1780495402.836406,260
95945,1780495402.8364081,263
95946,1780495402.83641,259
95947,1780495402.836412,259
95948,1780495402.8364139,257
95949,1780495402.836415,256
95950,1780495402.8364182,252
95951,1780495402.84046,250
95952,1780495402.8404639,250
95953,1780495402.8404648,248
95954,1780495402.840467,246
95955,1780495402.840478,243
95956,1780495402.84048,239
95957,1780495402.840481,250
95958,1780495402.8404832,247
95959,1780495402.840485,246
95960,1780495402.840487,249
95961,1780495402.842687,251
95962,1780495402.84269,253
95963,1780495402.8426921,257
95964,1780495402.8426938,258
95965,1780495402.842696,263
95966,1780495402.842698,260
95967,1780495402.8427,258
95968,1780495402.8427022,257
95969,1780495402.842703,258
95970,1780495402.842705,253
95971,1780495402.8427079,249
95972,1780495402.883722,248
95973,1780495402.8837461,246
95974,1780495402.883753,245
95975,1780495402.883757,246
95976,1780495402.8837602,246
95977,1780495402.883766,247
95978,1780495402.883769,245
95979,1780495402.883772,250
95980,1780495402.883776,250
95981,1780495402.883782,256
95982,1780495402.883787,256
95983,1780495402.889314,256
95984,1780495402.88933,262
95985,1780495402.8893352,264
95986,1780495402.8893409,266
95987,1780495402.889344,260
95988,1780495402.889347,258
95989,1780495402.889351,256
95990,1780495402.889355,255
95991,1780495402.889357,248
95992,1780495402.88936,251
95993,1780495402.889364,245
95994,1780495402.8914309,250
95995,1780495402.891437,244
95996,1780495402.8914402,247
95997,1780495402.891444,244
95998,1780495402.891447,247
95999,1780495402.891449,250
96000,1780495402.891453,250
96001,1780495402.891456,253
96002,1780495402.891464,253
96003,1780495402.891467,256
96004,1780495402.8936598,259
96005,1780495402.893665,263
96006,1780495402.8936691,262
96007,1780495402.8936708,261
96008,1780495402.893677,254
96009,1780495402.8936808,253
96010,1780495402.893684,252
96011,1780495402.893687,250
96012,1780495402.8936908,246
96013,1780495402.893694,247
96014,1780495402.8936992,248
96015,1780495402.897664,244
96016,1780495402.897683,244
96017,1780495402.8976882,242
96018,1780495402.897692,245
96019,1780495402.897696,247
96020,1780495402.897701,252
96021,1780495402.897705,253
96022,1780495402.8977091,254
96023,1780495402.897714,256
96024,1780495402.897718,262
96025,1780495402.897723,263
96026,1780495402.911359,255
96027,1780495402.911388,257
96028,1780495402.911392,254
96029,1780495402.911396,253
96030,1780495402.9113998,253
96031,1780495402.9114041,249
96032,1780495402.9114082,246
96033,1780495402.911414,246
96034,1780495402.911419,244
96035,1780495402.9114282,243
96036,1780495402.9413052,245
96037,1780495402.941329,244
96038,1780495402.941334,246
96039,1780495402.941338,246
96040,1780495402.9413419,251
96041,1780495402.941346,248
96042,1780495402.94135,251
96043,1780495402.941354,256
96044,1780495402.941374,259
96045,1780495402.941379,260
96046,1780495402.94144,256
96047,1780495402.9414551,255
96048,1780495402.9433699,257
96049,1780495402.943378,253
96050,1780495402.943382,248
96051,1780495402.9433851,249
96052,1780495402.943389,246
96053,1780495402.943393,242
96054,1780495402.943396,244
96055,1780495402.943399,243
96056,1780495402.943403,243
96057,1780495402.943407,241
96058,1780495402.949161,247
96059,1780495402.949179,246
96060,1780495402.949183,248
96061,1780495402.949188,249
96062,1780495402.949192,250
96063,1780495402.949196,254
96064,1780495402.9492,255
96065,1780495402.949204,259
96066,1780495402.949209,259
96067,1780495402.949214,257
96068,1780495402.951675,252
96069,1780495402.951692,252
96070,1780495402.9516978,249
96071,1780495402.951704,246
96072,1780495402.95171,245
96073,1780495402.951715,243
96074,1780495402.95172,241
96075,1780495402.951728,239
96076,1780495402.9517329,243
96077,1780495402.9517372,240
96078,1780495402.951744,240
96079,1780495402.9824572,247
96080,1780495402.982481,245
96081,1780495402.982485,251
96082,1780495402.9824882,251
96083,1780495402.982492,254
96084,1780495402.9824939,256
96085,1780495402.982498,259
96086,1780495402.982501,258
96087,1780495402.982504,257
96088,1780495402.982507,257
96089,1780495402.982511,253
96090,1780495402.984668,251
96091,1780495402.98468,247
96092,1780495402.984683,245
96093,1780495402.984687,243
96094,1780495402.984691,243
96095,1780495402.984694,242
96096,1780495402.984701,242
96097,1780495402.984705,242
96098,1780495402.984709,246
96099,1780495402.984712,245
96100,1780495402.989096,247
96101,1780495402.989103,250
96102,1780495402.989106,255
96103,1780495402.98911,254
96104,1780495402.989113,258
96105,1780495402.989116,262
96106,1780495402.989119,258
96107,1780495402.989123,257
96108,1780495402.989126,256
96109,1780495402.989129,251
96110,1780495402.9891331,250
96111,1780495402.996573,250
96112,1780495402.9965818,244
96113,1780495402.996586,243
96114,1780495402.996589,243
96115,1780495402.996592,239
96116,1780495402.996595,243
96117,1780495402.996598,245
96118,1780495402.996601,248
96119,1780495402.996604,247
96120,1780495402.996607,247
96121,1780495402.996611,252
96122,1780495403.027282,252
96123,1780495403.027286,254
96124,1780495403.027287,257
96125,1780495403.0272892,260
96126,1780495403.02729,257
96127,1780495403.027292,260
96128,1780495403.027293,256
96129,1780495403.0272949,254
96130,1780495403.027296,250
96131,1780495403.027298,246
96132,1780495403.0310001,244
96133,1780495403.0310102,245
96134,1780495403.031012,242
96135,1780495403.031013,242
96136,1780495403.031015,245
96137,1780495403.0310159,244
96138,1780495403.031017,243
96139,1780495403.031019,247
96140,1780495403.03102,249
96141,1780495403.031021,252
96142,1780495403.031023,252
96143,1780495403.0332649,253
96144,1780495403.033268,257
96145,1780495403.0332701,258
96146,1780495403.033271,256
96147,1780495403.033272,256
96148,1780495403.0332742,252
96149,1780495403.033275,251
96150,1780495403.0332758,247
96151,1780495403.033278,249
96152,1780495403.033279,245
96153,1780495403.033281,242
96154,1780495403.0375218,243
96155,1780495403.037525,242
96156,1780495403.0375261,242
96157,1780495403.037527,242
96158,1780495403.037528,245
96159,1780495403.0375302,245
96160,1780495403.037531,248
96161,1780495403.0375319,250
96162,1780495403.037533,252
96163,1780495403.037535,255
96164,1780495403.0685089,254
96165,1780495403.068512,261
96166,1780495403.068513,256
96167,1780495403.068514,255
96168,1780495403.068514,254
96169,1780495403.068515,252
96170,1780495403.068516,248
96171,1780495403.0685172,247
96172,1780495403.068518,249
96173,1780495403.068518,243
96174,1780495403.0685198,243
96175,1780495403.072984,240
96176,1780495403.0729861,241
96177,1780495403.0729868,243
96178,1780495403.0729878,246
96179,1780495403.072989,247
96180,1780495403.07299,248
96181,1780495403.07299,251
96182,1780495403.072991,249
96183,1780495403.072992,258
96184,1780495403.072993,257
96185,1780495403.0746272,257
96186,1780495403.074629,258
96187,1780495403.074629,260
96188,1780495403.0746298,257
96189,1780495403.074631,254
96190,1780495403.074632,251
96191,1780495403.074636,250
96192,1780495403.0746372,248
96193,1780495403.0746372,246
96194,1780495403.0746381,242
96195,1780495403.074639,243
96196,1780495403.07684,245
96197,1780495403.076842,246
96198,1780495403.076843,245
96199,1780495403.076844,248
96200,1780495403.076844,248
96201,1780495403.0768452,252
96202,1780495403.0768461,253
96203,1780495403.076847,260
96204,1780495403.076848,258
96205,1780495403.076848,261
96206,1780495403.07685,261
96207,1780495403.10675,258
96208,1780495403.106752,255
96209,1780495403.106753,256
96210,1780495403.106754,250
96211,1780495403.106754,251
96212,1780495403.106755,248
96213,1780495403.1067562,247
96214,1780495403.1067572,244
96215,1780495403.1067579,243
96216,1780495403.1067579,244
96217,1780495403.10676,245
96218,1780495403.110993,247
96219,1780495403.1109939,249
96220,1780495403.110995,251
96221,1780495403.110996,253
96222,1780495403.110997,254
96223,1780495403.110998,258
96224,1780495403.110998,260
96225,1780495403.110999,261
96226,1780495403.111,258
96227,1780495403.111001,257
96228,1780495403.113167,256
96229,1780495403.113169,256
96230,1780495403.11317,249
96231,1780495403.1131709,253
96232,1780495403.113172,247
96233,1780495403.113172,244
96234,1780495403.113173,245
96235,1780495403.113174,243
96236,1780495403.1131752,245
96237,1780495403.1131752,244
96238,1780495403.113177,247
96239,1780495403.143968,250
96240,1780495403.14397,250
96241,1780495403.14397,255
96242,1780495403.143971,254
96243,1780495403.1439722,258
96244,1780495403.143973,262
96245,1780495403.1439738,262
96246,1780495403.1439738,259
96247,1780495403.143975,261
96248,1780495403.143976,257
96249,1780495403.143977,257
96250,1780495403.147476,255
96251,1780495403.147478,252
96252,1780495403.147479,250
96253,1780495403.147479,249
96254,1780495403.14748,246
96255,1780495403.1474812,245
96256,1780495403.1474822,247
96257,1780495403.1474829,246
96258,1780495403.1474838,249
96259,1780495403.147485,251
96260,1780495403.14993,251
96261,1780495403.1499321,255
96262,1780495403.1499321,257
96263,1780495403.149933,261
96264,1780495403.149934,262
96265,1780495403.149935,265
96266,1780495403.149935,262
96267,1780495403.1499362,259
96268,1780495403.149937,260
96269,1780495403.1499379,256
96270,1780495403.149939,254
96271,1780495403.152868,252
96272,1780495403.152875,251
96273,1780495403.1528761,251
96274,1780495403.1528761,246
96275,1780495403.152877,245
96276,1780495403.152878,246
96277,1780495403.152879,245
96278,1780495403.152879,249
96279,1780495403.1528802,250
96280,1780495403.152881,251
96281,1780495403.2045162,260
96282,1780495403.207339,259
96283,1780495403.207341,259
96284,1780495403.2073421,263
96285,1780495403.207343,264
96286,1780495403.207344,264
96287,1780495403.207345,259
96288,1780495403.207346,258
96289,1780495403.207347,257
96290,1780495403.2073479,254
96291,1780495403.20735,255
96292,1780495403.209953,252
96293,1780495403.2099571,248
96294,1780495403.209959,248
96295,1780495403.20996,246
96296,1780495403.209961,247
96297,1780495403.209962,247
96298,1780495403.209963,250
96299,1780495403.209964,249
96300,1780495403.209965,254
96301,1780495403.2099662,256
96302,1780495403.209968,259
96303,1780495403.212954,261
96304,1780495403.212957,261
96305,1780495403.212959,262
96306,1780495403.21296,262
96307,1780495403.212961,263
96308,1780495403.2129622,260
96309,1780495403.212963,254
96310,1780495403.212964,255
96311,1780495403.212966,251
96312,1780495403.212967,249
96313,1780495403.2129679,249
96314,1780495403.217493,246
96315,1780495403.217495,246
96316,1780495403.2174962,246
96317,1780495403.217498,247
96318,1780495403.2174988,247
96319,1780495403.2175,251
96320,1780495403.217501,252
96321,1780495403.2175019,254
96322,1780495403.217503,256
96323,1780495403.217505,260
96324,1780495403.219938,261
96325,1780495403.2199402,264
96326,1780495403.2199419,263
96327,1780495403.2199428,262
96328,1780495403.219944,254
96329,1780495403.219945,255
96330,1780495403.219946,254
96331,1780495403.219947,252
96332,1780495403.219948,252
96333,1780495403.219949,248
96334,1780495403.2199512,245
96335,1780495403.222472,247
96336,1780495403.222474,244
96337,1780495403.222475,247
96338,1780495403.222476,247
96339,1780495403.2224782,252
96340,1780495403.222487,251
96341,1780495403.2224882,252
96342,1780495403.222489,256
96343,1780495403.22249,255
96344,1780495403.2224908,257
96345,1780495403.222493,260
96346,1780495403.2250571,263
96347,1780495403.22506,259
96348,1780495403.2250612,255
96349,1780495403.225062,248
96350,1780495403.225064,254
96351,1780495403.225065,252
96352,1780495403.225066,248
96353,1780495403.225067,248
96354,1780495403.225068,244
96355,1780495403.22507,245
96356,1780495403.2551968,245
96357,1780495403.255202,246
96358,1780495403.2552042,249
96359,1780495403.2552059,248
96360,1780495403.2552068,250
96361,1780495403.255208,251
96362,1780495403.25521,259
96363,1780495403.255211,256
96364,1780495403.255213,261
96365,1780495403.255214,262
96366,1780495403.2552161,262
96367,1780495403.2587452,258
96368,1780495403.2587478,256
96369,1780495403.25875,253
96370,1780495403.258752,252
96371,1780495403.258753,256
96372,1780495403.258755,243
96373,1780495403.2587562,246
96374,1780495403.2587578,244
96375,1780495403.258759,245
96376,1780495403.258761,246
96377,1780495403.258763,246
96378,1780495403.261255,247
96379,1780495403.261258,250
96380,1780495403.26126,253
96381,1780495403.261261,251
96382,1780495403.2612631,255
96383,1780495403.2612648,257
96384,1780495403.261266,261
96385,1780495403.261268,264
96386,1780495403.261274,261
96387,1780495403.261276,256
96388,1780495403.291562,257
96389,1780495403.2915661,252
96390,1780495403.291569,253
96391,1780495403.291571,250
96392,1780495403.291574,249
96393,1780495403.2915761,246
96394,1780495403.2915788,246
96395,1780495403.291581,244
96396,1780495403.291583,242
96397,1780495403.2915862,247
96398,1780495403.291589,247
96399,1780495403.29506,247
96400,1780495403.295064,249
96401,1780495403.295066,254
96402,1780495403.295069,258
96403,1780495403.295071,256
96404,1780495403.295073,261
96405,1780495403.2950761,263
96406,1780495403.2950778,258
96407,1780495403.295081,258
96408,1780495403.295083,254
96409,1780495403.295085,253
96410,1780495403.295089,251
96411,1780495403.2976232,246
96412,1780495403.297628,246
96413,1780495403.2976298,248
96414,1780495403.297632,244
96415,1780495403.2976341,245
96416,1780495403.2976372,242
96417,1780495403.297639,245
96418,1780495403.297641,245
96419,1780495403.297643,247
96420,1780495403.297646,250
96421,1780495403.301307,253
96422,1780495403.301311,253
96423,1780495403.301314,257
96424,1780495403.301316,260
96425,1780495403.301318,263
96426,1780495403.3013198,260
96427,1780495403.301322,256
96428,1780495403.301325,256
96429,1780495403.301327,252
96430,1780495403.301331,253
96431,1780495403.333183,255
96432,1780495403.3332028,249
96433,1780495403.333277,248
96434,1780495403.3332841,246
96435,1780495403.333288,247
96436,1780495403.333291,247
96437,1780495403.3332942,245
96438,1780495403.333297,249
96439,1780495403.3332999,249
96440,1780495403.333303,251
96441,1780495403.3333068,254
96442,1780495403.3374941,254
96443,1780495403.337507,259
96444,1780495403.337512,262
96445,1780495403.337516,263
96446,1780495403.3375201,260
96447,1780495403.337524,259
96448,1780495403.337528,258
96449,1780495403.3375318,256
96450,1780495403.337536,251
96451,1780495403.337541,250
96452,1780495403.340031,248
96453,1780495403.3400419,248
96454,1780495403.3400462,246
96455,1780495403.34005,245
96456,1780495403.340055,247
96457,1780495403.3400588,246
96458,1780495403.340062,248
96459,1780495403.340066,248
96460,1780495403.340069,252
96461,1780495403.340072,253
96462,1780495403.3400772,258
96463,1780495403.3438709,256
96464,1780495403.343889,260
96465,1780495403.343893,260
96466,1780495403.343897,259
96467,1780495403.343901,260
96468,1780495403.343904,259
96469,1780495403.343908,253
96470,1780495403.343912,252
96471,1780495403.343916,249
96472,1780495403.343921,249
96473,1780495403.346858,248
96474,1780495403.376642,245
96475,1780495403.376673,244
96476,1780495403.376678,245
96477,1780495403.376683,246
96478,1780495403.376689,248
96479,1780495403.376693,249
96480,1780495403.3767009,249
96481,1780495403.376707,253
96482,1780495403.376714,256
96483,1780495403.37672,259
96484,1780495403.380221,260
96485,1780495403.3802419,261
96486,1780495403.380248,261
96487,1780495403.380254,258
96488,1780495403.38026,257
96489,1780495403.380264,255
96490,1780495403.380269,252
96491,1780495403.380275,248
96492,1780495403.38028,248
96493,1780495403.380286,250
96494,1780495403.3802931,247
96495,1780495403.382777,245
96496,1780495403.3828108,244
96497,1780495403.382891,247
96498,1780495403.382901,247
96499,1780495403.3829062,251
96500,1780495403.382911,252
96501,1780495403.3829162,254
96502,1780495403.382921,252
96503,1780495403.382926,253
96504,1780495403.382931,262
96505,1780495403.3829482,265
96506,1780495403.38521,262
96507,1780495403.385232,259
96508,1780495403.385238,256
96509,1780495403.385244,251
96510,1780495403.385262,250
96511,1780495403.385269,246
96512,1780495403.385281,246
96513,1780495403.3852859,246
96514,1780495403.385291,247
96515,1780495403.385298,242
96516,1780495403.417961,245
96517,1780495403.417978,247
96518,1780495403.417983,246
96519,1780495403.417987,251
96520,1780495403.417991,250
96521,1780495403.417994,250
96522,1780495403.417998,255
96523,1780495403.418002,255
96524,1780495403.418006,261
96525,1780495403.418015,259
96526,1780495403.418025,260
96527,1780495403.421278,259
96528,1780495403.421294,257
96529,1780495403.4212968,254
96530,1780495403.4213,250
96531,1780495403.421303,246
96532,1780495403.4213052,247
96533,1780495403.4213078,246
96534,1780495403.421311,246
96535,1780495403.421313,243
96536,1780495403.4213161,245
96537,1780495403.4213219,245
96538,1780495403.424204,247
96539,1780495403.424215,249
96540,1780495403.4242182,252
96541,1780495403.4242198,249
96542,1780495403.424223,255
96543,1780495403.424226,256
96544,1780495403.4242308,261
96545,1780495403.424235,261
96546,1780495403.424238,258
96547,1780495403.424265,257
96548,1780495403.428788,257
96549,1780495403.428803,251
96550,1780495403.4288058,252
96551,1780495403.428809,249
96552,1780495403.428811,247
96553,1780495403.4288142,244
96554,1780495403.4288158,244
96555,1780495403.428819,241
96556,1780495403.428821,244
96557,1780495403.428823,245
96558,1780495403.428826,246
96559,1780495403.48414,247
96560,1780495403.484145,250
96561,1780495403.4841459,250
96562,1780495403.4841468,251
96563,1780495403.484148,254
96564,1780495403.484149,257
96565,1780495403.48415,262
96566,1780495403.4841511,259
96567,1780495403.484152,259
96568,1780495403.484153,254
96569,1780495403.484155,254
96570,1780495403.488617,252
96571,1780495403.48862,247
96572,1780495403.488621,249
96573,1780495403.4886231,246
96574,1780495403.488624,246
96575,1780495403.4886248,245
96576,1780495403.488626,244
96577,1780495403.488627,245
96578,1780495403.488628,247
96579,1780495403.488629,249
96580,1780495403.490876,249
96581,1780495403.4908779,255
96582,1780495403.490879,258
96583,1780495403.49088,257
96584,1780495403.490881,260
96585,1780495403.4908822,261
96586,1780495403.4908822,261
96587,1780495403.490883,258
96588,1780495403.490884,254
96589,1780495403.490885,254
96590,1780495403.490887,250
96591,1780495403.4930408,250
96592,1780495403.493043,247
96593,1780495403.49305,248
96594,1780495403.4930508,244
96595,1780495403.493052,244
96596,1780495403.493052,242
96597,1780495403.493053,248
96598,1780495403.493054,250
96599,1780495403.4930549,251
96600,1780495403.493056,249
96601,1780495403.493058,254
96602,1780495403.496475,255
96603,1780495403.496477,257
96604,1780495403.4964778,265
96605,1780495403.496479,260
96606,1780495403.49648,259
96607,1780495403.49648,257
96608,1780495403.496481,255
96609,1780495403.4964821,256
96610,1780495403.496483,252
96611,1780495403.496484,248
96612,1780495403.498113,245
96613,1780495403.498116,245
96614,1780495403.4981172,246
96615,1780495403.498118,246
96616,1780495403.4981189,246
96617,1780495403.4981198,247
96618,1780495403.4981198,245
96619,1780495403.498121,247
96620,1780495403.498122,251
96621,1780495403.498123,252
96622,1780495403.4981241,256
96623,1780495403.527723,256
96624,1780495403.5277262,260
96625,1780495403.5277271,262
96626,1780495403.527728,256
96627,1780495403.5277288,257
96628,1780495403.5277288,256
96629,1780495403.52773,251
96630,1780495403.527731,254
96631,1780495403.527732,251
96632,1780495403.527733,248
96633,1780495403.532088,246
96634,1780495403.532089,245
96635,1780495403.5320902,243
96636,1780495403.532091,246
96637,1780495403.5320919,245
96638,1780495403.5320919,247
96639,1780495403.5320928,252
96640,1780495403.532094,251
96641,1780495403.532095,251
96642,1780495403.532096,255
96643,1780495403.532097,256
96644,1780495403.536473,259
96645,1780495403.5364742,262
96646,1780495403.536483,262
96647,1780495403.536484,257
96648,1780495403.5364852,253
96649,1780495403.536486,253
96650,1780495403.536486,254
96651,1780495403.5364869,247
96652,1780495403.5364878,248
96653,1780495403.536489,247
96654,1780495403.53649,244
96655,1780495403.538687,245
96656,1780495403.5386891,244
96657,1780495403.53869,243
96658,1780495403.538691,246
96659,1780495403.538692,252
96660,1780495403.5386932,251
96661,1780495403.5386932,253
96662,1780495403.538694,250
96663,1780495403.5386949,258
96664,1780495403.538696,259
96665,1780495403.57142,259
96666,1780495403.5714219,261
96667,1780495403.571423,254
96668,1780495403.571424,254
96669,1780495403.571425,259
96670,1780495403.5714262,250
96671,1780495403.5714262,251
96672,1780495403.571427,250
96673,1780495403.571428,246
96674,1780495403.571429,244
96675,1780495403.57143,246
96676,1780495403.5783172,245
96677,1780495403.578319,245
96678,1780495403.5783198,245
96679,1780495403.578321,248
96680,1780495403.578322,251
96681,1780495403.578322,254
96682,1780495403.578323,256
96683,1780495403.578324,256
96684,1780495403.578325,262
96685,1780495403.578326,262
96686,1780495403.578327,260
96687,1780495403.58008,256
96688,1780495403.580082,256
96689,1780495403.580083,254
96690,1780495403.580083,251
96691,1780495403.580084,250
96692,1780495403.580085,249
96693,1780495403.580086,245
96694,1780495403.580087,245
96695,1780495403.5800881,245
96696,1780495403.5800881,246
96697,1780495403.58009,245
96698,1780495403.5838342,248
96699,1780495403.5838358,250
96700,1780495403.583837,256
96701,1780495403.583837,252
96702,1780495403.583838,254
96703,1780495403.583839,255
96704,1780495403.583843,260
96705,1780495403.5838442,259
96706,1780495403.5838451,261
96707,1780495403.5838459,256
96708,1780495403.6161,254
96709,1780495403.616106,251
96710,1780495403.616107,251
96711,1780495403.616108,247
96712,1780495403.616108,244
96713,1780495403.6161091,247
96714,1780495403.61611,243
96715,1780495403.616111,241
96716,1780495403.6161122,243
96717,1780495403.616113,242
96718,1780495403.617196,247
96719,1780495403.621696,247
96720,1780495403.6216981,248
96721,1780495403.621699,252
96722,1780495403.621699,256
96723,1780495403.6217,258
96724,1780495403.621701,258
96725,1780495403.621702,262
96726,1780495403.621703,260
96727,1780495403.6217039,259
96728,1780495403.621705,255
96729,1780495403.621706,252
96730,1780495403.6238341,251
96731,1780495403.6238358,248
96732,1780495403.623837,250
96733,1780495403.623838,246
96734,1780495403.623838,245
96735,1780495403.623839,244
96736,1780495403.62384,246
96737,1780495403.623841,243
96738,1780495403.623842,249
96739,1780495403.623843,249
96740,1780495403.6261408,250
96741,1780495403.626142,254
96742,1780495403.626143,256
96743,1780495403.626144,256
96744,1780495403.6261451,261
96745,1780495403.626146,263
96746,1780495403.626147,260
96747,1780495403.626148,260
96748,1780495403.6261492,259
96749,1780495403.62615,253
96750,1780495403.6261508,252
96751,1780495403.657931,253
96752,1780495403.657933,248
96753,1780495403.6579342,247
96754,1780495403.6579359,248
96755,1780495403.6579368,246
96756,1780495403.657938,246
96757,1780495403.657939,246
96758,1780495403.657949,249
96759,1780495403.6579509,255
96760,1780495403.657952,252
96761,1780495403.660127,256
96762,1780495403.6620002,258
96763,1780495403.6620018,260
96764,1780495403.662003,262
96765,1780495403.662004,263
96766,1780495403.662005,262
96767,1780495403.662007,259
96768,1780495403.662008,260
96769,1780495403.662009,255
96770,1780495403.6620102,249
96771,1780495403.662011,247
96772,1780495403.6693702,247
96773,1780495403.6693718,245
96774,1780495403.669374,241
96775,1780495403.669375,243
96776,1780495403.669377,243
96777,1780495403.669378,245
96778,1780495403.669379,249
96779,1780495403.6693811,250
96780,1780495403.6693819,251
96781,1780495403.6693828,252
96782,1780495403.669385,254
96783,1780495403.671516,257
96784,1780495403.671519,262
96785,1780495403.67152,260
96786,1780495403.6715221,264
96787,1780495403.671523,257
96788,1780495403.671524,259
96789,1780495403.671526,252
96790,1780495403.671527,247
96791,1780495403.6715279,253
96792,1780495403.671529,246
96793,1780495403.671531,247
96794,1780495403.675167,243
96795,1780495403.67517,244
96796,1780495403.6751711,245
96797,1780495403.675172,246
96798,1780495403.675174,247
96799,1780495403.675175,250
96800,1780495403.675176,252
96801,1780495403.6751769,251
96802,1780495403.675179,253
96803,1780495403.67518,255
96804,1780495403.7042618,262
96805,1780495403.7042649,262
96806,1780495403.704267,258
96807,1780495403.704268,259
96808,1780495403.7042701,253
96809,1780495403.7042718,250
96810,1780495403.704273,254
96811,1780495403.704275,251
96812,1780495403.704276,248
96813,1780495403.704278,248
96814,1780495403.7042801,245
96815,1780495403.7085261,242
96816,1780495403.708529,243
96817,1780495403.708531,249
96818,1780495403.708533,246
96819,1780495403.708535,248
96820,1780495403.7085361,251
96821,1780495403.708538,255
96822,1780495403.70854,258
96823,1780495403.7085419,260
96824,1780495403.708543,260
96825,1780495403.710093,261
96826,1780495403.7100968,258
96827,1780495403.710098,256
96828,1780495403.7101,254
96829,1780495403.710102,252
96830,1780495403.710103,248
96831,1780495403.7101052,245
96832,1780495403.7101061,246
96833,1780495403.7101078,244
96834,1780495403.710109,240
96835,1780495403.710112,244
96836,1780495403.7410738,244
96837,1780495403.741089,245
96838,1780495403.7410922,249
96839,1780495403.7410939,250
96840,1780495403.741096,250
96841,1780495403.741098,251
96842,1780495403.741101,255
96843,1780495403.7411032,256
96844,1780495403.7411048,260
96845,1780495403.741108,260
96846,1780495403.742416,258
96847,1780495403.7467031,256
96848,1780495403.746708,254
96849,1780495403.74671,252
96850,1780495403.746712,250
96851,1780495403.746714,252
96852,1780495403.746717,249
96853,1780495403.746719,245
96854,1780495403.746721,243
96855,1780495403.7467232,243
96856,1780495403.746725,244
96857,1780495403.746729,243
96858,1780495403.748998,247
96859,1780495403.749002,250
96860,1780495403.7490041,251
96861,1780495403.749007,250
96862,1780495403.749009,252
96863,1780495403.749011,257
96864,1780495403.749013,264
96865,1780495403.749015,262
96866,1780495403.7490182,258
96867,1780495403.7490208,256
96868,1780495403.751487,254
96869,1780495403.751492,251
96870,1780495403.751494,250
96871,1780495403.751497,249
96872,1780495403.751499,245
96873,1780495403.751502,247
96874,1780495403.751504,245
96875,1780495403.7515059,244
96876,1780495403.751508,246
96877,1780495403.75151,245
96878,1780495403.7515142,247
96879,1780495403.7970161,249
96880,1780495403.797038,247
96881,1780495403.797045,254
96882,1780495403.797051,255
96883,1780495403.797056,256
96884,1780495403.797062,257
96885,1780495403.7970712,259
96886,1780495403.797077,258
96887,1780495403.797081,258
96888,1780495403.79709,254
96889,1780495403.797097,258
96890,1780495403.799055,253
96891,1780495403.799068,248
96892,1780495403.799072,247
96893,1780495403.799076,247
96894,1780495403.79908,242
96895,1780495403.799084,247
96896,1780495403.799087,244
96897,1780495403.799093,246
96898,1780495403.799097,248
96899,1780495403.799102,248
96900,1780495403.801239,250
96901,1780495403.801257,253
96902,1780495403.8012621,256
96903,1780495403.801266,255
96904,1780495403.80127,259
96905,1780495403.801274,261
96906,1780495403.8012779,260
96907,1780495403.801282,259
96908,1780495403.801286,254
96909,1780495403.8012888,251
96910,1780495403.801294,254
96911,1780495403.803369,248
96912,1780495403.803379,246
96913,1780495403.803383,245
96914,1780495403.803387,242
96915,1780495403.803412,242
96916,1780495403.803416,244
96917,1780495403.803421,247
96918,1780495403.803425,248
96919,1780495403.8034291,248
96920,1780495403.803433,254
96921,1780495403.8034408,250
96922,1780495403.8056471,255
96923,1780495403.805656,256
96924,1780495403.805661,260
96925,1780495403.805665,263
96926,1780495403.8056698,258
96927,1780495403.805675,256
96928,1780495403.805683,256
96929,1780495403.805689,250
96930,1780495403.8056939,251
96931,1780495403.8057,247
96932,1780495403.835458,248
96933,1780495403.835485,246
96934,1780495403.8354912,244
96935,1780495403.835495,245
96936,1780495403.8355,245
96937,1780495403.835503,247
96938,1780495403.8355122,251
96939,1780495403.835516,249
96940,1780495403.835521,252
96941,1780495403.8355289,256
96942,1780495403.8355358,256
96943,1780495403.839621,259
96944,1780495403.839635,262
96945,1780495403.839639,261
96946,1780495403.8396428,257
96947,1780495403.839647,256
96948,1780495403.839651,257
96949,1780495403.839655,254
96950,1780495403.839659,250
96951,1780495403.8396642,252
96952,1780495403.839668,253
96953,1780495403.839673,247
96954,1780495403.8418891,246
96955,1780495403.841898,243
96956,1780495403.8419032,247
96957,1780495403.841907,249
96958,1780495403.841912,247
96959,1780495403.8419158,252
96960,1780495403.841922,253
96961,1780495403.8419461,255
96962,1780495403.841951,257
96963,1780495403.841957,258
96964,1780495403.84575,264
96965,1780495403.84578,263
96966,1780495403.845786,259
96967,1780495403.8457909,257
96968,1780495403.845796,258
96969,1780495403.8458009,255
96970,1780495403.8458061,251
96971,1780495403.845811,252
96972,1780495403.8458161,249
96973,1780495403.845821,245
96974,1780495403.845828,246
96975,1780495403.877373,249
96976,1780495403.877381,246
96977,1780495403.877384,251
96978,1780495403.877386,250
96979,1780495403.877388,248
96980,1780495403.877391,254
96981,1780495403.877393,255
96982,1780495403.877395,259
96983,1780495403.877397,260
96984,1780495403.8774002,266
96985,1780495403.877404,263
96986,1780495403.8795059,260
96987,1780495403.879511,258
96988,1780495403.879513,258
96989,1780495403.879516,255
96990,1780495403.879518,253
96991,1780495403.87952,249
96992,1780495403.879522,250
96993,1780495403.8795252,247
96994,1780495403.8795269,245
96995,1780495403.87953,248
96996,1780495403.883958,245
96997,1780495403.883965,249
96998,1780495403.883967,248
96999,1780495403.88397,255
97000,1780495403.8839722,254
97001,1780495403.883975,254
97002,1780495403.883977,258
97003,1780495403.883979,260
97004,1780495403.883981,262
97005,1780495403.8839831,262
97006,1780495403.883987,263
97007,1780495403.912985,258
97008,1780495403.9129899,258
97009,1780495403.912991,252
97010,1780495403.912993,251
97011,1780495403.9129941,252
97012,1780495403.912995,249
97013,1780495403.912996,246
97014,1780495403.912998,247
97015,1780495403.912999,246
97016,1780495403.9129999,246
97017,1780495403.913002,252
97018,1780495403.916949,249
97019,1780495403.916951,252
97020,1780495403.916953,251
97021,1780495403.916954,257
97022,1780495403.916955,258
97023,1780495403.916956,264
97024,1780495403.9169579,265
97025,1780495403.916959,262
97026,1780495403.91696,260
97027,1780495403.9169621,259
97028,1780495403.92048,256
97029,1780495403.920483,254
97030,1780495403.920484,252
97031,1780495403.920485,250
97032,1780495403.920486,246
97033,1780495403.920487,246
97034,1780495403.9204879,244
97035,1780495403.920489,248
97036,1780495403.92049,248
97037,1780495403.920491,246
97038,1780495403.9204931,244
97039,1780495403.922629,252
97040,1780495403.922631,251
97041,1780495403.922632,256
97042,1780495403.922633,255
97043,1780495403.922635,257
97044,1780495403.922636,264
97045,1780495403.922637,261
97046,1780495403.9226382,258
97047,1780495403.9226391,259
97048,1780495403.9226398,256
97049,1780495403.922642,252
97050,1780495403.951712,251
97051,1780495403.951714,250
97052,1780495403.951715,246
97053,1780495403.9517162,244
97054,1780495403.9517171,244
97055,1780495403.9517171,243
97056,1780495403.9517179,248
97057,1780495403.9517188,245
97058,1780495403.95172,246
97059,1780495403.951721,249
97060,1780495403.951722,251
97061,1780495403.955998,255
97062,1780495403.956,254
97063,1780495403.956001,260
97064,1780495403.956002,261
97065,1780495403.9560032,262
97066,1780495403.9560041,256
97067,1780495403.9560041,258
97068,1780495403.956005,255
97069,1780495403.9560058,252
97070,1780495403.956007,253
97071,1780495403.957398,251
97072,1780495403.9573991,243
97073,1780495403.957408,246
97074,1780495403.957409,244
97075,1780495403.95741,246
97076,1780495403.957411,245
97077,1780495403.957412,245
97078,1780495403.9574132,248
97079,1780495403.9574132,250
97080,1780495403.957414,251
97081,1780495403.9574149,253
97082,1780495403.961281,254
97083,1780495403.961283,260
97084,1780495403.9612842,262
97085,1780495403.961285,258
97086,1780495403.961285,260
97087,1780495403.9612858,255
97088,1780495403.961287,254
97089,1780495403.961288,253
97090,1780495403.961288,252
97091,1780495403.96129,249
97092,1780495403.993485,249
97093,1780495403.9934871,245
97094,1780495403.9934878,243
97095,1780495403.9934888,243
97096,1780495403.99349,245
97097,1780495403.993491,245
97098,1780495403.993492,245
97099,1780495403.993492,249
97100,1780495403.993493,251
97101,1780495403.993494,251
97102,1780495403.993495,259
97103,1780495403.9983108,258
97104,1780495403.998313,261
97105,1780495403.998314,258
97106,1780495403.998315,260
97107,1780495403.998316,252
97108,1780495403.998317,254
97109,1780495403.998317,251
97110,1780495403.9983182,252
97111,1780495403.9983191,250
97112,1780495403.99832,246
97113,1780495403.9983208,243
97114,1780495404.000577,244
97115,1780495404.000579,243
97116,1780495404.00058,243
97117,1780495404.000581,245
97118,1780495404.000581,246
97119,1780495404.000582,246
97120,1780495404.000583,252
97121,1780495404.000584,252
97122,1780495404.000588,254
97123,1780495404.0005891,257
97124,1780495404.030206,259
97125,1780495404.030208,257
97126,1780495404.030209,257
97127,1780495404.03021,256
97128,1780495404.030211,254
97129,1780495404.0302122,252
97130,1780495404.0302122,248
97131,1780495404.030213,246
97132,1780495404.0302138,244
97133,1780495404.030215,242
97134,1780495404.034642,242
97135,1780495404.034644,241
97136,1780495404.034645,240
97137,1780495404.034646,245
97138,1780495404.034646,247
97139,1780495404.034647,247
97140,1780495404.0346482,250
97141,1780495404.0346491,254
97142,1780495404.03465,257
97143,1780495404.0346508,257
97144,1780495404.0346508,260
97145,1780495404.034653,260
97146,1780495404.037031,255
97147,1780495404.0370328,255
97148,1780495404.037034,253
97149,1780495404.037035,250
97150,1780495404.037035,249
97151,1780495404.037036,248
97152,1780495404.0370371,247
97153,1780495404.037038,243
97154,1780495404.037039,239
97155,1780495404.0370402,243
97156,1780495404.041575,242
97157,1780495404.0415769,243
97158,1780495404.041578,247
97159,1780495404.041579,247
97160,1780495404.04158,247
97161,1780495404.0415812,252
97162,1780495404.0415812,254
97163,1780495404.041582,257
97164,1780495404.041583,262
97165,1780495404.041584,256
97166,1780495404.041585,257
97167,1780495404.0841238,258
97168,1780495404.084127,253
97169,1780495404.084128,248
97170,1780495404.084129,248
97171,1780495404.08413,248
97172,1780495404.084131,247
97173,1780495404.0841322,245
97174,1780495404.0841331,242
97175,1780495404.0841339,244
97176,1780495404.0841348,244
97177,1780495404.084136,246
97178,1780495404.088393,245
97179,1780495404.088395,245
97180,1780495404.088396,250
97181,1780495404.088397,254
97182,1780495404.088398,255
97183,1780495404.0883992,259
97184,1780495404.0884008,262
97185,1780495404.088402,260
97186,1780495404.088403,259
97187,1780495404.088404,257
97188,1780495404.088405,256
97189,1780495404.0898979,251
97190,1780495404.0899,250
97191,1780495404.0899022,249
97192,1780495404.089903,246
97193,1780495404.089904,246
97194,1780495404.0899048,244
97195,1780495404.089906,245
97196,1780495404.089907,244
97197,1780495404.089908,244
97198,1780495404.08991,242
97199,1780495404.094154,247
97200,1780495404.094157,253
97201,1780495404.0941582,253
97202,1780495404.0941591,257
97203,1780495404.0941598,256
97204,1780495404.0941608,261
97205,1780495404.094162,261
97206,1780495404.094163,258
97207,1780495404.094164,254
97208,1780495404.094166,253
97209,1780495404.094167,252
97210,1780495404.096412,252
97211,1780495404.0964139,248
97212,1780495404.096416,245
97213,1780495404.096417,245
97214,1780495404.096421,243
97215,1780495404.096422,243
97216,1780495404.096423,243
97217,1780495404.0964239,244
97218,1780495404.096425,247
97219,1780495404.096427,247
97220,1780495404.125568,251
97221,1780495404.125571,255
97222,1780495404.1255732,257
97223,1780495404.1255739,258
97224,1780495404.125576,257
97225,1780495404.125577,260
97226,1780495404.125578,259
97227,1780495404.12558,257
97228,1780495404.125581,252
97229,1780495404.125582,251
97230,1780495404.125584,247
97231,1780495404.129778,247
97232,1780495404.129781,246
97233,1780495404.129782,247
97234,1780495404.129784,245
97235,1780495404.129785,243
97236,1780495404.129786,246
97237,1780495404.129788,246
97238,1780495404.1297889,247
97239,1780495404.12979,250
97240,1780495404.129792,253
97241,1780495404.1297941,252
97242,1780495404.132054,255
97243,1780495404.1320572,257
97244,1780495404.1320589,258
97245,1780495404.1320598,260
97246,1780495404.132061,259
97247,1780495404.132063,256
97248,1780495404.132064,257
97249,1780495404.132065,252
97250,1780495404.132067,248
97251,1780495404.132069,247
97252,1780495404.1345558,244
97253,1780495404.134559,244
97254,1780495404.134561,244
97255,1780495404.134562,243
97256,1780495404.1345642,247
97257,1780495404.134565,246
97258,1780495404.134567,247
97259,1780495404.134568,250
97260,1780495404.13457,250
97261,1780495404.134572,252
97262,1780495404.136727,255
97263,1780495404.1654341,260
97264,1780495404.165438,260
97265,1780495404.16544,256
97266,1780495404.165442,256
97267,1780495404.1654441,253
97268,1780495404.165445,253
97269,1780495404.165447,254
97270,1780495404.165449,252
97271,1780495404.165451,250
97272,1780495404.165453,246
97273,1780495404.1654541,244
97274,1780495404.165457,245
97275,1780495404.169378,243
97276,1780495404.1693819,246
97277,1780495404.169384,245
97278,1780495404.169386,246
97279,1780495404.169389,248
97280,1780495404.1693912,249
97281,1780495404.1693928,253
97282,1780495404.1694038,255
97283,1780495404.169408,258
97284,1780495404.1729121,261
97285,1780495404.172916,259
97286,1780495404.172919,260
97287,1780495404.1729212,255
97288,1780495404.1729238,255
97289,1780495404.172926,252
97290,1780495404.172928,249
97291,1780495404.17293,248
97292,1780495404.1729321,247
97293,1780495404.172935,244
97294,1780495404.1729379,245
97295,1780495404.179022,243
97296,1780495404.1790268,246
97297,1780495404.179029,250
97298,1780495404.1790311,250
97299,1780495404.179034,248
97300,1780495404.179036,251
97301,1780495404.179038,253
97302,1780495404.17904,257
97303,1780495404.179043,260
97304,1780495404.1790452,260
97305,1780495404.1790478,258
97306,1780495404.2098691,255
97307,1780495404.2098858,257
97308,1780495404.2098901,256
97309,1780495404.2098932,254
97310,1780495404.2099001,250
97311,1780495404.209902,247
97312,1780495404.209905,247
97313,1780495404.209908,246
97314,1780495404.209915,245
97315,1780495404.209919,245
97316,1780495404.214324,244
97317,1780495404.214339,243
97318,1780495404.214346,247
97319,1780495404.214349,248
97320,1780495404.214352,251
97321,1780495404.214355,254
97322,1780495404.2143612,256
97323,1780495404.214365,258
97324,1780495404.214368,259
97325,1780495404.21439,259
97326,1780495404.2143948,258
97327,1780495404.21645,259
97328,1780495404.216463,252
97329,1780495404.216467,255
97330,1780495404.21647,249
97331,1780495404.2164748,248
97332,1780495404.2164779,245
97333,1780495404.216481,244
97334,1780495404.216484,243
97335,1780495404.216487,244
97336,1780495404.216492,246
97337,1780495404.2164962,245
97338,1780495404.218647,247
97339,1780495404.2186549,249
97340,1780495404.218663,250
97341,1780495404.218668,252
97342,1780495404.218677,257
97343,1780495404.2186801,260
97344,1780495404.218684,260
97345,1780495404.218688,262
97346,1780495404.218692,257
97347,1780495404.218697,255
97348,1780495404.233162,253
97349,1780495404.2331991,254
97350,1780495404.233206,252
97351,1780495404.233212,251
97352,1780495404.2332191,248
97353,1780495404.2332249,245
97354,1780495404.23323,246
97355,1780495404.233235,243
97356,1780495404.2332401,242
97357,1780495404.233248,247
97358,1780495404.2332559,249
97359,1780495404.2630558,248
97360,1780495404.26308,250
97361,1780495404.2630851,253
97362,1780495404.263089,256
97363,1780495404.263093,258
97364,1780495404.263097,258
97365,1780495404.2631009,261
97366,1780495404.263105,255
97367,1780495404.263108,252
97368,1780495404.263114,256
97369,1780495404.266861,251
97370,1780495404.266878,251
97371,1780495404.270839,247
97372,1780495404.2708511,247
97373,1780495404.2708569,243
97374,1780495404.270862,243
97375,1780495404.270868,242
97376,1780495404.270873,246
97377,1780495404.2708821,244
97378,1780495404.270887,248
97379,1780495404.270893,248
97380,1780495404.2741902,248
97381,1780495404.2742028,252
97382,1780495404.274209,257
97383,1780495404.2742138,256
97384,1780495404.274219,260
97385,1780495404.274224,259
97386,1780495404.274229,261
97387,1780495404.274233,255
97388,1780495404.2742379,254
97389,1780495404.274244,250
97390,1780495404.274251,252
97391,1780495404.276452,246
97392,1780495404.276469,248
97393,1780495404.2764769,242
97394,1780495404.276482,242
97395,1780495404.2764869,245
97396,1780495404.276491,244
97397,1780495404.276496,245
97398,1780495404.2765021,249
97399,1780495404.276509,246
97400,1780495404.276514,245
97401,1780495404.276521,254
97402,1780495404.3064508,253
97403,1780495404.306481,256
97404,1780495404.3064861,262
97405,1780495404.3064902,261
97406,1780495404.306494,256
97407,1780495404.306499,255
97408,1780495404.306504,253
97409,1780495404.306508,252
97410,1780495404.3065119,250
97411,1780495404.306519,250
97412,1780495404.308318,243
97413,1780495404.308327,243
97414,1780495404.308331,241
97415,1780495404.308335,244
97416,1780495404.308338,243
97417,1780495404.308341,246
97418,1780495404.3083441,245
97419,1780495404.308347,249
97420,1780495404.3083498,251
97421,1780495404.308353,252
97422,1780495404.3083572,251
97423,1780495404.312995,258
97424,1780495404.31301,262
97425,1780495404.313013,257
97426,1780495404.3130162,256
97427,1780495404.313018,255
97428,1780495404.31302,252
97429,1780495404.313023,254
97430,1780495404.313025,252
97431,1780495404.313028,246
97432,1780495404.31303,249
97433,1780495404.313036,243
97434,1780495404.315135,245
97435,1780495404.3151412,241
97436,1780495404.3151438,242
97437,1780495404.315147,246
97438,1780495404.31515,245
97439,1780495404.315153,250
97440,1780495404.315156,250
97441,1780495404.315159,252
97442,1780495404.3151622,256
97443,1780495404.315166,256
97444,1780495404.379733,261
97445,1780495404.379736,259
97446,1780495404.3797371,256
97447,1780495404.379738,255
97448,1780495404.3797388,255
97449,1780495404.37974,251
97450,1780495404.379741,248
97451,1780495404.379741,246
97452,1780495404.379742,244
97453,1780495404.3797429,248
97454,1780495404.379745,246
97455,1780495404.384077,245
97456,1780495404.3840792,247
97457,1780495404.38408,241
97458,1780495404.384081,249
97459,1780495404.3840818,250
97460,1780495404.384083,249
97461,1780495404.384084,252
97462,1780495404.384084,257
97463,1780495404.384085,258
97464,1780495404.3840861,258
97465,1780495404.384087,259
97466,1780495404.388551,260
97467,1780495404.388553,255
97468,1780495404.388554,254
97469,1780495404.388555,244
97470,1780495404.388555,250
97471,1780495404.388556,248
97472,1780495404.388557,248
97473,1780495404.3885581,244
97474,1780495404.3885581,245
97475,1780495404.3885598,246
97476,1780495404.390193,244
97477,1780495404.390195,247
97478,1780495404.390196,246
97479,1780495404.390197,247
97480,1780495404.390197,251
97481,1780495404.390198,252
97482,1780495404.390199,253
97483,1780495404.3902001,257
97484,1780495404.3902001,260
97485,1780495404.390201,258
97486,1780495404.390202,258
97487,1780495404.394113,253
97488,1780495404.394114,252
97489,1780495404.394115,254
97490,1780495404.3941162,246
97491,1780495404.394117,247
97492,1780495404.3941178,245
97493,1780495404.3941178,243
97494,1780495404.394119,242
97495,1780495404.39412,243
97496,1780495404.394121,247
97497,1780495404.394122,247
97498,1780495404.396405,246
97499,1780495404.3964071,249
97500,1780495404.396408,252
97501,1780495404.396408,253
97502,1780495404.396409,258
97503,1780495404.3964102,258
97504,1780495404.396411,258
97505,1780495404.396412,262
97506,1780495404.396412,262
97507,1780495404.396414,256
97508,1780495404.398657,253
97509,1780495404.398659,253
97510,1780495404.3986602,250
97511,1780495404.3986602,248
97512,1780495404.3986611,246
97513,1780495404.3986619,242
97514,1780495404.3986628,242
97515,1780495404.398664,243
97516,1780495404.398665,243
97517,1780495404.398666,245
97518,1780495404.398667,245
97519,1780495404.4008682,248
97520,1780495404.4008691,250
97521,1780495404.4008698,251
97522,1780495404.4008708,258
97523,1780495404.400872,261
97524,1780495404.400873,261
97525,1780495404.400873,260
97526,1780495404.400874,258
97527,1780495404.400875,256
97528,1780495404.400876,252
97529,1780495404.404402,249
97530,1780495404.44101,252
97531,1780495404.441013,249
97532,1780495404.441014,247
97533,1780495404.441015,244
97534,1780495404.441015,244
97535,1780495404.441016,243
97536,1780495404.4410172,244
97537,1780495404.441018,245
97538,1780495404.4410188,249
97539,1780495404.44102,250
97540,1780495404.445204,249
97541,1780495404.445216,253
97542,1780495404.445219,255
97543,1780495404.44522,260
97544,1780495404.445246,263
97545,1780495404.445248,259
97546,1780495404.445249,257
97547,1780495404.44525,255
97548,1780495404.445251,255
97549,1780495404.4452522,250
97550,1780495404.4452531,251
97551,1780495404.449024,248
97552,1780495404.449026,250
97553,1780495404.449027,246
97554,1780495404.449028,246
97555,1780495404.449028,245
97556,1780495404.4490292,245
97557,1780495404.44903,245
97558,1780495404.4490309,247
97559,1780495404.4490318,249
97560,1780495404.4490318,255
97561,1780495404.449033,256
97562,1780495404.451118,256
97563,1780495404.4511201,261
97564,1780495404.4511209,262
97565,1780495404.4511218,260
97566,1780495404.451123,260
97567,1780495404.451124,257
97568,1780495404.451124,253
97569,1780495404.451125,252
97570,1780495404.451126,248
97571,1780495404.451127,247
97572,1780495404.453388,248
97573,1780495404.4533892,249
97574,1780495404.4533901,246
97575,1780495404.453391,244
97576,1780495404.4533918,244
97577,1780495404.4533918,246
97578,1780495404.453393,245
97579,1780495404.453394,248
97580,1780495404.453395,248
97581,1780495404.453395,253
97582,1780495404.4534001,258
97583,1780495404.4826639,256
97584,1780495404.482666,256
97585,1780495404.482667,260
97586,1780495404.482668,258
97587,1780495404.482669,257
97588,1780495404.482669,253
97589,1780495404.48267,253
97590,1780495404.482671,248
97591,1780495404.4826722,248
97592,1780495404.482673,247
97593,1780495404.482674,244
97594,1780495404.486868,245
97595,1780495404.48687,245
97596,1780495404.486871,246
97597,1780495404.486871,248
97598,1780495404.486872,243
97599,1780495404.4868731,251
97600,1780495404.486874,253
97601,1780495404.4868748,255
97602,1780495404.4868748,260
97603,1780495404.486877,257
97604,1780495404.490289,259
97605,1780495404.4902909,260
97606,1780495404.4902909,257
97607,1780495404.490292,257
97608,1780495404.490293,254
97609,1780495404.490294,252
97610,1780495404.490295,249
97611,1780495404.4902961,249
97612,1780495404.4902961,247
97613,1780495404.490297,242
97614,1780495404.490298,241
97615,1780495404.519361,246
97616,1780495404.5193632,247
97617,1780495404.519364,244
97618,1780495404.519365,249
97619,1780495404.5193658,252
97620,1780495404.519367,251
97621,1780495404.519368,256
97622,1780495404.519369,255
97623,1780495404.519371,258
97624,1780495404.519372,263
97625,1780495404.5212932,259
97626,1780495404.523278,257
97627,1780495404.5232809,257
97628,1780495404.5232818,261
97629,1780495404.523283,251
97630,1780495404.523284,250
97631,1780495404.523285,248
97632,1780495404.523286,248
97633,1780495404.523287,246
97634,1780495404.523287,244
97635,1780495404.5232892,245
97636,1780495404.527733,245
97637,1780495404.527735,244
97638,1780495404.527736,248
97639,1780495404.5277371,249
97640,1780495404.527741,252
97641,1780495404.5277429,255
97642,1780495404.527744,257
97643,1780495404.527745,259
97644,1780495404.527746,263
97645,1780495404.5277472,254
97646,1780495404.527748,255
97647,1780495404.530216,257
97648,1780495404.530218,256
97649,1780495404.53022,253
97650,1780495404.530221,252
97651,1780495404.530298,247
97652,1780495404.5303009,246
97653,1780495404.530302,246
97654,1780495404.530304,242
97655,1780495404.530305,246
97656,1780495404.530306,244
97657,1780495404.530307,246
97658,1780495404.563488,250
97659,1780495404.563492,251
97660,1780495404.563493,249
97661,1780495404.563495,255
97662,1780495404.5634959,256
97663,1780495404.563497,262
97664,1780495404.563499,262
97665,1780495404.5635,258
97666,1780495404.563502,258
97667,1780495404.563503,259
97668,1780495404.569358,253
97669,1780495404.569362,258
97670,1780495404.5693629,249
97671,1780495404.569365,249
97672,1780495404.569366,247
97673,1780495404.569367,244
97674,1780495404.569369,243
97675,1780495404.56937,243
97676,1780495404.569372,245
97677,1780495404.569373,245
97678,1780495404.569375,246
97679,1780495404.57142,251
97680,1780495404.571423,250
97681,1780495404.571424,254
97682,1780495404.5714262,257
97683,1780495404.571427,260
97684,1780495404.571428,261
97685,1780495404.57143,263
97686,1780495404.571431,260
97687,1780495404.571433,254
97688,1780495404.571434,256
97689,1780495404.571436,253
97690,1780495404.5737479,247
97691,1780495404.573751,247
97692,1780495404.573753,246
97693,1780495404.573756,243
97694,1780495404.573757,244
97695,1780495404.573758,244
97696,1780495404.57376,246
97697,1780495404.573766,247
97698,1780495404.573767,245
97699,1780495404.5737689,253
97700,1780495404.604766,251
97701,1780495404.6047711,255
97702,1780495404.604773,255
97703,1780495404.604775,261
97704,1780495404.6047769,263
97705,1780495404.604779,261
97706,1780495404.6047812,258
97707,1780495404.604783,257
97708,1780495404.604785,259
97709,1780495404.6047869,254
97710,1780495404.605945,248
97711,1780495404.610657,247
97712,1780495404.610662,249
97713,1780495404.610664,242
97714,1780495404.610666,242
97715,1780495404.610668,248
97716,1780495404.6106691,246
97717,1780495404.610671,249
97718,1780495404.610673,252
97719,1780495404.6106749,251
97720,1780495404.610677,251
97721,1780495404.6106791,256
97722,1780495404.610681,257
97723,1780495404.610683,257
97724,1780495404.610684,265
97725,1780495404.610686,264
97726,1780495404.610688,255
97727,1780495404.61069,258
97728,1780495404.610692,256
97729,1780495404.6106932,248
97730,1780495404.610695,250
97731,1780495404.610699,248
97732,1780495404.615135,246
97733,1780495404.615139,244
97734,1780495404.6151419,244
97735,1780495404.615144,243
97736,1780495404.615146,246
97737,1780495404.615148,248
97738,1780495404.6151512,247
97739,1780495404.6151528,251
97740,1780495404.615155,251
97741,1780495404.615157,252
97742,1780495404.61516,256
97743,1780495404.644365,255
97744,1780495404.644387,260
97745,1780495404.6443908,256
97746,1780495404.644396,259
97747,1780495404.644415,253
97748,1780495404.644423,253
97749,1780495404.6444259,252
97750,1780495404.644429,250
97751,1780495404.644434,246
97752,1780495404.644436,248
97753,1780495404.6444402,245
97754,1780495404.648787,244
97755,1780495404.648809,245
97756,1780495404.648813,243
97757,1780495404.648816,248
97758,1780495404.648819,247
97759,1780495404.648823,252
97760,1780495404.6488261,254
97761,1780495404.648829,254
97762,1780495404.6488352,257
97763,1780495404.648839,258
97764,1780495404.6502259,262
97765,1780495404.650249,258
97766,1780495404.6502552,257
97767,1780495404.6502578,259
97768,1780495404.6502678,250
97769,1780495404.650284,250
97770,1780495404.650288,247
97771,1780495404.650291,245
97772,1780495404.650353,249
97773,1780495404.65036,245
97774,1780495404.650466,246
97775,1780495404.6911502,242
97776,1780495404.691181,246
97777,1780495404.691186,246
97778,1780495404.691189,248
97779,1780495404.6911922,250
97780,1780495404.6911948,252
97781,1780495404.6912,255
97782,1780495404.691203,257
97783,1780495404.691205,257
97784,1780495404.691208,261
97785,1780495404.691215,260
97786,1780495404.693341,257
97787,1780495404.693352,254
97788,1780495404.6933591,253
97789,1780495404.693368,252
97790,1780495404.69337,249
97791,1780495404.693372,250
97792,1780495404.6933749,248
97793,1780495404.693378,247
97794,1780495404.693381,245
97795,1780495404.693385,247
97796,1780495404.6978219,246
97797,1780495404.697846,250
97798,1780495404.697849,252
97799,1780495404.697852,250
97800,1780495404.697855,253
97801,1780495404.697858,258
97802,1780495404.69786,261
97803,1780495404.6978629,263
97804,1780495404.697865,259
97805,1780495404.697868,260
97806,1780495404.6978712,260
97807,1780495404.700018,259
97808,1780495404.700044,254
97809,1780495404.700047,254
97810,1780495404.7000499,256
97811,1780495404.700052,249
97812,1780495404.7000551,248
97813,1780495404.700057,247
97814,1780495404.70006,246
97815,1780495404.700062,247
97816,1780495404.7000651,247
97817,1780495404.700068,247
97818,1780495404.702303,249
97819,1780495404.702323,250
97820,1780495404.702326,249
97821,1780495404.7023292,253
97822,1780495404.7023308,257
97823,1780495404.702335,257
97824,1780495404.702338,264
97825,1780495404.7023418,257
97826,1780495404.702351,254
97827,1780495404.70254,255
97828,1780495404.73147,252
97829,1780495404.7314901,250
97830,1780495404.731494,246
97831,1780495404.731497,247
97832,1780495404.7315001,245
97833,1780495404.731503,244
97834,1780495404.731505,244
97835,1780495404.7315211,247
97836,1780495404.731524,245
97837,1780495404.731528,246
97838,1780495404.7342029,251
97839,1780495404.736228,249
97840,1780495404.7362392,251
97841,1780495404.736243,253
97842,1780495404.736246,258
97843,1780495404.736248,256
97844,1780495404.7362509,261
97845,1780495404.736255,258
97846,1780495404.736258,257
97847,1780495404.7362602,256
97848,1780495404.736264,254
97849,1780495404.738086,251
97850,1780495404.74,250
97851,1780495404.740012,250
97852,1780495404.740015,248
97853,1780495404.740018,246
97854,1780495404.740021,242
97855,1780495404.7400231,246
97856,1780495404.740026,245
97857,1780495404.7400289,246
97858,1780495404.740034,245
97859,1780495404.740038,248
97860,1780495404.743049,251
97861,1780495404.743066,254
97862,1780495404.74307,256
97863,1780495404.7430751,257
97864,1780495404.743079,260
97865,1780495404.743083,259
97866,1780495404.743086,257
97867,1780495404.74309,254
97868,1780495404.743093,254
97869,1780495404.743097,248
97870,1780495404.7431018,248
97871,1780495404.7764611,247
97872,1780495404.776466,246
97873,1780495404.776468,242
97874,1780495404.776469,243
97875,1780495404.7764711,243
97876,1780495404.776473,246
97877,1780495404.776474,244
97878,1780495404.776476,248
97879,1780495404.7764769,248
97880,1780495404.776479,253
97881,1780495404.776481,253
97882,1780495404.779925,259
97883,1780495404.779928,257
97884,1780495404.7799292,260
97885,1780495404.7799308,257
97886,1780495404.779933,259
97887,1780495404.779934,255
97888,1780495404.779936,255
97889,1780495404.779938,254
97890,1780495404.7799392,252
97891,1780495404.779941,249
97892,1780495404.782429,244
97893,1780495404.782433,244
97894,1780495404.782434,243
97895,1780495404.7824361,246
97896,1780495404.782437,246
97897,1780495404.782439,244
97898,1780495404.78244,248
97899,1780495404.782442,253
97900,1780495404.782443,253
97901,1780495404.782445,254
97902,1780495404.782447,256
97903,1780495404.7849972,260
97904,1780495404.7849998,261
97905,1780495404.785002,256
97906,1780495404.785003,258
97907,1780495404.785005,258
97908,1780495404.785006,253
97909,1780495404.785007,251
97910,1780495404.785009,247
97911,1780495404.7850099,248
97912,1780495404.785012,245
97913,1780495404.785014,245
97914,1780495404.8150961,242
97915,1780495404.8150988,245
97916,1780495404.8151,243
97917,1780495404.815101,244
97918,1780495404.815101,245
97919,1780495404.8151019,248
97920,1780495404.815103,251
97921,1780495404.815104,255
97922,1780495404.815105,258
97923,1780495404.8151062,262
97924,1780495404.815108,260
97925,1780495404.818614,259
97926,1780495404.8186162,258
97927,1780495404.818617,257
97928,1780495404.818618,253
97929,1780495404.8186188,254
97930,1780495404.8186188,250
97931,1780495404.81862,248
97932,1780495404.818621,246
97933,1780495404.8186219,241
97934,1780495404.818623,244
97935,1780495404.8212,246
97936,1780495404.8212018,246
97937,1780495404.821203,248
97938,1780495404.821204,247
97939,1780495404.821205,245
97940,1780495404.821205,250
97941,1780495404.821206,253
97942,1780495404.821207,257
97943,1780495404.821208,259
97944,1780495404.8212092,261
97945,1780495404.8212109,260
97946,1780495404.824971,257
97947,1780495404.824973,255
97948,1780495404.824973,252
97949,1780495404.824974,250
97950,1780495404.824975,251
97951,1780495404.824976,248
97952,1780495404.824977,246
97953,1780495404.824977,246
97954,1780495404.8249779,243
97955,1780495404.8249788,245
97956,1780495404.855159,245
97957,1780495404.8551621,248
97958,1780495404.8551629,248
97959,1780495404.8551638,251
97960,1780495404.855165,252
97961,1780495404.855166,256
97962,1780495404.855166,256
97963,1780495404.855167,260
97964,1780495404.855168,264
97965,1780495404.855169,262
97966,1780495404.85517,262
97967,1780495404.858598,256
97968,1780495404.8586,256
97969,1780495404.8586009,254
97970,1780495404.858602,249
97971,1780495404.858603,248
97972,1780495404.858603,245
97973,1780495404.858604,245
97974,1780495404.8586051,247
97975,1780495404.858606,242
97976,1780495404.858607,249
97977,1780495404.8604832,246
97978,1780495404.8629289,246
97979,1780495404.862931,249
97980,1780495404.862932,253
97981,1780495404.862933,254
97982,1780495404.862934,257
97983,1780495404.862934,260
97984,1780495404.862935,262
97985,1780495404.862936,260
97986,1780495404.862937,260
97987,1780495404.8629382,262
97988,1780495404.870036,255
97989,1780495404.870038,252
97990,1780495404.870039,252
97991,1780495404.8700402,250
97992,1780495404.8700411,248
97993,1780495404.8700411,243
97994,1780495404.870042,246
97995,1780495404.8700428,243
97996,1780495404.870044,245
97997,1780495404.870044,246
97998,1780495404.870046,250
97999,1780495404.900209,253
98000,1780495404.900212,255
98001,1780495404.900213,256
98002,1780495404.900214,259
98003,1780495404.9002151,262
98004,1780495404.9002151,264
98005,1780495404.900216,260
98006,1780495404.900217,260
98007,1780495404.900218,258
98008,1780495404.900219,255
98009,1780495404.90022,255
98010,1780495404.9036212,253
98011,1780495404.9036229,249
98012,1780495404.9036238,248
98013,1780495404.903625,248
98014,1780495404.903626,244
98015,1780495404.903626,246
98016,1780495404.903627,249
98017,1780495404.903628,247
98018,1780495404.903629,248
98019,1780495404.90363,252
98020,1780495404.9062479,255
98021,1780495404.90625,257
98022,1780495404.906251,257
98023,1780495404.906251,263
98024,1780495404.9062521,264
98025,1780495404.906253,263
98026,1780495404.906254,260
98027,1780495404.906255,257
98028,1780495404.906255,256
98029,1780495404.90626,253
98030,1780495404.906261,252
98031,1780495404.913725,250
98032,1780495404.913728,247
98033,1780495404.913728,246
98034,1780495404.913729,243
98035,1780495404.9137301,244
98036,1780495404.913731,248
98037,1780495404.913732,248
98038,1780495404.913733,253
98039,1780495404.913733,251
98040,1780495404.913734,253
98041,1780495404.913735,261
98042,1780495404.943924,256
98043,1780495404.943927,264
98044,1780495404.943928,265
98045,1780495404.943928,261
98046,1780495404.9439292,262
98047,1780495404.9439301,261
98048,1780495404.9439309,255
98049,1780495404.9439318,256
98050,1780495404.943933,251
98051,1780495404.943934,250
98052,1780495404.947505,248
98053,1780495404.947506,248
98054,1780495404.947507,247
98055,1780495404.9475079,250
98056,1780495404.947509,247
98057,1780495404.94751,250
98058,1780495404.947511,253
98059,1780495404.9475121,253
98060,1780495404.947513,256
98061,1780495404.947514,257
98062,1780495404.9475148,260
98063,1780495404.949882,263
98064,1780495404.949884,266
98065,1780495404.949885,262
98066,1780495404.9498858,261
98067,1780495404.949887,258
98068,1780495404.949888,253
98069,1780495404.949889,256
98070,1780495404.9498901,254
98071,1780495404.949891,251
98072,1780495404.949892,250
98073,1780495404.9498932,247
98074,1780495404.952926,246
98075,1780495404.952928,246
98076,1780495404.952929,247
98077,1780495404.95293,249
98078,1780495404.9529312,250
98079,1780495404.9529321,253
98080,1780495404.952933,254
98081,1780495404.9529338,260
98082,1780495404.952935,261
98083,1780495404.952936,263
98084,1780495404.994982,264
98085,1780495404.994986,258
98086,1780495404.994988,259
98087,1780495404.9949892,261
98088,1780495404.994991,255
98089,1780495404.994992,249
98090,1780495404.994994,256
98091,1780495404.9949949,249
98092,1780495404.994996,246
98093,1780495404.994998,247
98094,1780495404.9950001,245
98095,1780495404.997447,245
98096,1780495404.9974499,247
98097,1780495404.997451,246
98098,1780495404.997452,249
98099,1780495404.9974542,252
98100,1780495404.9974551,252
98101,1780495404.9974568,252
98102,1780495404.997458,257
98103,1780495404.997459,262
98104,1780495404.997461,261
98105,1780495404.997463,263
98106,1780495404.9998631,257
98107,1780495404.999866,258
98108,1780495404.999871,253
98109,1780495404.999872,252
98110,1780495404.999874,250
98111,1780495404.999875,247
98112,1780495404.9998772,248
98113,1780495404.999878,250
98114,1780495404.999879,242
98115,1780495404.999881,246
98116,1780495405.002423,246
98117,1780495405.00243,244
98118,1780495405.002431,249
98119,1780495405.002433,251
98120,1780495405.002434,247
98121,1780495405.002435,254
98122,1780495405.0024362,259
98123,1780495405.0024378,256
98124,1780495405.002439,262
98125,1780495405.00244,259
98126,1780495405.002443,258
98127,1780495405.008755,253
98128,1780495405.008758,253
98129,1780495405.00876,252
98130,1780495405.0087612,247
98131,1780495405.0087621,247
98132,1780495405.0087638,246
98133,1780495405.008765,244
98134,1780495405.008767,241
98135,1780495405.008768,243
98136,1780495405.008769,242
98137,1780495405.038951,247
98138,1780495405.038955,248
98139,1780495405.038957,249
98140,1780495405.038959,250
98141,1780495405.038961,253
98142,1780495405.038962,254
98143,1780495405.038964,260
98144,1780495405.0389671,262
98145,1780495405.038969,257
98146,1780495405.03897,257
98147,1780495405.038972,255
98148,1780495405.038975,254
98149,1780495405.0429251,249
98150,1780495405.042929,249
98151,1780495405.0429308,246
98152,1780495405.042933,247
98153,1780495405.042934,240
98154,1780495405.042936,245
98155,1780495405.042938,243
98156,1780495405.04294,242
98157,1780495405.042948,246
98158,1780495405.0429509,247
98159,1780495405.0475159,251
98160,1780495405.047521,251
98161,1780495405.047523,255
98162,1780495405.0475252,256
98163,1780495405.0475268,259
98164,1780495405.047528,260
98165,1780495405.047531,257
98166,1780495405.047533,256
98167,1780495405.0475352,253
98168,1780495405.0475361,253
98169,1780495405.047539,248
98170,1780495405.050026,245
98171,1780495405.0500312,246
98172,1780495405.0500329,245
98173,1780495405.050035,243
98174,1780495405.050037,243
98175,1780495405.050039,242
98176,1780495405.0500422,243
98177,1780495405.0500438,244
98178,1780495405.050046,246
98179,1780495405.050049,249
98180,1780495405.080276,249
98181,1780495405.080297,255
98182,1780495405.080301,257
98183,1780495405.0803041,261
98184,1780495405.080307,256
98185,1780495405.08031,260
98186,1780495405.0803132,253
98187,1780495405.08032,252
98188,1780495405.080323,254
98189,1780495405.0803251,251
98190,1780495405.080329,249
98191,1780495405.083763,244
98192,1780495405.0837781,245
98193,1780495405.08378,244
98194,1780495405.083783,243
98195,1780495405.083786,244
98196,1780495405.083788,246
98197,1780495405.083791,245
98198,1780495405.083793,250
98199,1780495405.0837948,249
98200,1780495405.083798,251
98201,1780495405.0838048,251
98202,1780495405.0862331,257
98203,1780495405.086245,261
98204,1780495405.0862489,260
98205,1780495405.086252,258
98206,1780495405.086258,256
98207,1780495405.086268,257
98208,1780495405.086276,253
98209,1780495405.086279,251
98210,1780495405.086283,251
98211,1780495405.086286,247
98212,1780495405.095103,245
98213,1780495405.09512,244
98214,1780495405.095124,241
98215,1780495405.095128,245
98216,1780495405.095131,242
98217,1780495405.095135,247
98218,1780495405.09514,250
98219,1780495405.0951428,247
98220,1780495405.095147,251
98221,1780495405.09515,252
98222,1780495405.095156,254
98223,1780495405.1254132,257
98224,1780495405.125459,259
98225,1780495405.1254752,258
98226,1780495405.125482,256
98227,1780495405.12549,251
98228,1780495405.125495,255
98229,1780495405.125501,249
98230,1780495405.1255062,249
98231,1780495405.125511,247
98232,1780495405.125522,244
98233,1780495405.127954,241
98234,1780495405.13006,244
98235,1780495405.1300778,246
98236,1780495405.130083,244
98237,1780495405.130089,247
98238,1780495405.130093,247
98239,1780495405.1300979,250
98240,1780495405.1301062,252
98241,1780495405.130112,252
98242,1780495405.1301172,258
98243,1780495405.130126,258
98244,1780495405.1330938,264
98245,1780495405.1331131,257
98246,1780495405.1331189,257
98247,1780495405.133125,250
98248,1780495405.13313,249
98249,1780495405.133135,249
98250,1780495405.13314,250
98251,1780495405.133145,248
98252,1780495405.1331499,245
98253,1780495405.133155,241
98254,1780495405.133162,242
98255,1780495405.137693,241
98256,1780495405.137711,242
98257,1780495405.1377149,246
98258,1780495405.1377192,246
98259,1780495405.137722,250
98260,1780495405.137727,253
98261,1780495405.137731,255
98262,1780495405.137735,253
98263,1780495405.137739,256
98264,1780495405.137743,258
98265,1780495405.137749,259
98266,1780495405.167802,257
98267,1780495405.167827,257
98268,1780495405.167834,254
98269,1780495405.167847,247
98270,1780495405.167853,251
98271,1780495405.1678588,248
98272,1780495405.167865,244
98273,1780495405.16787,244
98274,1780495405.167875,243
98275,1780495405.1679192,243
98276,1780495405.17132,242
98277,1780495405.171333,243
98278,1780495405.171337,245
98279,1780495405.171341,248
98280,1780495405.1713438,253
98281,1780495405.1713479,254
98282,1780495405.1713521,257
98283,1780495405.171365,260
98284,1780495405.171369,256
98285,1780495405.1713731,258
98286,1780495405.171378,256
98287,1780495405.173703,255
98288,1780495405.173714,253
98289,1780495405.173719,249
98290,1780495405.173723,248
98291,1780495405.173727,244
98292,1780495405.173731,246
98293,1780495405.1737359,243
98294,1780495405.1737401,243
98295,1780495405.1737442,240
98296,1780495405.173749,237
98297,1780495405.176248,245
98298,1780495405.176256,246
98299,1780495405.176266,254
98300,1780495405.1762712,253
98301,1780495405.176276,254
98302,1780495405.17628,257
98303,1780495405.176283,259
98304,1780495405.17629,260
98305,1780495405.1762938,258
98306,1780495405.176298,254
98307,1780495405.1763022,253
98308,1780495405.206466,252
98309,1780495405.206472,250
98310,1780495405.206474,247
98311,1780495405.206476,245
98312,1780495405.206478,248
98313,1780495405.2064798,243
98314,1780495405.206482,244
98315,1780495405.206484,244
98316,1780495405.206486,244
98317,1780495405.2064881,245
98318,1780495405.206492,250
98319,1780495405.209908,248
98320,1780495405.209912,250
98321,1780495405.2099142,255
98322,1780495405.209915,256
98323,1780495405.2099168,259
98324,1780495405.209919,257
98325,1780495405.2099211,257
98326,1780495405.209923,258
98327,1780495405.2099252,252
98328,1780495405.2099268,253
98329,1780495405.209929,251
98330,1780495405.212495,245
98331,1780495405.212498,244
98332,1780495405.2124999,244
98333,1780495405.212502,243
98334,1780495405.212503,243
98335,1780495405.212505,241
98336,1780495405.2125068,242
98337,1780495405.212508,247
98338,1780495405.2125099,248
98339,1780495405.212512,249
98340,1780495405.242696,249
98341,1780495405.242698,251
98342,1780495405.242699,256
98343,1780495405.242701,258
98344,1780495405.242702,259
98345,1780495405.2427032,255
98346,1780495405.242704,254
98347,1780495405.2427049,250
98348,1780495405.2427058,249
98349,1780495405.2427058,251
98350,1780495405.242708,247
98351,1780495405.2462158,246
98352,1780495405.246218,244
98353,1780495405.246219,244
98354,1780495405.24622,241
98355,1780495405.246221,246
98356,1780495405.246222,244
98357,1780495405.2462232,248
98358,1780495405.246224,247
98359,1780495405.2462249,248
98360,1780495405.2462258,251
98361,1780495405.246228,256
98362,1780495405.248649,257
98363,1780495405.248651,259
98364,1780495405.248652,261
98365,1780495405.2486532,258
98366,1780495405.2486541,256
98367,1780495405.248655,252
98368,1780495405.2486558,254
98369,1780495405.2486558,249
98370,1780495405.248657,247
98371,1780495405.248659,248
98372,1780495405.2512372,246
98373,1780495405.2512379,241
98374,1780495405.2512388,242
98375,1780495405.25124,249
98376,1780495405.251241,242
98377,1780495405.251242,243
98378,1780495405.251243,244
98379,1780495405.251244,248
98380,1780495405.251245,250
98381,1780495405.251245,253
98382,1780495405.2512472,257
98383,1780495405.29617,258
98384,1780495405.2961721,257
98385,1780495405.296173,253
98386,1780495405.296174,254
98387,1780495405.296175,253
98388,1780495405.2961762,249
98389,1780495405.2961762,251
98390,1780495405.296177,247
98391,1780495405.2961779,245
98392,1780495405.296179,244
98393,1780495405.29618,245
98394,1780495405.298625,243
98395,1780495405.298628,242
98396,1780495405.298629,242
98397,1780495405.29863,244
98398,1780495405.29863,250
98399,1780495405.298631,248
98400,1780495405.298632,250
98401,1780495405.2986329,252
98402,1780495405.298634,255
98403,1780495405.298635,258
98404,1780495405.301186,258
98405,1780495405.301188,257
98406,1780495405.3011892,255
98407,1780495405.30119,254
98408,1780495405.3011909,249
98409,1780495405.3011909,251
98410,1780495405.301192,249
98411,1780495405.301193,246
98412,1780495405.301194,243
98413,1780495405.301195,242
98414,1780495405.301196,241
98415,1780495405.30368,243
98416,1780495405.303682,245
98417,1780495405.303683,245
98418,1780495405.303684,246
98419,1780495405.303684,246
98420,1780495405.3036852,253
98421,1780495405.303686,252
98422,1780495405.3036869,255
98423,1780495405.303688,257
98424,1780495405.303688,255
98425,1780495405.30369,260
98426,1780495405.3061602,257
98427,1780495405.306161,251
98428,1780495405.3061619,252
98429,1780495405.3061628,249
98430,1780495405.306164,249
98431,1780495405.306164,245
98432,1780495405.306165,245
98433,1780495405.306166,241
98434,1780495405.3061671,244
98435,1780495405.306168,242
98436,1780495405.3363662,246
98437,1780495405.336368,246
98438,1780495405.3363688,244
98439,1780495405.33637,247
98440,1780495405.336371,247
98441,1780495405.336371,253
98442,1780495405.336372,256
98443,1780495405.336373,258
98444,1780495405.336374,257
98445,1780495405.336375,256
98446,1780495405.336376,255
98447,1780495405.339933,251
98448,1780495405.339935,250
98449,1780495405.339936,248
98450,1780495405.339936,244
98451,1780495405.339937,247
98452,1780495405.3399382,245
98453,1780495405.339939,244
98454,1780495405.33994,238
98455,1780495405.33994,242
98456,1780495405.339941,245
98457,1780495405.342946,245
98458,1780495405.3429492,246
98459,1780495405.342955,249
98460,1780495405.342956,250
98461,1780495405.342957,254
98462,1780495405.342958,254
98463,1780495405.3429592,259
98464,1780495405.3429601,262
98465,1780495405.3429608,259
98466,1780495405.342962,255
98467,1780495405.342963,254
98468,1780495405.376481,256
98469,1780495405.376485,249
98470,1780495405.3764858,247
98471,1780495405.376487,244
98472,1780495405.376488,243
98473,1780495405.376489,239
98474,1780495405.3764899,239
98475,1780495405.376491,245
98476,1780495405.376491,242
98477,1780495405.376492,240
98478,1780495405.3764942,245
98479,1780495405.3799858,248
98480,1780495405.379988,253
98481,1780495405.379989,253
98482,1780495405.37999,256
98483,1780495405.379991,258
98484,1780495405.379992,258
98485,1780495405.3799932,258
98486,1780495405.3799942,254
98487,1780495405.3799949,253
98488,1780495405.3799958,249
98489,1780495405.379997,250
98490,1780495405.382406,246
98491,1780495405.382408,244
98492,1780495405.3824089,246
98493,1780495405.38241,242
98494,1780495405.382411,243
98495,1780495405.382412,242
98496,1780495405.3824131,242
98497,1780495405.382414,247
98498,1780495405.382415,251
98499,1780495405.3824158,251
98500,1780495405.385013,249
98501,1780495405.385015,256
98502,1780495405.385016,254
98503,1780495405.3850172,256
98504,1780495405.385018,256
98505,1780495405.3850188,258
98506,1780495405.38502,254
98507,1780495405.385021,255
98508,1780495405.385022,250
98509,1780495405.3850229,243
98510,1780495405.385024,247
98511,1780495405.415185,247
98512,1780495405.415187,246
98513,1780495405.415188,243
98514,1780495405.415189,241
98515,1780495405.41519,244
98516,1780495405.415191,244
98517,1780495405.415193,246
98518,1780495405.415194,245
98519,1780495405.415195,249
98520,1780495405.415196,250
98521,1780495405.415197,254
98522,1780495405.4187012,256
98523,1780495405.4187038,260
98524,1780495405.418705,262
98525,1780495405.418706,257
98526,1780495405.418707,256
98527,1780495405.418709,252
98528,1780495405.41871,251
98529,1780495405.418711,250
98530,1780495405.4187121,247
98531,1780495405.418714,243
98532,1780495405.421178,246
98533,1780495405.421181,242
98534,1780495405.421182,244
98535,1780495405.421184,244
98536,1780495405.421185,243
98537,1780495405.421186,245
98538,1780495405.421188,248
98539,1780495405.421189,247
98540,1780495405.4211898,251
98541,1780495405.421191,256
98542,1780495405.421193,253
98543,1780495405.4236171,259
98544,1780495405.423619,260
98545,1780495405.4236212,254
98546,1780495405.423622,255
98547,1780495405.4236228,253
98548,1780495405.423624,252
98549,1780495405.423625,246
98550,1780495405.423627,246
98551,1780495405.423628,245
98552,1780495405.42363,243
98553,1780495405.425417,243
98554,1780495405.455074,243
98555,1780495405.455078,244
98556,1780495405.45508,245
98557,1780495405.455081,247
98558,1780495405.455083,245
98559,1780495405.455084,249
98560,1780495405.455086,248
98561,1780495405.4550872,252
98562,1780495405.4550889,256
98563,1780495405.455091,257
98564,1780495405.4586802,256
98565,1780495405.4586828,257
98566,1780495405.458684,258
98567,1780495405.4586859,253
98568,1780495405.458688,250
98569,1780495405.458689,252
98570,1780495405.4586911,247
98571,1780495405.458692,247
98572,1780495405.458694,246
98573,1780495405.458696,241
98574,1780495405.458698,243
98575,1780495405.4611871,243
98576,1780495405.46119,245
98577,1780495405.461192,245
98578,1780495405.461194,246
98579,1780495405.461195,249
98580,1780495405.4611971,253
98581,1780495405.461198,252
98582,1780495405.4611998,257
98583,1780495405.461201,257
98584,1780495405.4612029,259
98585,1780495405.461205,255
98586,1780495405.464129,256
98587,1780495405.464132,253
98588,1780495405.464134,251
98589,1780495405.464136,248
98590,1780495405.464137,245
98591,1780495405.464139,244
98592,1780495405.4641411,246
98593,1780495405.464142,243
98594,1780495405.4641438,242
98595,1780495405.464146,244
98596,1780495405.496445,243
98597,1780495405.49645,243
98598,1780495405.496452,246
98599,1780495405.496454,246
98600,1780495405.4964569,250
98601,1780495405.496459,256
98602,1780495405.4964612,255
98603,1780495405.496463,259
98604,1780495405.496465,261
98605,1780495405.4964669,255
98606,1780495405.496471,254
98607,1780495405.499924,253
98608,1780495405.4999301,254
98609,1780495405.4999318,250
98610,1780495405.499935,247
98611,1780495405.499937,246
98612,1780495405.499939,246
98613,1780495405.499941,241
98614,1780495405.499944,243
98615,1780495405.4999459,244
98616,1780495405.499948,246
98617,1780495405.499952,243
98618,1780495405.502481,246
98619,1780495405.502485,252
98620,1780495405.5024881,248
98621,1780495405.502491,252
98622,1780495405.502493,254
98623,1780495405.502495,257
98624,1780495405.502497,257
98625,1780495405.502499,251
98626,1780495405.502501,258
98627,1780495405.502505,252
98628,1780495405.532834,252
98629,1780495405.5328588,251
98630,1780495405.532863,244
98631,1780495405.532867,247
98632,1780495405.5328739,245
98633,1780495405.532877,245
98634,1780495405.5328808,245
98635,1780495405.532887,241
98636,1780495405.53289,245
98637,1780495405.532893,245
98638,1780495405.532897,247
98639,1780495405.536302,248
98640,1780495405.536321,249
98641,1780495405.536326,255
98642,1780495405.536331,257
98643,1780495405.536334,259
98644,1780495405.5363379,257
98645,1780495405.536342,259
98646,1780495405.5363462,252
98647,1780495405.53635,253
98648,1780495405.536354,253
98649,1780495405.5363588,246
98650,1780495405.538916,244
98651,1780495405.5389361,246
98652,1780495405.538995,245
98653,1780495405.5390022,239
98654,1780495405.539006,241
98655,1780495405.53901,243
98656,1780495405.5390131,242
98657,1780495405.539017,245
98658,1780495405.539021,246
98659,1780495405.5390248,249
98660,1780495405.54125,253
98661,1780495405.5412638,254
98662,1780495405.5412679,255
98663,1780495405.5412722,260
98664,1780495405.541276,259
98665,1780495405.541282,256
98666,1780495405.541286,256
98667,1780495405.5412889,249
98668,1780495405.5412931,248
98669,1780495405.541298,245
98670,1780495405.542976,246
98671,1780495405.583394,246
98672,1780495405.583431,241
98673,1780495405.583437,242
98674,1780495405.5834482,242
98675,1780495405.583453,242
98676,1780495405.583457,242
98677,1780495405.58346,244
98678,1780495405.583464,246
98679,1780495405.583468,249
98680,1780495405.5834749,253
98681,1780495405.583479,254
98682,1780495405.583484,254
98683,1780495405.58749,261
98684,1780495405.5875058,260
98685,1780495405.587513,258
98686,1780495405.587522,255
98687,1780495405.587528,254
98688,1780495405.5875368,250
98689,1780495405.587543,249
98690,1780495405.587549,247
98691,1780495405.5875561,247
98692,1780495405.589998,244
98693,1780495405.5900118,243
98694,1780495405.590019,244
98695,1780495405.590024,242
98696,1780495405.590029,246
98697,1780495405.590034,247
98698,1780495405.590039,247
98699,1780495405.5900428,247
98700,1780495405.590048,251
98701,1780495405.5900521,253
98702,1780495405.590059,258
98703,1780495405.592586,262
98704,1780495405.5926049,262
98705,1780495405.592611,258
98706,1780495405.5926158,258
98707,1780495405.592622,255
98708,1780495405.592627,253
98709,1780495405.592632,249
98710,1780495405.5926368,247
98711,1780495405.592642,247
98712,1780495405.5926468,246
98713,1780495405.5926552,244
98714,1780495405.595131,245
98715,1780495405.595148,244
98716,1780495405.5951529,243
98717,1780495405.595157,244
98718,1780495405.5951629,248
98719,1780495405.595167,250
98720,1780495405.595171,249
98721,1780495405.595179,256
98722,1780495405.5951822,257
98723,1780495405.595187,258
98724,1780495405.607819,257
98725,1780495405.6078458,258
98726,1780495405.6078532,256
98727,1780495405.607859,252
98728,1780495405.6078641,252
98729,1780495405.6078699,249
98730,1780495405.607875,247
98731,1780495405.607881,248
98732,1780495405.607906,247
98733,1780495405.60791,245
98734,1780495405.607918,246
98735,1780495405.637683,248
98736,1780495405.6376908,245
98737,1780495405.637694,245
98738,1780495405.637697,247
98739,1780495405.6376991,252
98740,1780495405.637702,253
98741,1780495405.637704,253
98742,1780495405.637706,258
98743,1780495405.637708,261
98744,1780495405.637711,260
98745,1780495405.637714,257
98746,1780495405.64111,256
98747,1780495405.641114,255
98748,1780495405.6411169,252
98749,1780495405.641119,251
98750,1780495405.641121,251
98751,1780495405.641124,246
98752,1780495405.641126,246
98753,1780495405.6411278,243
98754,1780495405.64113,242
98755,1780495405.641134,246
98756,1780495405.6440718,244
98757,1780495405.644076,249
98758,1780495405.644078,244
98759,1780495405.6440802,248
98760,1780495405.6440809,254
98761,1780495405.644083,253
98762,1780495405.644085,254
98763,1780495405.644087,259
98764,1780495405.644088,258
98765,1780495405.6440902,260
98766,1780495405.644093,257
98767,1780495405.647546,253
98768,1780495405.6475499,252
98769,1780495405.647552,249
98770,1780495405.6475542,245
98771,1780495405.647556,245
98772,1780495405.647557,244
98773,1780495405.64756,242
98774,1780495405.647562,243
98775,1780495405.647564,244
98776,1780495405.6475651,244
98777,1780495405.647568,244
98778,1780495405.67755,250
98779,1780495405.677553,248
98780,1780495405.677554,252
98781,1780495405.6775548,253
98782,1780495405.677556,259
98783,1780495405.677557,259
98784,1780495405.677558,260
98785,1780495405.6775591,257
98786,1780495405.67756,254
98787,1780495405.677562,254
98788,1780495405.681174,253
98789,1780495405.681176,249
98790,1780495405.681178,245
98791,1780495405.6811788,246
98792,1780495405.68118,243
98793,1780495405.681181,238
98794,1780495405.681182,243
98795,1780495405.6811829,245
98796,1780495405.681184,243
98797,1780495405.681185,246
98798,1780495405.6811872,246
98799,1780495405.683688,253
98800,1780495405.68369,252
98801,1780495405.683691,258
98802,1780495405.6836932,256
98803,1780495405.6836941,262
98804,1780495405.6836941,260
98805,1780495405.683696,256
98806,1780495405.683697,257
98807,1780495405.683697,253
98808,1780495405.683698,249
98809,1780495405.6837,250
98810,1780495405.731358,247
98811,1780495405.731361,248
98812,1780495405.731362,244
98813,1780495405.731363,242
98814,1780495405.731364,244
98815,1780495405.7313652,245
98816,1780495405.7313652,245
98817,1780495405.731366,247
98818,1780495405.7313669,249
98819,1780495405.7313678,250
98820,1780495405.737432,249
98821,1780495405.7374341,256
98822,1780495405.7374341,260
98823,1780495405.7374349,260
98824,1780495405.7374358,260
98825,1780495405.737437,259
98826,1780495405.737438,256
98827,1780495405.737438,256
98828,1780495405.737439,252
98829,1780495405.73744,252
98830,1780495405.737441,251
98831,1780495405.739839,247
98832,1780495405.73984,247
98833,1780495405.739841,246
98834,1780495405.739842,244
98835,1780495405.739842,247
98836,1780495405.7398431,248
98837,1780495405.739851,248
98838,1780495405.739851,251
98839,1780495405.739852,253
98840,1780495405.7398531,253
98841,1780495405.74227,259
98842,1780495405.742272,261
98843,1780495405.742273,261
98844,1780495405.742274,261
98845,1780495405.742275,261
98846,1780495405.7422762,258
98847,1780495405.7422771,256
98848,1780495405.7422771,252
98849,1780495405.7422779,250
98850,1780495405.7422788,248
98851,1780495405.74228,247
98852,1780495405.744902,243
98853,1780495405.7449028,244
98854,1780495405.744904,246
98855,1780495405.744905,243
98856,1780495405.744906,244
98857,1780495405.744907,247
98858,1780495405.744907,248
98859,1780495405.744908,249
98860,1780495405.744909,251
98861,1780495405.74491,256
98862,1780495405.7449112,258
98863,1780495405.7475,261
98864,1780495405.747503,259
98865,1780495405.7475042,257
98866,1780495405.7475042,254
98867,1780495405.747505,251
98868,1780495405.747506,249
98869,1780495405.7475069,247
98870,1780495405.747508,245
98871,1780495405.747509,245
98872,1780495405.74751,244
98873,1780495405.7475111,242
98874,1780495405.777619,244
98875,1780495405.777622,244
98876,1780495405.777623,246
98877,1780495405.7776241,250
98878,1780495405.7776241,246
98879,1780495405.777625,249
98880,1780495405.777626,250
98881,1780495405.777627,256
98882,1780495405.777628,258
98883,1780495405.777629,261
98884,1780495405.7812219,258
98885,1780495405.781228,257
98886,1780495405.781229,257
98887,1780495405.78123,258
98888,1780495405.7812312,253
98889,1780495405.7812312,251
98890,1780495405.781232,248
98891,1780495405.7812328,247
98892,1780495405.781234,244
98893,1780495405.781234,243
98894,1780495405.781236,243
98895,1780495405.783648,243
98896,1780495405.7836502,245
98897,1780495405.783651,247
98898,1780495405.783651,248
98899,1780495405.783652,250
98900,1780495405.783653,254
98901,1780495405.783654,254
98902,1780495405.783655,257
98903,1780495405.783656,259
98904,1780495405.783657,259
98905,1780495405.783658,257
98906,1780495405.786185,255
98907,1780495405.786186,253
98908,1780495405.786187,252
98909,1780495405.7861881,250
98910,1780495405.786189,246
98911,1780495405.78619,246
98912,1780495405.786191,244
98913,1780495405.786191,242
98914,1780495405.786192,243
98915,1780495405.786193,243
98916,1780495405.847552,244
98917,1780495405.847554,244
98918,1780495405.847556,246
98919,1780495405.847557,249
98920,1780495405.8475578,251
98921,1780495405.847559,255
98922,1780495405.84756,258
98923,1780495405.847561,260
98924,1780495405.847562,259
98925,1780495405.847563,257
98926,1780495405.8475652,253
98927,1780495405.850007,253
98928,1780495405.8500102,250
98929,1780495405.8500109,251
98930,1780495405.8500118,251
98931,1780495405.850013,245
98932,1780495405.850014,244
98933,1780495405.850015,241
98934,1780495405.850017,244
98935,1780495405.850018,247
98936,1780495405.850019,243
98937,1780495405.8500202,247
98938,1780495405.852876,249
98939,1780495405.852878,251
98940,1780495405.8528798,252
98941,1780495405.852881,253
98942,1780495405.852882,255
98943,1780495405.8528829,264
98944,1780495405.852884,260
98945,1780495405.852885,259
98946,1780495405.852886,256
98947,1780495405.852888,254
98948,1780495405.862447,255
98949,1780495405.86245,243
98950,1780495405.8624508,249
98951,1780495405.862452,247
98952,1780495405.862453,246
98953,1780495405.8624551,242
98954,1780495405.862456,247
98955,1780495405.862457,243
98956,1780495405.8624582,249
98957,1780495405.862459,247
98958,1780495405.8624609,248
98959,1780495405.8649259,249
98960,1780495405.864928,253
98961,1780495405.864929,255
98962,1780495405.864931,257
98963,1780495405.864932,260
98964,1780495405.864933,260
98965,1780495405.864934,261
98966,1780495405.8649359,258
98967,1780495405.864937,254
98968,1780495405.864938,250
98969,1780495405.86494,252
98970,1780495405.8673978,246
98971,1780495405.8674,245
98972,1780495405.867402,245
98973,1780495405.867403,244
98974,1780495405.867404,245
98975,1780495405.867405,245
98976,1780495405.8674061,248
98977,1780495405.8674078,247
98978,1780495405.867409,250
98979,1780495405.867411,253
98980,1780495405.869909,255
98981,1780495405.8699121,255
98982,1780495405.869913,260
98983,1780495405.8699148,257
98984,1780495405.869916,259
98985,1780495405.86992,258
98986,1780495405.869921,256
98987,1780495405.869923,252
98988,1780495405.869924,247
98989,1780495405.869925,248
98990,1780495405.869927,253
98991,1780495405.8724248,248
98992,1780495405.872428,241
98993,1780495405.8724291,243
98994,1780495405.87243,244
98995,1780495405.872431,241
98996,1780495405.8724322,247
98997,1780495405.872434,249
98998,1780495405.8724349,252
98999,1780495405.872436,252
99000,1780495405.872438,253
99001,1780495405.8724391,256
99002,1780495405.902681,259
99003,1780495405.902685,262
99004,1780495405.902687,260
99005,1780495405.902689,258
99006,1780495405.90269,255
99007,1780495405.902692,254
99008,1780495405.902693,255
99009,1780495405.902695,254
99010,1780495405.902696,250
99011,1780495405.902698,247
99012,1780495405.9027,248
99013,1780495405.9061,244
99014,1780495405.9061031,246
99015,1780495405.906105,245
99016,1780495405.906106,247
99017,1780495405.906108,249
99018,1780495405.9061089,251
99019,1780495405.906111,245
99020,1780495405.906112,256
99021,1780495405.906114,257
99022,1780495405.906116,259
99023,1780495405.908706,261
99024,1780495405.908709,259
99025,1780495405.908711,261
99026,1780495405.9087129,259
99027,1780495405.908714,256
99028,1780495405.908716,251
99029,1780495405.9087172,249
99030,1780495405.908719,248
99031,1780495405.908721,246
99032,1780495405.908722,244
99033,1780495405.908731,243
99034,1780495405.912918,245
99035,1780495405.9129212,246
99036,1780495405.9129229,244
99037,1780495405.912925,249
99038,1780495405.912927,251
99039,1780495405.912929,254
99040,1780495405.912931,253
99041,1780495405.912933,257
99042,1780495405.9129338,257
99043,1780495405.912937,258
99044,1780495405.946479,257
99045,1780495405.9464839,259
99046,1780495405.946486,262
99047,1780495405.9464881,256
99048,1780495405.9464908,251
99049,1780495405.946493,253
99050,1780495405.946495,250
99051,1780495405.946497,247
99052,1780495405.946499,244
99053,1780495405.946502,243
99054,1780495405.946505,247
99055,1780495405.950037,245
99056,1780495405.950043,247
99057,1780495405.950046,246
99058,1780495405.950049,253
99059,1780495405.950052,255
99060,1780495405.950055,255
99061,1780495405.950057,258
99062,1780495405.9500601,263
99063,1780495405.950063,264
99064,1780495405.9500659,262
99065,1780495405.95007,263
99066,1780495405.952436,257
99067,1780495405.952441,254
99068,1780495405.9524438,252
99069,1780495405.952447,252
99070,1780495405.95245,248
99071,1780495405.9524531,246
99072,1780495405.952456,248
99073,1780495405.952458,245
99074,1780495405.952461,247
99075,1780495405.9524648,247
99076,1780495405.954999,247
99077,1780495405.955004,247
99078,1780495405.955007,246
99079,1780495405.95501,255
99080,1780495405.955013,255
99081,1780495405.955016,259
99082,1780495405.955019,262
99083,1780495405.955022,266
99084,1780495405.955025,261
99085,1780495405.9550269,258
99086,1780495405.955032,261
99087,1780495405.98535,256
99088,1780495405.9853828,256
99089,1780495405.985392,253
99090,1780495405.985397,251
99091,1780495405.9854012,249
99092,1780495405.985408,247
99093,1780495405.9854121,246
99094,1780495405.985415,241
99095,1780495405.985419,248
99096,1780495405.985426,247
99097,1780495405.9854321,249
99098,1780495405.988799,253
99099,1780495405.98882,253
99100,1780495405.988827,255
99101,1780495405.988833,261
99102,1780495405.988839,260
99103,1780495405.988844,263
99104,1780495405.988849,261
99105,1780495405.988856,258
99106,1780495405.9888608,261
99107,1780495405.988868,256
99108,1780495405.991325,255
99109,1780495405.991335,251
99110,1780495405.99134,250
99111,1780495405.991346,248
99112,1780495405.991353,246
99113,1780495405.991358,244
99114,1780495405.991363,244
99115,1780495405.99137,244
99116,1780495405.9913752,246
99117,1780495405.99138,248
99118,1780495405.9913862,251
99119,1780495406.0219278,252
99120,1780495406.021972,256
99121,1780495406.021992,257
99122,1780495406.022101,259
99123,1780495406.022112,263
99124,1780495406.0221171,257
99125,1780495406.022123,259
99126,1780495406.0221272,257
99127,1780495406.022132,253
99128,1780495406.022145,253
99129,1780495406.022152,253
99130,1780495406.0249972,249
99131,1780495406.025012,246
99132,1780495406.025017,245
99133,1780495406.0250208,244
99134,1780495406.0250251,247
99135,1780495406.0250292,246
99136,1780495406.025035,245
99137,1780495406.0250392,247
99138,1780495406.025044,250
99139,1780495406.025049,253
99140,1780495406.027394,255
99141,1780495406.027405,256
99142,1780495406.027408,258
99143,1780495406.027413,260
99144,1780495406.0274172,260
99145,1780495406.0274198,258
99146,1780495406.02747,256
99147,1780495406.027474,253
99148,1780495406.027478,251
99149,1780495406.027481,246
99150,1780495406.0274858,246
99151,1780495406.0300539,247
99152,1780495406.03007,245
99153,1780495406.0300748,242
99154,1780495406.030079,242
99155,1780495406.0300858,245
99156,1780495406.03009,242
99157,1780495406.0300941,246
99158,1780495406.030097,248
99159,1780495406.0301042,251
99160,1780495406.0301068,252
99161,1780495406.030113,255
99162,1780495406.061568,258
99163,1780495406.061589,260
99164,1780495406.061593,257
99165,1780495406.061598,257
99166,1780495406.061602,255
99167,1780495406.061607,250
99168,1780495406.061614,249
99169,1780495406.061619,248
99170,1780495406.061623,244
99171,1780495406.06163,244
99172,1780495406.0676951,240
99173,1780495406.0677109,241
99174,1780495406.067714,244
99175,1780495406.0677178,242
99176,1780495406.067721,241
99177,1780495406.067724,245
99178,1780495406.067727,249
99179,1780495406.067729,251
99180,1780495406.067733,253
99181,1780495406.067735,253
99182,1780495406.06774,256
99183,1780495406.06992,260
99184,1780495406.069927,256
99185,1780495406.069932,254
99186,1780495406.069936,252
99187,1780495406.0699399,251
99188,1780495406.069942,248
99189,1780495406.0699468,248
99190,1780495406.0699499,247
99191,1780495406.069952,245
99192,1780495406.069956,239
99193,1780495406.069959,242
99194,1780495406.072473,241
99195,1780495406.07248,242
99196,1780495406.072482,243
99197,1780495406.0724852,248
99198,1780495406.0724869,248
99199,1780495406.072489,248
99200,1780495406.072493,254
99201,1780495406.0724952,254
99202,1780495406.0724978,256
99203,1780495406.0725188,256
99204,1780495406.102711,254
99205,1780495406.102717,253
99206,1780495406.102719,252
99207,1780495406.102721,248
99208,1780495406.102722,250
99209,1780495406.102724,248
99210,1780495406.102725,244
99211,1780495406.102727,246
99212,1780495406.102728,242
99213,1780495406.10273,240
99214,1780495406.1027331,242
99215,1780495406.1061382,243
99216,1780495406.1061409,244
99217,1780495406.106142,246
99218,1780495406.106144,247
99219,1780495406.106145,250
99220,1780495406.106147,252
99221,1780495406.106148,255
99222,1780495406.1061492,260
99223,1780495406.1061509,259
99224,1780495406.1061518,258
99225,1780495406.106154,257
99226,1780495406.108671,253
99227,1780495406.108674,253
99228,1780495406.1086762,250
99229,1780495406.1086771,249
99230,1780495406.1086788,248
99231,1780495406.10868,243
99232,1780495406.108682,245
99233,1780495406.108683,243
99234,1780495406.108685,240
99235,1780495406.1086872,242
99236,1780495406.151146,243
99237,1780495406.151148,243
99238,1780495406.151149,247
99239,1780495406.15115,249
99240,1780495406.1511512,252
99241,1780495406.1511521,255
99242,1780495406.1511528,257
99243,1780495406.1511528,256
99244,1780495406.1511538,257
99245,1780495406.151156,255
99246,1780495406.152909,253
99247,1780495406.157398,255
99248,1780495406.1574001,248
99249,1780495406.157401,246
99250,1780495406.157402,246
99251,1780495406.157403,245
99252,1780495406.157404,248
99253,1780495406.157404,244
99254,1780495406.157405,242
99255,1780495406.1574059,242
99256,1780495406.157407,245
99257,1780495406.157408,243
99258,1780495406.159892,247
99259,1780495406.159894,248
99260,1780495406.159895,253
99261,1780495406.1598961,254
99262,1780495406.1598961,259
99263,1780495406.159897,260
99264,1780495406.159898,258
99265,1780495406.159899,257
99266,1780495406.159899,254
99267,1780495406.159901,247
99268,1780495406.16248,252
99269,1780495406.162482,248
99270,1780495406.162483,245
99271,1780495406.162484,243
99272,1780495406.162484,242
99273,1780495406.162485,238
99274,1780495406.162486,242
99275,1780495406.162487,245
99276,1780495406.162487,244
99277,1780495406.162488,245
99278,1780495406.1624901,246
99279,1780495406.1649652,250
99280,1780495406.1649668,250
99281,1780495406.164968,257
99282,1780495406.164969,258
99283,1780495406.16497,258
99284,1780495406.164971,260
99285,1780495406.164971,259
99286,1780495406.164972,252
99287,1780495406.164973,253
99288,1780495406.164974,248
99289,1780495406.1649752,248
99290,1780495406.168649,247
99291,1780495406.16865,242
99292,1780495406.168651,244
99293,1780495406.168652,241
99294,1780495406.168653,243
99295,1780495406.168654,244
99296,1780495406.1686552,244
99297,1780495406.1686552,245
99298,1780495406.1686559,248
99299,1780495406.168658,250
99300,1780495406.1988218,255
99301,1780495406.198824,255
99302,1780495406.198825,256
99303,1780495406.198826,256
99304,1780495406.198827,258
99305,1780495406.198828,255
99306,1780495406.198828,255
99307,1780495406.1988292,252
99308,1780495406.1988301,249
99309,1780495406.198831,248
99310,1780495406.198832,247
99311,1780495406.202338,246
99312,1780495406.2023401,245
99313,1780495406.202341,243
99314,1780495406.2023418,243
99315,1780495406.2023418,242
99316,1780495406.202343,245
99317,1780495406.202344,247
99318,1780495406.202345,248
99319,1780495406.202346,251
99320,1780495406.202346,253
99321,1780495406.202348,255
99322,1780495406.2049448,257
99323,1780495406.204947,259
99324,1780495406.204947,260
99325,1780495406.204948,254
99326,1780495406.204949,254
99327,1780495406.20495,252
99328,1780495406.204951,250
99329,1780495406.204951,246
99330,1780495406.204952,245
99331,1780495406.2049532,243
99332,1780495406.2350762,242
99333,1780495406.2350788,241
99334,1780495406.23508,245
99335,1780495406.235081,242
99336,1780495406.235081,246
99337,1780495406.235082,241
99338,1780495406.235083,245
99339,1780495406.235084,249
99340,1780495406.235085,254
99341,1780495406.235086,251
99342,1780495406.237812,253
99343,1780495406.239873,257
99344,1780495406.2398741,260
99345,1780495406.239875,258
99346,1780495406.239876,256
99347,1780495406.2398772,250
99348,1780495406.2398772,248
99349,1780495406.239878,248
99350,1780495406.239879,243
99351,1780495406.2398798,246
99352,1780495406.2398798,243
99353,1780495406.239887,242
99354,1780495406.2428448,242
99355,1780495406.242846,245
99356,1780495406.242847,244
99357,1780495406.242848,244
99358,1780495406.242849,248
99359,1780495406.242849,250
99360,1780495406.24285,254
99361,1780495406.242851,254
99362,1780495406.2428522,260
99363,1780495406.2428532,257
99364,1780495406.247508,255
99365,1780495406.247509,255
99366,1780495406.24751,253
99367,1780495406.2475111,255
99368,1780495406.247512,249
99369,1780495406.247513,248
99370,1780495406.247514,246
99371,1780495406.247514,245
99372,1780495406.247515,243
99373,1780495406.247516,243
99374,1780495406.2475169,243
99375,1780495406.277626,242
99376,1780495406.277628,245
99377,1780495406.277629,246
99378,1780495406.2776299,249
99379,1780495406.277631,246
99380,1780495406.277632,252
99381,1780495406.277633,254
99382,1780495406.2776341,258
99383,1780495406.277635,260
99384,1780495406.277636,258
99385,1780495406.277637,254
99386,1780495406.281178,254
99387,1780495406.28118,253
99388,1780495406.2811809,248
99389,1780495406.281182,248
99390,1780495406.281183,247
99391,1780495406.281184,246
99392,1780495406.281185,244
99393,1780495406.281186,242
99394,1780495406.281187,242
99395,1780495406.2811892,242
99396,1780495406.283665,244
99397,1780495406.2836668,244
99398,1780495406.283668,250
99399,1780495406.283669,246
99400,1780495406.28367,253
99401,1780495406.2836711,254
99402,1780495406.283672,260
99403,1780495406.283673,260
99404,1780495406.283676,258
99405,1780495406.283678,256
99406,1780495406.283679,256
99407,1780495406.286226,252
99408,1780495406.286228,250
99409,1780495406.286229,250
99410,1780495406.28623,247
99411,1780495406.286231,245
99412,1780495406.286232,243
99413,1780495406.2862341,241
99414,1780495406.2862349,242
99415,1780495406.2862358,245
99416,1780495406.286237,244
99417,1780495406.286239,250
99418,1780495406.3199859,246
99419,1780495406.319989,250
99420,1780495406.31999,253
99421,1780495406.319992,256
99422,1780495406.319993,258
99423,1780495406.3199942,260
99424,1780495406.3199959,256
99425,1780495406.3199968,255
99426,1780495406.319999,253
99427,1780495406.3200011,248
99428,1780495406.32234,250
99429,1780495406.3223429,247
99430,1780495406.3223438,246
99431,1780495406.322345,246
99432,1780495406.322347,245
99433,1780495406.322348,243
99434,1780495406.322349,245
99435,1780495406.3223512,243
99436,1780495406.322357,244
99437,1780495406.322359,246
99438,1780495406.322361,248
99439,1780495406.324949,249
99440,1780495406.324951,251
99441,1780495406.324953,255
99442,1780495406.324954,255
99443,1780495406.324955,258
99444,1780495406.324957,255
99445,1780495406.32496,258
99446,1780495406.324961,256
99447,1780495406.3249621,252
99448,1780495406.324964,250
99449,1780495406.324966,246
99450,1780495406.328728,247
99451,1780495406.3287308,245
99452,1780495406.328732,242
99453,1780495406.328734,240
99454,1780495406.3287349,241
99455,1780495406.328736,242
99456,1780495406.328738,242
99457,1780495406.3287392,243
99458,1780495406.3287401,251
99459,1780495406.3287418,249
99460,1780495406.359039,255
99461,1780495406.3590431,253
99462,1780495406.359045,258
99463,1780495406.359047,258
99464,1780495406.3590488,258
99465,1780495406.359051,254
99466,1780495406.3590531,257
99467,1780495406.359055,249
99468,1780495406.359058,250
99469,1780495406.35906,246
99470,1780495406.359062,245
99471,1780495406.362965,246
99472,1780495406.3629692,244
99473,1780495406.36297,242
99474,1780495406.362972,241
99475,1780495406.362974,244
99476,1780495406.362976,243
99477,1780495406.362978,243
99478,1780495406.3629792,247
99479,1780495406.362981,250
99480,1780495406.362983,251
99481,1780495406.3675299,256
99482,1780495406.3675342,258
99483,1780495406.367536,258
99484,1780495406.367538,256
99485,1780495406.36754,254
99486,1780495406.367541,253
99487,1780495406.367543,252
99488,1780495406.3675451,247
99489,1780495406.3675468,247
99490,1780495406.367549,245
99491,1780495406.367552,245
99492,1780495406.3712819,242
99493,1780495406.371286,243
99494,1780495406.371289,243
99495,1780495406.371291,242
99496,1780495406.3712928,245
99497,1780495406.371295,246
99498,1780495406.3712971,249
99499,1780495406.3713,252
99500,1780495406.371302,254
99501,1780495406.371305,256
99502,1780495406.3741078,257
99503,1780495406.403986,260
99504,1780495406.404007,260
99505,1780495406.404015,255
99506,1780495406.404018,254
99507,1780495406.404021,252
99508,1780495406.4040241,249
99509,1780495406.404027,248
99510,1780495406.404033,245
99511,1780495406.4040372,245
99512,1780495406.404039,241
99513,1780495406.404044,244
99514,1780495406.407339,244
99515,1780495406.4073448,243
99516,1780495406.407348,246
99517,1780495406.407351,250
99518,1780495406.4073532,247
99519,1780495406.4073558,252
99520,1780495406.40736,253
99521,1780495406.4073632,255
99522,1780495406.407369,256
99523,1780495406.407373,260
99524,1780495406.4099321,256
99525,1780495406.40994,258
99526,1780495406.409947,252
99527,1780495406.40995,252
99528,1780495406.409954,248
99529,1780495406.4099572,248
99530,1780495406.409963,243
99531,1780495406.409966,246
99532,1780495406.4099689,244
99533,1780495406.409972,245
99534,1780495406.409975,243
99535,1780495406.4530199,243
99536,1780495406.453044,246
99537,1780495406.4530509,245
99538,1780495406.453058,249
99539,1780495406.453063,248
99540,1780495406.453068,252
99541,1780495406.453074,253
99542,1780495406.4530802,259
99543,1780495406.453084,258
99544,1780495406.453094,257
99545,1780495406.4586802,252
99546,1780495406.4586911,252
99547,1780495406.4586968,250
99548,1780495406.458702,248
99549,1780495406.458709,247
99550,1780495406.458714,247
99551,1780495406.4587278,243
99552,1780495406.458737,242
99553,1780495406.458834,246
99554,1780495406.458853,240
99555,1780495406.45886,243
99556,1780495406.461291,248
99557,1780495406.4613051,245
99558,1780495406.461312,247
99559,1780495406.4613361,249
99560,1780495406.461343,251
99561,1780495406.461348,255
99562,1780495406.461354,256
99563,1780495406.461358,257
99564,1780495406.4613628,256
99565,1780495406.461368,256
99566,1780495406.461375,252
99567,1780495406.46383,248
99568,1780495406.463847,248
99569,1780495406.4638531,247
99570,1780495406.463858,246
99571,1780495406.4638631,243
99572,1780495406.463868,244
99573,1780495406.463874,242
99574,1780495406.463878,243
99575,1780495406.463883,244
99576,1780495406.463888,244
99577,1780495406.463897,247
99578,1780495406.466227,246
99579,1780495406.466238,250
99580,1780495406.466243,252
99581,1780495406.466248,258
99582,1780495406.466253,262
99583,1780495406.4662578,259
99584,1780495406.4662662,254
99585,1780495406.466271,252
99586,1780495406.4662762,250
99587,1780495406.466282,252
99588,1780495406.468745,249
99589,1780495406.468758,248
99590,1780495406.4688032,244
99591,1780495406.46881,243
99592,1780495406.4688158,243
99593,1780495406.468821,241
99594,1780495406.468826,244
99595,1780495406.468831,240
99596,1780495406.468836,241
99597,1780495406.468843,245
99598,1780495406.470552,247
99599,1780495406.50043,249
99600,1780495406.500549,251
99601,1780495406.500556,256
99602,1780495406.5005598,257
99603,1780495406.5005639,257
99604,1780495406.5005682,258
99605,1780495406.500575,257
99606,1780495406.500579,252
99607,1780495406.500584,250
99608,1780495406.5005891,247
99609,1780495406.500594,246
99610,1780495406.503797,244
99611,1780495406.50382,246
99612,1780495406.503825,241
99613,1780495406.5038311,242
99614,1780495406.503835,245
99615,1780495406.503841,244
99616,1780495406.503846,245
99617,1780495406.503853,248
99618,1780495406.503857,249
99619,1780495406.503864,250
99620,1780495406.506399,253
99621,1780495406.506412,258
99622,1780495406.5064168,260
99623,1780495406.506421,258
99624,1780495406.5064251,257
99625,1780495406.506429,255
99626,1780495406.506433,255
99627,1780495406.506437,251
99628,1780495406.5064409,247
99629,1780495406.5064452,249
99630,1780495406.506451,247
99631,1780495406.512983,244
99632,1780495406.513,243
99633,1780495406.513008,241
99634,1780495406.513011,243
99635,1780495406.513015,246
99636,1780495406.5130181,245
99637,1780495406.513021,244
99638,1780495406.513024,246
99639,1780495406.5130272,251
99640,1780495406.513031,254
99641,1780495406.5144901,257
99642,1780495406.546359,257
99643,1780495406.5463638,259
99644,1780495406.546366,258
99645,1780495406.546367,257
99646,1780495406.546369,254
99647,1780495406.54637,251
99648,1780495406.5463722,246
99649,1780495406.5463731,248
99650,1780495406.5463748,245
99651,1780495406.546377,246
99652,1780495406.549897,243
99653,1780495406.5499,242
99654,1780495406.549901,245
99655,1780495406.5499032,243
99656,1780495406.5499039,244
99657,1780495406.549906,246
99658,1780495406.549907,249
99659,1780495406.549908,251
99660,1780495406.54991,252
99661,1780495406.549911,253
99662,1780495406.5499132,259
99663,1780495406.5523012,258
99664,1780495406.552304,256
99665,1780495406.552305,256
99666,1780495406.552307,251
99667,1780495406.552308,254
99668,1780495406.55231,248
99669,1780495406.552311,247
99670,1780495406.5523179,245
99671,1780495406.55232,245
99672,1780495406.552321,241
99673,1780495406.552323,242
99674,1780495406.5549319,243
99675,1780495406.554935,245
99676,1780495406.5549362,244
99677,1780495406.5549371,247
99678,1780495406.5549388,248
99679,1780495406.55494,249
99680,1780495406.554942,256
99681,1780495406.554943,256
99682,1780495406.554945,258
99683,1780495406.5549471,257
99684,1780495406.5851588,256
99685,1780495406.585161,253
99686,1780495406.585162,252
99687,1780495406.585163,248
99688,1780495406.585164,251
99689,1780495406.585164,246
99690,1780495406.585165,245
99691,1780495406.585166,242
99692,1780495406.5851672,245
99693,1780495406.5851672,240
99694,1780495406.585168,241
99695,1780495406.5851688,244
99696,1780495406.5885482,245
99697,1780495406.5885499,245
99698,1780495406.5885508,249
99699,1780495406.588552,251
99700,1780495406.588553,253
99701,1780495406.588554,255
99702,1780495406.588555,257
99703,1780495406.588555,261
99704,1780495406.588556,257
99705,1780495406.588557,254
99706,1780495406.5911639,255
99707,1780495406.591166,249
99708,1780495406.591167,247
99709,1780495406.591168,248
99710,1780495406.591169,246
99711,1780495406.59117,245
99712,1780495406.59117,242
99713,1780495406.591171,240
99714,1780495406.591172,245
99715,1780495406.5911732,245
99716,1780495406.5974011,247
99717,1780495406.5974028,248
99718,1780495406.597404,248
99719,1780495406.597405,252
99720,1780495406.5974112,250
99721,1780495406.597413,256
99722,1780495406.5974138,253
99723,1780495406.5974138,256
99724,1780495406.597415,256
99725,1780495406.597416,256
99726,1780495406.5991628,251
99727,1780495406.628878,250
99728,1780495406.6288798,248
99729,1780495406.628881,248
99730,1780495406.628882,245
99731,1780495406.628883,244
99732,1780495406.628884,244
99733,1780495406.628885,245
99734,1780495406.628885,243
99735,1780495406.628886,242
99736,1780495406.628887,246
99737,1780495406.6288881,247
99738,1780495406.632865,247
99739,1780495406.632867,251
99740,1780495406.632868,254
99741,1780495406.632868,257
99742,1780495406.632869,256
99743,1780495406.63287,260
99744,1780495406.632871,255
99745,1780495406.632871,254
99746,1780495406.6328719,250
99747,1780495406.632873,253
99748,1780495406.639883,247
99749,1780495406.639885,247
99750,1780495406.6398861,243
99751,1780495406.639887,244
99752,1780495406.639887,245
99753,1780495406.6398878,242
99754,1780495406.639889,244
99755,1780495406.63989,243
99756,1780495406.63989,246
99757,1780495406.639891,247
99758,1780495406.6398919,249
99759,1780495406.642454,252
99760,1780495406.642456,253
99761,1780495406.642457,254
99762,1780495406.6424582,259
99763,1780495406.642459,259
99764,1780495406.642459,253
99765,1780495406.6424599,255
99766,1780495406.6424608,252
99767,1780495406.642462,254
99768,1780495406.642462,249
99769,1780495406.642464,244
99770,1780495406.672538,243
99771,1780495406.67254,241
99772,1780495406.672541,239
99773,1780495406.6725419,240
99774,1780495406.672543,245
99775,1780495406.672543,245
99776,1780495406.672544,246
99777,1780495406.672545,245
99778,1780495406.6725461,250
99779,1780495406.672547,251
99780,1780495406.6761332,252
99781,1780495406.676136,256
99782,1780495406.676137,256
99783,1780495406.676137,254
99784,1780495406.676138,255
99785,1780495406.676139,251
99786,1780495406.67614,250
99787,1780495406.676141,251
99788,1780495406.676141,248
99789,1780495406.676142,243
99790,1780495406.6761441,243
99791,1780495406.678609,242
99792,1780495406.6786098,240
99793,1780495406.678611,240
99794,1780495406.678612,242
99795,1780495406.678613,240
99796,1780495406.678613,245
99797,1780495406.678614,242
99798,1780495406.678615,246
99799,1780495406.678616,250
99800,1780495406.678617,255
99801,1780495406.6786182,253
99802,1780495406.68115,257
99803,1780495406.681152,256
99804,1780495406.681153,257
99805,1780495406.681154,256
99806,1780495406.681154,252
99807,1780495406.681155,251
99808,1780495406.6811562,247
99809,1780495406.681157,245
99810,1780495406.6811578,243
99811,1780495406.681159,240
99812,1780495406.747644,239
99813,1780495406.7476459,241
99814,1780495406.747647,243
99815,1780495406.747649,244
99816,1780495406.7476501,244
99817,1780495406.747651,246
99818,1780495406.747652,245
99819,1780495406.747653,251
99820,1780495406.747655,254
99821,1780495406.7476559,252
99822,1780495406.747658,255
99823,1780495406.751175,259
99824,1780495406.751178,256
99825,1780495406.751179,253
99826,1780495406.7511811,250
99827,1780495406.751182,250
99828,1780495406.751183,247
99829,1780495406.751184,244
99830,1780495406.751186,244
99831,1780495406.7511868,243
99832,1780495406.751188,241
99833,1780495406.75119,242
99834,1780495406.754059,241
99835,1780495406.7540622,245
99836,1780495406.7540631,243
99837,1780495406.7540638,245
99838,1780495406.754066,249
99839,1780495406.754067,249
99840,1780495406.754068,251
99841,1780495406.754069,257
99842,1780495406.754071,254
99843,1780495406.754072,257
99844,1780495406.75743,258
99845,1780495406.757432,254
99846,1780495406.7574341,254
99847,1780495406.7574348,254
99848,1780495406.7574358,250
99849,1780495406.757437,248
99850,1780495406.757438,245
99851,1780495406.757439,244
99852,1780495406.757441,241
99853,1780495406.757442,242
99854,1780495406.7574441,243
99855,1780495406.759852,245
99856,1780495406.759854,249
99857,1780495406.7598562,250
99858,1780495406.759857,249
99859,1780495406.759858,251
99860,1780495406.75986,254
99861,1780495406.759861,256
99862,1780495406.759862,260
99863,1780495406.759864,261
99864,1780495406.759865,256
99865,1780495406.7623749,256
99866,1780495406.762377,252
99867,1780495406.762379,251
99868,1780495406.7623801,248
99869,1780495406.762382,243
99870,1780495406.7623832,245
99871,1780495406.762384,243
99872,1780495406.762385,240
99873,1780495406.762387,239
99874,1780495406.762388,245
99875,1780495406.76239,241
99876,1780495406.764853,244
99877,1780495406.764856,244
99878,1780495406.764857,247
99879,1780495406.764858,249
99880,1780495406.76486,251
99881,1780495406.7648609,253
99882,1780495406.764863,257
99883,1780495406.764864,256
99884,1780495406.764865,256
99885,1780495406.764867,252
99886,1780495406.766602,250
99887,1780495406.768557,249
99888,1780495406.7685602,246
99889,1780495406.768561,246
99890,1780495406.768563,243
99891,1780495406.768564,240
99892,1780495406.768565,240
99893,1780495406.768567,240
99894,1780495406.768568,240
99895,1780495406.7685702,242
99896,1780495406.7685719,243
99897,1780495406.7704058,243
99898,1780495406.800107,245
99899,1780495406.800111,247
99900,1780495406.800113,253
99901,1780495406.8001149,254
99902,1780495406.800117,257
99903,1780495406.800119,254
99904,1780495406.800121,253
99905,1780495406.800122,251
99906,1780495406.800124,251
99907,1780495406.800127,248
99908,1780495406.803641,245
99909,1780495406.803645,247
99910,1780495406.8036458,245
99911,1780495406.803648,242
99912,1780495406.8036501,238
99913,1780495406.803652,240
99914,1780495406.803654,242
99915,1780495406.803655,242
99916,1780495406.803657,245
99917,1780495406.803659,248
99918,1780495406.803662,248
99919,1780495406.806166,248
99920,1780495406.806169,252
99921,1780495406.806171,253
99922,1780495406.8061728,257
99923,1780495406.806175,258
99924,1780495406.8061771,257
99925,1780495406.806179,253
99926,1780495406.8061812,252
99927,1780495406.806187,250
99928,1780495406.806189,249
99929,1780495406.8061922,246
99930,1780495406.808702,243
99931,1780495406.808706,243
99932,1780495406.8087082,240
99933,1780495406.8087091,244
99934,1780495406.8087108,242
99935,1780495406.808713,242
99936,1780495406.808715,242
99937,1780495406.808717,246
99938,1780495406.8087301,246
99939,1780495406.8087318,251
99940,1780495406.84029,249
99941,1780495406.840296,254
99942,1780495406.840299,256
99943,1780495406.840302,253
99944,1780495406.8403049,255
99945,1780495406.840308,255
99946,1780495406.84031,248
99947,1780495406.8403132,247
99948,1780495406.8403158,245
99949,1780495406.840319,244
99950,1780495406.840323,246
99951,1780495406.8441548,240
99952,1780495406.844175,240
99953,1780495406.844182,245
99954,1780495406.844185,243
99955,1780495406.8441868,244
99956,1780495406.84419,240
99957,1780495406.844192,246
99958,1780495406.844197,247
99959,1780495406.8442,250
99960,1780495406.844202,253
99961,1780495406.844206,256
99962,1780495406.847609,255
99963,1780495406.847627,257
99964,1780495406.8476312,257
99965,1780495406.8476338,253
99966,1780495406.847637,249
99967,1780495406.84764,249
99968,1780495406.8476439,248
99969,1780495406.847647,245
99970,1780495406.847649,245
99971,1780495406.8476539,239
99972,1780495406.8513029,241
99973,1780495406.8513222,242
99974,1780495406.851373,239
99975,1780495406.851376,242
99976,1780495406.851379,244
99977,1780495406.851382,245
99978,1780495406.851385,247
99979,1780495406.851388,250
99980,1780495406.851391,250
99981,1780495406.851394,254
99982,1780495406.851398,259
99983,1780495406.881695,255
99984,1780495406.8817239,254
99985,1780495406.881731,255
99986,1780495406.881737,251
99987,1780495406.8817432,249
99988,1780495406.881748,245
99989,1780495406.8817542,246
99990,1780495406.88176,242
99991,1780495406.8817651,241
99992,1780495406.881771,239
99993,1780495406.881781,239
99994,1780495406.884974,244
99995,1780495406.884991,240
99996,1780495406.8849971,247
99997,1780495406.885002,248
99998,1780495406.8850071,248
99999,1780495406.885011,248
100000,1780495406.885021,248
100001,1780495406.885026,255
100002,1780495406.885031,258
100003,1780495406.88504,256
100004,1780495406.887448,256
100005,1780495406.887455,252
100006,1780495406.88746,251
100007,1780495406.887464,246
100008,1780495406.887468,246
100009,1780495406.8874722,245
100010,1780495406.887476,243
100011,1780495406.887479,242
100012,1780495406.887483,238
100013,1780495406.887486,243
100014,1780495406.887491,245
100015,1780495406.9178398,243
100016,1780495406.917871,244
100017,1780495406.917878,247
100018,1780495406.917886,250
100019,1780495406.917892,250
100020,1780495406.917898,252
100021,1780495406.9179049,256
100022,1780495406.91791,260
100023,1780495406.9179149,256
100024,1780495406.917923,254
100025,1780495406.920418,254
100026,1780495406.922446,250
100027,1780495406.922461,250
100028,1780495406.9224691,249
100029,1780495406.922473,244
100030,1780495406.922477,246
100031,1780495406.9224808,243
100032,1780495406.922488,243
100033,1780495406.9224908,241
100034,1780495406.922496,242
100035,1780495406.922511,244
100036,1780495406.925062,244
100037,1780495406.925081,246
100038,1780495406.925088,248
100039,1780495406.925094,247
100040,1780495406.925102,254
100041,1780495406.925107,256
100042,1780495406.9251132,257
100043,1780495406.925118,256
100044,1780495406.925123,257
100045,1780495406.925128,255
100046,1780495406.9251351,251
100047,1780495406.927661,252
100048,1780495406.927685,249
100049,1780495406.9276931,247
100050,1780495406.927698,244
100051,1780495406.9277031,243
100052,1780495406.927708,241
100053,1780495406.927712,243
100054,1780495406.927718,244
100055,1780495406.927723,242
100056,1780495406.9277272,242
100057,1780495406.927734,244
100058,1780495406.9576561,249
100059,1780495406.9576619,254
100060,1780495406.9576662,254
100061,1780495406.957668,257
100062,1780495406.95767,259
100063,1780495406.9576719,260
100064,1780495406.957675,258
100065,1780495406.957678,255
100066,1780495406.9576802,251
100067,1780495406.9576828,250
100068,1780495406.961143,248
100069,1780495406.9611468,247
100070,1780495406.961149,244
100071,1780495406.961151,242
100072,1780495406.961153,243
100073,1780495406.961154,243
100074,1780495406.9611561,241
100075,1780495406.9611578,243
100076,1780495406.96116,245
100077,1780495406.961162,247
100078,1780495406.961164,247
100079,1780495406.964072,251
100080,1780495406.964076,256
100081,1780495406.9640782,256
100082,1780495406.96408,260
100083,1780495406.964082,257
100084,1780495406.964083,253
100085,1780495406.964086,255
100086,1780495406.964087,253
100087,1780495406.9640892,247
100088,1780495406.9640908,248
100089,1780495406.964094,245
100090,1780495406.992996,246
100091,1780495406.9929988,242
100092,1780495406.993,242
100093,1780495406.993002,244
100094,1780495406.993003,246
100095,1780495406.993004,242
100096,1780495406.993006,245
100097,1780495406.9930072,248
100098,1780495406.9930089,244
100099,1780495406.9930098,253
100100,1780495406.999903,253
100101,1780495406.999906,254
100102,1780495406.999907,260
100103,1780495406.9999082,257
100104,1780495406.9999092,256
100105,1780495406.9999099,254
100106,1780495406.9999108,252
100107,1780495406.999912,249
100108,1780495406.999913,249
100109,1780495406.999914,248
100110,1780495406.999916,244
100111,1780495407.0023959,241
100112,1780495407.002399,240
100113,1780495407.0024,240
100114,1780495407.002401,244
100115,1780495407.002402,245
100116,1780495407.002403,246
100117,1780495407.0024042,249
100118,1780495407.0024052,248
100119,1780495407.002406,251
100120,1780495407.002406,251
100121,1780495407.002408,257
100122,1780495407.004897,259
100123,1780495407.004899,259
100124,1780495407.0049,259
100125,1780495407.0049012,254
100126,1780495407.004902,248
100127,1780495407.0049028,246
100128,1780495407.004904,241
100129,1780495407.004905,244
100130,1780495407.004906,244
100131,1780495407.0049138,242
100132,1780495407.067787,241
100133,1780495407.067791,242
100134,1780495407.067792,243
100135,1780495407.067793,242
100136,1780495407.067793,243
100137,1780495407.0677938,248
100138,1780495407.067795,249
100139,1780495407.067796,251
100140,1780495407.067797,257
100141,1780495407.067798,257
100142,1780495407.07165,256
100143,1780495407.073548,253
100144,1780495407.07355,256
100145,1780495407.0735512,253
100146,1780495407.0735512,250
100147,1780495407.073552,251
100148,1780495407.0735528,245
100149,1780495407.073554,244
100150,1780495407.073555,242
100151,1780495407.073555,242
100152,1780495407.073556,239
100153,1780495407.073557,242
100154,1780495407.076103,240
100155,1780495407.0761049,244
100156,1780495407.0761049,246
100157,1780495407.076106,243
100158,1780495407.076107,246
100159,1780495407.076108,249
100160,1780495407.0761092,251
100161,1780495407.0761092,254
100162,1780495407.0761101,256
100163,1780495407.076111,252
100164,1780495407.07859,255
100165,1780495407.078592,253
100166,1780495407.078592,249
100167,1780495407.078593,246
100168,1780495407.078594,244
100169,1780495407.0785952,242
100170,1780495407.078596,241
100171,1780495407.078597,241
100172,1780495407.078597,239
100173,1780495407.0785978,238
100174,1780495407.078599,239
100175,1780495407.0810921,242
100176,1780495407.0810938,242
100177,1780495407.0810938,243
100178,1780495407.081095,245
100179,1780495407.081096,249
100180,1780495407.081097,251
100181,1780495407.081098,250
100182,1780495407.081099,257
100183,1780495407.081099,254
100184,1780495407.0811,253
100185,1780495407.084052,251
100186,1780495407.084055,247
100187,1780495407.0840561,247
100188,1780495407.084057,243
100189,1780495407.084057,245
100190,1780495407.084058,240
100191,1780495407.0840588,237
100192,1780495407.08406,234
100193,1780495407.084061,239
100194,1780495407.084061,241
100195,1780495407.084063,242
100196,1780495407.0873442,241
100197,1780495407.0873458,241
100198,1780495407.087347,246
100199,1780495407.087347,247
100200,1780495407.087348,249
100201,1780495407.087349,252
100202,1780495407.0873501,251
100203,1780495407.087351,257
100204,1780495407.087351,252
100205,1780495407.087353,250
100206,1780495407.08905,249
100207,1780495407.091158,244
100208,1780495407.09116,243
100209,1780495407.091161,243
100210,1780495407.0911622,241
100211,1780495407.091163,237
100212,1780495407.091163,236
100213,1780495407.0911639,236
100214,1780495407.0911648,238
100215,1780495407.091166,240
100216,1780495407.091167,241
100217,1780495407.091168,242
100218,1780495407.12128,243
100219,1780495407.121286,248
100220,1780495407.1212869,250
100221,1780495407.1212878,254
100222,1780495407.121289,254
100223,1780495407.121289,252
100224,1780495407.12129,251
100225,1780495407.121291,250
100226,1780495407.121292,249
100227,1780495407.121294,245
100228,1780495407.124833,244
100229,1780495407.124834,241
100230,1780495407.124835,241
100231,1780495407.1248362,237
100232,1780495407.1248372,236
100233,1780495407.1248379,237
100234,1780495407.1248379,240
100235,1780495407.1248388,242
100236,1780495407.12484,244
100237,1780495407.124841,244
100238,1780495407.124842,246
100239,1780495407.1277702,246
100240,1780495407.1277719,250
100241,1780495407.127773,253
100242,1780495407.127774,255
100243,1780495407.127775,253
100244,1780495407.127775,252
100245,1780495407.127776,250
100246,1780495407.127777,248
100247,1780495407.127778,246
100248,1780495407.127778,246
100249,1780495407.132504,241
100250,1780495407.1325061,238
100251,1780495407.1325068,239
100252,1780495407.1325078,237
100253,1780495407.132509,240
100254,1780495407.132509,239
100255,1780495407.13251,235
100256,1780495407.132511,238
100257,1780495407.132512,245
100258,1780495407.132513,247
100259,1780495407.132514,248
100260,1780495407.1441479,248
100261,1780495407.14415,252
100262,1780495407.144151,255
100263,1780495407.1441522,252
100264,1780495407.144153,250
100265,1780495407.144154,251
100266,1780495407.1441548,247
100267,1780495407.144156,244
100268,1780495407.144157,241
100269,1780495407.144158,240
100270,1780495407.1465979,242
100271,1780495407.176259,238
100272,1780495407.176262,237
100273,1780495407.1762629,237
100274,1780495407.176264,239
100275,1780495407.176265,239
100276,1780495407.176266,238
100277,1780495407.176267,243
100278,1780495407.176269,248
100279,1780495407.17627,246
100280,1780495407.1762712,250
100281,1780495407.1791842,255
100282,1780495407.181037,255
100283,1780495407.181039,254
100284,1780495407.18104,249
100285,1780495407.181042,250
100286,1780495407.181043,247
100287,1780495407.1810439,243
100288,1780495407.181045,244
100289,1780495407.181046,241
100290,1780495407.181047,236
100291,1780495407.181049,241
100292,1780495407.183648,237
100293,1780495407.18365,240
100294,1780495407.183651,239
100295,1780495407.183659,239
100296,1780495407.18366,240
100297,1780495407.183661,244
100298,1780495407.1836631,245
100299,1780495407.183664,247
100300,1780495407.1836648,251
100301,1780495407.183666,253
100302,1780495407.183668,256
100303,1780495407.186213,252
100304,1780495407.1862159,252
100305,1780495407.186217,247
100306,1780495407.186218,247
100307,1780495407.18622,246
100308,1780495407.1862211,240
100309,1780495407.186222,239
100310,1780495407.1862242,238
100311,1780495407.186225,237
100312,1780495407.1862268,237
100313,1780495407.186228,237
100314,1780495407.217856,237
100315,1780495407.217859,239
100316,1780495407.217862,241
100317,1780495407.2178628,241
100318,1780495407.217865,245
100319,1780495407.217866,246
100320,1780495407.217868,250
100321,1780495407.217869,253
100322,1780495407.2178712,254
100323,1780495407.2178729,251
100324,1780495407.2224488,250
100325,1780495407.2224529,250
100326,1780495407.222454,244
100327,1780495407.222456,240
100328,1780495407.2224572,245
100329,1780495407.2224588,241
100330,1780495407.2224598,240
100331,1780495407.222462,237
100332,1780495407.222464,237
100333,1780495407.222465,237
100334,1780495407.2224681,238
100335,1780495407.224916,240
100336,1780495407.224919,242
100337,1780495407.224921,244
100338,1780495407.224923,244
100339,1780495407.2249238,247
100340,1780495407.224926,250
100341,1780495407.224927,256
100342,1780495407.224929,252
100343,1780495407.224931,250
100344,1780495407.2249322,251
100345,1780495407.2249339,247
100346,1780495407.227402,246
100347,1780495407.227405,245
100348,1780495407.227406,242
100349,1780495407.2274182,239
100350,1780495407.2274199,239
100351,1780495407.227422,238
100352,1780495407.227423,235
100353,1780495407.227425,235
100354,1780495407.227426,240
100355,1780495407.2274292,240
100356,1780495407.2576451,241
100357,1780495407.257649,239
100358,1780495407.257652,245
100359,1780495407.257654,240
100360,1780495407.257656,245
100361,1780495407.257658,251
100362,1780495407.2576609,250
100363,1780495407.257663,249
100364,1780495407.257665,250
100365,1780495407.257667,248
100366,1780495407.2576709,245
100367,1780495407.261135,243
100368,1780495407.2611399,242
100369,1780495407.261143,240
100370,1780495407.261145,238
100371,1780495407.2611468,237
100372,1780495407.261149,238
100373,1780495407.261151,238
100374,1780495407.261154,236
100375,1780495407.261156,231
100376,1780495407.261158,242
100377,1780495407.2611609,238
100378,1780495407.2641149,242
100379,1780495407.2641191,245
100380,1780495407.264121,247
100381,1780495407.264124,250
100382,1780495407.264126,252
100383,1780495407.264128,251
100384,1780495407.26413,249
100385,1780495407.264132,245
100386,1780495407.264135,245
100387,1780495407.264138,243
100388,1780495407.267509,241
100389,1780495407.267513,240
100390,1780495407.267516,237
100391,1780495407.267518,233
100392,1780495407.26752,235
100393,1780495407.267522,235
100394,1780495407.267524,238
100395,1780495407.267526,236
100396,1780495407.267529,236
100397,1780495407.267531,236
100398,1780495407.267534,240
100399,1780495407.297822,245
100400,1780495407.297854,247
100401,1780495407.297864,250
100402,1780495407.297868,248
100403,1780495407.2978718,251
100404,1780495407.2978802,248
100405,1780495407.297884,243
100406,1780495407.297888,243
100407,1780495407.297896,244
100408,1780495407.2979,238
100409,1780495407.297906,238
100410,1780495407.3012018,237
100411,1780495407.3012202,239
100412,1780495407.301227,235
100413,1780495407.3012311,235
100414,1780495407.301235,235
100415,1780495407.301238,236
100416,1780495407.301245,236
100417,1780495407.301249,240
100418,1780495407.301253,243
100419,1780495407.301258,246
100420,1780495407.303691,247
100421,1780495407.3036978,247
100422,1780495407.303705,252
100423,1780495407.303709,249
100424,1780495407.303713,252
100425,1780495407.3037162,246
100426,1780495407.303723,242
100427,1780495407.3037271,240
100428,1780495407.30373,239
100429,1780495407.303734,240
100430,1780495407.3037388,238
100431,1780495407.350451,232
100432,1780495407.350487,234
100433,1780495407.350497,233
100434,1780495407.3505018,234
100435,1780495407.3505101,238
100436,1780495407.350514,237
100437,1780495407.350518,240
100438,1780495407.350522,242
100439,1780495407.350525,241
100440,1780495407.350531,244
100441,1780495407.352861,250
100442,1780495407.357832,252
100443,1780495407.357853,244
100444,1780495407.3578591,247
100445,1780495407.357864,250
100446,1780495407.357871,239
100447,1780495407.357876,239
100448,1780495407.357883,236
100449,1780495407.357888,236
100450,1780495407.3578932,236
100451,1780495407.3579001,233
100452,1780495407.36002,236
100453,1780495407.360099,236
100454,1780495407.360106,237
100455,1780495407.360111,238
100456,1780495407.360115,237
100457,1780495407.3601239,240
100458,1780495407.360128,238
100459,1780495407.360238,245
100460,1780495407.360245,245
100461,1780495407.360248,249
100462,1780495407.360254,251
100463,1780495407.3625028,247
100464,1780495407.362526,247
100465,1780495407.3625321,246
100466,1780495407.362535,245
100467,1780495407.362539,237
100468,1780495407.3625422,237
100469,1780495407.362547,236
100470,1780495407.362551,233
100471,1780495407.3625531,233
100472,1780495407.362556,232
100473,1780495407.362561,235
100474,1780495407.364915,234
100475,1780495407.364932,229
100476,1780495407.3649359,238
100477,1780495407.364938,241
100478,1780495407.3649411,243
100479,1780495407.364943,244
100480,1780495407.364948,245
100481,1780495407.3649511,248
100482,1780495407.364953,253
100483,1780495407.364956,249
100484,1780495407.36781,248
100485,1780495407.3678231,245
100486,1780495407.367826,243
100487,1780495407.367828,243
100488,1780495407.367831,239
100489,1780495407.3678331,235
100490,1780495407.367836,237
100491,1780495407.367838,233
100492,1780495407.367841,232
100493,1780495407.367844,233
100494,1780495407.367847,235
100495,1780495407.4013681,232
100496,1780495407.401376,234
100497,1780495407.401379,239
100498,1780495407.40138,244
100499,1780495407.401382,242
100500,1780495407.4013839,243
100501,1780495407.401385,249
100502,1780495407.401387,251
100503,1780495407.401388,248
100504,1780495407.401391,247
100505,1780495407.404039,245
100506,1780495407.406049,241
100507,1780495407.406052,243
100508,1780495407.4060538,238
100509,1780495407.406055,238
100510,1780495407.406057,234
100511,1780495407.406058,237
100512,1780495407.40606,233
100513,1780495407.4060621,234
100514,1780495407.406064,238
100515,1780495407.406066,236
100516,1780495407.4086232,237
100517,1780495407.408627,242
100518,1780495407.408629,241
100519,1780495407.408631,245
100520,1780495407.4086342,246
100521,1780495407.408635,249
100522,1780495407.408637,249
100523,1780495407.408639,248
100524,1780495407.408641,244
100525,1780495407.408653,244
100526,1780495407.408656,244
100527,1780495407.4111612,243
100528,1780495407.4111638,237
100529,1780495407.411166,238
100530,1780495407.411168,233
100531,1780495407.411169,236
100532,1780495407.411171,234
100533,1780495407.4111722,234
100534,1780495407.4111738,234
100535,1780495407.411176,237
100536,1780495407.411177,238
100537,1780495407.41118,238
100538,1780495407.4187222,240
100539,1780495407.418726,242
100540,1780495407.4187279,244
100541,1780495407.418729,247
100542,1780495407.41873,248
100543,1780495407.418732,250
100544,1780495407.4187331,249
100545,1780495407.418734,245
100546,1780495407.4187362,244
100547,1780495407.418738,242
100548,1780495407.4489238,240
100549,1780495407.448927,240
100550,1780495407.448928,237
100551,1780495407.448929,235
100552,1780495407.44893,233
100553,1780495407.448931,234
100554,1780495407.4489322,233
100555,1780495407.4489331,236
100556,1780495407.4489338,238
100557,1780495407.4489348,239
100558,1780495407.4489348,244
100559,1780495407.448937,246
100560,1780495407.452965,247
100561,1780495407.452967,250
100562,1780495407.452968,251
100563,1780495407.452969,250
100564,1780495407.45297,247
100565,1780495407.452971,242
100566,1780495407.452972,243
100567,1780495407.4529731,242
100568,1780495407.452974,238
100569,1780495407.452975,235
100570,1780495407.4529762,235
100571,1780495407.452977,234
100572,1780495407.452977,235
100573,1780495407.452978,231
100574,1780495407.4529788,236
100575,1780495407.45298,237
100576,1780495407.452981,238
100577,1780495407.452982,241
100578,1780495407.4529831,242
100579,1780495407.452985,242
100580,1780495407.457804,245
100581,1780495407.4578052,249
100582,1780495407.457806,251
100583,1780495407.457807,250
100584,1780495407.457807,246
100585,1780495407.4578078,244
100586,1780495407.457809,243
100587,1780495407.45781,240
100588,1780495407.4578109,238
100589,1780495407.457812,238
100590,1780495407.461622,236
100591,1780495407.4913769,233
100592,1780495407.491379,236
100593,1780495407.49138,235
100594,1780495407.491381,239
100595,1780495407.491381,236
100596,1780495407.4913821,235
100597,1780495407.491383,240
100598,1780495407.491384,244
100599,1780495407.491385,243
100600,1780495407.4913862,245
100601,1780495407.491387,249
100602,1780495407.494824,249
100603,1780495407.494827,249
100604,1780495407.494828,246
100605,1780495407.494829,242
100606,1780495407.494829,241
100607,1780495407.4948301,239
100608,1780495407.494831,240
100609,1780495407.494832,239
100610,1780495407.494832,237
100611,1780495407.494834,234
100612,1780495407.497449,232
100613,1780495407.497451,232
100614,1780495407.497452,236
100615,1780495407.497453,233
100616,1780495407.4974542,237
100617,1780495407.497461,239
100618,1780495407.497462,240
100619,1780495407.497462,241
100620,1780495407.497463,245
100621,1780495407.4974642,247
100622,1780495407.4974651,248
100623,1780495407.50122,246
100624,1780495407.5012228,246
100625,1780495407.5012228,244
100626,1780495407.501224,242
100627,1780495407.501225,238
100628,1780495407.501226,240
100629,1780495407.501227,235
100630,1780495407.501227,233
100631,1780495407.501228,234
100632,1780495407.501229,231
100633,1780495407.50123,232
100634,1780495407.5327628,236
100635,1780495407.532765,235
100636,1780495407.5327659,240
100637,1780495407.532767,238
100638,1780495407.532768,242
100639,1780495407.532769,244
100640,1780495407.5327702,244
100641,1780495407.532771,247
100642,1780495407.532771,252
100643,1780495407.532773,247
100644,1780495407.537312,247
100645,1780495407.537314,245
100646,1780495407.5373151,241
100647,1780495407.537316,237
100648,1780495407.537316,239
100649,1780495407.537317,236
100650,1780495407.537318,233
100651,1780495407.537319,233
100652,1780495407.53732,228
100653,1780495407.53732,233
100654,1780495407.537322,234
100655,1780495407.539894,234
100656,1780495407.539896,231
100657,1780495407.5398972,237
100658,1780495407.5398982,241
100659,1780495407.5398982,240
100660,1780495407.5398989,245
100661,1780495407.5398998,247
100662,1780495407.539901,248
100663,1780495407.539902,246
100664,1780495407.539906,244
100665,1780495407.539907,248
100666,1780495407.543731,237
100667,1780495407.543732,239
100668,1780495407.543733,235
100669,1780495407.543734,238
100670,1780495407.543735,233
100671,1780495407.543735,232
100672,1780495407.543736,232
100673,1780495407.5437372,230
100674,1780495407.5437381,232
100675,1780495407.5437388,236
100676,1780495407.5738602,237
100677,1780495407.5738618,237
100678,1780495407.573863,243
100679,1780495407.573864,241
100680,1780495407.573865,245
100681,1780495407.573866,247
100682,1780495407.573867,249
100683,1780495407.573868,247
100684,1780495407.573868,243
100685,1780495407.573869,242
100686,1780495407.5738711,240
100687,1780495407.5778859,234
100688,1780495407.577888,238
100689,1780495407.577889,236
100690,1780495407.5778902,235
100691,1780495407.577891,233
100692,1780495407.577892,230
100693,1780495407.577893,233
100694,1780495407.577894,233
100695,1780495407.577895,232
100696,1780495407.5778959,234
100697,1780495407.577897,240
100698,1780495407.582475,244
100699,1780495407.582477,242
100700,1780495407.582478,243
100701,1780495407.582479,248
100702,1780495407.582479,248
100703,1780495407.58248,246
100704,1780495407.582481,247
100705,1780495407.5824819,242
100706,1780495407.582483,241
100707,1780495407.582484,237
100708,1780495407.588601,236
100709,1780495407.5886028,237
100710,1780495407.588604,234
100711,1780495407.5886059,230
100712,1780495407.588607,231
100713,1780495407.588608,231
100714,1780495407.588609,229
100715,1780495407.588609,235
100716,1780495407.58861,237
100717,1780495407.588612,236
100718,1780495407.590318,238
100719,1780495407.651341,242
100720,1780495407.6513531,244
100721,1780495407.6513548,249
100722,1780495407.651357,249
100723,1780495407.651358,247
100724,1780495407.65136,247
100725,1780495407.651362,240
100726,1780495407.6513631,240
100727,1780495407.651366,237
100728,1780495407.651368,232
100729,1780495407.651371,236
100730,1780495407.6573179,232
100731,1780495407.65733,233
100732,1780495407.657332,231
100733,1780495407.657334,235
100734,1780495407.657336,231
100735,1780495407.6573381,231
100736,1780495407.6573389,237
100737,1780495407.657341,236
100738,1780495407.657342,239
100739,1780495407.657345,242
100740,1780495407.659874,242
100741,1780495407.659879,245
100742,1780495407.6598809,246
100743,1780495407.659882,247
100744,1780495407.659884,246
100745,1780495407.6598861,240
100746,1780495407.659887,237
100747,1780495407.659889,239
100748,1780495407.65989,233
100749,1780495407.659892,234
100750,1780495407.659895,234
100751,1780495407.662698,231
100752,1780495407.6627042,229
100753,1780495407.662706,230
100754,1780495407.6627069,229
100755,1780495407.662709,230
100756,1780495407.6627111,233
100757,1780495407.662712,238
100758,1780495407.662714,236
100759,1780495407.662716,239
100760,1780495407.6627169,243
100761,1780495407.66272,242
100762,1780495407.664804,244
100763,1780495407.664808,241
100764,1780495407.66481,241
100765,1780495407.664812,239
100766,1780495407.664813,238
100767,1780495407.6648152,239
100768,1780495407.6648169,237
100769,1780495407.664819,232
100770,1780495407.66482,233
100771,1780495407.664823,229
100772,1780495407.667747,229
100773,1780495407.6677508,233
100774,1780495407.667753,231
100775,1780495407.6677551,232
100776,1780495407.667756,233
100777,1780495407.667758,234
100778,1780495407.6677601,237
100779,1780495407.6677618,238
100780,1780495407.667764,242
100781,1780495407.667766,244
100782,1780495407.667774,246
100783,1780495407.674987,244
100784,1780495407.674998,243
100785,1780495407.675,238
100786,1780495407.6750011,239
100787,1780495407.6750028,235
100788,1780495407.675004,233
100789,1780495407.675006,236
100790,1780495407.675008,231
100791,1780495407.67501,229
100792,1780495407.675012,226
100793,1780495407.6773918,231
100794,1780495407.6773949,232
100795,1780495407.677397,232
100796,1780495407.6773992,229
100797,1780495407.6774,237
100798,1780495407.677402,237
100799,1780495407.677403,245
100800,1780495407.6774049,245
100801,1780495407.677407,246
100802,1780495407.677408,248
100803,1780495407.677411,244
100804,1780495407.707655,245
100805,1780495407.707669,240
100806,1780495407.707672,241
100807,1780495407.707675,238
100808,1780495407.707677,238
100809,1780495407.707679,236
100810,1780495407.7076821,236
100811,1780495407.707684,235
100812,1780495407.707686,231
100813,1780495407.7076879,231
100814,1780495407.707693,234
100815,1780495407.711265,234
100816,1780495407.711283,235
100817,1780495407.711287,238
100818,1780495407.7112892,238
100819,1780495407.7112918,241
100820,1780495407.711295,245
100821,1780495407.711297,244
100822,1780495407.711303,245
100823,1780495407.711306,246
100824,1780495407.711308,241
100825,1780495407.7113118,245
100826,1780495407.714139,243
100827,1780495407.714155,236
100828,1780495407.714158,230
100829,1780495407.7141829,235
100830,1780495407.714185,231
100831,1780495407.714188,231
100832,1780495407.71419,228
100833,1780495407.714196,232
100834,1780495407.714199,229
100835,1780495407.7142022,233
100836,1780495407.717397,230
100837,1780495407.717412,232
100838,1780495407.7174149,236
100839,1780495407.717418,239
100840,1780495407.71742,240
100841,1780495407.7174232,241
100842,1780495407.7174249,246
100843,1780495407.717428,242
100844,1780495407.71743,243
100845,1780495407.7174559,239
100846,1780495407.719187,237
100847,1780495407.74892,236
100848,1780495407.748943,235
100849,1780495407.748947,230
100850,1780495407.74895,229
100851,1780495407.7489522,228
100852,1780495407.7489548,227
100853,1780495407.7489579,229
100854,1780495407.74896,230
100855,1780495407.748963,229
100856,1780495407.748965,232
100857,1780495407.748972,234
100858,1780495407.752384,233
100859,1780495407.752396,242
100860,1780495407.7523992,237
100861,1780495407.7524009,247
100862,1780495407.752404,246
100863,1780495407.7524061,246
100864,1780495407.7524102,239
100865,1780495407.7524118,237
100866,1780495407.752416,237
100867,1780495407.7524211,233
100868,1780495407.7548401,232
100869,1780495407.754858,234
100870,1780495407.754862,228
100871,1780495407.7548642,228
100872,1780495407.7548668,229
100873,1780495407.75487,229
100874,1780495407.754872,232
100875,1780495407.7548742,229
100876,1780495407.7548769,233
100877,1780495407.754879,236
100878,1780495407.7548878,235
100879,1780495407.757946,240
100880,1780495407.757963,240
100881,1780495407.757965,242
100882,1780495407.757968,242
100883,1780495407.757971,242
100884,1780495407.757973,242
100885,1780495407.757976,238
100886,1780495407.757979,236
100887,1780495407.757984,234
100888,1780495407.757986,232
100889,1780495407.75799,229
100890,1780495407.791589,229
100891,1780495407.791612,228
100892,1780495407.791616,228
100893,1780495407.791619,229
100894,1780495407.791622,228
100895,1780495407.7916238,229
100896,1780495407.791627,232
100897,1780495407.7916312,231
100898,1780495407.791633,235
100899,1780495407.791637,238
100900,1780495407.794966,236
100901,1780495407.794981,240
100902,1780495407.7949839,244
100903,1780495407.794987,243
100904,1780495407.794989,239
100905,1780495407.7949922,238
100906,1780495407.7949939,236
100907,1780495407.794996,233
100908,1780495407.7949991,234
100909,1780495407.7950022,230
100910,1780495407.7950048,228
100911,1780495407.797385,228
100912,1780495407.797398,229
100913,1780495407.7974021,228
100914,1780495407.797405,228
100915,1780495407.797407,229
100916,1780495407.79741,228
100917,1780495407.797413,232
100918,1780495407.797416,237
100919,1780495407.797419,239
100920,1780495407.7974222,241
100921,1780495407.797426,241
100922,1780495407.800016,243
100923,1780495407.800029,244
100924,1780495407.800032,240
100925,1780495407.800035,235
100926,1780495407.8000371,234
100927,1780495407.80004,233
100928,1780495407.800046,229
100929,1780495407.8000488,228
100930,1780495407.800052,230
100931,1780495407.800055,228
100932,1780495407.831349,226
100933,1780495407.83136,227
100934,1780495407.831363,227
100935,1780495407.831365,229
100936,1780495407.831368,232
100937,1780495407.8313699,233
100938,1780495407.831372,235
100939,1780495407.8313742,236
100940,1780495407.8313768,237
100941,1780495407.831379,244
100942,1780495407.831382,241
100943,1780495407.839875,244
100944,1780495407.8398778,239
100945,1780495407.83988,238
100946,1780495407.839882,234
100947,1780495407.839884,234
100948,1780495407.8398862,233
100949,1780495407.8398879,231
100950,1780495407.83989,228
100951,1780495407.839892,227
100952,1780495407.839894,226
100953,1780495407.842305,229
100954,1780495407.8423092,228
100955,1780495407.842311,231
100956,1780495407.842313,230
100957,1780495407.842315,235
100958,1780495407.8423162,238
100959,1780495407.842318,237
100960,1780495407.84232,237
100961,1780495407.8423219,242
100962,1780495407.842324,245
100963,1780495407.842327,242
100964,1780495407.844945,237
100965,1780495407.8449512,235
100966,1780495407.844953,237
100967,1780495407.844955,235
100968,1780495407.8449569,233
100969,1780495407.844958,229
100970,1780495407.84496,228
100971,1780495407.8449621,227
100972,1780495407.844964,227
100973,1780495407.844966,226
100974,1780495407.844969,225
100975,1780495407.87628,228
100976,1780495407.8762822,230
100977,1780495407.876283,231
100978,1780495407.876284,235
100979,1780495407.876286,239
100980,1780495407.876287,238
100981,1780495407.876288,243
100982,1780495407.8762891,243
100983,1780495407.87629,242
100984,1780495407.876291,236
100985,1780495407.876297,237
100986,1780495407.882303,237
100987,1780495407.882306,240
100988,1780495407.882307,229
100989,1780495407.882308,231
100990,1780495407.8823092,230
100991,1780495407.88231,229
100992,1780495407.8823109,226
100993,1780495407.8823118,228
100994,1780495407.882313,227
100995,1780495407.882315,229
100996,1780495407.8848681,232
100997,1780495407.8848698,238
100998,1780495407.884871,235
100999,1780495407.884872,237
101000,1780495407.884873,244
101001,1780495407.8848739,242
101002,1780495407.8848739,245
101003,1780495407.884875,245
101004,1780495407.884876,238
101005,1780495407.884877,237
101006,1780495407.8848782,238
101007,1780495407.8848798,235
101008,1780495407.887294,234
101009,1780495407.887297,230
101010,1780495407.887298,230
101011,1780495407.887299,230
101012,1780495407.8873,226
101013,1780495407.8873012,230
101014,1780495407.8873012,231
101015,1780495407.887302,229
101016,1780495407.8873029,229
101017,1780495407.887305,233
101018,1780495407.952874,233
101019,1780495407.952878,238
101020,1780495407.9528792,239
101021,1780495407.9528801,246
101022,1780495407.9528809,243
101023,1780495407.9528809,244
101024,1780495407.9528818,242
101025,1780495407.952883,237
101026,1780495407.952884,234
101027,1780495407.952885,234
101028,1780495407.952886,232
101029,1780495407.957309,232
101030,1780495407.957312,232
101031,1780495407.957313,229
101032,1780495407.957314,228
101033,1780495407.957315,228
101034,1780495407.9573162,231
101035,1780495407.957317,231
101036,1780495407.9573178,233
101037,1780495407.957319,234
101038,1780495407.95732,238
101039,1780495407.959868,240
101040,1780495407.9598699,240
101041,1780495407.959871,245
101042,1780495407.959875,246
101043,1780495407.959876,243
101044,1780495407.959877,243
101045,1780495407.959878,242
101046,1780495407.959879,235
101047,1780495407.9598799,235
101048,1780495407.9598799,231
101049,1780495407.959882,233
101050,1780495407.962332,229
101051,1780495407.962334,227
101052,1780495407.9623349,229
101053,1780495407.962336,229
101054,1780495407.962337,231
101055,1780495407.962338,230
101056,1780495407.9623392,233
101057,1780495407.9623392,234
101058,1780495407.96234,239
101059,1780495407.962341,237
101060,1780495407.96484,241
101061,1780495407.964842,242
101062,1780495407.964843,245
101063,1780495407.964844,243
101064,1780495407.964844,242
101065,1780495407.964845,235
101066,1780495407.9648461,235
101067,1780495407.964847,237
101068,1780495407.964848,232
101069,1780495407.964848,232
101070,1780495407.96485,230
101071,1780495407.967724,228
101072,1780495407.967726,228
101073,1780495407.9677272,229
101074,1780495407.9677281,229
101075,1780495407.9677289,230
101076,1780495407.9677298,229
101077,1780495407.967731,236
101078,1780495407.967732,237
101079,1780495407.967732,236
101080,1780495407.967733,244
101081,1780495407.967734,242
101082,1780495407.972279,245
101083,1780495407.97228,239
101084,1780495407.972281,239
101085,1780495407.9722822,240
101086,1780495407.972283,236
101087,1780495407.9722838,235
101088,1780495407.972285,230
101089,1780495407.972286,229
101090,1780495407.972286,228
101091,1780495407.972288,227
101092,1780495407.974876,228
101093,1780495407.9748769,227
101094,1780495407.9748778,229
101095,1780495407.974879,229
101096,1780495407.97488,230
101097,1780495407.974881,231
101098,1780495407.974881,235
101099,1780495407.9748821,239
101100,1780495407.974886,239
101101,1780495407.974887,241
101102,1780495407.9748878,242
101103,1780495408.005142,240
101104,1780495408.005145,237
101105,1780495408.005146,237
101106,1780495408.005147,235
101107,1780495408.005148,233
101108,1780495408.005149,231
101109,1780495408.0051498,226
101110,1780495408.0051498,230
101111,1780495408.005151,226
101112,1780495408.005153,227
101113,1780495408.007898,226
101114,1780495408.009789,229
101115,1780495408.009791,228
101116,1780495408.009792,229
101117,1780495408.009793,233
101118,1780495408.009793,236
101119,1780495408.009794,238
101120,1780495408.0097952,240
101121,1780495408.0097961,241
101122,1780495408.009797,241
101123,1780495408.0097978,241
101124,1780495408.012838,238
101125,1780495408.01284,237
101126,1780495408.012841,236
101127,1780495408.012842,232
101128,1780495408.012843,230
101129,1780495408.012844,229
101130,1780495408.012844,228
101131,1780495408.012845,227
101132,1780495408.012846,229
101133,1780495408.0128472,228
101134,1780495408.0128481,229
101135,1780495408.0175009,229
101136,1780495408.017503,229
101137,1780495408.017504,232
101138,1780495408.017505,232
101139,1780495408.01751,236
101140,1780495408.017511,239
101141,1780495408.0175118,240
101142,1780495408.017513,240
101143,1780495408.017513,240
101144,1780495408.017514,238
101145,1780495408.0175161,234
101146,1780495408.026219,234
101147,1780495408.026221,231
101148,1780495408.026222,230
101149,1780495408.0262232,228
101150,1780495408.0262232,229
101151,1780495408.0262241,225
101152,1780495408.0262249,227
101153,1780495408.0262258,225
101154,1780495408.026227,227
101155,1780495408.026228,229
101156,1780495408.057965,231
101157,1780495408.0579681,233
101158,1780495408.0579689,234
101159,1780495408.0579698,236
101160,1780495408.057971,238
101161,1780495408.057973,242
101162,1780495408.057974,244
101163,1780495408.057975,242
101164,1780495408.057976,236
101165,1780495408.0579772,236
101166,1780495408.0579789,235
101167,1780495408.062412,235
101168,1780495408.0624151,228
101169,1780495408.0624168,228
101170,1780495408.062418,228
101171,1780495408.062419,227
101172,1780495408.06242,225
101173,1780495408.062422,227
101174,1780495408.062423,229
101175,1780495408.0624242,229
101176,1780495408.0624251,232
101177,1780495408.064832,233
101178,1780495408.064835,235
101179,1780495408.064836,234
101180,1780495408.064838,240
101181,1780495408.064839,241
101182,1780495408.0648398,244
101183,1780495408.064841,240
101184,1780495408.064842,236
101185,1780495408.0648441,237
101186,1780495408.064845,233
101187,1780495408.064847,234
101188,1780495408.067462,230
101189,1780495408.067465,226
101190,1780495408.067466,230
101191,1780495408.067467,225
101192,1780495408.067468,226
101193,1780495408.06747,229
101194,1780495408.067471,228
101195,1780495408.067472,227
101196,1780495408.067473,228
101197,1780495408.067474,231
101198,1780495408.067476,236
101199,1780495408.097597,234
101200,1780495408.0976,235
101201,1780495408.0976021,244
101202,1780495408.097603,240
101203,1780495408.0976052,240
101204,1780495408.097607,237
101205,1780495408.0976079,235
101206,1780495408.09761,234
101207,1780495408.097611,232
101208,1780495408.097613,230
101209,1780495408.097615,226
101210,1780495408.101078,231
101211,1780495408.101082,227
101212,1780495408.101084,228
101213,1780495408.101085,224
101214,1780495408.101087,227
101215,1780495408.101088,228
101216,1780495408.10109,230
101217,1780495408.1010911,232
101218,1780495408.101093,232
101219,1780495408.101095,236
101220,1780495408.104001,236
101221,1780495408.1040041,243
101222,1780495408.1040058,242
101223,1780495408.104008,241
101224,1780495408.104009,238
101225,1780495408.104011,237
101226,1780495408.104012,236
101227,1780495408.1040142,236
101228,1780495408.104015,231
101229,1780495408.1040168,230
101230,1780495408.104019,227
101231,1780495408.108675,227
101232,1780495408.1086788,227
101233,1780495408.108681,229
101234,1780495408.108683,230
101235,1780495408.108685,229
101236,1780495408.1086872,231
101237,1780495408.1086888,234
101238,1780495408.10869,234
101239,1780495408.108692,237
101240,1780495408.108694,238
101241,1780495408.1086972,243
101242,1780495408.138829,242
101243,1780495408.138835,242
101244,1780495408.138838,242
101245,1780495408.13884,237
101246,1780495408.1388428,235
101247,1780495408.138845,235
101248,1780495408.1388469,232
101249,1780495408.13885,228
101250,1780495408.1388521,229
101251,1780495408.138856,226
101252,1780495408.142356,229
101253,1780495408.142362,229
101254,1780495408.142365,230
101255,1780495408.142368,230
101256,1780495408.1423712,229
101257,1780495408.142373,232
101258,1780495408.142376,238
101259,1780495408.142379,237
101260,1780495408.1423821,241
101261,1780495408.142385,245
101262,1780495408.142389,245
101263,1780495408.144896,241
101264,1780495408.144901,242
101265,1780495408.144904,237
101266,1780495408.144907,235
101267,1780495408.14491,234
101268,1780495408.1449118,234
101269,1780495408.1449149,227
101270,1780495408.144918,228
101271,1780495408.144921,229
101272,1780495408.144924,229
101273,1780495408.144928,230
101274,1780495408.1764128,229
101275,1780495408.1764321,231
101276,1780495408.17644,233
101277,1780495408.1764429,234
101278,1780495408.176446,237
101279,1780495408.176449,239
101280,1780495408.176455,240
101281,1780495408.17646,242
101282,1780495408.1764622,244
101283,1780495408.176466,243
101284,1780495408.1825228,241
101285,1780495408.1825411,239
101286,1780495408.1825438,235
101287,1780495408.182546,236
101288,1780495408.182549,232
101289,1780495408.1825511,228
101290,1780495408.182558,230
101291,1780495408.18256,229
101292,1780495408.182562,228
101293,1780495408.1825652,229
101294,1780495408.1825721,229
101295,1780495408.184884,231
101296,1780495408.1849,232
101297,1780495408.184903,234
101298,1780495408.184906,236
101299,1780495408.184909,238
101300,1780495408.184911,242
101301,1780495408.184917,245
101302,1780495408.184919,248
101303,1780495408.1849222,243
101304,1780495408.1849248,242
101305,1780495408.184931,240
101306,1780495408.187475,238
101307,1780495408.187487,235
101308,1780495408.187489,232
101309,1780495408.1874912,229
101310,1780495408.1874938,228
101311,1780495408.187496,229
101312,1780495408.187499,228
101313,1780495408.187501,230
101314,1780495408.187504,230
101315,1780495408.187507,229
101316,1780495408.256455,233
101317,1780495408.256474,236
101318,1780495408.2564769,235
101319,1780495408.2565272,240
101320,1780495408.256535,243
101321,1780495408.2565382,246
101322,1780495408.256541,245
101323,1780495408.256543,242
101324,1780495408.256546,240
101325,1780495408.2565482,240
101326,1780495408.256552,240
101327,1780495408.259982,235
101328,1780495408.2599978,234
101329,1780495408.260001,234
101330,1780495408.260004,231
101331,1780495408.260007,226
101332,1780495408.26001,226
101333,1780495408.260013,231
101334,1780495408.260015,229
101335,1780495408.2600179,232
101336,1780495408.260021,231
101337,1780495408.2625139,237
101338,1780495408.262532,236
101339,1780495408.2625349,239
101340,1780495408.262538,241
101341,1780495408.26254,243
101342,1780495408.2625432,246
101343,1780495408.2625449,243
101344,1780495408.262548,240
101345,1780495408.26255,238
101346,1780495408.262553,237
101347,1780495408.26256,235
101348,1780495408.265023,231
101349,1780495408.265043,232
101350,1780495408.2650461,228
101351,1780495408.265049,228
101352,1780495408.265051,226
101353,1780495408.265054,229
101354,1780495408.265057,231
101355,1780495408.265059,227
101356,1780495408.2650611,232
101357,1780495408.2650712,238
101358,1780495408.265075,237
101359,1780495408.267937,240
101360,1780495408.2679539,241
101361,1780495408.267958,243
101362,1780495408.26796,243
101363,1780495408.267963,245
101364,1780495408.2679648,239
101365,1780495408.267967,240
101366,1780495408.26797,238
101367,1780495408.267972,236
101368,1780495408.267974,228
101369,1780495408.267978,230
101370,1780495408.297815,229
101371,1780495408.297821,225
101372,1780495408.297822,230
101373,1780495408.297824,226
101374,1780495408.297826,230
101375,1780495408.297827,229
101376,1780495408.2978292,233
101377,1780495408.2978308,233
101378,1780495408.297832,237
101379,1780495408.297835,237
101380,1780495408.3023958,244
101381,1780495408.302399,245
101382,1780495408.3024,242
101383,1780495408.302401,239
101384,1780495408.302403,238
101385,1780495408.3024042,237
101386,1780495408.302405,238
101387,1780495408.302407,235
101388,1780495408.302408,233
101389,1780495408.302409,229
101390,1780495408.302411,229
101391,1780495408.304829,228
101392,1780495408.304833,227
101393,1780495408.3048341,227
101394,1780495408.304836,228
101395,1780495408.3048372,230
101396,1780495408.304838,232
101397,1780495408.3048398,234
101398,1780495408.304841,237
101399,1780495408.304843,241
101400,1780495408.3048441,242
101401,1780495408.304846,243
101402,1780495408.307322,241
101403,1780495408.3073258,240
101404,1780495408.307328,241
101405,1780495408.307329,237
101406,1780495408.3073301,240
101407,1780495408.307332,235
101408,1780495408.3073332,233
101409,1780495408.307335,230
101410,1780495408.3073359,228
101411,1780495408.307338,228
101412,1780495408.309808,228
101413,1780495408.30981,229
101414,1780495408.309812,228
101415,1780495408.309813,231
101416,1780495408.309814,233
101417,1780495408.309815,234
101418,1780495408.3098161,237
101419,1780495408.309818,240
101420,1780495408.309823,242
101421,1780495408.309824,247
101422,1780495408.3098261,246
101423,1780495408.312804,242
101424,1780495408.3128068,238
101425,1780495408.312808,239
101426,1780495408.312809,235
101427,1780495408.312811,234
101428,1780495408.312812,234
101429,1780495408.312813,233
101430,1780495408.312814,228
101431,1780495408.3128152,228
101432,1780495408.3128169,229
101433,1780495408.3128178,229
101434,1780495408.3173912,230
101435,1780495408.3173928,231
101436,1780495408.317394,229
101437,1780495408.317395,234
101438,1780495408.317396,238
101439,1780495408.317398,237
101440,1780495408.317399,242
101441,1780495408.3174,248
101442,1780495408.3174012,245
101443,1780495408.3174021,244
101444,1780495408.348427,241
101445,1780495408.3484302,237
101446,1780495408.348431,237
101447,1780495408.3484318,234
101448,1780495408.3484328,230
101449,1780495408.3484328,233
101450,1780495408.348434,228
101451,1780495408.348435,228
101452,1780495408.3484359,228
101453,1780495408.3484359,229
101454,1780495408.348438,229
101455,1780495408.352768,230
101456,1780495408.352771,233
101457,1780495408.352772,234
101458,1780495408.352772,237
101459,1780495408.3527732,238
101460,1780495408.352774,244
101461,1780495408.3527749,243
101462,1780495408.352776,245
101463,1780495408.352777,243
101464,1780495408.352777,241
101465,1780495408.352779,242
101466,1780495408.35454,235
101467,1780495408.354542,232
101468,1780495408.3545432,233
101469,1780495408.3545442,231
101470,1780495408.3545442,230
101471,1780495408.3545449,227
101472,1780495408.3545458,230
101473,1780495408.354547,230
101474,1780495408.354548,232
101475,1780495408.354552,231
101476,1780495408.356736,231
101477,1780495408.356738,236
101478,1780495408.356739,239
101479,1780495408.35674,241
101480,1780495408.3567412,242
101481,1780495408.356742,243
101482,1780495408.3567429,245
101483,1780495408.356744,243
101484,1780495408.356745,240
101485,1780495408.356745,239
101486,1780495408.356747,232
101487,1780495408.3698912,236
101488,1780495408.3698921,232
101489,1780495408.369893,230
101490,1780495408.3698938,230
101491,1780495408.369895,228
101492,1780495408.369896,228
101493,1780495408.369897,229
101494,1780495408.369898,228
101495,1780495408.369899,233
101496,1780495408.369899,234
101497,1780495408.369901,235
101498,1780495408.377397,239
101499,1780495408.377399,238
101500,1780495408.3774002,241
101501,1780495408.377401,247
101502,1780495408.377402,243
101503,1780495408.3774028,243
101504,1780495408.377404,240
101505,1780495408.377404,237
101506,1780495408.377405,237
101507,1780495408.377406,234
101508,1780495408.407525,230
101509,1780495408.407527,231
101510,1780495408.407528,228
101511,1780495408.4075289,229
101512,1780495408.40753,228
101513,1780495408.40753,228
101514,1780495408.407531,229
101515,1780495408.407532,228
101516,1780495408.4075332,230
101517,1780495408.4075341,234
101518,1780495408.407535,238
101519,1780495408.411294,240
101520,1780495408.411297,242
101521,1780495408.411298,244
101522,1780495408.411298,242
101523,1780495408.411299,241
101524,1780495408.4113002,240
101525,1780495408.4113011,238
101526,1780495408.4113019,237
101527,1780495408.445183,232
101528,1780495408.445187,233
101529,1780495408.445194,229
101530,1780495408.445269,229
101531,1780495408.445271,228
101532,1780495408.445272,229
101533,1780495408.4452732,229
101534,1780495408.445274,229
101535,1780495408.4452748,231
101536,1780495408.445276,233
101537,1780495408.445277,230
101538,1780495408.445277,235
101539,1780495408.445279,240
101540,1780495408.457463,240
101541,1780495408.4574652,240
101542,1780495408.4574661,243
101543,1780495408.4574661,242
101544,1780495408.4574668,239
101545,1780495408.4574678,237
101546,1780495408.457469,236
101547,1780495408.45747,233
101548,1780495408.457471,229
101549,1780495408.4574761,228
101550,1780495408.457477,229
101551,1780495408.460646,224
101552,1780495408.4606478,228
101553,1780495408.460649,228
101554,1780495408.46065,228
101555,1780495408.46065,230
101556,1780495408.460651,233
101557,1780495408.460652,233
101558,1780495408.460653,236
101559,1780495408.460654,241
101560,1780495408.460654,244
101561,1780495408.464467,244
101562,1780495408.464469,243
101563,1780495408.46447,241
101564,1780495408.464471,240
101565,1780495408.464471,237
101566,1780495408.464472,236
101567,1780495408.464473,232
101568,1780495408.4644742,230
101569,1780495408.464475,231
101570,1780495408.464475,228
101571,1780495408.4644768,227
101572,1780495408.467527,227
101573,1780495408.4675279,230
101574,1780495408.467529,229
101575,1780495408.46753,229
101576,1780495408.467531,233
101577,1780495408.467532,234
101578,1780495408.467533,236
101579,1780495408.467534,241
101580,1780495408.467534,238
101581,1780495408.467535,241
101582,1780495408.467537,243
101583,1780495408.4685912,242
101584,1780495408.4685922,242
101585,1780495408.468593,238
101586,1780495408.4685938,231
101587,1780495408.468595,234
101588,1780495408.468596,231
101589,1780495408.468597,231
101590,1780495408.4685981,228
101591,1780495408.4685981,230
101592,1780495408.468599,227
101593,1780495408.468601,228
101594,1780495408.4710221,229
101595,1780495408.471024,230
101596,1780495408.471025,232
101597,1780495408.471026,230
101598,1780495408.471026,236
101599,1780495408.471027,239
101600,1780495408.4710279,241
101601,1780495408.471029,242
101602,1780495408.47103,245
101603,1780495408.471031,242
101604,1780495408.519915,239
101605,1780495408.519918,239
101606,1780495408.5199192,235
101607,1780495408.5199208,234
101608,1780495408.519922,231
101609,1780495408.519923,231
101610,1780495408.519924,228
101611,1780495408.5199249,228
101612,1780495408.519927,229
101613,1780495408.519928,232
101614,1780495408.5199301,229
101615,1780495408.522872,232
101616,1780495408.5228748,233
101617,1780495408.522878,232
101618,1780495408.522882,236
101619,1780495408.5228841,243
101620,1780495408.522885,240
101621,1780495408.522888,247
101622,1780495408.522889,247
101623,1780495408.522891,243
101624,1780495408.522892,241
101625,1780495408.5228941,240
101626,1780495408.5323038,236
101627,1780495408.532306,235
101628,1780495408.532307,233
101629,1780495408.532309,232
101630,1780495408.53231,228
101631,1780495408.532311,228
101632,1780495408.5323122,229
101633,1780495408.532313,229
101634,1780495408.5323148,229
101635,1780495408.532316,232
101636,1780495408.5349262,233
101637,1780495408.5349288,233
101638,1780495408.53493,239
101639,1780495408.534932,239
101640,1780495408.534933,245
101641,1780495408.534934,248
101642,1780495408.534936,243
101643,1780495408.5349371,243
101644,1780495408.5349388,243
101645,1780495408.53494,241
101646,1780495408.534942,237
101647,1780495408.5378501,235
101648,1780495408.537853,230
101649,1780495408.537854,231
101650,1780495408.537856,232
101651,1780495408.537857,228
101652,1780495408.537858,229
101653,1780495408.5378602,229
101654,1780495408.537861,230
101655,1780495408.537863,231
101656,1780495408.537864,233
101657,1780495408.5378659,236
101658,1780495408.542411,239
101659,1780495408.5424159,240
101660,1780495408.542418,243
101661,1780495408.542419,246
101662,1780495408.542421,244
101663,1780495408.542422,240
101664,1780495408.542423,241
101665,1780495408.5424252,243
101666,1780495408.542426,237
101667,1780495408.542428,235
101668,1780495408.546155,233
101669,1780495408.5461571,232
101670,1780495408.546159,230
101671,1780495408.5461602,228
101672,1780495408.546161,230
101673,1780495408.5461628,228
101674,1780495408.546164,230
101675,1780495408.546165,233
101676,1780495408.5461671,233
101677,1780495408.546169,236
101678,1780495408.549155,240
101679,1780495408.578864,241
101680,1780495408.578869,243
101681,1780495408.578871,246
101682,1780495408.5788732,246
101683,1780495408.5788748,245
101684,1780495408.578877,239
101685,1780495408.5788789,240
101686,1780495408.578881,241
101687,1780495408.5788832,234
101688,1780495408.5788841,235
101689,1780495408.578887,232
101690,1780495408.582869,232
101691,1780495408.582873,230
101692,1780495408.5828748,231
101693,1780495408.582877,232
101694,1780495408.582879,233
101695,1780495408.582881,233
101696,1780495408.5828831,235
101697,1780495408.582885,238
101698,1780495408.582887,240
101699,1780495408.58289,241
101700,1780495408.5874171,245
101701,1780495408.58742,246
101702,1780495408.587422,246
101703,1780495408.587424,245
101704,1780495408.587426,244
101705,1780495408.587428,239
101706,1780495408.58743,238
101707,1780495408.587431,238
101708,1780495408.5874329,234
101709,1780495408.587435,233
101710,1780495408.587438,232
101711,1780495408.589965,229
101712,1780495408.5899699,231
101713,1780495408.589972,233
101714,1780495408.589975,233
101715,1780495408.589977,235
101716,1780495408.589979,239
101717,1780495408.5899808,239
101718,1780495408.589983,242
101719,1780495408.589986,243
101720,1780495408.589988,246
101721,1780495408.5899909,248
101722,1780495408.6213849,248
101723,1780495408.6214058,243
101724,1780495408.6214101,245
101725,1780495408.6214159,243
101726,1780495408.621419,238
101727,1780495408.621422,239
101728,1780495408.6214242,237
101729,1780495408.621431,235
101730,1780495408.621433,233
101731,1780495408.6214359,232
101732,1780495408.6249878,234
101733,1780495408.6250072,232
101734,1780495408.625011,237
101735,1780495408.6250129,236
101736,1780495408.625016,239
101737,1780495408.625021,241
101738,1780495408.625023,241
101739,1780495408.625026,244
101740,1780495408.625029,248
101741,1780495408.625031,249
101742,1780495408.6250381,246
101743,1780495408.627959,247
101744,1780495408.6280088,248
101745,1780495408.6280131,243
101746,1780495408.6280162,242
101747,1780495408.6280189,238
101748,1780495408.628021,233
101749,1780495408.628026,235
101750,1780495408.6280289,231
101751,1780495408.628031,232
101752,1780495408.628033,232
101753,1780495408.6280398,234
101754,1780495408.6325371,234
101755,1780495408.6325572,238
101756,1780495408.63256,238
101757,1780495408.6325629,241
101758,1780495408.632566,244
101759,1780495408.6325681,246
101760,1780495408.632571,249
101761,1780495408.6325738,253
101762,1780495408.632576,250
101763,1780495408.6325839,245
101764,1780495408.662693,247
101765,1780495408.662723,244
101766,1780495408.6627278,243
101767,1780495408.66273,241
101768,1780495408.662733,238
101769,1780495408.662735,238
101770,1780495408.662741,234
101771,1780495408.662743,236
101772,1780495408.6627462,235
101773,1780495408.6627479,237
101774,1780495408.662753,238
101775,1780495408.6662312,239
101776,1780495408.66625,241
101777,1780495408.666253,241
101778,1780495408.666256,238
101779,1780495408.66626,246
101780,1780495408.666263,251
101781,1780495408.6662662,250
101782,1780495408.66627,248
101783,1780495408.666272,250
101784,1780495408.666275,248
101785,1780495408.666278,245
101786,1780495408.6687412,242
101787,1780495408.668751,240
101788,1780495408.668755,239
101789,1780495408.668757,238
101790,1780495408.66876,236
101791,1780495408.668763,234
101792,1780495408.668766,237
101793,1780495408.6687691,237
101794,1780495408.668774,237
101795,1780495408.668777,239
101796,1780495408.6989949,237
101797,1780495408.699015,242
101798,1780495408.699019,243
101799,1780495408.699023,246
101800,1780495408.699025,250
101801,1780495408.699028,252
101802,1780495408.699031,249
101803,1780495408.6990342,249
101804,1780495408.699036,243
101805,1780495408.699039,247
101806,1780495408.699043,245
101807,1780495408.703016,239
101808,1780495408.7030358,239
101809,1780495408.703039,239
101810,1780495408.703043,236
101811,1780495408.7030451,232
101812,1780495408.703048,234
101813,1780495408.703051,236
101814,1780495408.703053,237
101815,1780495408.7030559,240
101816,1780495408.703062,243
101817,1780495408.703128,243
101818,1780495408.7075021,247
101819,1780495408.707519,244
101820,1780495408.707527,249
101821,1780495408.707529,251
101822,1780495408.7075331,251
101823,1780495408.707535,248
101824,1780495408.707542,247
101825,1780495408.707546,243
101826,1780495408.7075489,242
101827,1780495408.707554,241
101828,1780495408.709903,240
101829,1780495408.709909,237
101830,1780495408.709912,236
101831,1780495408.7099159,233
101832,1780495408.709918,234
101833,1780495408.7099211,234
101834,1780495408.709924,237
101835,1780495408.7099268,239
101836,1780495408.70993,239
101837,1780495408.709934,238
101838,1780495408.711644,242
101839,1780495408.7414138,247
101840,1780495408.741418,249
101841,1780495408.74142,252
101842,1780495408.741421,252
101843,1780495408.7414231,249
101844,1780495408.741424,246
101845,1780495408.7414248,244
101846,1780495408.741427,239
101847,1780495408.741428,241
101848,1780495408.74143,239
101849,1780495408.741432,236
101850,1780495408.743839,236
101851,1780495408.743841,235
101852,1780495408.7438421,235
101853,1780495408.743844,236
101854,1780495408.7438452,238
101855,1780495408.743846,240
101856,1780495408.743847,240
101857,1780495408.743849,245
101858,1780495408.74385,246
101859,1780495408.743851,249
101860,1780495408.743853,251
101861,1780495408.747773,252
101862,1780495408.747775,251
101863,1780495408.747776,249
101864,1780495408.747778,249
101865,1780495408.7477791,249
101866,1780495408.74778,242
101867,1780495408.747781,242
101868,1780495408.747783,240
101869,1780495408.747784,234
101870,1780495408.747786,241
101871,1780495408.752382,239
101872,1780495408.752384,236
101873,1780495408.752386,239
101874,1780495408.752387,243
101875,1780495408.752388,241
101876,1780495408.7523892,245
101877,1780495408.75239,246
101878,1780495408.7523909,249
101879,1780495408.752392,252
101880,1780495408.752393,255
101881,1780495408.752395,254
101882,1780495408.818798,257
101883,1780495408.818801,253
101884,1780495408.8188019,251
101885,1780495408.8188028,250
101886,1780495408.818804,246
101887,1780495408.818804,245
101888,1780495408.818805,243
101889,1780495408.818806,240
101890,1780495408.8188071,237
101891,1780495408.818808,237
101892,1780495408.822848,237
101893,1780495408.822853,240
101894,1780495408.8228538,241
101895,1780495408.8228621,244
101896,1780495408.8228638,243
101897,1780495408.8228638,246
101898,1780495408.822865,246
101899,1780495408.822866,250
101900,1780495408.822867,251
101901,1780495408.8228679,253
101902,1780495408.822869,254
101903,1780495408.8299031,253
101904,1780495408.8299048,252
101905,1780495408.829906,246
101906,1780495408.829907,244
101907,1780495408.829908,244
101908,1780495408.829909,244
101909,1780495408.82991,237
101910,1780495408.829911,241
101911,1780495408.829911,236
101912,1780495408.829912,239
101913,1780495408.8299131,236
101914,1780495408.832277,241
101915,1780495408.832278,241
101916,1780495408.832279,243
101917,1780495408.8322802,245
101918,1780495408.832281,246
101919,1780495408.832282,249
101920,1780495408.8322828,252
101921,1780495408.8322828,254
101922,1780495408.832284,252
101923,1780495408.832285,252
101924,1780495408.8348238,250
101925,1780495408.834826,246
101926,1780495408.834827,243
101927,1780495408.8348281,240
101928,1780495408.8348281,237
101929,1780495408.834829,239
101930,1780495408.83483,237
101931,1780495408.834831,239
101932,1780495408.834832,237
101933,1780495408.834833,236
101934,1780495408.8348339,239
101935,1780495408.837698,240
101936,1780495408.8376992,244
101937,1780495408.8377001,244
101938,1780495408.837701,242
101939,1780495408.8377018,251
101940,1780495408.837708,252
101941,1780495408.837709,251
101942,1780495408.8377101,254
101943,1780495408.837711,250
101944,1780495408.837711,247
101945,1780495408.837713,245
101946,1780495408.8448179,242
101947,1780495408.8448188,241
101948,1780495408.84482,241
101949,1780495408.844821,238
101950,1780495408.844822,240
101951,1780495408.8448231,236
101952,1780495408.8448231,234
101953,1780495408.844824,239
101954,1780495408.844825,239
101955,1780495408.8448262,241
101956,1780495408.847331,243
101957,1780495408.8473332,245
101958,1780495408.847334,248
101959,1780495408.847334,250
101960,1780495408.8473349,254
101961,1780495408.847336,255
101962,1780495408.847337,251
101963,1780495408.847337,249
101964,1780495408.847338,247
101965,1780495408.847339,246
101966,1780495408.84734,246
101967,1780495408.849868,242
101968,1780495408.84987,239
101969,1780495408.84987,240
101970,1780495408.8498712,237
101971,1780495408.8498719,236
101972,1780495408.8498728,239
101973,1780495408.8498728,241
101974,1780495408.849874,240
101975,1780495408.849875,240
101976,1780495408.849876,242
101977,1780495408.8498769,246
101978,1780495408.857357,248
101979,1780495408.8573592,252
101980,1780495408.8573592,255
101981,1780495408.85736,257
101982,1780495408.8573608,255
101983,1780495408.857362,252
101984,1780495408.857362,253
101985,1780495408.857363,250
101986,1780495408.857364,246
101987,1780495408.857365,243
101988,1780495408.887599,242
101989,1780495408.887603,241
101990,1780495408.887604,237
101991,1780495408.887605,242
101992,1780495408.887606,239
101993,1780495408.887607,238
101994,1780495408.887607,241
101995,1780495408.887608,241
101996,1780495408.887609,246
101997,1780495408.8876102,247
101998,1780495408.8876119,250
101999,1780495408.891098,254
102000,1780495408.891101,253
102001,1780495408.8911018,253
102002,1780495408.891103,252
102003,1780495408.891104,250
102004,1780495408.891105,251
102005,1780495408.8911061,247
102006,1780495408.891107,247
102007,1780495408.891108,248
102008,1780495408.8911092,244
102009,1780495408.891118,244
102010,1780495408.893687,238
102011,1780495408.8936892,240
102012,1780495408.89369,238
102013,1780495408.8936908,241
102014,1780495408.893692,241
102015,1780495408.893693,244
102016,1780495408.893694,244
102017,1780495408.893694,247
102018,1780495408.8936949,250
102019,1780495408.893697,252
102020,1780495408.8978739,256
102021,1780495408.897876,256
102022,1780495408.897877,255
102023,1780495408.897878,253
102024,1780495408.8978791,252
102025,1780495408.89788,248
102026,1780495408.897881,245
102027,1780495408.8978822,245
102028,1780495408.897883,243
102029,1780495408.897884,242
102030,1780495408.8978848,239
102031,1780495408.931306,239
102032,1780495408.931309,240
102033,1780495408.9313102,242
102034,1780495408.931312,243
102035,1780495408.9313128,244
102036,1780495408.931314,246
102037,1780495408.931315,248
102038,1780495408.931316,253
102039,1780495408.931317,252
102040,1780495408.931318,256
102041,1780495408.93132,261
102042,1780495408.9348202,254
102043,1780495408.9348228,253
102044,1780495408.934824,252
102045,1780495408.934825,250
102046,1780495408.934827,247
102047,1780495408.934828,245
102048,1780495408.934829,243
102049,1780495408.9348302,240
102050,1780495408.934832,242
102051,1780495408.9348328,240
102052,1780495408.937464,239
102053,1780495408.9374669,244
102054,1780495408.9374678,243
102055,1780495408.937469,241
102056,1780495408.93747,248
102057,1780495408.937472,250
102058,1780495408.937473,250
102059,1780495408.937474,252
102060,1780495408.937475,255
102061,1780495408.9374762,258
102062,1780495408.9374778,256
102063,1780495408.9411688,254
102064,1780495408.941171,244
102065,1780495408.941173,248
102066,1780495408.941174,248
102067,1780495408.941175,245
102068,1780495408.9411762,242
102069,1780495408.941178,242
102070,1780495408.9411788,238
102071,1780495408.94118,240
102072,1780495408.941181,242
102073,1780495408.941183,242
102074,1780495408.9727511,241
102075,1780495408.972754,245
102076,1780495408.972756,247
102077,1780495408.972758,246
102078,1780495408.9727628,253
102079,1780495408.972765,252
102080,1780495408.972766,255
102081,1780495408.972768,258
102082,1780495408.972769,256
102083,1780495408.9727721,256
102084,1780495408.977356,253
102085,1780495408.977359,252
102086,1780495408.9773598,248
102087,1780495408.977362,247
102088,1780495408.977364,244
102089,1780495408.977365,242
102090,1780495408.977366,242
102091,1780495408.977368,238
102092,1780495408.97737,241
102093,1780495408.977371,242
102094,1780495408.977373,241
102095,1780495408.979848,246
102096,1780495408.979851,248
102097,1780495408.9798532,248
102098,1780495408.979855,251
102099,1780495408.9798558,256
102100,1780495408.979858,256
102101,1780495408.9798589,259
102102,1780495408.979861,257
102103,1780495408.979862,253
102104,1780495408.9798641,250
102105,1780495408.9824069,249
102106,1780495408.982411,248
102107,1780495408.982412,246
102108,1780495408.982414,244
102109,1780495408.9824152,245
102110,1780495408.9824169,243
102111,1780495408.9824178,242
102112,1780495408.98242,243
102113,1780495408.982422,244
102114,1780495408.982423,241
102115,1780495408.982425,244
102116,1780495409.012544,247
102117,1780495409.0125492,250
102118,1780495409.0125508,255
102119,1780495409.012554,252
102120,1780495409.012556,258
102121,1780495409.012558,260
102122,1780495409.0125608,257
102123,1780495409.012563,256
102124,1780495409.012566,254
102125,1780495409.012568,250
102126,1780495409.0125709,250
102127,1780495409.016145,247
102128,1780495409.016149,248
102129,1780495409.016151,243
102130,1780495409.016153,244
102131,1780495409.0161548,240
102132,1780495409.0161579,244
102133,1780495409.01616,242
102134,1780495409.0161622,246
102135,1780495409.016164,247
102136,1780495409.016167,247
102137,1780495409.01617,247
102138,1780495409.0189729,252
102139,1780495409.018977,255
102140,1780495409.018979,260
102141,1780495409.018982,260
102142,1780495409.0189838,260
102143,1780495409.018986,250
102144,1780495409.0189881,256
102145,1780495409.018991,252
102146,1780495409.018993,250
102147,1780495409.019003,246
102148,1780495409.0528371,246
102149,1780495409.0528672,243
102150,1780495409.052872,245
102151,1780495409.052876,240
102152,1780495409.0528839,240
102153,1780495409.052889,244
102154,1780495409.052892,245
102155,1780495409.0528991,244
102156,1780495409.052903,248
102157,1780495409.052906,252
102158,1780495409.052916,250
102159,1780495409.056124,251
102160,1780495409.056133,256
102161,1780495409.056138,260
102162,1780495409.056143,256
102163,1780495409.0561469,258
102164,1780495409.056152,251
102165,1780495409.0561652,250
102166,1780495409.056169,248
102167,1780495409.056174,246
102168,1780495409.0561779,245
102169,1780495409.056183,243
102170,1780495409.0585558,243
102171,1780495409.0585659,240
102172,1780495409.058571,244
102173,1780495409.0585752,241
102174,1780495409.058579,242
102175,1780495409.058582,246
102176,1780495409.058589,246
102177,1780495409.058593,247
102178,1780495409.0585978,250
102179,1780495409.058603,252
102180,1780495409.061138,255
102181,1780495409.061145,259
102182,1780495409.061149,258
102183,1780495409.061152,253
102184,1780495409.061156,252
102185,1780495409.0611598,248
102186,1780495409.061166,247
102187,1780495409.0611699,245
102188,1780495409.061173,244
102189,1780495409.061177,241
102190,1780495409.0611808,240
102191,1780495409.123277,242
102192,1780495409.1232991,241
102193,1780495409.123306,244
102194,1780495409.123311,244
102195,1780495409.1233149,241
102196,1780495409.1233191,245
102197,1780495409.123323,246
102198,1780495409.123328,251
102199,1780495409.1233332,253
102200,1780495409.123339,255
102201,1780495409.126682,260
102202,1780495409.128719,254
102203,1780495409.1287308,255
102204,1780495409.128735,249
102205,1780495409.128739,251
102206,1780495409.128744,246
102207,1780495409.128747,245
102208,1780495409.1287522,243
102209,1780495409.128844,243
102210,1780495409.128851,240
102211,1780495409.1288562,239
102212,1780495409.131455,243
102213,1780495409.131467,243
102214,1780495409.1314712,242
102215,1780495409.131475,246
102216,1780495409.131501,247
102217,1780495409.131505,249
102218,1780495409.131509,251
102219,1780495409.1315122,252
102220,1780495409.131516,257
102221,1780495409.131519,255
102222,1780495409.131524,253
102223,1780495409.133881,253
102224,1780495409.133904,249
102225,1780495409.133909,249
102226,1780495409.133913,247
102227,1780495409.1339169,242
102228,1780495409.133921,243
102229,1780495409.1339252,242
102230,1780495409.1339278,240
102231,1780495409.133931,241
102232,1780495409.1339352,242
102233,1780495409.13394,242
102234,1780495409.1361332,244
102235,1780495409.136144,246
102236,1780495409.136148,248
102237,1780495409.136153,247
102238,1780495409.136158,252
102239,1780495409.1361651,250
102240,1780495409.136171,255
102241,1780495409.13618,257
102242,1780495409.136183,256
102243,1780495409.1361878,254
102244,1780495409.1390479,255
102245,1780495409.139055,248
102246,1780495409.1390579,250
102247,1780495409.139062,245
102248,1780495409.139065,242
102249,1780495409.139068,246
102250,1780495409.139071,243
102251,1780495409.139075,239
102252,1780495409.139078,243
102253,1780495409.139082,242
102254,1780495409.1390889,246
102255,1780495409.1423302,245
102256,1780495409.142338,248
102257,1780495409.1423428,249
102258,1780495409.142346,250
102259,1780495409.1423528,253
102260,1780495409.142355,253
102261,1780495409.142359,257
102262,1780495409.142366,255
102263,1780495409.142369,253
102264,1780495409.1423721,250
102265,1780495409.142376,251
102266,1780495409.144922,248
102267,1780495409.144928,244
102268,1780495409.144931,245
102269,1780495409.144934,244
102270,1780495409.144937,242
102271,1780495409.1449401,239
102272,1780495409.144943,241
102273,1780495409.144945,243
102274,1780495409.144948,246
102275,1780495409.144952,243
102276,1780495409.175134,246
102277,1780495409.175138,247
102278,1780495409.1751392,253
102279,1780495409.1751418,255
102280,1780495409.175143,259
102281,1780495409.175145,260
102282,1780495409.175146,257
102283,1780495409.175148,256
102284,1780495409.1751502,252
102285,1780495409.175157,249
102286,1780495409.1751602,247
102287,1780495409.178528,248
102288,1780495409.17853,236
102289,1780495409.1785321,245
102290,1780495409.178533,243
102291,1780495409.1785338,246
102292,1780495409.178536,243
102293,1780495409.178537,241
102294,1780495409.178538,245
102295,1780495409.17854,247
102296,1780495409.1785421,246
102297,1780495409.18033,251
102298,1780495409.18283,255
102299,1780495409.182833,256
102300,1780495409.182834,262
102301,1780495409.182836,258
102302,1780495409.182837,257
102303,1780495409.1828392,251
102304,1780495409.18284,254
102305,1780495409.182842,249
102306,1780495409.182843,248
102307,1780495409.1828449,246
102308,1780495409.216277,248
102309,1780495409.21628,245
102310,1780495409.21628,243
102311,1780495409.2162812,241
102312,1780495409.2162821,243
102313,1780495409.2162828,245
102314,1780495409.2162838,246
102315,1780495409.216285,244
102316,1780495409.216285,247
102317,1780495409.216286,251
102318,1780495409.216287,252
102319,1780495409.2198641,256
102320,1780495409.219867,258
102321,1780495409.219868,260
102322,1780495409.219869,258
102323,1780495409.219869,253
102324,1780495409.2198699,253
102325,1780495409.219871,251
102326,1780495409.219872,251
102327,1780495409.219873,247
102328,1780495409.219873,247
102329,1780495409.219875,247
102330,1780495409.222238,245
102331,1780495409.222239,240
102332,1780495409.22224,242
102333,1780495409.222241,240
102334,1780495409.222242,247
102335,1780495409.222242,247
102336,1780495409.222243,248
102337,1780495409.222244,251
102338,1780495409.2222452,255
102339,1780495409.222246,258
102340,1780495409.224865,256
102341,1780495409.224867,260
102342,1780495409.224868,257
102343,1780495409.224869,253
102344,1780495409.224869,254
102345,1780495409.22487,250
102346,1780495409.224871,249
102347,1780495409.2248719,246
102348,1780495409.2248719,246
102349,1780495409.224873,248
102350,1780495409.224874,241
102351,1780495409.229017,243
102352,1780495409.229019,242
102353,1780495409.2290199,247
102354,1780495409.2290251,245
102355,1780495409.229026,250
102356,1780495409.229027,245
102357,1780495409.229027,251
102358,1780495409.229028,256
102359,1780495409.2290292,256
102360,1780495409.22903,256
102361,1780495409.232901,258
102362,1780495409.262478,257
102363,1780495409.2624798,256
102364,1780495409.262481,253
102365,1780495409.262482,251
102366,1780495409.262483,249
102367,1780495409.262484,247
102368,1780495409.262485,247
102369,1780495409.262485,242
102370,1780495409.262486,241
102371,1780495409.262487,246
102372,1780495409.266125,243
102373,1780495409.266127,247
102374,1780495409.2661278,246
102375,1780495409.2661278,248
102376,1780495409.2661288,251
102377,1780495409.26613,251
102378,1780495409.266131,254
102379,1780495409.2661319,258
102380,1780495409.266133,259
102381,1780495409.266133,261
102382,1780495409.266135,258
102383,1780495409.268575,258
102384,1780495409.268577,254
102385,1780495409.268578,250
102386,1780495409.268579,248
102387,1780495409.2685802,245
102388,1780495409.2685812,247
102389,1780495409.2685819,247
102390,1780495409.2685819,244
102391,1780495409.2685828,244
102392,1780495409.268584,244
102393,1780495409.268585,242
102394,1780495409.2711291,245
102395,1780495409.2711308,248
102396,1780495409.271132,250
102397,1780495409.271132,249
102398,1780495409.271133,254
102399,1780495409.271134,255
102400,1780495409.2711391,257
102401,1780495409.27114,257
102402,1780495409.271141,257
102403,1780495409.271142,256
102404,1780495409.302923,256
102405,1780495409.302925,252
102406,1780495409.302926,251
102407,1780495409.302927,248
102408,1780495409.302928,247
102409,1780495409.302929,245
102410,1780495409.302929,243
102411,1780495409.3029299,242
102412,1780495409.3029308,244
102413,1780495409.302932,245
102414,1780495409.302933,248
102415,1780495409.307352,250
102416,1780495409.307353,249
102417,1780495409.3073542,254
102418,1780495409.307355,253
102419,1780495409.3073559,253
102420,1780495409.3073568,259
102421,1780495409.3073568,258
102422,1780495409.307358,258
102423,1780495409.307359,257
102424,1780495409.30736,252
102425,1780495409.309878,252
102426,1780495409.30988,250
102427,1780495409.309881,249
102428,1780495409.3098822,245
102429,1780495409.3098829,245
102430,1780495409.3098829,244
102431,1780495409.3098838,244
102432,1780495409.309885,243
102433,1780495409.309886,243
102434,1780495409.309886,248
102435,1780495409.309888,247
102436,1780495409.314528,250
102437,1780495409.3145301,251
102438,1780495409.3145301,252
102439,1780495409.314531,258
102440,1780495409.314532,258
102441,1780495409.3145332,259
102442,1780495409.314534,257
102443,1780495409.314534,255
102444,1780495409.314535,254
102445,1780495409.3145359,250
102446,1780495409.31911,245
102447,1780495409.348356,250
102448,1780495409.348358,249
102449,1780495409.3483589,246
102450,1780495409.3483598,244
102451,1780495409.348361,243
102452,1780495409.348362,242
102453,1780495409.348363,244
102454,1780495409.348364,249
102455,1780495409.348365,249
102456,1780495409.348366,249
102457,1780495409.348368,252
102458,1780495409.353923,257
102459,1780495409.3539252,257
102460,1780495409.353926,259
102461,1780495409.353927,259
102462,1780495409.3539279,256
102463,1780495409.353929,256
102464,1780495409.35393,256
102465,1780495409.353931,253
102466,1780495409.3539321,248
102467,1780495409.353934,247
102468,1780495409.35611,243
102469,1780495409.3561118,243
102470,1780495409.356113,241
102471,1780495409.356114,242
102472,1780495409.3561149,242
102473,1780495409.356116,245
102474,1780495409.356117,247
102475,1780495409.356118,246
102476,1780495409.3561192,249
102477,1780495409.35612,252
102478,1780495409.356122,251
102479,1780495409.35837,249
102480,1780495409.3583732,259
102481,1780495409.3583739,260
102482,1780495409.3583748,254
102483,1780495409.358376,257
102484,1780495409.358377,254
102485,1780495409.358378,251
102486,1780495409.3583791,249
102487,1780495409.35838,248
102488,1780495409.358381,247
102489,1780495409.3583832,245
102490,1780495409.424046,245
102491,1780495409.4240499,242
102492,1780495409.424053,243
102493,1780495409.424055,242
102494,1780495409.424056,242
102495,1780495409.4240582,249
102496,1780495409.4240599,251
102497,1780495409.424062,253
102498,1780495409.424064,254
102499,1780495409.424066,254
102500,1780495409.428659,257
102501,1780495409.428663,259
102502,1780495409.4286652,259
102503,1780495409.4286668,256
102504,1780495409.428669,254
102505,1780495409.428671,251
102506,1780495409.428672,249
102507,1780495409.428674,248
102508,1780495409.4286761,245
102509,1780495409.4286778,244
102510,1780495409.428681,241
102511,1780495409.4303849,241
102512,1780495409.430389,245
102513,1780495409.4303901,246
102514,1780495409.430392,248
102515,1780495409.4304,249
102516,1780495409.430402,252
102517,1780495409.430403,251
102518,1780495409.4304051,253
102519,1780495409.4304068,256
102520,1780495409.430409,260
102521,1780495409.430412,259
102522,1780495409.4339242,260
102523,1780495409.4339268,256
102524,1780495409.433929,254
102525,1780495409.433931,250
102526,1780495409.433933,249
102527,1780495409.4339352,247
102528,1780495409.4339368,248
102529,1780495409.433939,246
102530,1780495409.43394,245
102531,1780495409.433943,244
102532,1780495409.4360929,245
102533,1780495409.436097,245
102534,1780495409.436099,246
102535,1780495409.4361012,247
102536,1780495409.4361029,249
102537,1780495409.4361038,251
102538,1780495409.436106,254
102539,1780495409.436108,258
102540,1780495409.43611,260
102541,1780495409.436112,261
102542,1780495409.436115,257
102543,1780495409.438317,256
102544,1780495409.4383209,250
102545,1780495409.438323,253
102546,1780495409.438325,248
102547,1780495409.438327,247
102548,1780495409.438329,244
102549,1780495409.438331,243
102550,1780495409.438333,243
102551,1780495409.438335,242
102552,1780495409.438337,244
102553,1780495409.4383402,243
102554,1780495409.44321,245
102555,1780495409.443213,247
102556,1780495409.4432151,249
102557,1780495409.4432168,252
102558,1780495409.443219,252
102559,1780495409.44322,255
102560,1780495409.443222,256
102561,1780495409.44323,259
102562,1780495409.443232,258
102563,1780495409.4432352,254
102564,1780495409.445428,253
102565,1780495409.445432,250
102566,1780495409.445434,250
102567,1780495409.445436,248
102568,1780495409.4454389,245
102569,1780495409.445441,245
102570,1780495409.4454432,241
102571,1780495409.445445,241
102572,1780495409.445447,245
102573,1780495409.44545,244
102574,1780495409.447667,246
102575,1780495409.4767702,248
102576,1780495409.476788,250
102577,1780495409.476796,255
102578,1780495409.4768,252
102579,1780495409.476803,257
102580,1780495409.476806,261
102581,1780495409.476809,259
102582,1780495409.476814,258
102583,1780495409.476817,255
102584,1780495409.476821,254
102585,1780495409.4787688,251
102586,1780495409.4806771,249
102587,1780495409.48069,248
102588,1780495409.480695,248
102589,1780495409.4807029,246
102590,1780495409.480706,246
102591,1780495409.480709,245
102592,1780495409.480716,243
102593,1780495409.480719,241
102594,1780495409.480721,248
102595,1780495409.480725,249
102596,1780495409.484311,251
102597,1780495409.484326,251
102598,1780495409.48433,257
102599,1780495409.4843352,255
102600,1780495409.4843378,260
102601,1780495409.484341,260
102602,1780495409.484344,257
102603,1780495409.484351,256
102604,1780495409.484354,254
102605,1780495409.4843562,255
102606,1780495409.48436,248
102607,1780495409.48788,249
102608,1780495409.4878862,247
102609,1780495409.4878888,246
102610,1780495409.487892,246
102611,1780495409.487895,244
102612,1780495409.4878972,246
102613,1780495409.487901,245
102614,1780495409.4879029,247
102615,1780495409.487906,249
102616,1780495409.487909,253
102617,1780495409.487913,249
102618,1780495409.51864,256
102619,1780495409.518678,257
102620,1780495409.5186849,260
102621,1780495409.51869,261
102622,1780495409.5186949,257
102623,1780495409.5187001,256
102624,1780495409.518709,252
102625,1780495409.518715,254
102626,1780495409.518723,248
102627,1780495409.518731,251
102628,1780495409.522998,252
102629,1780495409.523016,249
102630,1780495409.523027,245
102631,1780495409.523044,247
102632,1780495409.5230541,245
102633,1780495409.523067,246
102634,1780495409.5231,251
102635,1780495409.523138,248
102636,1780495409.523154,250
102637,1780495409.523459,254
102638,1780495409.523471,256
102639,1780495409.525204,259
102640,1780495409.525216,264
102641,1780495409.525223,267
102642,1780495409.525229,257
102643,1780495409.525234,256
102644,1780495409.525239,254
102645,1780495409.525245,250
102646,1780495409.52525,249
102647,1780495409.525255,250
102648,1780495409.52526,247
102649,1780495409.527474,244
102650,1780495409.527488,246
102651,1780495409.527492,246
102652,1780495409.5274959,247
102653,1780495409.527523,244
102654,1780495409.5275269,246
102655,1780495409.52753,247
102656,1780495409.5275352,252
102657,1780495409.527539,250
102658,1780495409.527542,257
102659,1780495409.5275478,256
102660,1780495409.5736058,258
102661,1780495409.573632,262
102662,1780495409.573638,258
102663,1780495409.573642,258
102664,1780495409.573646,255
102665,1780495409.57365,253
102666,1780495409.5736582,252
102667,1780495409.573663,247
102668,1780495409.573668,249
102669,1780495409.5736718,248
102670,1780495409.5736802,245
102671,1780495409.578346,246
102672,1780495409.5783591,245
102673,1780495409.578363,244
102674,1780495409.5783648,249
102675,1780495409.578368,253
102676,1780495409.578371,251
102677,1780495409.5783732,252
102678,1780495409.578376,253
102679,1780495409.578378,256
102680,1780495409.57838,260
102681,1780495409.5783832,261
102682,1780495409.580523,259
102683,1780495409.580533,260
102684,1780495409.580535,250
102685,1780495409.580538,252
102686,1780495409.58054,252
102687,1780495409.5805418,248
102688,1780495409.580547,247
102689,1780495409.580551,248
102690,1780495409.580553,247
102691,1780495409.580556,246
102692,1780495409.5841331,242
102693,1780495409.584139,245
102694,1780495409.584142,246
102695,1780495409.5841448,249
102696,1780495409.584148,249
102697,1780495409.584151,251
102698,1780495409.5841541,254
102699,1780495409.5841558,262
102700,1780495409.584159,259
102701,1780495409.584162,259
102702,1780495409.5841658,255
102703,1780495409.586275,259
102704,1780495409.5862799,255
102705,1780495409.586282,253
102706,1780495409.586285,251
102707,1780495409.586287,248
102708,1780495409.586289,247
102709,1780495409.586292,246
102710,1780495409.586294,242
102711,1780495409.586296,245
102712,1780495409.5862982,245
102713,1780495409.586302,247
102714,1780495409.613656,248
102715,1780495409.613659,250
102716,1780495409.6136608,251
102717,1780495409.613662,250
102718,1780495409.613664,256
102719,1780495409.613665,258
102720,1780495409.613667,263
102721,1780495409.6136692,258
102722,1780495409.6136708,259
102723,1780495409.613673,258
102724,1780495409.6160798,253
102725,1780495409.616083,254
102726,1780495409.616085,249
102727,1780495409.616086,251
102728,1780495409.616087,246
102729,1780495409.616089,248
102730,1780495409.61609,246
102731,1780495409.6160908,245
102732,1780495409.616093,247
102733,1780495409.6160939,247
102734,1780495409.616096,251
102735,1780495409.6189802,251
102736,1780495409.618983,252
102737,1780495409.618984,256
102738,1780495409.618986,258
102739,1780495409.618987,255
102740,1780495409.618989,264
102741,1780495409.6189902,260
102742,1780495409.618992,261
102743,1780495409.6189928,258
102744,1780495409.618994,258
102745,1780495409.618996,254
102746,1780495409.623626,250
102747,1780495409.6236281,247
102748,1780495409.62363,247
102749,1780495409.623631,247
102750,1780495409.623632,246
102751,1780495409.623633,245
102752,1780495409.6236339,249
102753,1780495409.623636,245
102754,1780495409.623637,249
102755,1780495409.623638,251
102756,1780495409.653776,253
102757,1780495409.6537778,255
102758,1780495409.653779,258
102759,1780495409.65378,260
102760,1780495409.653781,261
102761,1780495409.6537821,264
102762,1780495409.6537821,259
102763,1780495409.653783,260
102764,1780495409.653784,258
102765,1780495409.653785,251
102766,1780495409.6537862,253
102767,1780495409.657404,251
102768,1780495409.657411,249
102769,1780495409.657412,250
102770,1780495409.657413,246
102771,1780495409.657414,246
102772,1780495409.657415,247
102773,1780495409.6574159,246
102774,1780495409.6574159,250
102775,1780495409.657417,250
102776,1780495409.657418,253
102777,1780495409.657419,254
102778,1780495409.65991,253
102779,1780495409.659911,260
102780,1780495409.6599119,263
102781,1780495409.659913,265
102782,1780495409.659914,261
102783,1780495409.659915,261
102784,1780495409.659916,257
102785,1780495409.659916,254
102786,1780495409.659917,250
102787,1780495409.659918,251
102788,1780495409.6699572,248
102789,1780495409.6699588,250
102790,1780495409.6699588,247
102791,1780495409.66996,247
102792,1780495409.669961,248
102793,1780495409.669962,247
102794,1780495409.6699631,252
102795,1780495409.669964,247
102796,1780495409.669964,252
102797,1780495409.669965,254
102798,1780495409.669966,255
102799,1780495409.7212439,260
102800,1780495409.721247,264
102801,1780495409.721248,263
102802,1780495409.721249,262
102803,1780495409.72125,261
102804,1780495409.721251,258
102805,1780495409.7212522,253
102806,1780495409.7212522,253
102807,1780495409.7212532,253
102808,1780495409.7212539,248
102809,1780495409.724267,246
102810,1780495409.7272599,245
102811,1780495409.727262,246
102812,1780495409.727263,246
102813,1780495409.727263,250
102814,1780495409.72727,251
102815,1780495409.7272708,253
102816,1780495409.727272,253
102817,1780495409.727273,256
102818,1780495409.727274,257
102819,1780495409.727275,261
102820,1780495409.72985,263
102821,1780495409.729852,262
102822,1780495409.729853,261
102823,1780495409.729853,258
102824,1780495409.7298539,256
102825,1780495409.729855,254
102826,1780495409.729856,251
102827,1780495409.729857,252
102828,1780495409.729857,250
102829,1780495409.7298582,250
102830,1780495409.729859,245
102831,1780495409.732267,244
102832,1780495409.732269,246
102833,1780495409.73227,245
102834,1780495409.7322712,249
102835,1780495409.7322712,249
102836,1780495409.7322721,247
102837,1780495409.7322729,254
102838,1780495409.7322738,257
102839,1780495409.732275,260
102840,1780495409.732276,261
102841,1780495409.732277,261
102842,1780495409.734721,260
102843,1780495409.7347221,258
102844,1780495409.734723,257
102845,1780495409.734724,251
102846,1780495409.7347252,249
102847,1780495409.734726,248
102848,1780495409.734727,247
102849,1780495409.734727,248
102850,1780495409.7347279,246
102851,1780495409.734729,246
102852,1780495409.737741,246
102853,1780495409.7377431,244
102854,1780495409.7377439,251
102855,1780495409.7377448,251
102856,1780495409.7377448,252
102857,1780495409.737746,253
102858,1780495409.737747,256
102859,1780495409.737748,258
102860,1780495409.737749,259
102861,1780495409.737749,261
102862,1780495409.737751,259
102863,1780495409.742351,255
102864,1780495409.742353,257
102865,1780495409.742354,251
102866,1780495409.7423549,251
102867,1780495409.742356,249
102868,1780495409.742359,247
102869,1780495409.74236,244
102870,1780495409.742361,243
102871,1780495409.742361,244
102872,1780495409.742362,245
102873,1780495409.742364,245
102874,1780495409.7636778,246
102875,1780495409.763681,251
102876,1780495409.7636821,252
102877,1780495409.763683,254
102878,1780495409.763684,257
102879,1780495409.7636852,260
102880,1780495409.763686,264
102881,1780495409.763687,261
102882,1780495409.763687,260
102883,1780495409.7636878,256
102884,1780495409.766146,255
102885,1780495409.766148,251
102886,1780495409.766149,249
102887,1780495409.76615,250
102888,1780495409.766151,249
102889,1780495409.766151,247
102890,1780495409.766152,246
102891,1780495409.7661529,248
102892,1780495409.766154,246
102893,1780495409.766155,248
102894,1780495409.766156,251
102895,1780495409.79779,254
102896,1780495409.797793,253
102897,1780495409.797794,255
102898,1780495409.797796,257
102899,1780495409.7977972,261
102900,1780495409.797798,264
102901,1780495409.7977989,261
102902,1780495409.7977998,260
102903,1780495409.797801,257
102904,1780495409.797803,257
102905,1780495409.8015559,257
102906,1780495409.803488,258
102907,1780495409.8034902,254
102908,1780495409.803491,248
102909,1780495409.803492,252
102910,1780495409.803494,249
102911,1780495409.803495,250
102912,1780495409.803496,248
102913,1780495409.803497,251
102914,1780495409.803498,249
102915,1780495409.803499,253
102916,1780495409.806035,253
102917,1780495409.806037,256
102918,1780495409.806038,258
102919,1780495409.806039,264
102920,1780495409.80604,266
102921,1780495409.806041,264
102922,1780495409.8060448,262
102923,1780495409.806047,264
102924,1780495409.806048,255
102925,1780495409.806049,255
102926,1780495409.80605,255
102927,1780495409.8084888,255
102928,1780495409.808492,250
102929,1780495409.8084931,247
102930,1780495409.808494,243
102931,1780495409.808495,245
102932,1780495409.8084962,246
102933,1780495409.808497,247
102934,1780495409.808498,248
102935,1780495409.8084989,249
102936,1780495409.808501,254
102937,1780495409.81036,253
102938,1780495409.841315,256
102939,1780495409.8413172,261
102940,1780495409.8413188,261
102941,1780495409.841321,261
102942,1780495409.841322,259
102943,1780495409.841323,258
102944,1780495409.841325,253
102945,1780495409.841326,254
102946,1780495409.8413281,251
102947,1780495409.8413298,248
102948,1780495409.847411,247
102949,1780495409.847414,246
102950,1780495409.8474162,247
102951,1780495409.847418,246
102952,1780495409.8474188,246
102953,1780495409.847421,249
102954,1780495409.847422,249
102955,1780495409.847424,253
102956,1780495409.847426,257
102957,1780495409.8474271,254
102958,1780495409.847429,262
102959,1780495409.8498392,257
102960,1780495409.8498418,262
102961,1780495409.849844,262
102962,1780495409.849845,259
102963,1780495409.849847,260
102964,1780495409.849848,257
102965,1780495409.8498502,255
102966,1780495409.8498518,254
102967,1780495409.849854,251
102968,1780495409.849855,248
102969,1780495409.849857,248
102970,1780495409.852405,246
102971,1780495409.8524082,245
102972,1780495409.85241,249
102973,1780495409.8524108,251
102974,1780495409.852413,249
102975,1780495409.852418,250
102976,1780495409.85242,250
102977,1780495409.852421,256
102978,1780495409.852423,256
102979,1780495409.8524249,259
102980,1780495409.882668,262
102981,1780495409.882682,264
102982,1780495409.882685,260
102983,1780495409.882687,259
102984,1780495409.882689,257
102985,1780495409.8826911,253
102986,1780495409.882694,251
102987,1780495409.882696,253
102988,1780495409.882698,247
102989,1780495409.8827012,249
102990,1780495409.8827038,247
102991,1780495409.886177,245
102992,1780495409.886181,248
102993,1780495409.886184,250
102994,1780495409.886186,252
102995,1780495409.886188,252
102996,1780495409.8861902,258
102997,1780495409.886192,252
102998,1780495409.886195,255
102999,1780495409.886197,264
103000,1780495409.8862,264
103001,1780495409.8862028,263
103002,1780495409.889046,262
103003,1780495409.889051,260
103004,1780495409.8890529,256
103005,1780495409.889055,253
103006,1780495409.889057,254
103007,1780495409.889059,250
103008,1780495409.8890612,250
103009,1780495409.8890638,248
103010,1780495409.889066,247
103011,1780495409.889069,249
103012,1780495409.892407,248
103013,1780495409.892411,248
103014,1780495409.8924139,248
103015,1780495409.892416,251
103016,1780495409.8924181,256
103017,1780495409.89242,256
103018,1780495409.892422,259
103019,1780495409.8924239,267
103020,1780495409.892427,266
103021,1780495409.892429,263
103022,1780495409.8924391,263
103023,1780495409.922805,260
103024,1780495409.922822,257
103025,1780495409.922827,257
103026,1780495409.92283,254
103027,1780495409.922836,250
103028,1780495409.922839,254
103029,1780495409.922843,252
103030,1780495409.9228458,247
103031,1780495409.922851,251
103032,1780495409.922854,248
103033,1780495409.922857,252
103034,1780495409.922861,252
103035,1780495409.9259672,255
103036,1780495409.925977,256
103037,1780495409.925981,254
103038,1780495409.925985,259
103039,1780495409.9259882,267
103040,1780495409.925995,264
103041,1780495409.925997,263
103042,1780495409.926,264
103043,1780495409.926004,261
103044,1780495409.928739,261
103045,1780495409.9287648,258
103046,1780495409.928769,255
103047,1780495409.9287732,254
103048,1780495409.928777,252
103049,1780495409.92878,250
103050,1780495409.9287832,249
103051,1780495409.928787,250
103052,1780495409.928791,251
103053,1780495409.9287941,251
103054,1780495409.928799,253
103055,1780495409.9329731,255
103056,1780495409.932992,254
103057,1780495409.932996,259
103058,1780495409.9329998,258
103059,1780495409.933007,264
103060,1780495409.933011,267
103061,1780495409.933015,265
103062,1780495409.933023,263
103063,1780495409.933026,262
103064,1780495409.9330308,260
103065,1780495409.936718,258
103066,1780495409.971513,254
103067,1780495409.9715378,254
103068,1780495409.971544,254
103069,1780495409.97155,251
103070,1780495409.971555,250
103071,1780495409.97156,249
103072,1780495409.971568,254
103073,1780495409.971574,253
103074,1780495409.9715781,254
103075,1780495409.971585,253
103076,1780495409.9749491,255
103077,1780495409.974963,260
103078,1780495409.974966,262
103079,1780495409.97497,266
103080,1780495409.974973,269
103081,1780495409.974976,266
103082,1780495409.974998,267
103083,1780495409.975001,269
103084,1780495409.975004,260
103085,1780495409.9750059,257
103086,1780495409.975011,253
103087,1780495409.977828,257
103088,1780495409.977837,256
103089,1780495409.9778419,252
103090,1780495409.977848,253
103091,1780495409.977851,250
103092,1780495409.977855,252
103093,1780495409.977859,253
103094,1780495409.977862,254
103095,1780495409.977865,257
103096,1780495409.977869,259
103097,1780495409.9778738,262
103098,1780495410.018571,265
103099,1780495410.018602,267
103100,1780495410.0186071,268
103101,1780495410.01861,268
103102,1780495410.018614,267
103103,1780495410.018618,263
103104,1780495410.0186272,260
103105,1780495410.018631,259
103106,1780495410.018635,254
103107,1780495410.018642,256
103108,1780495410.022923,254
103109,1780495410.022934,251
103110,1780495410.022937,252
103111,1780495410.02294,251
103112,1780495410.022942,253
103113,1780495410.022945,253
103114,1780495410.022948,254
103115,1780495410.022951,259
103116,1780495410.022953,256
103117,1780495410.0229561,259
103118,1780495410.022959,266
103119,1780495410.025913,267
103120,1780495410.02592,269
103121,1780495410.025923,268
103122,1780495410.0259259,266
103123,1780495410.025929,262
103124,1780495410.025932,260
103125,1780495410.0259352,262
103126,1780495410.0259368,255
103127,1780495410.02594,256
103128,1780495410.025943,253
103129,1780495410.0276742,255
103130,1780495410.027679,252
103131,1780495410.027681,254
103132,1780495410.0276911,252
103133,1780495410.027693,252
103134,1780495410.0276961,253
103135,1780495410.0276978,255
103136,1780495410.0277,259
103137,1780495410.027703,261
103138,1780495410.0277052,261
103139,1780495410.0277078,266
103140,1780495410.031372,273
103141,1780495410.031376,267
103142,1780495410.031379,264
103143,1780495410.031381,265
103144,1780495410.031384,264
103145,1780495410.0313861,261
103146,1780495410.0313878,255
103147,1780495410.03139,260
103148,1780495410.031392,255
103149,1780495410.031395,256
103150,1780495410.0313978,249
103151,1780495410.033689,251
103152,1780495410.0336928,252
103153,1780495410.033696,253
103154,1780495410.033698,256
103155,1780495410.0337012,258
103156,1780495410.0337029,261
103157,1780495410.033705,262
103158,1780495410.033708,262
103159,1780495410.03371,267
103160,1780495410.0337121,270
103161,1780495410.033716,267
103162,1780495410.062805,266
103163,1780495410.062808,266
103164,1780495410.062809,264
103165,1780495410.062811,258
103166,1780495410.0628119,259
103167,1780495410.062813,259
103168,1780495410.062815,253
103169,1780495410.062816,254
103170,1780495410.062817,251
103171,1780495410.062819,252
103172,1780495410.06703,255
103173,1780495410.067032,258
103174,1780495410.067034,256
103175,1780495410.067035,256
103176,1780495410.067036,262
103177,1780495410.0670369,263
103178,1780495410.067038,267
103179,1780495410.067039,266
103180,1780495410.0670452,271
103181,1780495410.067046,267
103182,1780495410.0670478,265
103183,1780495410.069191,263
103184,1780495410.069194,262
103185,1780495410.069195,258
103186,1780495410.069196,262
103187,1780495410.0691981,259
103188,1780495410.069199,255
103189,1780495410.0691998,251
103190,1780495410.069201,253
103191,1780495410.069202,250
103192,1780495410.0692039,254
103193,1780495410.074503,253
103194,1780495410.0745049,256
103195,1780495410.074506,261
103196,1780495410.074507,259
103197,1780495410.074508,265
103198,1780495410.0745091,266
103199,1780495410.07451,266
103200,1780495410.074511,270
103201,1780495410.0745118,268
103202,1780495410.074513,264
103203,1780495410.0745149,262
103204,1780495410.102643,260
103205,1780495410.102645,255
103206,1780495410.102646,257
103207,1780495410.102647,253
103208,1780495410.102648,255
103209,1780495410.102649,251
103210,1780495410.102649,248
103211,1780495410.1026502,253
103212,1780495410.102651,251
103213,1780495410.1026518,257
103214,1780495410.102653,255
103215,1780495410.1061592,258
103216,1780495410.1061609,259
103217,1780495410.1061618,261
103218,1780495410.106163,265
103219,1780495410.106164,268
103220,1780495410.106165,269
103221,1780495410.106165,265
103222,1780495410.1061661,267
103223,1780495410.106167,268
103224,1780495410.106168,262
103225,1780495410.106169,260
103226,1780495410.108497,259
103227,1780495410.108499,254
103228,1780495410.1085,254
103229,1780495410.108501,252
103230,1780495410.108501,248
103231,1780495410.108502,255
103232,1780495410.108503,252
103233,1780495410.108504,253
103234,1780495410.108504,257
103235,1780495410.1085062,252
103236,1780495410.1396859,260
103237,1780495410.139688,260
103238,1780495410.139689,266
103239,1780495410.13969,268
103240,1780495410.139691,266
103241,1780495410.139692,265
103242,1780495410.139692,262
103243,1780495410.139693,262
103244,1780495410.139694,262
103245,1780495410.1396952,258
103246,1780495410.1396961,257
103247,1780495410.144,254
103248,1780495410.144002,254
103249,1780495410.144002,251
103250,1780495410.1440032,251
103251,1780495410.144004,251
103252,1780495410.144005,254
103253,1780495410.1440058,253
103254,1780495410.1440058,254
103255,1780495410.144007,256
103256,1780495410.144008,259
103257,1780495410.1440089,261
103258,1780495410.148521,264
103259,1780495410.148523,267
103260,1780495410.148524,268
103261,1780495410.148525,267
103262,1780495410.148525,265
103263,1780495410.1485262,265
103264,1780495410.1485271,260
103265,1780495410.148528,257
103266,1780495410.148528,256
103267,1780495410.14853,254
103268,1780495410.15067,254
103269,1780495410.150672,254
103270,1780495410.150673,251
103271,1780495410.1506739,251
103272,1780495410.150675,249
103273,1780495410.150675,253
103274,1780495410.150676,257
103275,1780495410.150677,255
103276,1780495410.150678,258
103277,1780495410.150679,263
103278,1780495410.1506839,264
103279,1780495410.1833642,266
103280,1780495410.1833658,268
103281,1780495410.183367,266
103282,1780495410.183368,264
103283,1780495410.183369,263
103284,1780495410.1833699,259
103285,1780495410.1833699,258
103286,1780495410.183371,255
103287,1780495410.183372,255
103288,1780495410.183373,252
103289,1780495410.184726,250
103290,1780495410.188926,250
103291,1780495410.188927,252
103292,1780495410.188928,251
103293,1780495410.188929,254
103294,1780495410.18893,255
103295,1780495410.188931,257
103296,1780495410.1889322,260
103297,1780495410.1889322,262
103298,1780495410.1889331,262
103299,1780495410.1889338,266
103300,1780495410.193446,270
103301,1780495410.1934478,270
103302,1780495410.193449,264
103303,1780495410.193449,259
103304,1780495410.19345,260
103305,1780495410.193451,262
103306,1780495410.1934521,257
103307,1780495410.193453,255
103308,1780495410.193453,255
103309,1780495410.193454,253
103310,1780495410.1934552,251
103311,1780495410.195016,249
103312,1780495410.195018,252
103313,1780495410.195019,255
103314,1780495410.195019,254
103315,1780495410.19502,257
103316,1780495410.1950212,257
103317,1780495410.195022,262
103318,1780495410.195023,262
103319,1780495410.195023,266
103320,1780495410.1950238,267
103321,1780495410.195025,265
103322,1780495410.1994948,262
103323,1780495410.199497,262
103324,1780495410.199497,261
103325,1780495410.199498,258
103326,1780495410.1995032,257
103327,1780495410.199504,256
103328,1780495410.199504,253
103329,1780495410.1995049,250
103330,1780495410.1995058,251
103331,1780495410.199507,253
103332,1780495410.228962,254
103333,1780495410.228965,255
103334,1780495410.228966,252
103335,1780495410.228967,258
103336,1780495410.228968,260
103337,1780495410.2289689,263
103338,1780495410.22897,265
103339,1780495410.228971,266
103340,1780495410.228972,269
103341,1780495410.2289732,266
103342,1780495410.228974,267
103343,1780495410.23408,266
103344,1780495410.234082,264
103345,1780495410.2340832,260
103346,1780495410.2340841,257
103347,1780495410.234085,255
103348,1780495410.2340858,251
103349,1780495410.234087,251
103350,1780495410.234088,249
103351,1780495410.23409,253
103352,1780495410.23409,253
103353,1780495410.2385259,252
103354,1780495410.238528,254
103355,1780495410.2385302,257
103356,1780495410.238531,261
103357,1780495410.238532,262
103358,1780495410.238533,266
103359,1780495410.238534,265
103360,1780495410.238535,268
103361,1780495410.238536,267
103362,1780495410.238537,266
103363,1780495410.238539,267
103364,1780495410.242731,262
103365,1780495410.242733,257
103366,1780495410.2427342,256
103367,1780495410.242736,258
103368,1780495410.2427368,253
103369,1780495410.242738,255
103370,1780495410.242739,249
103371,1780495410.24274,251
103372,1780495410.242741,254
103373,1780495410.242742,257
103374,1780495410.242744,254
103375,1780495410.27184,256
103376,1780495410.271843,258
103377,1780495410.271845,265
103378,1780495410.2718458,264
103379,1780495410.271848,265
103380,1780495410.271849,267
103381,1780495410.2718499,266
103382,1780495410.271852,265
103383,1780495410.271853,265
103384,1780495410.271855,261
103385,1780495410.2718568,260
103386,1780495410.275789,258
103387,1780495410.2757912,255
103388,1780495410.2757928,252
103389,1780495410.275795,253
103390,1780495410.275796,253
103391,1780495410.275797,252
103392,1780495410.275799,252
103393,1780495410.2758,257
103394,1780495410.2758012,256
103395,1780495410.2758029,259
103396,1780495410.277998,259
103397,1780495410.2780008,262
103398,1780495410.278002,264
103399,1780495410.278004,268
103400,1780495410.278005,269
103401,1780495410.278006,266
103402,1780495410.278008,264
103403,1780495410.2780092,261
103404,1780495410.2780108,263
103405,1780495410.2780118,259
103406,1780495410.278014,254
103407,1780495410.3197598,254
103408,1780495410.319765,255
103409,1780495410.319768,251
103410,1780495410.31977,254
103411,1780495410.319772,251
103412,1780495410.3197749,255
103413,1780495410.319778,253
103414,1780495410.31978,255
103415,1780495410.319783,256
103416,1780495410.3197849,260
103417,1780495410.319788,262
103418,1780495410.321891,264
103419,1780495410.321895,266
103420,1780495410.321898,270
103421,1780495410.3219001,266
103422,1780495410.321902,265
103423,1780495410.321911,262
103424,1780495410.3219142,261
103425,1780495410.3219159,257
103426,1780495410.321918,256
103427,1780495410.321921,255
103428,1780495410.329188,254
103429,1780495410.329192,255
103430,1780495410.329195,248
103431,1780495410.3291972,251
103432,1780495410.329199,250
103433,1780495410.329202,254
103434,1780495410.329204,255
103435,1780495410.329206,259
103436,1780495410.3292081,260
103437,1780495410.329211,264
103438,1780495410.3292139,263
103439,1780495410.330821,265
103440,1780495410.3308249,272
103441,1780495410.330828,267
103442,1780495410.33083,266
103443,1780495410.3308318,262
103444,1780495410.330834,261
103445,1780495410.330837,261
103446,1780495410.3308392,258
103447,1780495410.330841,253
103448,1780495410.330843,254
103449,1780495410.330847,252
103450,1780495410.3330932,249
103451,1780495410.333097,250
103452,1780495410.3331,256
103453,1780495410.333102,254
103454,1780495410.3331041,257
103455,1780495410.3331058,259
103456,1780495410.333109,258
103457,1780495410.333111,260
103458,1780495410.3331132,265
103459,1780495410.333117,267
103460,1780495410.362755,269
103461,1780495410.362771,266
103462,1780495410.362776,265
103463,1780495410.3627799,266
103464,1780495410.3627882,261
103465,1780495410.3627908,258
103466,1780495410.362795,260
103467,1780495410.3628008,256
103468,1780495410.362804,255
103469,1780495410.362808,250
103470,1780495410.362817,251
103471,1780495410.367146,252
103472,1780495410.36717,254
103473,1780495410.367201,253
103474,1780495410.3672051,257
103475,1780495410.367211,258
103476,1780495410.367214,260
103477,1780495410.367218,264
103478,1780495410.367222,266
103479,1780495410.3672252,269
103480,1780495410.367229,269
103481,1780495410.367234,267
103482,1780495410.369292,267
103483,1780495410.369303,263
103484,1780495410.369308,262
103485,1780495410.369314,257
103486,1780495410.36932,256
103487,1780495410.369324,256
103488,1780495410.369328,257
103489,1780495410.369332,252
103490,1780495410.3693361,250
103491,1780495410.369341,253
103492,1780495410.373718,252
103493,1780495410.373725,254
103494,1780495410.373729,259
103495,1780495410.373733,261
103496,1780495410.373736,258
103497,1780495410.373739,262
103498,1780495410.373743,264
103499,1780495410.3737469,268
103500,1780495410.37375,267
103501,1780495410.373753,267
103502,1780495410.3737578,265
103503,1780495410.40315,264
103504,1780495410.4031842,260
103505,1780495410.403191,260
103506,1780495410.4031959,255
103507,1780495410.4032,261
103508,1780495410.4032042,254
103509,1780495410.403211,252
103510,1780495410.4032152,252
103511,1780495410.40322,251
103512,1780495410.403224,257
103513,1780495410.40323,250
103514,1780495410.4032378,257
103515,1780495410.406015,259
103516,1780495410.406024,257
103517,1780495410.4060318,261
103518,1780495410.406037,264
103519,1780495410.406045,269
103520,1780495410.406049,269
103521,1780495410.406055,269
103522,1780495410.406058,267
103523,1780495410.406063,266
103524,1780495410.408621,262
103525,1780495410.408632,257
103526,1780495410.408637,256
103527,1780495410.4086971,257
103528,1780495410.408701,252
103529,1780495410.408704,251
103530,1780495410.408708,253
103531,1780495410.408711,257
103532,1780495410.408715,253
103533,1780495410.408718,254
103534,1780495410.408724,257
103535,1780495410.412996,257
103536,1780495410.41302,259
103537,1780495410.413026,265
103538,1780495410.4130309,266
103539,1780495410.413036,266
103540,1780495410.4130409,270
103541,1780495410.413047,267
103542,1780495410.413051,265
103543,1780495410.413056,263
103544,1780495410.4130611,261
103545,1780495410.41307,260
103546,1780495410.446551,258
103547,1780495410.446574,256
103548,1780495410.44658,255
103549,1780495410.446584,255
103550,1780495410.446591,250
103551,1780495410.446595,253
103552,1780495410.446599,253
103553,1780495410.446603,253
103554,1780495410.446607,257
103555,1780495410.446613,257
103556,1780495410.4503481,261
103557,1780495410.450366,260
103558,1780495410.45043,263
103559,1780495410.450437,268
103560,1780495410.450441,271
103561,1780495410.4504452,268
103562,1780495410.4504478,267
103563,1780495410.4504519,266
103564,1780495410.450455,258
103565,1780495410.4504588,259
103566,1780495410.450464,258
103567,1780495410.4524531,255
103568,1780495410.452467,253
103569,1780495410.4524758,251
103570,1780495410.45248,248
103571,1780495410.4524841,252
103572,1780495410.452488,252
103573,1780495410.452513,254
103574,1780495410.452518,254
103575,1780495410.452522,257
103576,1780495410.452526,260
103577,1780495410.4525309,260
103578,1780495410.454932,264
103579,1780495410.4549398,266
103580,1780495410.454943,268
103581,1780495410.454946,268
103582,1780495410.4549491,266
103583,1780495410.454953,263
103584,1780495410.45496,261
103585,1780495410.4549649,258
103586,1780495410.454968,254
103587,1780495410.4549718,257
103588,1780495410.486332,254
103589,1780495410.486336,251
103590,1780495410.4863381,252
103591,1780495410.48634,248
103592,1780495410.486342,251
103593,1780495410.486343,253
103594,1780495410.486345,256
103595,1780495410.486346,253
103596,1780495410.486348,260
103597,1780495410.48635,260
103598,1780495410.486352,266
103599,1780495410.492356,268
103600,1780495410.492359,271
103601,1780495410.4923599,267
103602,1780495410.492362,267
103603,1780495410.492363,265
103604,1780495410.4923651,262
103605,1780495410.492366,261
103606,1780495410.492373,256
103607,1780495410.492374,258
103608,1780495410.4923751,253
103609,1780495410.492378,252
103610,1780495410.4947462,253
103611,1780495410.4947488,253
103612,1780495410.49475,252
103613,1780495410.494751,252
103614,1780495410.4947531,253
103615,1780495410.494754,257
103616,1780495410.494756,261
103617,1780495410.4947572,260
103618,1780495410.494758,266
103619,1780495410.494766,266
103620,1780495410.49737,268
103621,1780495410.4973729,267
103622,1780495410.497375,269
103623,1780495410.497376,262
103624,1780495410.497377,256
103625,1780495410.497379,258
103626,1780495410.49738,254
103627,1780495410.4973812,256
103628,1780495410.4973829,255
103629,1780495410.4973838,251
103630,1780495410.497386,250
103631,1780495410.527503,251
103632,1780495410.5275059,255
103633,1780495410.5275068,252
103634,1780495410.527508,254
103635,1780495410.527509,257
103636,1780495410.527509,260
103637,1780495410.52751,265
103638,1780495410.5275111,263
103639,1780495410.527512,265
103640,1780495410.527513,270
103641,1780495410.5275142,270
103642,1780495410.531009,265
103643,1780495410.531011,264
103644,1780495410.531012,263
103645,1780495410.531013,260
103646,1780495410.531013,258
103647,1780495410.531014,255
103648,1780495410.531015,255
103649,1780495410.5310159,251
103650,1780495410.531017,250
103651,1780495410.531018,251
103652,1780495410.5339038,254
103653,1780495410.5339048,253
103654,1780495410.533906,255
103655,1780495410.533907,258
103656,1780495410.533908,259
103657,1780495410.533909,263
103658,1780495410.533909,265
103659,1780495410.53391,268
103660,1780495410.533911,268
103661,1780495410.5339122,265
103662,1780495410.5339131,264
103663,1780495410.541116,264
103664,1780495410.541118,263
103665,1780495410.5411232,260
103666,1780495410.541124,254
103667,1780495410.541125,257
103668,1780495410.5411258,251
103669,1780495410.541127,253
103670,1780495410.541127,249
103671,1780495410.541128,253
103672,1780495410.5411289,252
103673,1780495410.544097,253
103674,1780495410.5737011,259
103675,1780495410.5737028,258
103676,1780495410.573704,260
103677,1780495410.573705,263
103678,1780495410.573706,263
103679,1780495410.573707,265
103680,1780495410.573707,266
103681,1780495410.573708,266
103682,1780495410.573709,263
103683,1780495410.57371,265
103684,1780495410.577823,261
103685,1780495410.577826,259
103686,1780495410.577827,258
103687,1780495410.5778282,251
103688,1780495410.5778282,255
103689,1780495410.5778291,253
103690,1780495410.5778298,249
103691,1780495410.577831,252
103692,1780495410.577832,254
103693,1780495410.577832,254
103694,1780495410.577834,256
103695,1780495410.618634,257
103696,1780495410.618639,259
103697,1780495410.61864,264
103698,1780495410.618641,266
103699,1780495410.6186419,269
103700,1780495410.618643,270
103701,1780495410.618644,267
103702,1780495410.618644,265
103703,1780495410.618645,264
103704,1780495410.618646,262
103705,1780495410.618647,259
103706,1780495410.620972,259
103707,1780495410.620974,255
103708,1780495410.620975,253
103709,1780495410.6209762,254
103710,1780495410.6209762,249
103711,1780495410.620977,251
103712,1780495410.6209779,254
103713,1780495410.6209788,254
103714,1780495410.62098,258
103715,1780495410.620981,259
103716,1780495410.623908,256
103717,1780495410.62391,262
103718,1780495410.623911,262
103719,1780495410.6239119,267
103720,1780495410.623913,269
103721,1780495410.623914,268
103722,1780495410.623915,266
103723,1780495410.6239161,264
103724,1780495410.6239161,256
103725,1780495410.623917,258
103726,1780495410.623918,256
103727,1780495410.629766,255
103728,1780495410.629768,253
103729,1780495410.6297688,254
103730,1780495410.6297688,250
103731,1780495410.62977,250
103732,1780495410.629771,254
103733,1780495410.629772,254
103734,1780495410.6297731,257
103735,1780495410.629774,258
103736,1780495410.629774,261
103737,1780495410.632298,262
103738,1780495410.6323001,263
103739,1780495410.632301,266
103740,1780495410.632302,269
103741,1780495410.632302,270
103742,1780495410.632303,264
103743,1780495410.6323042,260
103744,1780495410.632305,263
103745,1780495410.632305,260
103746,1780495410.6323059,254
103747,1780495410.632307,252
103748,1780495410.634732,253
103749,1780495410.634733,251
103750,1780495410.6347342,249
103751,1780495410.634735,249
103752,1780495410.634736,251
103753,1780495410.634736,253
103754,1780495410.634737,258
103755,1780495410.634738,256
103756,1780495410.634739,259
103757,1780495410.6347399,260
103758,1780495410.6364958,261
103759,1780495410.638906,268
103760,1780495410.6389089,268
103761,1780495410.638914,266
103762,1780495410.638915,265
103763,1780495410.638916,260
103764,1780495410.638916,259
103765,1780495410.6389172,258
103766,1780495410.638918,259
103767,1780495410.6389189,253
103768,1780495410.6389198,253
103769,1780495410.641494,252
103770,1780495410.671369,249
103771,1780495410.671371,254
103772,1780495410.671372,252
103773,1780495410.6713731,255
103774,1780495410.671374,253
103775,1780495410.671375,257
103776,1780495410.671376,259
103777,1780495410.671377,259
103778,1780495410.6713789,264
103779,1780495410.67138,265
103780,1780495410.674897,272
103781,1780495410.6748989,266
103782,1780495410.6749,264
103783,1780495410.674902,265
103784,1780495410.6749032,263
103785,1780495410.674904,258
103786,1780495410.674905,260
103787,1780495410.674906,249
103788,1780495410.674907,255
103789,1780495410.674908,255
103790,1780495410.6749089,253
103791,1780495410.677259,252
103792,1780495410.677261,253
103793,1780495410.677262,254
103794,1780495410.677263,255
103795,1780495410.677264,259
103796,1780495410.677265,260
103797,1780495410.677266,259
103798,1780495410.6772668,264
103799,1780495410.677268,264
103800,1780495410.677269,272
103801,1780495410.6772711,270
103802,1780495410.6799219,265
103803,1780495410.679924,262
103804,1780495410.679925,266
103805,1780495410.679926,262
103806,1780495410.679927,254
103807,1780495410.679928,257
103808,1780495410.679929,254
103809,1780495410.6799302,253
103810,1780495410.679931,250
103811,1780495410.6799328,253
103812,1780495410.711326,252
103813,1780495410.711329,254
103814,1780495410.7113311,256
103815,1780495410.711332,255
103816,1780495410.711334,260
103817,1780495410.711335,261
103818,1780495410.711336,265
103819,1780495410.7113369,265
103820,1780495410.711339,272
103821,1780495410.71134,267
103822,1780495410.711342,264
103823,1780495410.717439,263
103824,1780495410.717441,261
103825,1780495410.717443,259
103826,1780495410.717449,256
103827,1780495410.71745,254
103828,1780495410.717452,253
103829,1780495410.717453,255
103830,1780495410.7174542,251
103831,1780495410.7174559,252
103832,1780495410.7174568,253
103833,1780495410.717459,253
103834,1780495410.719759,255
103835,1780495410.7197618,257
103836,1780495410.719763,261
103837,1780495410.719765,265
103838,1780495410.719766,265
103839,1780495410.719767,267
103840,1780495410.719769,268
103841,1780495410.7197702,268
103842,1780495410.719771,267
103843,1780495410.7197728,266
103844,1780495410.722218,263
103845,1780495410.7222211,261
103846,1780495410.722222,263
103847,1780495410.722223,255
103848,1780495410.722225,255
103849,1780495410.722226,252
103850,1780495410.722228,252
103851,1780495410.722229,253
103852,1780495410.7222311,254
103853,1780495410.722233,256
103854,1780495410.724033,257
103855,1780495410.735026,258
103856,1780495410.735029,259
103857,1780495410.7350311,264
103858,1780495410.735033,264
103859,1780495410.7350342,266
103860,1780495410.735036,270
103861,1780495410.735038,270
103862,1780495410.735039,265
103863,1780495410.7350411,261
103864,1780495410.735042,263
103865,1780495410.7350452,257
103866,1780495410.765058,259
103867,1780495410.7650628,253
103868,1780495410.765065,256
103869,1780495410.765068,254
103870,1780495410.76507,254
103871,1780495410.7650719,252
103872,1780495410.76508,256
103873,1780495410.7650821,257
103874,1780495410.7650838,258
103875,1780495410.765087,259
103876,1780495410.7686532,260
103877,1780495410.768658,262
103878,1780495410.76866,265
103879,1780495410.768662,271
103880,1780495410.7686641,269
103881,1780495410.768667,266
103882,1780495410.768669,265
103883,1780495410.768671,265
103884,1780495410.768673,264
103885,1780495410.768675,259
103886,1780495410.768679,260
103887,1780495410.7710662,257
103888,1780495410.771073,256
103889,1780495410.771075,256
103890,1780495410.7710779,252
103891,1780495410.77108,254
103892,1780495410.771082,254
103893,1780495410.771085,256
103894,1780495410.7710872,262
103895,1780495410.7710888,262
103896,1780495410.771092,260
103897,1780495410.773942,265
103898,1780495410.7739468,269
103899,1780495410.7739499,268
103900,1780495410.773952,268
103901,1780495410.7739542,270
103902,1780495410.773957,267
103903,1780495410.773959,265
103904,1780495410.773961,263
103905,1780495410.773964,261
103906,1780495410.773966,255
103907,1780495410.773969,256
103908,1780495410.8076859,254
103909,1780495410.807713,253
103910,1780495410.807722,248
103911,1780495410.807727,254
103912,1780495410.807731,252
103913,1780495410.8077362,250
103914,1780495410.80774,253
103915,1780495410.807744,258
103916,1780495410.807752,262
103917,1780495410.8077571,266
103918,1780495410.810278,265
103919,1780495410.81249,266
103920,1780495410.81251,270
103921,1780495410.812515,270
103922,1780495410.8125188,266
103923,1780495410.812522,264
103924,1780495410.812526,261
103925,1780495410.8125298,260
103926,1780495410.812533,259
103927,1780495410.8125372,257
103928,1780495410.8125398,257
103929,1780495410.812546,254
103930,1780495410.814912,251
103931,1780495410.814934,254
103932,1780495410.814937,256
103933,1780495410.81494,255
103934,1780495410.814943,253
103935,1780495410.814946,259
103936,1780495410.814951,264
103937,1780495410.814954,265
103938,1780495410.8149571,266
103939,1780495410.814961,269
103940,1780495410.817871,269
103941,1780495410.817881,269
103942,1780495410.817884,264
103943,1780495410.817888,264
103944,1780495410.817892,260
103945,1780495410.817895,256
103946,1780495410.817898,257
103947,1780495410.8179011,256
103948,1780495410.817906,255
103949,1780495410.817909,252
103950,1780495410.8179111,250
103951,1780495410.817915,254
103952,1780495410.847889,253
103953,1780495410.847915,255
103954,1780495410.8479202,258
103955,1780495410.847926,260
103956,1780495410.847929,260
103957,1780495410.8479328,264
103958,1780495410.847936,266
103959,1780495410.847939,267
103960,1780495410.8479419,270
103961,1780495410.847946,270
103962,1780495410.8523421,268
103963,1780495410.852353,262
103964,1780495410.8523571,258
103965,1780495410.85236,262
103966,1780495410.8523672,262
103967,1780495410.85237,259
103968,1780495410.852375,256
103969,1780495410.852382,254
103970,1780495410.8523872,250
103971,1780495410.852392,255
103972,1780495410.854906,258
103973,1780495410.854914,256
103974,1780495410.8549418,256
103975,1780495410.854947,260
103976,1780495410.854951,263
103977,1780495410.854955,267
103978,1780495410.854959,269
103979,1780495410.8549628,270
103980,1780495410.854967,274
103981,1780495410.854971,270
103982,1780495410.854975,266
103983,1780495410.87009,267
103984,1780495410.870122,266
103985,1780495410.8701298,262
103986,1780495410.870134,262
103987,1780495410.870139,258
103988,1780495410.870143,259
103989,1780495410.8701499,251
103990,1780495410.870155,253
103991,1780495410.8701582,253
103992,1780495410.870163,255
103993,1780495410.8701708,258
103994,1780495410.872365,257
103995,1780495410.872372,261
103996,1780495410.872376,264
103997,1780495410.87238,265
103998,1780495410.872384,266
103999,1780495410.8723881,272
104000,1780495410.872393,272
104001,1780495410.872397,268
104002,1780495410.872401,267
104003,1780495410.872406,263
104004,1780495410.920941,265
104005,1780495410.920946,261
104006,1780495410.920949,254
104007,1780495410.9209511,258
104008,1780495410.920953,256
104009,1780495410.920955,253
104010,1780495410.9209569,252
104011,1780495410.920959,254
104012,1780495410.9209611,255
104013,1780495410.920963,256
104014,1780495410.9209652,257
104015,1780495410.922316,261
104016,1780495410.9223192,262
104017,1780495410.9223208,267
104018,1780495410.922323,264
104019,1780495410.922324,268
104020,1780495410.922326,270
104021,1780495410.922328,269
104022,1780495410.9223301,265
104023,1780495410.9223309,265
104024,1780495410.922333,258
104025,1780495410.922335,263
104026,1780495410.9314182,257
104027,1780495410.931421,255
104028,1780495410.931423,255
104029,1780495410.931424,252
104030,1780495410.931426,250
104031,1780495410.931427,253
104032,1780495410.9314291,256
104033,1780495410.931437,258
104034,1780495410.931438,259
104035,1780495410.9314408,260
104036,1780495410.933732,258
104037,1780495410.933735,261
104038,1780495410.9337358,266
104039,1780495410.933738,266
104040,1780495410.933739,271
104041,1780495410.933741,263
104042,1780495410.933742,265
104043,1780495410.933743,266
104044,1780495410.933745,261
104045,1780495410.9337459,257
104046,1780495410.933748,257
104047,1780495410.93584,254
104048,1780495410.935842,257
104049,1780495410.9358442,252
104050,1780495410.9358451,254
104051,1780495410.9358468,256
104052,1780495410.935849,254
104053,1780495410.93585,253
104054,1780495410.935852,259
104055,1780495410.9358542,257
104056,1780495410.9358552,262
104057,1780495410.9358568,260
104058,1780495410.938056,267
104059,1780495410.938059,265
104060,1780495410.938061,267
104061,1780495410.9380622,265
104062,1780495410.9380631,268
104063,1780495410.9380648,263
104064,1780495410.938066,260
104065,1780495410.938067,260
104066,1780495410.938069,261
104067,1780495410.938071,254
104068,1780495410.972081,257
104069,1780495410.9720829,248
104070,1780495410.972084,252
104071,1780495410.972084,254
104072,1780495410.972085,254
104073,1780495410.972086,255
104074,1780495410.9720871,255
104075,1780495410.972088,253
104076,1780495410.972089,259
104077,1780495410.97209,263
104078,1780495410.972091,267
104079,1780495410.977325,268
104080,1780495410.977327,270
104081,1780495410.977328,268
104082,1780495410.9773288,266
104083,1780495410.9773288,263
104084,1780495410.97733,261
104085,1780495410.977331,261
104086,1780495410.9773319,261
104087,1780495410.977333,256
104088,1780495410.977333,257
104089,1780495410.977334,253
104090,1780495410.97889,252
104091,1780495410.978891,253
104092,1780495410.978892,254
104093,1780495410.978893,256
104094,1780495410.978893,258
104095,1780495410.978894,260
104096,1780495410.9788952,260
104097,1780495410.978896,262
104098,1780495410.9788969,268
104099,1780495410.9788978,271
104100,1780495410.9788978,270
104101,1780495410.978899,271
104102,1780495410.9789,268
104103,1780495410.978901,260
104104,1780495410.978902,264
104105,1780495410.978902,259
104106,1780495410.978903,257
104107,1780495410.978904,255
104108,1780495410.9789052,256
104109,1780495410.9789062,256
104110,1780495410.9789069,252
104111,1780495411.012776,254
104112,1780495411.012778,256
104113,1780495411.01278,256
104114,1780495411.01278,258
104115,1780495411.0127811,254
104116,1780495411.012782,262
104117,1780495411.012783,263
104118,1780495411.0127842,269
104119,1780495411.0127842,269
104120,1780495411.012785,268
104121,1780495411.012786,270
104122,1780495411.0127869,266
104123,1780495411.0189629,263
104124,1780495411.018965,262
104125,1780495411.018969,262
104126,1780495411.01897,260
104127,1780495411.018971,258
104128,1780495411.018972,253
104129,1780495411.018972,254
104130,1780495411.0189729,254
104131,1780495411.018974,253
104132,1780495411.021149,254
104133,1780495411.021151,252
104134,1780495411.021151,257
104135,1780495411.021152,262
104136,1780495411.021153,263
104137,1780495411.0211542,263
104138,1780495411.021155,267
104139,1780495411.021155,269
104140,1780495411.021156,270
104141,1780495411.021157,266
104142,1780495411.021158,266
104143,1780495411.0227242,263
104144,1780495411.022725,264
104145,1780495411.0227258,263
104146,1780495411.022727,256
104147,1780495411.022728,256
104148,1780495411.022729,256
104149,1780495411.022729,257
104150,1780495411.0227299,252
104151,1780495411.022731,255
104152,1780495411.022732,253
104153,1780495411.022733,257
104154,1780495411.053335,255
104155,1780495411.053337,256
104156,1780495411.053338,261
104157,1780495411.0533388,266
104158,1780495411.0533388,268
104159,1780495411.05334,268
104160,1780495411.053341,270
104161,1780495411.0533419,269
104162,1780495411.053343,268
104163,1780495411.053344,265
104164,1780495411.057068,265
104165,1780495411.057069,262
104166,1780495411.05707,257
104167,1780495411.0570712,256
104168,1780495411.0570722,256
104169,1780495411.0570729,256
104170,1780495411.0570738,254
104171,1780495411.0570781,256
104172,1780495411.057079,255
104173,1780495411.057079,259
104174,1780495411.05708,258
104175,1780495411.0570822,261
104176,1780495411.059274,265
104177,1780495411.059276,269
104178,1780495411.059277,266
104179,1780495411.059278,271
104180,1780495411.0592792,271
104181,1780495411.05928,272
104182,1780495411.0592809,269
104183,1780495411.0592809,264
104184,1780495411.0592818,265
104185,1780495411.059283,261
104186,1780495411.066572,260
104187,1780495411.0665731,255
104188,1780495411.066574,257
104189,1780495411.066575,256
104190,1780495411.0665758,256
104191,1780495411.066577,258
104192,1780495411.066577,257
104193,1780495411.066578,256
104194,1780495411.0665789,262
104195,1780495411.06658,261
104196,1780495411.097986,261
104197,1780495411.0979881,267
104198,1780495411.097989,266
104199,1780495411.0979898,270
104200,1780495411.097991,273
104201,1780495411.097992,270
104202,1780495411.097992,271
104203,1780495411.097993,268
104204,1780495411.097994,264
104205,1780495411.097995,265
104206,1780495411.097996,259
104207,1780495411.0979981,258
104208,1780495411.10239,257
104209,1780495411.102392,253
104210,1780495411.1023932,254
104211,1780495411.102394,255
104212,1780495411.1023948,256
104213,1780495411.102396,259
104214,1780495411.102397,261
104215,1780495411.102398,262
104216,1780495411.1023989,264
104217,1780495411.1024,268
104218,1780495411.104151,271
104219,1780495411.1041532,270
104220,1780495411.104154,274
104221,1780495411.1041548,271
104222,1780495411.104156,268
104223,1780495411.104156,268
104224,1780495411.104157,264
104225,1780495411.104158,263
104226,1780495411.104162,261
104227,1780495411.1041641,259
104228,1780495411.108845,257
104229,1780495411.1088471,254
104230,1780495411.108848,254
104231,1780495411.1088488,257
104232,1780495411.10885,259
104233,1780495411.108851,258
104234,1780495411.108852,259
104235,1780495411.108853,260
104236,1780495411.108854,263
104237,1780495411.108855,265
104238,1780495411.1088572,269
104239,1780495411.141367,270
104240,1780495411.14137,270
104241,1780495411.141372,272
104242,1780495411.141373,268
104243,1780495411.1413739,269
104244,1780495411.141375,262
104245,1780495411.141377,263
104246,1780495411.1413782,260
104247,1780495411.141379,259
104248,1780495411.14138,258
104249,1780495411.141382,256
104250,1780495411.1455958,255
104251,1780495411.145599,258
104252,1780495411.145601,256
104253,1780495411.145602,260
104254,1780495411.1456041,258
104255,1780495411.145605,262
104256,1780495411.1456058,264
104257,1780495411.145608,267
104258,1780495411.145609,267
104259,1780495411.145611,271
104260,1780495411.148997,274
104261,1780495411.149,272
104262,1780495411.149001,269
104263,1780495411.149003,267
104264,1780495411.149004,262
104265,1780495411.1490052,258
104266,1780495411.149007,258
104267,1780495411.1490078,258
104268,1780495411.149009,256
104269,1780495411.149011,253
104270,1780495411.149013,254
104271,1780495411.1535392,256
104272,1780495411.1535418,254
104273,1780495411.153544,256
104274,1780495411.153545,258
104275,1780495411.153547,258
104276,1780495411.153548,261
104277,1780495411.153549,262
104278,1780495411.153551,267
104279,1780495411.153555,270
104280,1780495411.1535559,271
104281,1780495411.153559,268
104282,1780495411.2197928,266
104283,1780495411.219799,263
104284,1780495411.2198021,261
104285,1780495411.219805,260
104286,1780495411.219808,257
104287,1780495411.219811,255
104288,1780495411.2198138,255
104289,1780495411.2198179,251
104290,1780495411.2198222,254
104291,1780495411.219826,251
104292,1780495411.228415,253
104293,1780495411.228438,255
104294,1780495411.2284422,259
104295,1780495411.2284448,254
104296,1780495411.2284532,262
104297,1780495411.228456,262
104298,1780495411.2284591,266
104299,1780495411.228461,271
104300,1780495411.2284641,270
104301,1780495411.228467,267
104302,1780495411.228471,264
104303,1780495411.229908,263
104304,1780495411.229919,261
104305,1780495411.229923,257
104306,1780495411.2299259,257
104307,1780495411.229933,256
104308,1780495411.2299352,255
104309,1780495411.229939,251
104310,1780495411.229942,253
104311,1780495411.2299452,251
104312,1780495411.2299478,252
104313,1780495411.229952,257
104314,1780495411.232401,257
104315,1780495411.232416,256
104316,1780495411.2324202,260
104317,1780495411.2324228,261
104318,1780495411.232426,266
104319,1780495411.232429,268
104320,1780495411.2324328,269
104321,1780495411.232435,269
104322,1780495411.232438,265
104323,1780495411.2324421,262
104324,1780495411.235955,255
104325,1780495411.2359638,261
104326,1780495411.236015,257
104327,1780495411.236019,252
104328,1780495411.236022,253
104329,1780495411.236025,251
104330,1780495411.236028,250
104331,1780495411.2360299,252
104332,1780495411.236033,251
104333,1780495411.236036,252
104334,1780495411.236039,254
104335,1780495411.23791,257
104336,1780495411.237921,257
104337,1780495411.237924,261
104338,1780495411.237927,264
104339,1780495411.237934,265
104340,1780495411.237937,266
104341,1780495411.237941,264
104342,1780495411.2379498,264
104343,1780495411.2379572,263
104344,1780495411.237963,264
104345,1780495411.244158,259
104346,1780495411.244181,257
104347,1780495411.244184,252
104348,1780495411.2441869,252
104349,1780495411.24419,252
104350,1780495411.244193,251
104351,1780495411.2441962,251
104352,1780495411.244202,254
104353,1780495411.2442062,252
104354,1780495411.2442088,255
104355,1780495411.244213,257
104356,1780495411.2463622,258
104357,1780495411.246379,260
104358,1780495411.246387,261
104359,1780495411.24639,267
104360,1780495411.2463932,269
104361,1780495411.246397,263
104362,1780495411.2464,262
104363,1780495411.246403,259
104364,1780495411.2464051,257
104365,1780495411.246408,258
104366,1780495411.2464151,255
104367,1780495411.248886,252
104368,1780495411.248898,252
104369,1780495411.2489028,250
104370,1780495411.248907,248
104371,1780495411.2489111,250
104372,1780495411.248914,253
104373,1780495411.248918,253
104374,1780495411.2489212,254
104375,1780495411.248925,255
104376,1780495411.248928,258
104377,1780495411.248956,259
104378,1780495411.27909,261
104379,1780495411.279111,265
104380,1780495411.279116,265
104381,1780495411.279119,261
104382,1780495411.2791228,260
104383,1780495411.2791271,261
104384,1780495411.279132,257
104385,1780495411.279136,252
104386,1780495411.279144,251
104387,1780495411.279149,249
104388,1780495411.28299,253
104389,1780495411.283007,248
104390,1780495411.2830122,250
104391,1780495411.283016,247
104392,1780495411.28302,254
104393,1780495411.283023,253
104394,1780495411.283027,254
104395,1780495411.28303,255
104396,1780495411.283034,259
104397,1780495411.283038,258
104398,1780495411.283042,262
104399,1780495411.2892191,265
104400,1780495411.289233,265
104401,1780495411.289239,266
104402,1780495411.289244,260
104403,1780495411.289249,261
104404,1780495411.289255,256
104405,1780495411.2892601,256
104406,1780495411.2892659,244
104407,1780495411.289271,253
104408,1780495411.289276,251
104409,1780495411.289283,248
104410,1780495411.291435,249
104411,1780495411.2914538,249
104412,1780495411.29146,248
104413,1780495411.291465,249
104414,1780495411.29147,252
104415,1780495411.291476,253
104416,1780495411.291483,255
104417,1780495411.2914891,259
104418,1780495411.291494,258
104419,1780495411.291502,263
104420,1780495411.320558,262
104421,1780495411.32058,262
104422,1780495411.320585,258
104423,1780495411.32059,257
104424,1780495411.320617,253
104425,1780495411.320621,253
104426,1780495411.320629,249
104427,1780495411.320632,248
104428,1780495411.3206358,250
104429,1780495411.3206458,245
104430,1780495411.3224902,245
104431,1780495411.324478,247
104432,1780495411.324498,247
104433,1780495411.3245041,253
104434,1780495411.324508,250
104435,1780495411.324522,254
104436,1780495411.324526,253
104437,1780495411.324532,258
104438,1780495411.32454,259
104439,1780495411.32456,264
104440,1780495411.324565,264
104441,1780495411.3245702,261
104442,1780495411.328398,256
104443,1780495411.3284118,255
104444,1780495411.328416,256
104445,1780495411.328418,255
104446,1780495411.3284218,250
104447,1780495411.328425,249
104448,1780495411.328428,246
104449,1780495411.3284311,243
104450,1780495411.328434,248
104451,1780495411.328438,243
104452,1780495411.336322,247
104453,1780495411.336343,246
104454,1780495411.3363478,251
104455,1780495411.336351,249
104456,1780495411.336355,255
104457,1780495411.3363578,253
104458,1780495411.336361,258
104459,1780495411.336364,260
104460,1780495411.3363671,261
104461,1780495411.33637,263
104462,1780495411.336374,258
104463,1780495411.3398862,258
104464,1780495411.339892,252
104465,1780495411.339895,251
104466,1780495411.339898,251
104467,1780495411.339901,250
104468,1780495411.339904,247
104469,1780495411.339906,247
104470,1780495411.339909,245
104471,1780495411.339912,246
104472,1780495411.339915,248
104473,1780495411.3399198,249
104474,1780495411.372135,251
104475,1780495411.37214,252
104476,1780495411.3721411,253
104477,1780495411.372143,256
104478,1780495411.3721442,258
104479,1780495411.372146,258
104480,1780495411.372148,260
104481,1780495411.37215,260
104482,1780495411.3721511,256
104483,1780495411.372153,257
104484,1780495411.379103,256
104485,1780495411.379106,249
104486,1780495411.379107,248
104487,1780495411.3791082,248
104488,1780495411.3791099,249
104489,1780495411.3791108,244
104490,1780495411.379112,248
104491,1780495411.379113,244
104492,1780495411.379115,249
104493,1780495411.379116,251
104494,1780495411.379118,250
104495,1780495411.3813329,250
104496,1780495411.381335,255
104497,1780495411.3813372,256
104498,1780495411.3813381,256
104499,1780495411.3813388,259
104500,1780495411.3813398,263
104501,1780495411.381342,260
104502,1780495411.381343,259
104503,1780495411.381344,256
104504,1780495411.381345,249
104505,1780495411.3828669,251
104506,1780495411.382869,249
104507,1780495411.38287,250
104508,1780495411.382872,246
104509,1780495411.382873,246
104510,1780495411.382874,244
104511,1780495411.382875,246
104512,1780495411.382876,244
104513,1780495411.3828769,247
104514,1780495411.382879,253
104515,1780495411.38288,252
104516,1780495411.412541,253
104517,1780495411.412543,254
104518,1780495411.412544,258
104519,1780495411.412545,258
104520,1780495411.4125462,260
104521,1780495411.412547,258
104522,1780495411.412547,260
104523,1780495411.412548,258
104524,1780495411.412549,255
104525,1780495411.41255,251
104526,1780495411.412551,251
104527,1780495411.416974,249
104528,1780495411.416977,248
104529,1780495411.416978,246
104530,1780495411.416978,245
104531,1780495411.4169788,245
104532,1780495411.41698,247
104533,1780495411.416981,250
104534,1780495411.416982,250
104535,1780495411.416982,252
104536,1780495411.4169831,257
104537,1780495411.416985,259
104538,1780495411.4191418,260
104539,1780495411.419148,264
104540,1780495411.4191492,261
104541,1780495411.41915,260
104542,1780495411.419151,258
104543,1780495411.419151,256
104544,1780495411.4191518,253
104545,1780495411.419153,248
104546,1780495411.419154,253
104547,1780495411.419155,252
104548,1780495411.451185,245
104549,1780495411.451187,249
104550,1780495411.4511878,245
104551,1780495411.451189,248
104552,1780495411.45119,247
104553,1780495411.451191,249
104554,1780495411.4511921,251
104555,1780495411.4511921,252
104556,1780495411.451193,254
104557,1780495411.451194,255
104558,1780495411.4538538,258
104559,1780495411.4559639,262
104560,1780495411.455966,263
104561,1780495411.455966,265
104562,1780495411.455967,258
104563,1780495411.455968,258
104564,1780495411.455969,255
104565,1780495411.45597,253
104566,1780495411.455971,250
104567,1780495411.455971,251
104568,1780495411.4559722,247
104569,1780495411.4559731,247
104570,1780495411.4584699,247
104571,1780495411.458472,247
104572,1780495411.458473,251
104573,1780495411.458473,248
104574,1780495411.458474,253
104575,1780495411.458475,252
104576,1780495411.458476,257
104577,1780495411.458476,256
104578,1780495411.458477,257
104579,1780495411.458478,263
104580,1780495411.461086,265
104581,1780495411.461087,267
104582,1780495411.461088,259
104583,1780495411.4610891,256
104584,1780495411.46109,258
104585,1780495411.4610932,256
104586,1780495411.461094,251
104587,1780495411.4610949,250
104588,1780495411.461096,251
104589,1780495411.461096,247
104590,1780495411.461098,249
104591,1780495411.521311,249
104592,1780495411.5213141,247
104593,1780495411.521315,250
104594,1780495411.521316,250
104595,1780495411.521317,253
104596,1780495411.521317,257
104597,1780495411.521318,256
104598,1780495411.521319,262
104599,1780495411.5213199,261
104600,1780495411.521321,264
104601,1780495411.524278,263
104602,1780495411.527254,262
104603,1780495411.527256,259
104604,1780495411.5272572,259
104605,1780495411.5272582,256
104606,1780495411.5272589,253
104607,1780495411.5272598,252
104608,1780495411.527261,250
104609,1780495411.527262,249
104610,1780495411.527262,248
104611,1780495411.527264,249
104612,1780495411.529912,251
104613,1780495411.5299141,251
104614,1780495411.5299149,254
104615,1780495411.5299158,256
104616,1780495411.529917,260
104617,1780495411.529918,259
104618,1780495411.529919,262
104619,1780495411.52992,264
104620,1780495411.529921,266
104621,1780495411.529922,263
104622,1780495411.529923,260
104623,1780495411.532468,260
104624,1780495411.53247,255
104625,1780495411.532471,256
104626,1780495411.5324721,253
104627,1780495411.532473,251
104628,1780495411.532474,254
104629,1780495411.532475,250
104630,1780495411.532475,246
104631,1780495411.532479,252
104632,1780495411.53248,248
104633,1780495411.532481,249
104634,1780495411.5347059,253
104635,1780495411.534708,254
104636,1780495411.534709,258
104637,1780495411.53471,257
104638,1780495411.53471,262
104639,1780495411.5347111,264
104640,1780495411.534712,263
104641,1780495411.534713,263
104642,1780495411.5347142,259
104643,1780495411.534715,261
104644,1780495411.537757,258
104645,1780495411.537759,255
104646,1780495411.53776,251
104647,1780495411.537761,255
104648,1780495411.5377622,251
104649,1780495411.537763,247
104650,1780495411.537764,251
104651,1780495411.537765,250
104652,1780495411.537766,248
104653,1780495411.537766,251
104654,1780495411.537768,252
104655,1780495411.542337,256
104656,1780495411.5423381,257
104657,1780495411.542339,258
104658,1780495411.54234,265
104659,1780495411.5423412,265
104660,1780495411.542342,265
104661,1780495411.542343,263
104662,1780495411.5423439,260
104663,1780495411.542345,261
104664,1780495411.542346,256
104665,1780495411.5423481,257
104666,1780495411.544814,255
104667,1780495411.544816,250
104668,1780495411.544818,248
104669,1780495411.5448189,246
104670,1780495411.54482,247
104671,1780495411.544821,251
104672,1780495411.544822,248
104673,1780495411.544822,253
104674,1780495411.544823,253
104675,1780495411.544825,257
104676,1780495411.575098,257
104677,1780495411.575101,261
104678,1780495411.5751019,262
104679,1780495411.575104,263
104680,1780495411.575105,266
104681,1780495411.5751061,265
104682,1780495411.575108,264
104683,1780495411.575109,262
104684,1780495411.57511,258
104685,1780495411.575111,258
104686,1780495411.575113,256
104687,1780495411.578601,252
104688,1780495411.578603,252
104689,1780495411.5786052,248
104690,1780495411.5786061,249
104691,1780495411.578607,249
104692,1780495411.578609,254
104693,1780495411.57861,255
104694,1780495411.578611,254
104695,1780495411.5786119,255
104696,1780495411.578613,258
104697,1780495411.578615,261
104698,1780495411.581123,264
104699,1780495411.581125,263
104700,1780495411.581127,267
104701,1780495411.581128,265
104702,1780495411.581129,262
104703,1780495411.58113,261
104704,1780495411.581131,259
104705,1780495411.5811331,258
104706,1780495411.581134,254
104707,1780495411.581136,251
104708,1780495411.587442,253
104709,1780495411.587445,253
104710,1780495411.587446,250
104711,1780495411.5874481,251
104712,1780495411.587449,250
104713,1780495411.587451,254
104714,1780495411.587452,256
104715,1780495411.587453,255
104716,1780495411.587455,256
104717,1780495411.587456,260
104718,1780495411.5874581,262
104719,1780495411.6176288,264
104720,1780495411.617632,266
104721,1780495411.617634,264
104722,1780495411.617635,265
104723,1780495411.6176372,256
104724,1780495411.6176379,260
104725,1780495411.61764,255
104726,1780495411.617642,251
104727,1780495411.617643,251
104728,1780495411.617645,252
104729,1780495411.617646,250
104730,1780495411.617653,247
104731,1780495411.620974,253
104732,1780495411.6209779,249
104733,1780495411.62098,250
104734,1780495411.620982,253
104735,1780495411.6209831,256
104736,1780495411.620985,257
104737,1780495411.620987,261
104738,1780495411.6209888,263
104739,1780495411.620991,267
104740,1780495411.6236339,265
104741,1780495411.623638,266
104742,1780495411.62364,261
104743,1780495411.6236422,264
104744,1780495411.623643,259
104745,1780495411.6236448,256
104746,1780495411.623647,254
104747,1780495411.6236491,253
104748,1780495411.623651,251
104749,1780495411.623652,249
104750,1780495411.6236548,248
104751,1780495411.6278121,251
104752,1780495411.627816,251
104753,1780495411.6278179,251
104754,1780495411.62782,253
104755,1780495411.627821,256
104756,1780495411.627823,259
104757,1780495411.6278248,262
104758,1780495411.627827,266
104759,1780495411.627829,269
104760,1780495411.6278322,265
104761,1780495411.631658,264
104762,1780495411.661317,261
104763,1780495411.661323,259
104764,1780495411.6613262,257
104765,1780495411.6613288,257
104766,1780495411.661332,255
104767,1780495411.661334,252
104768,1780495411.6613371,252
104769,1780495411.661341,252
104770,1780495411.661344,252
104771,1780495411.661348,252
104772,1780495411.664893,255
104773,1780495411.664899,254
104774,1780495411.664902,255
104775,1780495411.664905,257
104776,1780495411.664908,262
104777,1780495411.664911,265
104778,1780495411.664914,265
104779,1780495411.664916,265
104780,1780495411.6649191,265
104781,1780495411.664922,266
104782,1780495411.664926,262
104783,1780495411.667477,261
104784,1780495411.667501,261
104785,1780495411.6675048,255
104786,1780495411.66751,256
104787,1780495411.6675131,251
104788,1780495411.6675148,252
104789,1780495411.667518,250
104790,1780495411.66752,253
104791,1780495411.667527,250
104792,1780495411.667556,251
104793,1780495411.6675599,254
104794,1780495411.66991,255
104795,1780495411.669921,259
104796,1780495411.6699252,261
104797,1780495411.66993,262
104798,1780495411.669933,266
104799,1780495411.669937,270
104800,1780495411.669945,269
104801,1780495411.6699479,263
104802,1780495411.669951,265
104803,1780495411.669954,264
104804,1780495411.701455,261
104805,1780495411.701479,258
104806,1780495411.701486,255
104807,1780495411.70149,254
104808,1780495411.701494,252
104809,1780495411.701497,252
104810,1780495411.701501,249
104811,1780495411.701505,248
104812,1780495411.701508,251
104813,1780495411.701511,257
104814,1780495411.701519,254
104815,1780495411.707381,255
104816,1780495411.707393,260
104817,1780495411.7073972,259
104818,1780495411.7073998,264
104819,1780495411.707403,270
104820,1780495411.707406,268
104821,1780495411.707408,266
104822,1780495411.707411,263
104823,1780495411.707414,261
104824,1780495411.707417,260
104825,1780495411.7074199,258
104826,1780495411.70975,254
104827,1780495411.709756,254
104828,1780495411.709759,252
104829,1780495411.709763,249
104830,1780495411.7097669,252
104831,1780495411.709771,252
104832,1780495411.7097778,251
104833,1780495411.7097821,255
104834,1780495411.709785,255
104835,1780495411.709789,253
104836,1780495411.712505,259
104837,1780495411.712521,263
104838,1780495411.7125592,265
104839,1780495411.712564,268
104840,1780495411.7125702,268
104841,1780495411.712574,265
104842,1780495411.7125802,264
104843,1780495411.712584,263
104844,1780495411.71259,259
104845,1780495411.712594,257
104846,1780495411.7126012,255
104847,1780495411.7465138,254
104848,1780495411.746552,256
104849,1780495411.746558,254
104850,1780495411.7465658,249
104851,1780495411.746572,255
104852,1780495411.7465768,252
104853,1780495411.746586,254
104854,1780495411.746591,257
104855,1780495411.746597,261
104856,1780495411.746603,258
104857,1780495411.746612,263
104858,1780495411.7525492,265
104859,1780495411.7525702,269
104860,1780495411.752576,263
104861,1780495411.7525811,267
104862,1780495411.752587,262
104863,1780495411.7525918,266
104864,1780495411.752597,264
104865,1780495411.752605,255
104866,1780495411.75261,255
104867,1780495411.752617,258
104868,1780495411.75489,253
104869,1780495411.7549,249
104870,1780495411.754904,250
104871,1780495411.754907,252
104872,1780495411.754911,255
104873,1780495411.754915,254
104874,1780495411.7549188,255
104875,1780495411.754923,257
104876,1780495411.754926,260
104877,1780495411.75493,262
104878,1780495411.754935,266
104879,1780495411.757455,267
104880,1780495411.757469,269
104881,1780495411.7574751,268
104882,1780495411.75748,263
104883,1780495411.757484,263
104884,1780495411.757511,263
104885,1780495411.757515,257
104886,1780495411.757519,257
104887,1780495411.7575219,254
104888,1780495411.757526,254
104889,1780495411.757531,251
104890,1780495411.820044,251
104891,1780495411.8200471,254
104892,1780495411.8200488,252
104893,1780495411.82005,256
104894,1780495411.820051,257
104895,1780495411.820052,260
104896,1780495411.820054,262
104897,1780495411.820055,263
104898,1780495411.820056,266
104899,1780495411.8200572,270
104900,1780495411.8200588,268
104901,1780495411.8239129,269
104902,1780495411.823916,265
104903,1780495411.8239172,263
104904,1780495411.823918,260
104905,1780495411.823919,253
104906,1780495411.82392,256
104907,1780495411.823922,257
104908,1780495411.8239229,252
104909,1780495411.823924,250
104910,1780495411.823925,253
104911,1780495411.827242,257
104912,1780495411.827245,256
104913,1780495411.8272462,258
104914,1780495411.8272471,254
104915,1780495411.827248,258
104916,1780495411.8272488,261
104917,1780495411.82725,266
104918,1780495411.827251,266
104919,1780495411.827252,270
104920,1780495411.827253,268
104921,1780495411.827255,267
104922,1780495411.8297238,262
104923,1780495411.829726,265
104924,1780495411.829727,263
104925,1780495411.829728,259
104926,1780495411.829729,256
104927,1780495411.82973,257
104928,1780495411.829731,256
104929,1780495411.8297322,251
104930,1780495411.829736,251
104931,1780495411.829738,257
104932,1780495411.832327,253
104933,1780495411.832329,254
104934,1780495411.83233,257
104935,1780495411.832331,259
104936,1780495411.8323321,261
104937,1780495411.832333,262
104938,1780495411.832334,266
104939,1780495411.832335,270
104940,1780495411.832336,266
104941,1780495411.832337,269
104942,1780495411.8323379,266
104943,1780495411.8347468,262
104944,1780495411.834749,258
104945,1780495411.83475,260
104946,1780495411.834751,259
104947,1780495411.834752,257
104948,1780495411.834753,251
104949,1780495411.834754,252
104950,1780495411.8347552,250
104951,1780495411.8347561,250
104952,1780495411.834757,253
104953,1780495411.834759,253
104954,1780495411.842201,255
104955,1780495411.842203,257
104956,1780495411.8422039,262
104957,1780495411.8422048,260
104958,1780495411.8422048,267
104959,1780495411.842206,270
104960,1780495411.842207,270
104961,1780495411.842208,267
104962,1780495411.842209,263
104963,1780495411.84221,259
104964,1780495411.8447978,258
104965,1780495411.8448,257
104966,1780495411.844801,256
104967,1780495411.844801,254
104968,1780495411.8448021,254
104969,1780495411.844803,252
104970,1780495411.844804,250
104971,1780495411.844804,255
104972,1780495411.844805,255
104973,1780495411.844806,257
104974,1780495411.844807,260
104975,1780495411.8758001,259
104976,1780495411.875802,265
104977,1780495411.875803,263
104978,1780495411.875804,267
104979,1780495411.875805,270
104980,1780495411.8758059,268
104981,1780495411.875807,269
104982,1780495411.875807,265
104983,1780495411.875808,265
104984,1780495411.875809,261
104985,1780495411.877014,259
104986,1780495411.881382,260
104987,1780495411.881384,257
104988,1780495411.8813848,258
104989,1780495411.881386,255
104990,1780495411.881386,255
104991,1780495411.881387,254
104992,1780495411.881388,254
104993,1780495411.881391,259
104994,1780495411.8813922,260
104995,1780495411.881393,264
104996,1780495411.883563,264
104997,1780495411.883564,269
104998,1780495411.883565,269
104999,1780495411.8835661,272
105000,1780495411.883567,273
105001,1780495411.883568,271
105002,1780495411.883568,267
105003,1780495411.883569,267
105004,1780495411.88357,268
105005,1780495411.883571,261
105006,1780495411.8835719,258
105007,1780495411.89253,257
105008,1780495411.8925319,258
105009,1780495411.8925319,252
105010,1780495411.892533,253
105011,1780495411.892534,256
105012,1780495411.892535,256
105013,1780495411.8925362,259
105014,1780495411.8925362,259
105015,1780495411.892537,263
105016,1780495411.892538,263
105017,1780495411.8925388,268
105018,1780495411.9233549,269
105019,1780495411.923357,269
105020,1780495411.923358,270
105021,1780495411.923359,270
105022,1780495411.92336,266
105023,1780495411.92336,266
105024,1780495411.923361,264
105025,1780495411.923362,262
105026,1780495411.923363,261
105027,1780495411.9233642,257
105028,1780495411.923365,258
105029,1780495411.925588,256
105030,1780495411.925589,254
105031,1780495411.92559,254
105032,1780495411.925591,253
105033,1780495411.925592,258
105034,1780495411.9255931,261
105035,1780495411.9255931,262
105036,1780495411.925597,265
105037,1780495411.925597,268
105038,1780495411.9255989,270
105039,1780495411.930208,271
105040,1780495411.930209,271
105041,1780495411.93021,269
105042,1780495411.930211,268
105043,1780495411.930211,266
105044,1780495411.930212,265
105045,1780495411.9302132,261
105046,1780495411.930214,259
105047,1780495411.930215,257
105048,1780495411.9302158,256
105049,1780495411.9338539,254
105050,1780495411.933856,254
105051,1780495411.933857,259
105052,1780495411.933857,256
105053,1780495411.9338582,255
105054,1780495411.933859,255
105055,1780495411.93386,264
105056,1780495411.933861,264
105057,1780495411.933861,269
105058,1780495411.933862,268
105059,1780495411.933863,271
105060,1780495411.937501,271
105061,1780495411.9375029,269
105062,1780495411.9375029,266
105063,1780495411.937504,262
105064,1780495411.937505,263
105065,1780495411.937506,263
105066,1780495411.937506,257
105067,1780495411.9375072,257
105068,1780495411.937508,256
105069,1780495411.937509,255
105070,1780495411.9375098,256
105071,1780495411.966623,255
105072,1780495411.966625,257
105073,1780495411.966626,255
105074,1780495411.9666271,256
105075,1780495411.9666271,262
105076,1780495411.966628,262
105077,1780495411.966629,265
105078,1780495411.96663,272
105079,1780495411.966631,273
105080,1780495411.966632,271
105081,1780495411.9666328,268
105082,1780495411.970856,263
105083,1780495411.970858,266
105084,1780495411.970859,263
105085,1780495411.97086,260
105086,1780495411.970861,257
105087,1780495411.9708622,259
105088,1780495411.970863,254
105089,1780495411.970864,256
105090,1780495411.97087,257
105091,1780495411.970871,257
105092,1780495411.9728189,254
105093,1780495411.972821,260
105094,1780495411.972822,260
105095,1780495411.9728231,261
105096,1780495411.972824,263
105097,1780495411.972825,268
105098,1780495411.972826,270
105099,1780495411.972827,273
105100,1780495411.972828,269
105101,1780495411.972828,271
105102,1780495411.97283,265
105103,1780495412.007199,263
105104,1780495412.0072021,262
105105,1780495412.007203,258
105106,1780495412.007205,257
105107,1780495412.007206,255
105108,1780495412.007207,256
105109,1780495412.007209,255
105110,1780495412.00721,254
105111,1780495412.007211,256
105112,1780495412.007213,259
105113,1780495412.007215,258
105114,1780495412.009373,259
105115,1780495412.009376,261
105116,1780495412.009377,265
105117,1780495412.0093791,266
105118,1780495412.00938,269
105119,1780495412.009381,279
105120,1780495412.0093818,273
105121,1780495412.009383,271
105122,1780495412.0093849,266
105123,1780495412.009387,265
105124,1780495412.013831,264
105125,1780495412.013834,261
105126,1780495412.013835,258
105127,1780495412.013847,257
105128,1780495412.013848,255
105129,1780495412.0138502,252
105130,1780495412.013851,252
105131,1780495412.013852,255
105132,1780495412.0138528,255
105133,1780495412.013854,259
105134,1780495412.013856,260
105135,1780495412.016299,261
105136,1780495412.0163012,266
105137,1780495412.016303,268
105138,1780495412.016304,270
105139,1780495412.016305,270
105140,1780495412.0163069,272
105141,1780495412.016308,268
105142,1780495412.016309,269
105143,1780495412.01631,265
105144,1780495412.016311,263
105145,1780495412.016313,265
105146,1780495412.0477629,258
105147,1780495412.047767,257
105148,1780495412.047768,255
105149,1780495412.04777,254
105150,1780495412.047772,254
105151,1780495412.047773,254
105152,1780495412.047775,254
105153,1780495412.047776,258
105154,1780495412.0477781,261
105155,1780495412.04778,263
105156,1780495412.052418,261
105157,1780495412.052421,266
105158,1780495412.052423,268
105159,1780495412.052424,271
105160,1780495412.052426,270
105161,1780495412.052427,271
105162,1780495412.052429,270
105163,1780495412.0524302,265
105164,1780495412.0524318,263
105165,1780495412.052433,263
105166,1780495412.0524359,259
105167,1780495412.054892,261
105168,1780495412.054896,255
105169,1780495412.0548968,254
105170,1780495412.054899,256
105171,1780495412.054902,260
105172,1780495412.054904,256
105173,1780495412.0549061,262
105174,1780495412.054913,264
105175,1780495412.0549152,262
105176,1780495412.0549161,268
105177,1780495412.054919,267
105178,1780495412.057309,270
105179,1780495412.057313,275
105180,1780495412.057315,271
105181,1780495412.057317,269
105182,1780495412.057319,270
105183,1780495412.0573199,271
105184,1780495412.057322,262
105185,1780495412.057324,264
105186,1780495412.057326,261
105187,1780495412.057329,259
105188,1780495412.12303,255
105189,1780495412.1230469,254
105190,1780495412.123051,256
105191,1780495412.1230562,255
105192,1780495412.1230621,260
105193,1780495412.1230662,255
105194,1780495412.1230688,262
105195,1780495412.123073,265
105196,1780495412.1230788,267
105197,1780495412.123082,270
105198,1780495412.1230872,271
105199,1780495412.153076,274
105200,1780495412.1531038,272
105201,1780495412.153111,272
105202,1780495412.1531148,270
105203,1780495412.153121,268
105204,1780495412.153125,266
105205,1780495412.1531289,263
105206,1780495412.153137,264
105207,1780495412.15314,260
105208,1780495412.1531441,258
105209,1780495412.153152,255
105210,1780495412.157325,258
105211,1780495412.1573381,259
105212,1780495412.157344,260
105213,1780495412.157349,258
105214,1780495412.1573539,260
105215,1780495412.1573591,262
105216,1780495412.157367,266
105217,1780495412.1573708,271
105218,1780495412.157377,272
105219,1780495412.157383,275
105220,1780495412.1598542,275
105221,1780495412.159863,272
105222,1780495412.159869,270
105223,1780495412.159874,267
105224,1780495412.1598778,264
105225,1780495412.159884,264
105226,1780495412.1598878,259
105227,1780495412.159893,261
105228,1780495412.159897,262
105229,1780495412.159929,256
105230,1780495412.159936,255
105231,1780495412.162838,260
105232,1780495412.162854,258
105233,1780495412.16286,262
105234,1780495412.1628659,263
105235,1780495412.1628711,265
105236,1780495412.162876,265
105237,1780495412.162882,269
105238,1780495412.1628869,270
105239,1780495412.162891,272
105240,1780495412.162896,273
105241,1780495412.162903,270
105242,1780495412.164959,273
105243,1780495412.164972,270
105244,1780495412.1649761,265
105245,1780495412.16498,267
105246,1780495412.164984,263
105247,1780495412.1649878,260
105248,1780495412.164993,258
105249,1780495412.164999,255
105250,1780495412.165003,257
105251,1780495412.1650078,257
105252,1780495412.1678941,259
105253,1780495412.167913,261
105254,1780495412.167917,260
105255,1780495412.16792,264
105256,1780495412.167923,270
105257,1780495412.167926,270
105258,1780495412.1679292,271
105259,1780495412.1679318,275
105260,1780495412.167935,273
105261,1780495412.1679401,276
105262,1780495412.167944,271
105263,1780495412.174815,269
105264,1780495412.174824,262
105265,1780495412.1748302,262
105266,1780495412.174834,262
105267,1780495412.174838,259
105268,1780495412.1748412,258
105269,1780495412.174845,256
105270,1780495412.174848,257
105271,1780495412.1748512,258
105272,1780495412.174855,258
105273,1780495412.1772878,266
105274,1780495412.1772978,263
105275,1780495412.177326,266
105276,1780495412.177331,264
105277,1780495412.177336,269
105278,1780495412.177341,273
105279,1780495412.177345,274
105280,1780495412.177353,276
105281,1780495412.1773582,271
105282,1780495412.177363,272
105283,1780495412.177369,268
105284,1780495412.179811,264
105285,1780495412.179824,263
105286,1780495412.179829,259
105287,1780495412.179832,258
105288,1780495412.1798358,259
105289,1780495412.179839,258
105290,1780495412.1798432,257
105291,1780495412.1798458,260
105292,1780495412.17985,259
105293,1780495412.179855,261
105294,1780495412.1815171,264
105295,1780495412.1839712,264
105296,1780495412.183987,267
105297,1780495412.183994,270
105298,1780495412.1839979,273
105299,1780495412.184001,274
105300,1780495412.184004,272
105301,1780495412.184007,272
105302,1780495412.1840131,270
105303,1780495412.184016,267
105304,1780495412.18402,266
105305,1780495412.186374,262
105306,1780495412.188365,261
105307,1780495412.188372,261
105308,1780495412.188376,258
105309,1780495412.188384,256
105310,1780495412.1883872,254
105311,1780495412.188391,257
105312,1780495412.188396,262
105313,1780495412.188403,257
105314,1780495412.188407,262
105315,1780495412.188411,262
105316,1780495412.2188091,268
105317,1780495412.218815,269
105318,1780495412.218818,270
105319,1780495412.21882,272
105320,1780495412.218823,273
105321,1780495412.218831,270
105322,1780495412.218834,271
105323,1780495412.218836,268
105324,1780495412.218838,265
105325,1780495412.2188401,263
105326,1780495412.218844,260
105327,1780495412.222239,260
105328,1780495412.222244,258
105329,1780495412.222246,258
105330,1780495412.2222478,257
105331,1780495412.22225,257
105332,1780495412.222253,256
105333,1780495412.222255,260
105334,1780495412.222257,265
105335,1780495412.22226,266
105336,1780495412.222262,267
105337,1780495412.222265,268
105338,1780495412.2247272,272
105339,1780495412.224731,276
105340,1780495412.2247329,272
105341,1780495412.224736,275
105342,1780495412.2247381,265
105343,1780495412.224739,266
105344,1780495412.2247412,265
105345,1780495412.224743,264
105346,1780495412.224745,264
105347,1780495412.2247481,260
105348,1780495412.227753,257
105349,1780495412.227757,257
105350,1780495412.2277591,256
105351,1780495412.2277608,259
105352,1780495412.227763,260
105353,1780495412.227765,259
105354,1780495412.227766,265
105355,1780495412.2277682,259
105356,1780495412.22777,264
105357,1780495412.227772,268
105358,1780495412.227774,273
105359,1780495412.2823381,275
105360,1780495412.282341,272
105361,1780495412.282342,270
105362,1780495412.282342,273
105363,1780495412.282343,266
105364,1780495412.2823439,267
105365,1780495412.282345,264
105366,1780495412.282346,264
105367,1780495412.282349,257
105368,1780495412.28235,257
105369,1780495412.282351,257
105370,1780495412.284738,260
105371,1780495412.2847402,255
105372,1780495412.2847412,259
105373,1780495412.2847419,259
105374,1780495412.2847428,262
105375,1780495412.284744,266
105376,1780495412.284744,261
105377,1780495412.284745,271
105378,1780495412.284746,272
105379,1780495412.2847471,273
105380,1780495412.2876642,272
105381,1780495412.287665,271
105382,1780495412.2876658,267
105383,1780495412.287667,268
105384,1780495412.287668,265
105385,1780495412.287669,262
105386,1780495412.287669,262
105387,1780495412.28767,260
105388,1780495412.287671,260
105389,1780495412.287672,255
105390,1780495412.287673,259
105391,1780495412.2922702,255
105392,1780495412.292272,259
105393,1780495412.2922728,263
105394,1780495412.292274,263
105395,1780495412.292274,263
105396,1780495412.292275,264
105397,1780495412.292276,269
105398,1780495412.292277,269
105399,1780495412.292278,270
105400,1780495412.292279,272
105401,1780495412.29228,269
105402,1780495412.294718,271
105403,1780495412.29472,268
105404,1780495412.2947211,266
105405,1780495412.294722,262
105406,1780495412.294723,261
105407,1780495412.294723,258
105408,1780495412.294724,257
105409,1780495412.2947252,255
105410,1780495412.294726,257
105411,1780495412.2947268,258
105412,1780495412.297317,257
105413,1780495412.297318,259
105414,1780495412.297319,262
105415,1780495412.29732,262
105416,1780495412.2973208,267
105417,1780495412.2973208,269
105418,1780495412.297322,268
105419,1780495412.297323,275
105420,1780495412.297324,272
105421,1780495412.297324,271
105422,1780495412.297326,267
105423,1780495412.299711,265
105424,1780495412.2997131,261
105425,1780495412.2997131,264
105426,1780495412.299714,259
105427,1780495412.299715,258
105428,1780495412.299716,255
105429,1780495412.2997172,256
105430,1780495412.299718,255
105431,1780495412.299718,255
105432,1780495412.29972,257
105433,1780495412.3014898,261
105434,1780495412.333925,261
105435,1780495412.333927,264
105436,1780495412.3339279,266
105437,1780495412.333929,270
105438,1780495412.333929,273
105439,1780495412.33393,273
105440,1780495412.333931,267
105441,1780495412.333932,268
105442,1780495412.333933,269
105443,1780495412.333934,266
105444,1780495412.333935,262
105445,1780495412.337158,265
105446,1780495412.3371599,261
105447,1780495412.337161,262
105448,1780495412.337162,259
105449,1780495412.337162,255
105450,1780495412.337163,258
105451,1780495412.337164,261
105452,1780495412.337165,258
105453,1780495412.337166,260
105454,1780495412.337167,264
105455,1780495412.3396401,264
105456,1780495412.339641,263
105457,1780495412.339642,266
105458,1780495412.3396428,269
105459,1780495412.339644,271
105460,1780495412.339645,275
105461,1780495412.3396459,269
105462,1780495412.3396459,269
105463,1780495412.339647,265
105464,1780495412.339648,265
105465,1780495412.339649,262
105466,1780495412.342248,259
105467,1780495412.3422499,256
105468,1780495412.342251,256
105469,1780495412.342252,254
105470,1780495412.342253,257
105471,1780495412.342253,259
105472,1780495412.3422542,256
105473,1780495412.342255,259
105474,1780495412.342256,261
105475,1780495412.3422568,264
105476,1780495412.372512,266
105477,1780495412.3725162,268
105478,1780495412.372517,271
105479,1780495412.3725178,274
105480,1780495412.3725178,269
105481,1780495412.372519,270
105482,1780495412.37252,270
105483,1780495412.372521,267
105484,1780495412.3725219,262
105485,1780495412.3725219,264
105486,1780495412.372524,262
105487,1780495412.3759968,259
105488,1780495412.375999,258
105489,1780495412.376,254
105490,1780495412.3760011,258
105491,1780495412.3760011,259
105492,1780495412.376002,258
105493,1780495412.376003,257
105494,1780495412.376004,261
105495,1780495412.3760052,264
105496,1780495412.3760052,267
105497,1780495412.378936,268
105498,1780495412.378939,270
105499,1780495412.3789399,275
105500,1780495412.3789408,271
105501,1780495412.3789408,268
105502,1780495412.378942,268
105503,1780495412.378943,266
105504,1780495412.378944,264
105505,1780495412.378945,263
105506,1780495412.378945,260
105507,1780495412.378947,262
105508,1780495412.383616,259
105509,1780495412.383617,255
105510,1780495412.383618,255
105511,1780495412.383619,257
105512,1780495412.38362,255
105513,1780495412.3836212,256
105514,1780495412.3836212,262
105515,1780495412.383622,263
105516,1780495412.383623,267
105517,1780495412.3836238,269
105518,1780495412.383625,269
105519,1780495412.4138088,271
105520,1780495412.413811,274
105521,1780495412.413812,270
105522,1780495412.4138129,269
105523,1780495412.413814,267
105524,1780495412.413815,263
105525,1780495412.413816,263
105526,1780495412.4138172,261
105527,1780495412.4138181,259
105528,1780495412.4138188,256
105529,1780495412.4138198,258
105530,1780495412.417335,254
105531,1780495412.4173372,258
105532,1780495412.4173381,262
105533,1780495412.4173388,259
105534,1780495412.4173398,262
105535,1780495412.417341,261
105536,1780495412.417342,269
105537,1780495412.417343,268
105538,1780495412.417344,274
105539,1780495412.417345,276
105540,1780495412.419803,276
105541,1780495412.4198048,271
105542,1780495412.419806,272
105543,1780495412.419807,269
105544,1780495412.419808,266
105545,1780495412.419809,263
105546,1780495412.41981,261
105547,1780495412.419811,258
105548,1780495412.4198122,257
105549,1780495412.4198132,257
105550,1780495412.4198148,255
105551,1780495412.4522,258
105552,1780495412.452202,257
105553,1780495412.452204,260
105554,1780495412.452205,263
105555,1780495412.4522061,262
105556,1780495412.452208,267
105557,1780495412.452209,271
105558,1780495412.45221,271
105559,1780495412.452211,272
105560,1780495412.452213,271
105561,1780495412.452215,267
105562,1780495412.457145,266
105563,1780495412.4571478,265
105564,1780495412.457149,267
105565,1780495412.457151,262
105566,1780495412.457152,262
105567,1780495412.457154,262
105568,1780495412.457155,258
105569,1780495412.4571562,256
105570,1780495412.4571579,258
105571,1780495412.45716,259
105572,1780495412.459769,260
105573,1780495412.4597719,263
105574,1780495412.459774,262
105575,1780495412.459775,262
105576,1780495412.459776,269
105577,1780495412.459778,266
105578,1780495412.459779,271
105579,1780495412.45978,275
105580,1780495412.459782,271
105581,1780495412.459784,271
105582,1780495412.461514,270
105583,1780495412.4651132,270
105584,1780495412.4651158,263
105585,1780495412.465118,266
105586,1780495412.465119,260
105587,1780495412.465121,264
105588,1780495412.465122,257
105589,1780495412.4651232,256
105590,1780495412.465125,260
105591,1780495412.4651258,257
105592,1780495412.465127,260
105593,1780495412.465129,262
105594,1780495412.502155,261
105595,1780495412.502159,268
105596,1780495412.5021608,269
105597,1780495412.502163,270
105598,1780495412.502165,273
105599,1780495412.502167,275
105600,1780495412.5021682,272
105601,1780495412.50217,270
105602,1780495412.502172,271
105603,1780495412.502175,269
105604,1780495412.505832,264
105605,1780495412.505836,264
105606,1780495412.5058382,265
105607,1780495412.50584,258
105608,1780495412.5058408,261
105609,1780495412.505843,261
105610,1780495412.505845,258
105611,1780495412.505847,258
105612,1780495412.505853,260
105613,1780495412.505856,258
105614,1780495412.505858,264
105615,1780495412.508186,265
105616,1780495412.50819,268
105617,1780495412.508192,271
105618,1780495412.508194,275
105619,1780495412.5081952,277
105620,1780495412.508197,273
105621,1780495412.508199,273
105622,1780495412.508201,272
105623,1780495412.508203,268
105624,1780495412.508205,268
105625,1780495412.508207,266
105626,1780495412.510427,262
105627,1780495412.5104299,261
105628,1780495412.510432,259
105629,1780495412.5104342,257
105630,1780495412.510436,259
105631,1780495412.510437,264
105632,1780495412.5104399,261
105633,1780495412.510442,263
105634,1780495412.510444,264
105635,1780495412.510447,269
105636,1780495412.513988,270
105637,1780495412.5139918,272
105638,1780495412.513994,273
105639,1780495412.5139961,278
105640,1780495412.513998,269
105641,1780495412.514001,274
105642,1780495412.514003,271
105643,1780495412.514005,267
105644,1780495412.514007,268
105645,1780495412.514009,267
105646,1780495412.5140128,263
105647,1780495412.581442,261
105648,1780495412.5814688,261
105649,1780495412.581475,257
105650,1780495412.5814788,259
105651,1780495412.5814831,260
105652,1780495412.5814872,259
105653,1780495412.581491,260
105654,1780495412.581495,264
105655,1780495412.581501,268
105656,1780495412.581504,268
105657,1780495412.5815098,270
105658,1780495412.584834,272
105659,1780495412.5848498,276
105660,1780495412.584853,276
105661,1780495412.584857,276
105662,1780495412.584862,271
105663,1780495412.5848682,268
105664,1780495412.584872,269
105665,1780495412.584876,265
105666,1780495412.5848992,263
105667,1780495412.584905,261
105668,1780495412.5877602,259
105669,1780495412.587769,260
105670,1780495412.587774,258
105671,1780495412.587779,262
105672,1780495412.587784,258
105673,1780495412.587788,263
105674,1780495412.5877929,263
105675,1780495412.587799,255
105676,1780495412.5878038,269
105677,1780495412.587809,270
105678,1780495412.587816,272
105679,1780495412.592382,276
105680,1780495412.5924008,279
105681,1780495412.592407,275
105682,1780495412.592412,271
105683,1780495412.592417,268
105684,1780495412.5924218,265
105685,1780495412.592427,267
105686,1780495412.592432,263
105687,1780495412.592574,261
105688,1780495412.5925891,261
105689,1780495412.592597,261
105690,1780495412.594885,262
105691,1780495412.594902,258
105692,1780495412.5949068,259
105693,1780495412.594912,259
105694,1780495412.594917,262
105695,1780495412.5949209,268
105696,1780495412.594929,269
105697,1780495412.594934,271
105698,1780495412.594939,275
105699,1780495412.5949461,277
105700,1780495412.597497,275
105701,1780495412.5975199,273
105702,1780495412.597524,270
105703,1780495412.597528,271
105704,1780495412.5975318,268
105705,1780495412.597536,267
105706,1780495412.5975401,264
105707,1780495412.597544,262
105708,1780495412.597547,261
105709,1780495412.597551,258
105710,1780495412.597554,261
105711,1780495412.597559,262
105712,1780495412.5999,262
105713,1780495412.5999172,264
105714,1780495412.599921,264
105715,1780495412.599925,268
105716,1780495412.599929,267
105717,1780495412.599933,270
105718,1780495412.599937,274
105719,1780495412.599941,277
105720,1780495412.599945,273
105721,1780495412.599964,277
105722,1780495412.6028118,275
105723,1780495412.602827,267
105724,1780495412.6028318,268
105725,1780495412.602838,261
105726,1780495412.602844,267
105727,1780495412.602849,263
105728,1780495412.6028569,261
105729,1780495412.6028621,260
105730,1780495412.602867,261
105731,1780495412.602873,259
105732,1780495412.636411,261
105733,1780495412.636437,263
105734,1780495412.636441,265
105735,1780495412.6364439,267
105736,1780495412.636448,270
105737,1780495412.636451,272
105738,1780495412.6364548,275
105739,1780495412.636459,280
105740,1780495412.636462,274
105741,1780495412.6364648,279
105742,1780495412.636472,271
105743,1780495412.639819,271
105744,1780495412.639827,269
105745,1780495412.639831,269
105746,1780495412.6398342,270
105747,1780495412.639838,266
105748,1780495412.639842,261
105749,1780495412.6398458,261
105750,1780495412.639849,261
105751,1780495412.639852,260
105752,1780495412.639856,264
105753,1780495412.639861,262
105754,1780495412.642197,268
105755,1780495412.642205,267
105756,1780495412.642208,271
105757,1780495412.642211,271
105758,1780495412.642238,275
105759,1780495412.642241,278
105760,1780495412.642247,278
105761,1780495412.642252,276
105762,1780495412.642254,271
105763,1780495412.642259,272
105764,1780495412.645163,270
105765,1780495412.6451788,267
105766,1780495412.645183,265
105767,1780495412.645186,263
105768,1780495412.645189,262
105769,1780495412.645192,262
105770,1780495412.645194,263
105771,1780495412.6451972,265
105772,1780495412.6451998,264
105773,1780495412.6452029,263
105774,1780495412.645206,266
105775,1780495412.6812968,268
105776,1780495412.6813009,272
105777,1780495412.681303,274
105778,1780495412.681304,272
105779,1780495412.6813052,279
105780,1780495412.6813068,278
105781,1780495412.681309,275
105782,1780495412.68131,274
105783,1780495412.681311,269
105784,1780495412.681313,270
105785,1780495412.6813152,267
105786,1780495412.684788,265
105787,1780495412.684791,268
105788,1780495412.684793,262
105789,1780495412.6847942,259
105790,1780495412.684795,261
105791,1780495412.6847968,260
105792,1780495412.684798,266
105793,1780495412.684799,265
105794,1780495412.684801,267
105795,1780495412.684803,270
105796,1780495412.687186,269
105797,1780495412.687189,274
105798,1780495412.68719,276
105799,1780495412.687192,276
105800,1780495412.6871932,276
105801,1780495412.6871948,273
105802,1780495412.687196,273
105803,1780495412.687198,274
105804,1780495412.6872058,271
105805,1780495412.687207,266
105806,1780495412.68721,264
105807,1780495412.68976,263
105808,1780495412.689762,260
105809,1780495412.689763,261
105810,1780495412.6897652,261
105811,1780495412.689766,262
105812,1780495412.689767,263
105813,1780495412.6897678,261
105814,1780495412.689769,265
105815,1780495412.689771,269
105816,1780495412.6897721,271
105817,1780495412.689774,273
105818,1780495412.692626,274
105819,1780495412.692628,279
105820,1780495412.692629,275
105821,1780495412.69263,275
105822,1780495412.692632,269
105823,1780495412.6926332,267
105824,1780495412.692634,268
105825,1780495412.6926348,268
105826,1780495412.692637,263
105827,1780495412.692638,265
105828,1780495412.726229,259
105829,1780495412.726231,260
105830,1780495412.726232,263
105831,1780495412.726233,263
105832,1780495412.7262342,261
105833,1780495412.726235,264
105834,1780495412.726235,265
105835,1780495412.7262359,265
105836,1780495412.7262368,269
105837,1780495412.726238,273
105838,1780495412.726239,272
105839,1780495412.729805,277
105840,1780495412.7298071,274
105841,1780495412.7298079,276
105842,1780495412.7298088,273
105843,1780495412.72981,271
105844,1780495412.729811,266
105845,1780495412.729812,268
105846,1780495412.729812,265
105847,1780495412.729813,264
105848,1780495412.729814,262
105849,1780495412.729815,260
105850,1780495412.7322948,262
105851,1780495412.732297,260
105852,1780495412.732298,259
105853,1780495412.732299,265
105854,1780495412.732299,267
105855,1780495412.7323,267
105856,1780495412.732301,273
105857,1780495412.7323022,271
105858,1780495412.732307,278
105859,1780495412.732308,278
105860,1780495412.736094,276
105861,1780495412.736096,274
105862,1780495412.736096,273
105863,1780495412.736097,270
105864,1780495412.736098,267
105865,1780495412.736099,266
105866,1780495412.7361002,262
105867,1780495412.7361012,261
105868,1780495412.7361012,260
105869,1780495412.7361019,256
105870,1780495412.7361028,258
105871,1780495412.7677782,261
105872,1780495412.76778,264
105873,1780495412.767781,264
105874,1780495412.767782,262
105875,1780495412.767783,272
105876,1780495412.7677839,269
105877,1780495412.7677839,271
105878,1780495412.767785,275
105879,1780495412.767786,277
105880,1780495412.767787,275
105881,1780495412.77217,274
105882,1780495412.772172,272
105883,1780495412.772172,267
105884,1780495412.7721732,268
105885,1780495412.7721741,265
105886,1780495412.772175,264
105887,1780495412.7721758,263
105888,1780495412.7721758,259
105889,1780495412.772177,260
105890,1780495412.772178,262
105891,1780495412.772179,261
105892,1780495412.774848,263
105893,1780495412.7748501,263
105894,1780495412.774851,264
105895,1780495412.774851,269
105896,1780495412.774852,272
105897,1780495412.7748532,274
105898,1780495412.774854,274
105899,1780495412.774855,278
105900,1780495412.774855,278
105901,1780495412.774864,278
105902,1780495412.7748659,277
105903,1780495412.77857,270
105904,1780495412.778571,270
105905,1780495412.778572,268
105906,1780495412.778573,267
105907,1780495412.778574,263
105908,1780495412.778574,263
105909,1780495412.7785752,261
105910,1780495412.778576,261
105911,1780495412.7785769,264
105912,1780495412.7785778,263
105913,1780495412.781591,263
105914,1780495412.812609,269
105915,1780495412.812612,270
105916,1780495412.812613,269
105917,1780495412.812614,271
105918,1780495412.812614,276
105919,1780495412.812615,278
105920,1780495412.8126159,276
105921,1780495412.812617,277
105922,1780495412.812618,271
105923,1780495412.812619,272
105924,1780495412.817207,268
105925,1780495412.817209,265
105926,1780495412.817209,263
105927,1780495412.8172102,262
105928,1780495412.817211,260
105929,1780495412.8172119,259
105930,1780495412.8172128,261
105931,1780495412.817214,262
105932,1780495412.817214,264
105933,1780495412.817215,260
105934,1780495412.817216,266
105935,1780495412.819751,267
105936,1780495412.819753,272
105937,1780495412.819754,271
105938,1780495412.819755,275
105939,1780495412.819756,279
105940,1780495412.819756,276
105941,1780495412.819757,274
105942,1780495412.8197582,273
105943,1780495412.819762,267
105944,1780495412.819763,266
105945,1780495412.819764,263
105946,1780495412.822338,266
105947,1780495412.82234,264
105948,1780495412.8223412,260
105949,1780495412.8223412,256
105950,1780495412.822342,260
105951,1780495412.8223429,259
105952,1780495412.8223438,262
105953,1780495412.822345,262
105954,1780495412.822345,265
105955,1780495412.822347,267
105956,1780495412.886268,270
105957,1780495412.886271,270
105958,1780495412.886272,275
105959,1780495412.886274,278
105960,1780495412.886275,275
105961,1780495412.886276,273
105962,1780495412.8862772,270
105963,1780495412.886278,270
105964,1780495412.8862798,266
105965,1780495412.886281,265
105966,1780495412.886283,266
105967,1780495412.892315,262
105968,1780495412.8923168,263
105969,1780495412.892319,260
105970,1780495412.89232,261
105971,1780495412.892321,259
105972,1780495412.892323,264
105973,1780495412.8923242,263
105974,1780495412.8923252,265
105975,1780495412.8923259,266
105976,1780495412.8923268,269
105977,1780495412.892329,274
105978,1780495412.8947682,278
105979,1780495412.8947709,275
105980,1780495412.894772,275
105981,1780495412.894774,276
105982,1780495412.8947752,272
105983,1780495412.894776,269
105984,1780495412.894778,268
105985,1780495412.894779,265
105986,1780495412.8947809,265
105987,1780495412.894783,260
105988,1780495412.897303,260
105989,1780495412.8973062,258
105990,1780495412.89731,260
105991,1780495412.897312,261
105992,1780495412.897313,262
105993,1780495412.897315,262
105994,1780495412.897316,266
105995,1780495412.8973172,267
105996,1780495412.8973188,270
105997,1780495412.89732,273
105998,1780495412.897322,275
105999,1780495412.899914,276
106000,1780495412.8999171,278
106001,1780495412.899918,273
106002,1780495412.89992,275
106003,1780495412.899921,269
106004,1780495412.899922,267
106005,1780495412.899924,264
106006,1780495412.899925,264
106007,1780495412.899926,264
106008,1780495412.899928,262
106009,1780495412.899929,259
106010,1780495412.899931,264
106011,1780495412.9027998,262
106012,1780495412.902802,258
106013,1780495412.902804,267
106014,1780495412.902805,269
106015,1780495412.902807,267
106016,1780495412.902808,272
106017,1780495412.9028091,271
106018,1780495412.9028108,277
106019,1780495412.902812,276
106020,1780495412.902814,277
106021,1780495412.907234,274
106022,1780495412.907236,272
106023,1780495412.907238,269
106024,1780495412.907239,266
106025,1780495412.9072409,266
106026,1780495412.907242,264
106027,1780495412.907243,263
106028,1780495412.9072452,258
106029,1780495412.907247,261
106030,1780495412.907249,260
106031,1780495412.909695,263
106032,1780495412.909697,260
106033,1780495412.909699,264
106034,1780495412.909701,265
106035,1780495412.909703,270
106036,1780495412.909704,263
106037,1780495412.9097059,273
106038,1780495412.909707,274
106039,1780495412.909708,279
106040,1780495412.9097102,276
106041,1780495412.911517,278
106042,1780495412.92622,271
106043,1780495412.9262238,267
106044,1780495412.926225,267
106045,1780495412.9262269,269
106046,1780495412.926228,264
106047,1780495412.92623,261
106048,1780495412.926232,261
106049,1780495412.926233,262
106050,1780495412.926235,260
106051,1780495412.9262369,263
106052,1780495412.9298618,264
106053,1780495412.929865,264
106054,1780495412.929867,264
106055,1780495412.929868,266
106056,1780495412.9298701,272
106057,1780495412.929871,273
106058,1780495412.929873,276
106059,1780495412.929874,278
106060,1780495412.9298759,276
106061,1780495412.929878,274
106062,1780495412.9328299,272
106063,1780495412.9663098,272
106064,1780495412.966315,269
106065,1780495412.966317,267
106066,1780495412.96632,266
106067,1780495412.966322,262
106068,1780495412.9663239,261
106069,1780495412.966326,262
106070,1780495412.966329,260
106071,1780495412.9663308,260
106072,1780495412.966333,259
106073,1780495412.966336,264
106074,1780495412.969802,268
106075,1780495412.9698079,266
106076,1780495412.969811,272
106077,1780495412.969814,277
106078,1780495412.9698172,279
106079,1780495412.9698188,279
106080,1780495412.969823,277
106081,1780495412.969826,278
106082,1780495412.969829,273
106083,1780495412.969833,273
106084,1780495412.9723132,270
106085,1780495412.972319,267
106086,1780495412.972322,267
106087,1780495412.972325,267
106088,1780495412.972328,263
106089,1780495412.97233,261
106090,1780495412.972333,260
106091,1780495412.972336,263
106092,1780495412.972339,266
106093,1780495412.972342,265
106094,1780495412.972346,264
106095,1780495412.974834,270
106096,1780495412.9748402,269
106097,1780495412.9748428,274
106098,1780495412.974847,276
106099,1780495412.97485,279
106100,1780495412.974854,274
106101,1780495412.974856,278
106102,1780495412.974859,274
106103,1780495412.9748712,273
106104,1780495412.974874,269
106105,1780495412.974879,266
106106,1780495412.9824882,264
106107,1780495412.9825091,265
106108,1780495412.982513,260
106109,1780495412.9825191,260
106110,1780495412.982522,262
106111,1780495412.982526,261
106112,1780495412.982529,266
106113,1780495412.982535,263
106114,1780495412.982538,268
106115,1780495412.982542,269
106116,1780495413.012724,269
106117,1780495413.012755,274
106118,1780495413.012762,276
106119,1780495413.012767,281
106120,1780495413.0127769,278
106121,1780495413.012782,277
106122,1780495413.0127869,274
106123,1780495413.012792,271
106124,1780495413.0128,272
106125,1780495413.012804,267
106126,1780495413.012815,268
106127,1780495413.016137,264
106128,1780495413.0161579,265
106129,1780495413.016165,263
106130,1780495413.01617,265
106131,1780495413.016175,264
106132,1780495413.016181,266
106133,1780495413.016186,266
106134,1780495413.016191,269
106135,1780495413.016196,271
106136,1780495413.016201,271
106137,1780495413.0162072,272
106138,1780495413.0187352,279
106139,1780495413.018754,279
106140,1780495413.01876,277
106141,1780495413.0187662,275
106142,1780495413.01877,273
106143,1780495413.018775,273
106144,1780495413.018783,268
106145,1780495413.018788,267
106146,1780495413.0187929,266
106147,1780495413.0188,266
106148,1780495413.049823,265
106149,1780495413.0498502,262
106150,1780495413.049856,264
106151,1780495413.04986,260
106152,1780495413.049864,264
106153,1780495413.049872,268
106154,1780495413.049876,264
106155,1780495413.04988,268
106156,1780495413.0498838,271
106157,1780495413.049888,272
106158,1780495413.0498931,277
106159,1780495413.054074,279
106160,1780495413.05409,275
106161,1780495413.054097,274
106162,1780495413.054102,275
106163,1780495413.054108,272
106164,1780495413.054113,268
106165,1780495413.054122,268
106166,1780495413.0541282,264
106167,1780495413.054133,264
106168,1780495413.0541382,260
106169,1780495413.0541692,264
106170,1780495413.058499,263
106171,1780495413.058512,265
106172,1780495413.058516,267
106173,1780495413.0585191,265
106174,1780495413.0585222,267
106175,1780495413.0585248,269
106176,1780495413.05853,269
106177,1780495413.0585332,276
106178,1780495413.058536,279
106179,1780495413.05854,278
106180,1780495413.060699,278
106181,1780495413.060707,275
106182,1780495413.06071,275
106183,1780495413.0607119,271
106184,1780495413.060715,271
106185,1780495413.060718,268
106186,1780495413.060721,264
106187,1780495413.060724,266
106188,1780495413.0607271,261
106189,1780495413.0607302,261
106190,1780495413.060734,263
106191,1780495413.090133,263
106192,1780495413.090163,265
106193,1780495413.090168,265
106194,1780495413.0901718,266
106195,1780495413.0901911,268
106196,1780495413.0901928,268
106197,1780495413.090197,275
106198,1780495413.090199,275
106199,1780495413.090202,279
106200,1780495413.090206,278
106201,1780495413.0944169,276
106202,1780495413.094423,274
106203,1780495413.0944252,272
106204,1780495413.0944269,270
106205,1780495413.09443,265
106206,1780495413.094432,267
106207,1780495413.094434,264
106208,1780495413.0944371,263
106209,1780495413.094439,258
106210,1780495413.094441,261
106211,1780495413.094445,260
106212,1780495413.0989408,263
106213,1780495413.098946,266
106214,1780495413.098948,268
106215,1780495413.0989509,267
106216,1780495413.098953,270
106217,1780495413.098955,273
106218,1780495413.098957,275
106219,1780495413.09896,277
106220,1780495413.0989618,277
106221,1780495413.098965,276
106222,1780495413.098968,271
106223,1780495413.1034272,270
106224,1780495413.103431,269
106225,1780495413.103433,265
106226,1780495413.103435,260
106227,1780495413.103437,259
106228,1780495413.103439,262
106229,1780495413.1034398,259
106230,1780495413.103442,260
106231,1780495413.1034439,261
106232,1780495413.103446,262
106233,1780495413.1034482,263
106234,1780495413.1324759,269
106235,1780495413.132479,270
106236,1780495413.132481,267
106237,1780495413.132482,269
106238,1780495413.132483,273
106239,1780495413.1324842,278
106240,1780495413.1324859,276
106241,1780495413.132491,274
106242,1780495413.132492,272
106243,1780495413.132494,270
106244,1780495413.136907,267
106245,1780495413.136909,264
106246,1780495413.13691,263
106247,1780495413.1369119,262
106248,1780495413.1369128,262
106249,1780495413.136914,262
106250,1780495413.136915,262
106251,1780495413.136916,261
106252,1780495413.136918,261
106253,1780495413.136919,263
106254,1780495413.1369212,266
106255,1780495413.139104,268
106256,1780495413.139106,272
106257,1780495413.139107,272
106258,1780495413.1391082,275
106259,1780495413.1391091,278
106260,1780495413.1391098,276
106261,1780495413.1391108,274
106262,1780495413.139112,272
106263,1780495413.139113,270
106264,1780495413.139114,269
106265,1780495413.142664,269
106266,1780495413.142667,265
106267,1780495413.142668,265
106268,1780495413.142669,261
106269,1780495413.1426702,262
106270,1780495413.142671,262
106271,1780495413.1426718,261
106272,1780495413.1426728,261
106273,1780495413.142674,263
106274,1780495413.142675,267
106275,1780495413.1426759,268
106276,1780495413.1813152,265
106277,1780495413.18132,271
106278,1780495413.181322,274
106279,1780495413.181322,276
106280,1780495413.181323,272
106281,1780495413.181324,273
106282,1780495413.181325,272
106283,1780495413.1813262,266
106284,1780495413.1813262,267
106285,1780495413.181327,264
106286,1780495413.181329,265
106287,1780495413.184713,262
106288,1780495413.184715,262
106289,1780495413.184716,260
106290,1780495413.184717,260
106291,1780495413.1847181,263
106292,1780495413.1847181,263
106293,1780495413.184719,263
106294,1780495413.1847198,266
106295,1780495413.184721,267
106296,1780495413.184722,270
106297,1780495413.184723,269
106298,1780495413.187545,273
106299,1780495413.187547,275
106300,1780495413.187548,276
106301,1780495413.1875489,274
106302,1780495413.18755,271
106303,1780495413.187551,269
106304,1780495413.187552,266
106305,1780495413.187552,266
106306,1780495413.187553,262
106307,1780495413.1875541,263
106308,1780495413.1922739,259
106309,1780495413.192276,258
106310,1780495413.192277,257
106311,1780495413.192278,264
106312,1780495413.192279,259
106313,1780495413.19228,266
106314,1780495413.19228,263
106315,1780495413.192281,268
106316,1780495413.1922822,271
106317,1780495413.192283,271
106318,1780495413.1922839,275
106319,1780495413.1964102,274
106320,1780495413.1964118,274
106321,1780495413.196413,272
106322,1780495413.196414,272
106323,1780495413.196415,268
106324,1780495413.196416,266
106325,1780495413.196417,266
106326,1780495413.196417,261
106327,1780495413.196418,262
106328,1780495413.196419,257
106329,1780495413.1964202,258
106330,1780495413.226261,258
106331,1780495413.226263,262
106332,1780495413.226264,261
106333,1780495413.2262678,266
106334,1780495413.226269,266
106335,1780495413.22627,270
106336,1780495413.22627,274
106337,1780495413.226271,275
106338,1780495413.226272,277
106339,1780495413.226273,274
106340,1780495413.230743,271
106341,1780495413.230745,273
106342,1780495413.230746,272
106343,1780495413.230747,269
106344,1780495413.230747,267
106345,1780495413.230748,265
106346,1780495413.230749,267
106347,1780495413.2307498,265
106348,1780495413.2307498,259
106349,1780495413.230751,259
106350,1780495413.230752,262
106351,1780495413.232901,260
106352,1780495413.232903,261
106353,1780495413.232903,261
106354,1780495413.232904,265
106355,1780495413.232905,268
106356,1780495413.232906,272
106357,1780495413.232907,272
106358,1780495413.232907,277
106359,1780495413.232908,277
106360,1780495413.232909,275
106361,1780495413.2329102,273
106362,1780495413.238881,275
106363,1780495413.238883,269
106364,1780495413.2388842,268
106365,1780495413.2388842,267
106366,1780495413.2388852,261
106367,1780495413.2388859,261
106368,1780495413.2388868,260
106369,1780495413.238888,259
106370,1780495413.238889,260
106371,1780495413.23889,264
106372,1780495413.267939,263
106373,1780495413.267942,265
106374,1780495413.267943,267
106375,1780495413.2679439,265
106376,1780495413.267945,269
106377,1780495413.267945,271
106378,1780495413.267946,276
106379,1780495413.267951,276
106380,1780495413.2679522,278
106381,1780495413.267953,275
106382,1780495413.2679539,272
106383,1780495413.272203,269
106384,1780495413.272205,268
106385,1780495413.272206,267
106386,1780495413.27221,264
106387,1780495413.2722108,264
106388,1780495413.272212,260
106389,1780495413.272213,260
106390,1780495413.272213,259
106391,1780495413.272214,257
106392,1780495413.2722151,259
106393,1780495413.272216,264
106394,1780495413.2737799,273
106395,1780495413.273781,269
106396,1780495413.273782,268
106397,1780495413.273783,269
106398,1780495413.2737842,276
106399,1780495413.273785,279
106400,1780495413.273786,277
106401,1780495413.273786,275
106402,1780495413.2737868,271
106403,1780495413.273789,269
106404,1780495413.2824268,266
106405,1780495413.282429,267
106406,1780495413.28243,266
106407,1780495413.282431,264
106408,1780495413.282432,257
106409,1780495413.282433,259
106410,1780495413.282434,260
106411,1780495413.2824352,260
106412,1780495413.2824352,261
106413,1780495413.2824361,263
106414,1780495413.2824378,267
106415,1780495413.313514,265
106416,1780495413.313517,272
106417,1780495413.313518,272
106418,1780495413.313519,275
106419,1780495413.3135202,279
106420,1780495413.313521,277
106421,1780495413.3135219,275
106422,1780495413.313523,270
106423,1780495413.313525,265
106424,1780495413.313526,267
106425,1780495413.313527,265
106426,1780495413.313528,263
106427,1780495413.315256,265
106428,1780495413.315258,262
106429,1780495413.315259,260
106430,1780495413.31526,264
106431,1780495413.315264,261
106432,1780495413.315265,260
106433,1780495413.3152661,264
106434,1780495413.315268,267
106435,1780495413.3152692,268
106436,1780495413.319586,274
106437,1780495413.3195891,272
106438,1780495413.3195899,278
106439,1780495413.3195908,276
106440,1780495413.319592,276
106441,1780495413.319594,277
106442,1780495413.319595,272
106443,1780495413.319596,269
106444,1780495413.319597,269
106445,1780495413.3195982,258
106446,1780495413.3196,263
106447,1780495413.3239539,268
106448,1780495413.323956,261
106449,1780495413.323958,259
106450,1780495413.323959,261
106451,1780495413.32396,264
106452,1780495413.323961,263
106453,1780495413.323963,268
106454,1780495413.3239639,269
106455,1780495413.3239648,270
106456,1780495413.323967,272
106457,1780495413.328655,274
106458,1780495413.358731,278
106459,1780495413.3587341,278
106460,1780495413.3587358,274
106461,1780495413.358738,276
106462,1780495413.358739,274
106463,1780495413.358741,274
106464,1780495413.358742,269
106465,1780495413.3587441,266
106466,1780495413.358745,267
106467,1780495413.358748,267
106468,1780495413.3606882,262
106469,1780495413.3606908,260
106470,1780495413.360693,264
106471,1780495413.3606951,263
106472,1780495413.360696,268
106473,1780495413.3606982,267
106474,1780495413.360699,270
106475,1780495413.3607008,270
106476,1780495413.360702,274
106477,1780495413.360704,277
106478,1780495413.360707,279
106479,1780495413.365259,280
106480,1780495413.365263,276
106481,1780495413.365264,276
106482,1780495413.3652658,273
106483,1780495413.365267,273
106484,1780495413.365269,269
106485,1780495413.36527,267
106486,1780495413.365272,266
106487,1780495413.365273,265
106488,1780495413.365275,265
106489,1780495413.365282,262
106490,1780495413.3677142,262
106491,1780495413.367717,264
106492,1780495413.367719,264
106493,1780495413.3677208,264
106494,1780495413.367723,267
106495,1780495413.3677251,272
106496,1780495413.367726,272
106497,1780495413.3677282,275
106498,1780495413.367729,282
106499,1780495413.367732,282
106500,1780495413.41344,276
106501,1780495413.413447,276
106502,1780495413.41345,277
106503,1780495413.413453,273
106504,1780495413.413456,266
106505,1780495413.4134579,266
106506,1780495413.413461,268
106507,1780495413.413464,268
106508,1780495413.413467,265
106509,1780495413.41347,265
106510,1780495413.413474,262
106511,1780495413.418299,266
106512,1780495413.418318,264
106513,1780495413.4183218,269
106514,1780495413.418325,270
106515,1780495413.418331,270
106516,1780495413.4183328,273
106517,1780495413.418336,279
106518,1780495413.418339,276
106519,1780495413.4183412,283
106520,1780495413.418348,279
106521,1780495413.4183521,279
106522,1780495413.42045,275
106523,1780495413.420465,272
106524,1780495413.4204679,271
106525,1780495413.42047,270
106526,1780495413.420473,266
106527,1780495413.4204748,264
106528,1780495413.4204779,267
106529,1780495413.42048,265
106530,1780495413.4204822,264
106531,1780495413.420501,264
106532,1780495413.4239948,265
106533,1780495413.424002,266
106534,1780495413.424005,270
106535,1780495413.424008,269
106536,1780495413.42401,272
106537,1780495413.4240131,275
106538,1780495413.424015,279
106539,1780495413.424017,280
106540,1780495413.42402,282
106541,1780495413.424022,276
106542,1780495413.424025,272
106543,1780495413.426191,270
106544,1780495413.426195,272
106545,1780495413.426198,270
106546,1780495413.4262002,269
106547,1780495413.426202,267
106548,1780495413.426205,260
106549,1780495413.426208,261
106550,1780495413.4262102,262
106551,1780495413.426212,262
106552,1780495413.426214,267
106553,1780495413.426217,264
106554,1780495413.429924,270
106555,1780495413.429933,271
106556,1780495413.4299362,274
106557,1780495413.429939,278
106558,1780495413.4299421,277
106559,1780495413.429944,278
106560,1780495413.42995,278
106561,1780495413.429952,276
106562,1780495413.429955,276
106563,1780495413.4299588,273
106564,1780495413.482775,271
106565,1780495413.48281,269
106566,1780495413.482816,266
106567,1780495413.48282,268
106568,1780495413.4828238,263
106569,1780495413.482829,266
106570,1780495413.482833,264
106571,1780495413.482846,264
106572,1780495413.48285,268
106573,1780495413.4828758,268
106574,1780495413.482882,268
106575,1780495413.48619,270
106576,1780495413.486209,275
106577,1780495413.4862149,278
106578,1780495413.4862201,281
106579,1780495413.486225,283
106580,1780495413.4862301,280
106581,1780495413.486235,276
106582,1780495413.48624,279
106583,1780495413.4862442,275
106584,1780495413.486249,270
106585,1780495413.489005,270
106586,1780495413.4890182,269
106587,1780495413.489023,267
106588,1780495413.4890292,266
106589,1780495413.489034,266
106590,1780495413.489038,267
106591,1780495413.4890418,265
106592,1780495413.4890501,268
106593,1780495413.489056,268
106594,1780495413.4890602,271
106595,1780495413.489066,270
106596,1780495413.4922931,278
106597,1780495413.4923048,276
106598,1780495413.492309,280
106599,1780495413.4923131,278
106600,1780495413.492317,281
106601,1780495413.492321,278
106602,1780495413.492324,275
106603,1780495413.492328,275
106604,1780495413.492331,270
106605,1780495413.492335,271
106606,1780495413.492339,268
106607,1780495413.4947221,267
106608,1780495413.494733,267
106609,1780495413.4947379,264
106610,1780495413.494743,263
106611,1780495413.4947462,265
106612,1780495413.49475,269
106613,1780495413.4947531,269
106614,1780495413.4947572,273
106615,1780495413.49476,272
106616,1780495413.494764,274
106617,1780495413.4947681,280
106618,1780495413.49751,280
106619,1780495413.4975302,284
106620,1780495413.497563,277
106621,1780495413.49757,277
106622,1780495413.497576,278
106623,1780495413.497581,274
106624,1780495413.4975889,272
106625,1780495413.4975948,268
106626,1780495413.4976,270
106627,1780495413.497608,266
106628,1780495413.509165,264
106629,1780495413.509192,263
106630,1780495413.509197,267
106631,1780495413.5092008,266
106632,1780495413.509205,267
106633,1780495413.50921,268
106634,1780495413.5092149,271
106635,1780495413.5092192,273
106636,1780495413.509223,276
106637,1780495413.509227,276
106638,1780495413.509232,282
106639,1780495413.537884,283
106640,1780495413.5378911,281
106641,1780495413.5378938,280
106642,1780495413.537896,276
106643,1780495413.537899,274
106644,1780495413.5379012,273
106645,1780495413.537903,272
106646,1780495413.537905,269
106647,1780495413.537908,269
106648,1780495413.537911,263
106649,1780495413.539541,263
106650,1780495413.5437849,267
106651,1780495413.543788,267
106652,1780495413.54379,269
106653,1780495413.543792,270
106654,1780495413.543794,276
106655,1780495413.543796,268
106656,1780495413.543798,273
106657,1780495413.5438,278
106658,1780495413.543802,281
106659,1780495413.543804,282
106660,1780495413.546015,284
106661,1780495413.546019,279
106662,1780495413.5460212,279
106663,1780495413.546023,275
106664,1780495413.546025,273
106665,1780495413.546026,269
106666,1780495413.5460281,270
106667,1780495413.54603,268
106668,1780495413.5460322,270
106669,1780495413.5460339,267
106670,1780495413.546037,267
106671,1780495413.548182,267
106672,1780495413.5481868,269
106673,1780495413.548189,271
106674,1780495413.548191,275
106675,1780495413.548193,274
106676,1780495413.5481951,276
106677,1780495413.548197,277
106678,1780495413.54822,279
106679,1780495413.548222,283
106680,1780495413.548224,283
106681,1780495413.548227,280
106682,1780495413.5820239,280
106683,1780495413.582027,276
106684,1780495413.5820282,274
106685,1780495413.58203,273
106686,1780495413.58203,269
106687,1780495413.582031,268
106688,1780495413.582033,268
106689,1780495413.5820339,266
106690,1780495413.5820339,266
106691,1780495413.582036,265
106692,1780495413.584793,271
106693,1780495413.584795,273
106694,1780495413.584796,272
106695,1780495413.584797,273
106696,1780495413.5847979,279
106697,1780495413.584799,281
106698,1780495413.5848,283
106699,1780495413.584801,285
106700,1780495413.5848022,283
106701,1780495413.584803,282
106702,1780495413.584805,280
106703,1780495413.5872781,276
106704,1780495413.5872798,271
106705,1780495413.587281,274
106706,1780495413.587282,274
106707,1780495413.587283,269
106708,1780495413.5872838,268
106709,1780495413.587285,267
106710,1780495413.587286,266
106711,1780495413.587287,269
106712,1780495413.5872881,273
106713,1780495413.58729,268
106714,1780495413.589792,273
106715,1780495413.589795,275
106716,1780495413.589796,278
106717,1780495413.589797,280
106718,1780495413.589798,285
106719,1780495413.589798,286
106720,1780495413.589799,283
106721,1780495413.5898,281
106722,1780495413.589801,280
106723,1780495413.589803,276
106724,1780495413.622067,276
106725,1780495413.62207,274
106726,1780495413.622071,273
106727,1780495413.622072,270
106728,1780495413.6220732,269
106729,1780495413.6220732,270
106730,1780495413.6220741,268
106731,1780495413.6220748,270
106732,1780495413.6220758,271
106733,1780495413.622077,275
106734,1780495413.622078,276
106735,1780495413.628972,277
106736,1780495413.628974,278
106737,1780495413.628976,283
106738,1780495413.628976,285
106739,1780495413.6289768,287
106740,1780495413.628978,285
106741,1780495413.628979,280
106742,1780495413.628979,281
106743,1780495413.62898,281
106744,1780495413.6289809,278
106745,1780495413.628982,273
106746,1780495413.631138,271
106747,1780495413.63114,270
106748,1780495413.6311412,271
106749,1780495413.631142,268
106750,1780495413.6311429,269
106751,1780495413.6311429,273
106752,1780495413.631144,270
106753,1780495413.631145,272
106754,1780495413.631146,273
106755,1780495413.631147,276
106756,1780495413.633118,280
106757,1780495413.63312,284
106758,1780495413.633121,282
106759,1780495413.633122,288
106760,1780495413.633122,282
106761,1780495413.6331232,284
106762,1780495413.633124,281
106763,1780495413.633125,277
106764,1780495413.633125,276
106765,1780495413.6331258,273
106766,1780495413.633127,272
106767,1780495413.6682959,271
106768,1780495413.668299,267
106769,1780495413.6683,267
106770,1780495413.6683059,268
106771,1780495413.6683068,274
106772,1780495413.668308,271
106773,1780495413.668308,275
106774,1780495413.668309,275
106775,1780495413.66831,277
106776,1780495413.668311,284
106777,1780495413.668312,283
106778,1780495413.673032,288
106779,1780495413.673034,285
106780,1780495413.673035,283
106781,1780495413.673035,282
106782,1780495413.673036,279
106783,1780495413.673037,278
106784,1780495413.673038,278
106785,1780495413.673038,274
106786,1780495413.6730392,272
106787,1780495413.67304,272
106788,1780495413.6752698,271
106789,1780495413.675272,269
106790,1780495413.675273,270
106791,1780495413.675274,270
106792,1780495413.675275,271
106793,1780495413.675276,272
106794,1780495413.675276,273
106795,1780495413.675277,276
106796,1780495413.6752782,280
106797,1780495413.6752791,280
106798,1780495413.6752799,283
106799,1780495413.6789079,286
106800,1780495413.67891,281
106801,1780495413.678911,285
106802,1780495413.678911,280
106803,1780495413.678912,280
106804,1780495413.678913,272
106805,1780495413.678914,272
106806,1780495413.678914,272
106807,1780495413.678915,272
106808,1780495413.678916,270
106809,1780495413.6789172,267
106810,1780495413.7102022,273
106811,1780495413.7102048,270
106812,1780495413.710206,271
106813,1780495413.710207,272
106814,1780495413.710207,273
106815,1780495413.710208,280
106816,1780495413.710212,277
106817,1780495413.7102132,282
106818,1780495413.710214,282
106819,1780495413.7102149,288
106820,1780495413.7126982,285
106821,1780495413.712707,284
106822,1780495413.712712,280
106823,1780495413.712713,279
106824,1780495413.712714,271
106825,1780495413.712714,277
106826,1780495413.712715,273
106827,1780495413.712716,271
106828,1780495413.712717,267
106829,1780495413.712718,272
106830,1780495413.7127192,267
106831,1780495413.714853,271
106832,1780495413.714854,270
106833,1780495413.714855,271
106834,1780495413.714856,275
106835,1780495413.7148569,278
106836,1780495413.714858,279
106837,1780495413.714859,283
106838,1780495413.71486,282
106839,1780495413.7148612,288
106840,1780495413.7148612,287
106841,1780495413.714863,283
106842,1780495413.718561,280
106843,1780495413.718563,277
106844,1780495413.718564,276
106845,1780495413.718564,277
106846,1780495413.7185652,272
106847,1780495413.718566,272
106848,1780495413.718567,269
106849,1780495413.7185678,269
106850,1780495413.718569,269
106851,1780495413.71857,270
106852,1780495413.784689,269
106853,1780495413.784692,273
106854,1780495413.784694,273
106855,1780495413.7846951,274
106856,1780495413.784697,282
106857,1780495413.784698,281
106858,1780495413.784699,284
106859,1780495413.7847009,286
106860,1780495413.784702,285
106861,1780495413.784703,284
106862,1780495413.784706,276
106863,1780495413.788074,274
106864,1780495413.788077,277
106865,1780495413.788078,272
106866,1780495413.7880802,273
106867,1780495413.788092,271
106868,1780495413.788094,271
106869,1780495413.788096,269
106870,1780495413.788098,272
106871,1780495413.788099,272
106872,1780495413.7881012,272
106873,1780495413.7881029,274
106874,1780495413.792279,280
106875,1780495413.792282,279
106876,1780495413.792284,278
106877,1780495413.792285,283
106878,1780495413.7922869,285
106879,1780495413.792288,287
106880,1780495413.79229,284
106881,1780495413.792292,284
106882,1780495413.792293,280
106883,1780495413.792296,282
106884,1780495413.794755,277
106885,1780495413.7947588,275
106886,1780495413.79476,277
106887,1780495413.794762,270
106888,1780495413.794763,271
106889,1780495413.794765,272
106890,1780495413.7947662,272
106891,1780495413.7947679,273
106892,1780495413.79477,273
106893,1780495413.794771,276
106894,1780495413.794774,277
106895,1780495413.797289,280
106896,1780495413.797292,280
106897,1780495413.797293,284
106898,1780495413.797295,286
106899,1780495413.797297,286
106900,1780495413.797298,283
106901,1780495413.7972999,285
106902,1780495413.797301,284
106903,1780495413.797303,283
106904,1780495413.7973042,277
106905,1780495413.7973068,271
106906,1780495413.799613,275
106907,1780495413.799616,274
106908,1780495413.799618,272
106909,1780495413.799623,270
106910,1780495413.799624,272
106911,1780495413.7996259,271
106912,1780495413.799627,272
106913,1780495413.799629,272
106914,1780495413.799631,275
106915,1780495413.7996328,277
106916,1780495413.802759,278
106917,1780495413.802762,283
106918,1780495413.802764,287
106919,1780495413.8027651,288
106920,1780495413.802767,283
106921,1780495413.802769,283
106922,1780495413.80277,281
106923,1780495413.802772,279
106924,1780495413.802773,275
106925,1780495413.8027751,276
106926,1780495413.8041952,274
106927,1780495413.80728,271
106928,1780495413.8072839,269
106929,1780495413.807286,268
106930,1780495413.8072882,270
106931,1780495413.80729,268
106932,1780495413.807292,274
106933,1780495413.807294,274
106934,1780495413.807295,276
106935,1780495413.807297,281
106936,1780495413.8073,281
106937,1780495413.809042,283
106938,1780495413.8148649,286
106939,1780495413.814868,289
106940,1780495413.81487,285
106941,1780495413.814872,281
106942,1780495413.8148742,282
106943,1780495413.8148758,279
106944,1780495413.814878,278
106945,1780495413.814879,277
106946,1780495413.814881,275
106947,1780495413.8148842,271
106948,1780495413.847819,267
106949,1780495413.8478239,270
106950,1780495413.847827,271
106951,1780495413.847831,271
106952,1780495413.847834,272
106953,1780495413.847836,274
106954,1780495413.847845,278
106955,1780495413.847848,281
106956,1780495413.847851,282
106957,1780495413.847853,284
106958,1780495413.847856,285
106959,1780495413.847861,290
106960,1780495413.8539531,286
106961,1780495413.853971,281
106962,1780495413.853973,282
106963,1780495413.853976,276
106964,1780495413.853981,270
106965,1780495413.853984,276
106966,1780495413.853986,273
106967,1780495413.8539891,271
106968,1780495413.853995,270
106969,1780495413.856016,268
106970,1780495413.856023,269
106971,1780495413.8560278,273
106972,1780495413.856031,273
106973,1780495413.856033,271
106974,1780495413.8560362,279
106975,1780495413.8560379,279
106976,1780495413.856041,282
106977,1780495413.856044,284
106978,1780495413.8560472,286
106979,1780495413.856051,287
106980,1780495413.8576279,285
106981,1780495413.857635,281
106982,1780495413.857638,281
106983,1780495413.857641,279
106984,1780495413.857643,279
106985,1780495413.857646,275
106986,1780495413.8576481,273
106987,1780495413.857651,273
106988,1780495413.857653,270
106989,1780495413.857655,270
106990,1780495413.8576581,269
106991,1780495413.8878322,272
106992,1780495413.887865,273
106993,1780495413.887876,275
106994,1780495413.887882,278
106995,1780495413.887887,281
106996,1780495413.887892,279
106997,1780495413.887899,284
106998,1780495413.887904,288
106999,1780495413.887912,288
107000,1780495413.8879411,285
107001,1780495413.8879519,286
107002,1780495413.8909981,283
107003,1780495413.89101,283
107004,1780495413.891016,279
107005,1780495413.891021,274
107006,1780495413.891026,271
107007,1780495413.89103,275
107008,1780495413.891039,270
107009,1780495413.8910441,269
107010,1780495413.891048,271
107011,1780495413.891055,273
107012,1780495413.894022,272
107013,1780495413.894036,277
107014,1780495413.894042,276
107015,1780495413.894048,280
107016,1780495413.8940532,283
107017,1780495413.894058,285
107018,1780495413.894063,287
107019,1780495413.894068,285
107020,1780495413.894072,285
107021,1780495413.8940768,284
107022,1780495413.8940842,281
107023,1780495413.900522,277
107024,1780495413.900548,277
107025,1780495413.900552,273
107026,1780495413.900556,274
107027,1780495413.90056,271
107028,1780495413.900564,273
107029,1780495413.900568,273
107030,1780495413.9005709,273
107031,1780495413.900575,272
107032,1780495413.900579,271
107033,1780495413.900584,275
107034,1780495413.929398,280
107035,1780495413.92943,281
107036,1780495413.9294379,283
107037,1780495413.9294431,284
107038,1780495413.9294488,289
107039,1780495413.929455,288
107040,1780495413.929462,287
107041,1780495413.929468,283
107042,1780495413.929474,281
107043,1780495413.929483,276
107044,1780495413.932957,278
107045,1780495413.932972,277
107046,1780495413.932978,276
107047,1780495413.932983,275
107048,1780495413.932988,269
107049,1780495413.932993,274
107050,1780495413.932998,272
107051,1780495413.933003,272
107052,1780495413.933008,274
107053,1780495413.933013,278
107054,1780495413.9330199,281
107055,1780495413.936665,280
107056,1780495413.9366798,282
107057,1780495413.9366841,284
107058,1780495413.9366882,283
107059,1780495413.936691,287
107060,1780495413.936694,287
107061,1780495413.936712,287
107062,1780495413.9367151,287
107063,1780495413.936718,279
107064,1780495413.9367208,281
107065,1780495413.936725,275
107066,1780495413.943933,275
107067,1780495413.943947,273
107068,1780495413.9439511,270
107069,1780495413.943955,272
107070,1780495413.943959,273
107071,1780495413.9439628,274
107072,1780495413.9439669,274
107073,1780495413.9439712,275
107074,1780495413.9439738,277
107075,1780495413.943979,280
107076,1780495413.972867,279
107077,1780495413.972882,285
107078,1780495413.972885,287
107079,1780495413.972887,286
107080,1780495413.9728892,286
107081,1780495413.9728918,284
107082,1780495413.972894,285
107083,1780495413.972896,280
107084,1780495413.972898,280
107085,1780495413.9729002,276
107086,1780495413.972904,276
107087,1780495413.977043,276
107088,1780495413.9770482,275
107089,1780495413.97705,275
107090,1780495413.977052,274
107091,1780495413.9770539,273
107092,1780495413.977056,273
107093,1780495413.9770591,275
107094,1780495413.977061,283
107095,1780495413.977064,281
107096,1780495413.977066,285
107097,1780495413.97707,285
107098,1780495413.9792771,287
107099,1780495413.9792798,290
107100,1780495413.979282,289
107101,1780495413.979284,287
107102,1780495413.979286,282
107103,1780495413.9792871,280
107104,1780495413.979289,281
107105,1780495413.979292,278
107106,1780495413.9792929,276
107107,1780495413.979296,277
107108,1780495413.988993,273
107109,1780495413.988996,273
107110,1780495413.988998,275
107111,1780495413.988999,273
107112,1780495413.989001,277
107113,1780495413.989003,275
107114,1780495413.9890041,279
107115,1780495413.989012,280
107116,1780495413.989013,285
107117,1780495413.989015,287
107118,1780495413.989017,288
107119,1780495414.0186229,289
107120,1780495414.018626,288
107121,1780495414.0186272,287
107122,1780495414.0186281,284
107123,1780495414.018629,274
107124,1780495414.0186298,279
107125,1780495414.018631,280
107126,1780495414.018632,277
107127,1780495414.018633,275
107128,1780495414.018635,274
107129,1780495414.021408,273
107130,1780495414.023387,276
107131,1780495414.0233889,278
107132,1780495414.02339,277
107133,1780495414.023391,278
107134,1780495414.023392,281
107135,1780495414.023393,282
107136,1780495414.023394,286
107137,1780495414.023395,287
107138,1780495414.023396,287
107139,1780495414.0233972,288
107140,1780495414.0259311,288
107141,1780495414.025933,285
107142,1780495414.025934,287
107143,1780495414.0259352,284
107144,1780495414.025936,282
107145,1780495414.0259368,279
107146,1780495414.025938,274
107147,1780495414.025939,274
107148,1780495414.02594,273
107149,1780495414.025941,272
107150,1780495414.025943,277
107151,1780495414.028893,273
107152,1780495414.028895,279
107153,1780495414.028896,277
107154,1780495414.028897,280
107155,1780495414.028898,282
107156,1780495414.028899,284
107157,1780495414.0289001,283
107158,1780495414.0289001,290
107159,1780495414.028901,288
107160,1780495414.028903,286
107161,1780495414.031435,287
107162,1780495414.084903,286
107163,1780495414.084905,281
107164,1780495414.084906,279
107165,1780495414.084907,278
107166,1780495414.084908,276
107167,1780495414.084909,274
107168,1780495414.0849102,273
107169,1780495414.084911,272
107170,1780495414.084911,272
107171,1780495414.0849128,278
107172,1780495414.088983,275
107173,1780495414.0889862,276
107174,1780495414.0889869,279
107175,1780495414.0889878,281
107176,1780495414.088989,283
107177,1780495414.088989,286
107178,1780495414.08899,291
107179,1780495414.088991,287
107180,1780495414.088992,289
107181,1780495414.088992,285
107182,1780495414.088993,286
107183,1780495414.088994,280
107184,1780495414.092214,281
107185,1780495414.092216,279
107186,1780495414.0922172,277
107187,1780495414.0922182,275
107188,1780495414.0922189,272
107189,1780495414.0922189,274
107190,1780495414.0922198,273
107191,1780495414.092221,276
107192,1780495414.092222,275
107193,1780495414.092223,277
107194,1780495414.094763,279
107195,1780495414.094765,282
107196,1780495414.0947661,284
107197,1780495414.094767,286
107198,1780495414.094767,288
107199,1780495414.094768,288
107200,1780495414.094769,286
107201,1780495414.09477,286
107202,1780495414.09477,283
107203,1780495414.0947762,282
107204,1780495414.097166,279
107205,1780495414.097168,278
107206,1780495414.097169,274
107207,1780495414.097169,274
107208,1780495414.0971699,271
107209,1780495414.0971708,271
107210,1780495414.097172,273
107211,1780495414.097173,276
107212,1780495414.097173,276
107213,1780495414.097174,277
107214,1780495414.0971751,279
107215,1780495414.0997381,281
107216,1780495414.0997398,285
107217,1780495414.099741,283
107218,1780495414.099742,288
107219,1780495414.099742,289
107220,1780495414.099743,285
107221,1780495414.099744,286
107222,1780495414.099745,282
107223,1780495414.099746,282
107224,1780495414.099746,279
107225,1780495414.0997481,278
107226,1780495414.102695,272
107227,1780495414.102696,272
107228,1780495414.102697,273
107229,1780495414.102698,271
107230,1780495414.102699,270
107231,1780495414.102699,272
107232,1780495414.1027,272
107233,1780495414.102701,277
107234,1780495414.1027021,279
107235,1780495414.102703,282
107236,1780495414.136364,282
107237,1780495414.136373,286
107238,1780495414.136374,285
107239,1780495414.136412,287
107240,1780495414.136414,285
107241,1780495414.136415,286
107242,1780495414.136416,282
107243,1780495414.136416,278
107244,1780495414.136417,277
107245,1780495414.136418,276
107246,1780495414.136419,275
107247,1780495414.139714,276
107248,1780495414.1397161,271
107249,1780495414.139717,272
107250,1780495414.139717,269
107251,1780495414.1397178,274
107252,1780495414.139719,276
107253,1780495414.13972,274
107254,1780495414.139721,280
107255,1780495414.1397219,279
107256,1780495414.1397219,281
107257,1780495414.139724,286
107258,1780495414.142154,292
107259,1780495414.1421561,290
107260,1780495414.142157,287
107261,1780495414.142158,286
107262,1780495414.142158,281
107263,1780495414.142159,276
107264,1780495414.14216,276
107265,1780495414.142161,276
107266,1780495414.1421618,273
107267,1780495414.142163,273
107268,1780495414.144774,273
107269,1780495414.1447759,273
107270,1780495414.144777,272
107271,1780495414.144778,274
107272,1780495414.144778,276
107273,1780495414.144779,276
107274,1780495414.14478,279
107275,1780495414.144781,283
107276,1780495414.144781,285
107277,1780495414.144782,286
107278,1780495414.144784,285
107279,1780495414.176281,287
107280,1780495414.176283,288
107281,1780495414.176285,284
107282,1780495414.176286,286
107283,1780495414.176287,280
107284,1780495414.176287,275
107285,1780495414.176289,274
107286,1780495414.17629,274
107287,1780495414.176291,274
107288,1780495414.1762922,270
107289,1780495414.1762931,271
107290,1780495414.182272,274
107291,1780495414.182274,273
107292,1780495414.182275,276
107293,1780495414.182276,277
107294,1780495414.1822772,278
107295,1780495414.182278,282
107296,1780495414.182278,284
107297,1780495414.1822789,287
107298,1780495414.1822798,288
107299,1780495414.1823082,288
107300,1780495414.1848068,287
107301,1780495414.184809,284
107302,1780495414.18481,281
107303,1780495414.184811,281
107304,1780495414.184812,279
107305,1780495414.184813,276
107306,1780495414.184814,273
107307,1780495414.1848152,274
107308,1780495414.1848161,272
107309,1780495414.1848168,274
107310,1780495414.184818,271
107311,1780495414.187339,274
107312,1780495414.187341,272
107313,1780495414.1873422,280
107314,1780495414.1873438,278
107315,1780495414.1873448,282
107316,1780495414.187346,286
107317,1780495414.187347,285
107318,1780495414.187348,288
107319,1780495414.187349,285
107320,1780495414.18735,289
107321,1780495414.190251,288
107322,1780495414.221259,281
107323,1780495414.221262,281
107324,1780495414.221264,279
107325,1780495414.2212648,277
107326,1780495414.221266,274
107327,1780495414.221268,275
107328,1780495414.221269,272
107329,1780495414.22127,272
107330,1780495414.221272,272
107331,1780495414.2212741,273
107332,1780495414.2273438,273
107333,1780495414.227347,276
107334,1780495414.2273479,281
107335,1780495414.22735,282
107336,1780495414.227351,285
107337,1780495414.227353,290
107338,1780495414.227354,292
107339,1780495414.2273548,287
107340,1780495414.227357,287
107341,1780495414.2273579,283
107342,1780495414.22736,283
107343,1780495414.2297359,281
107344,1780495414.229738,281
107345,1780495414.229743,280
107346,1780495414.229745,275
107347,1780495414.2297459,272
107348,1780495414.229747,274
107349,1780495414.229749,273
107350,1780495414.22975,272
107351,1780495414.229751,276
107352,1780495414.229753,277
107353,1780495414.229755,275
107354,1780495414.23231,279
107355,1780495414.232314,283
107356,1780495414.2323148,286
107357,1780495414.232317,288
107358,1780495414.232318,286
107359,1780495414.23232,289
107360,1780495414.232321,290
107361,1780495414.2323232,285
107362,1780495414.2323241,280
107363,1780495414.232327,281
107364,1780495414.262471,280
107365,1780495414.262476,277
107366,1780495414.262478,278
107367,1780495414.2624798,275
107368,1780495414.262482,274
107369,1780495414.262484,275
107370,1780495414.262486,275
107371,1780495414.262487,274
107372,1780495414.262489,277
107373,1780495414.262492,277
107374,1780495414.2652102,280
107375,1780495414.2677991,283
107376,1780495414.267804,281
107377,1780495414.267806,290
107378,1780495414.267808,291
107379,1780495414.267811,289
107380,1780495414.2678132,287
107381,1780495414.2678149,284
107382,1780495414.267817,281
107383,1780495414.267819,280
107384,1780495414.2678232,279
107385,1780495414.2691698,281
107386,1780495414.2721999,277
107387,1780495414.272204,274
107388,1780495414.272206,272
107389,1780495414.272208,274
107390,1780495414.2722108,277
107391,1780495414.2722208,272
107392,1780495414.272223,277
107393,1780495414.2722251,279
107394,1780495414.272227,281
107395,1780495414.2722309,283
107396,1780495414.27477,286
107397,1780495414.274775,288
107398,1780495414.2747772,292
107399,1780495414.2747788,293
107400,1780495414.274781,287
107401,1780495414.274784,290
107402,1780495414.274786,283
107403,1780495414.2747881,282
107404,1780495414.2747898,277
107405,1780495414.274792,280
107406,1780495414.274796,280
107407,1780495414.305168,271
107408,1780495414.3051898,273
107409,1780495414.305196,279
107410,1780495414.3051991,275
107411,1780495414.305203,278
107412,1780495414.305205,276
107413,1780495414.305212,279
107414,1780495414.305215,282
107415,1780495414.3052192,284
107416,1780495414.305223,287
107417,1780495414.305231,290
107418,1780495414.308438,291
107419,1780495414.308447,291
107420,1780495414.30845,288
107421,1780495414.308453,289
107422,1780495414.308456,283
107423,1780495414.308459,280
107424,1780495414.3084621,280
107425,1780495414.308467,278
107426,1780495414.308469,276
107427,1780495414.308473,273
107428,1780495414.311168,274
107429,1780495414.311184,276
107430,1780495414.311188,275
107431,1780495414.311191,277
107432,1780495414.3111942,277
107433,1780495414.311197,280
107434,1780495414.3112,278
107435,1780495414.311203,280
107436,1780495414.3112059,285
107437,1780495414.311212,289
107438,1780495414.3112152,294
107439,1780495414.314084,292
107440,1780495414.314097,290
107441,1780495414.314101,288
107442,1780495414.314104,286
107443,1780495414.314108,282
107444,1780495414.314111,281
107445,1780495414.314116,278
107446,1780495414.314122,278
107447,1780495414.314125,274
107448,1780495414.3141289,273
107449,1780495414.3141341,274
107450,1780495414.384214,275
107451,1780495414.384238,277
107452,1780495414.384244,281
107453,1780495414.384247,280
107454,1780495414.3842509,285
107455,1780495414.384254,284
107456,1780495414.384259,287
107457,1780495414.3842618,289
107458,1780495414.384267,291
107459,1780495414.3842711,290
107460,1780495414.386313,289
107461,1780495414.3863199,288
107462,1780495414.386324,288
107463,1780495414.386328,288
107464,1780495414.3863308,284
107465,1780495414.386335,282
107466,1780495414.386338,279
107467,1780495414.3863418,278
107468,1780495414.386345,273
107469,1780495414.386348,275
107470,1780495414.3863528,276
107471,1780495414.388848,280
107472,1780495414.388864,282
107473,1780495414.388869,278
107474,1780495414.388874,282
107475,1780495414.388879,284
107476,1780495414.388884,289
107477,1780495414.388889,289
107478,1780495414.3888938,293
107479,1780495414.3888981,291
107480,1780495414.3889081,292
107481,1780495414.388915,288
107482,1780495414.399084,286
107483,1780495414.399107,283
107484,1780495414.399112,282
107485,1780495414.399116,279
107486,1780495414.3991199,277
107487,1780495414.399123,275
107488,1780495414.399127,276
107489,1780495414.399132,277
107490,1780495414.399136,278
107491,1780495414.399141,279
107492,1780495414.401176,281
107493,1780495414.4011872,283
107494,1780495414.4011898,283
107495,1780495414.401193,283
107496,1780495414.401196,287
107497,1780495414.401221,292
107498,1780495414.4012249,292
107499,1780495414.401228,291
107500,1780495414.4012318,290
107501,1780495414.401234,290
107502,1780495414.4012392,284
107503,1780495414.402739,286
107504,1780495414.402745,280
107505,1780495414.40275,279
107506,1780495414.402753,278
107507,1780495414.4027562,279
107508,1780495414.4027588,276
107509,1780495414.402762,276
107510,1780495414.402765,277
107511,1780495414.4027672,278
107512,1780495414.4027698,283
107513,1780495414.407213,281
107514,1780495414.407221,282
107515,1780495414.4072242,285
107516,1780495414.407226,285
107517,1780495414.407228,291
107518,1780495414.407231,292
107519,1780495414.407233,292
107520,1780495414.407239,290
107521,1780495414.4072409,288
107522,1780495414.407243,289
107523,1780495414.407246,287
107524,1780495414.411534,279
107525,1780495414.4115388,281
107526,1780495414.411542,279
107527,1780495414.411545,275
107528,1780495414.411548,276
107529,1780495414.411551,275
107530,1780495414.411554,276
107531,1780495414.411556,278
107532,1780495414.4115589,278
107533,1780495414.411562,283
107534,1780495414.4115672,286
107535,1780495414.4137301,287
107536,1780495414.413734,286
107537,1780495414.4137359,290
107538,1780495414.413739,292
107539,1780495414.4137468,293
107540,1780495414.413749,292
107541,1780495414.413752,289
107542,1780495414.4137542,288
107543,1780495414.413756,286
107544,1780495414.413758,284
107545,1780495414.4137611,280
107546,1780495414.4427211,280
107547,1780495414.442724,282
107548,1780495414.442726,277
107549,1780495414.4427269,276
107550,1780495414.442728,278
107551,1780495414.44273,280
107552,1780495414.442732,280
107553,1780495414.442733,283
107554,1780495414.4427352,288
107555,1780495414.4427369,289
107556,1780495414.4469671,290
107557,1780495414.4469702,292
107558,1780495414.446971,295
107559,1780495414.4469728,295
107560,1780495414.446974,292
107561,1780495414.446975,290
107562,1780495414.4469771,288
107563,1780495414.446978,286
107564,1780495414.44698,283
107565,1780495414.4469812,283
107566,1780495414.4469829,281
107567,1780495414.446985,279
107568,1780495414.449054,277
107569,1780495414.449056,276
107570,1780495414.449057,280
107571,1780495414.449059,282
107572,1780495414.4490602,281
107573,1780495414.4490612,280
107574,1780495414.4490619,285
107575,1780495414.449064,286
107576,1780495414.449065,293
107577,1780495414.449067,293
107578,1780495414.453516,293
107579,1780495414.4535182,291
107580,1780495414.4535198,293
107581,1780495414.453584,290
107582,1780495414.453585,289
107583,1780495414.4535859,284
107584,1780495414.453587,284
107585,1780495414.453588,284
107586,1780495414.453589,282
107587,1780495414.453591,278
107588,1780495414.482477,279
107589,1780495414.482479,276
107590,1780495414.48248,280
107591,1780495414.482481,284
107592,1780495414.482482,283
107593,1780495414.482483,284
107594,1780495414.482483,285
107595,1780495414.4824839,288
107596,1780495414.482485,290
107597,1780495414.482486,296
107598,1780495414.482487,295
107599,1780495414.48679,296
107600,1780495414.486793,292
107601,1780495414.486794,290
107602,1780495414.486795,290
107603,1780495414.486795,285
107604,1780495414.4867961,286
107605,1780495414.486797,284
107606,1780495414.486798,283
107607,1780495414.486798,281
107608,1780495414.4868,276
107609,1780495414.4884968,282
107610,1780495414.488499,282
107611,1780495414.488499,282
107612,1780495414.4884999,282
107613,1780495414.488501,284
107614,1780495414.488502,285
107615,1780495414.488503,289
107616,1780495414.488503,292
107617,1780495414.4885042,293
107618,1780495414.4885051,297
107619,1780495414.488506,294
107620,1780495414.498005,293
107621,1780495414.498007,290
107622,1780495414.498007,289
107623,1780495414.498008,287
107624,1780495414.4980092,283
107625,1780495414.4980102,283
107626,1780495414.4980109,284
107627,1780495414.4980109,279
107628,1780495414.498015,278
107629,1780495414.498016,280
107630,1780495414.498017,280
107631,1780495414.5275111,282
107632,1780495414.527513,283
107633,1780495414.5275142,285
107634,1780495414.527515,289
107635,1780495414.527516,287
107636,1780495414.5275168,289
107637,1780495414.527518,293
107638,1780495414.527518,293
107639,1780495414.527519,294
107640,1780495414.52752,294
107641,1780495414.5275211,293
107642,1780495414.531841,291
107643,1780495414.5318432,288
107644,1780495414.5318441,287
107645,1780495414.531845,285
107646,1780495414.5318458,281
107647,1780495414.531847,282
107648,1780495414.531847,281
107649,1780495414.531848,281
107650,1780495414.531849,282
107651,1780495414.53185,283
107652,1780495414.535079,285
107653,1780495414.535081,288
107654,1780495414.535082,286
107655,1780495414.535083,290
107656,1780495414.535083,288
107657,1780495414.535084,294
107658,1780495414.535085,298
107659,1780495414.5350862,292
107660,1780495414.5350862,292
107661,1780495414.535087,290
107662,1780495414.535088,289
107663,1780495414.538861,285
107664,1780495414.5388632,286
107665,1780495414.5388641,285
107666,1780495414.5388649,279
107667,1780495414.5388649,282
107668,1780495414.5388658,278
107669,1780495414.538867,279
107670,1780495414.538868,280
107671,1780495414.538869,282
107672,1780495414.538869,281
107673,1780495414.572135,285
107674,1780495414.572144,289
107675,1780495414.572145,292
107676,1780495414.572146,291
107677,1780495414.572146,293
107678,1780495414.572147,295
107679,1780495414.572148,292
107680,1780495414.572149,291
107681,1780495414.57215,291
107682,1780495414.57215,292
107683,1780495414.5721521,287
107684,1780495414.575723,288
107685,1780495414.575725,286
107686,1780495414.575726,283
107687,1780495414.575726,279
107688,1780495414.575727,277
107689,1780495414.5757282,282
107690,1780495414.575734,279
107691,1780495414.575735,281
107692,1780495414.575736,287
107693,1780495414.575737,284
107694,1780495414.5757382,286
107695,1780495414.578091,289
107696,1780495414.578093,293
107697,1780495414.578094,293
107698,1780495414.5780952,299
107699,1780495414.5780962,297
107700,1780495414.5780962,291
107701,1780495414.5780969,290
107702,1780495414.5780978,292
107703,1780495414.578099,289
107704,1780495414.578099,285
107705,1780495414.578101,284
107706,1780495414.580459,284
107707,1780495414.58046,280
107708,1780495414.580461,279
107709,1780495414.580462,281
107710,1780495414.5804632,280
107711,1780495414.5804641,286
107712,1780495414.5804641,283
107713,1780495414.5804648,286
107714,1780495414.580466,285
107715,1780495414.580467,291
107716,1780495414.617038,294
107717,1780495414.61704,293
107718,1780495414.6170409,295
107719,1780495414.6170418,294
107720,1780495414.617043,292
107721,1780495414.617044,290
107722,1780495414.617045,288
107723,1780495414.617046,290
107724,1780495414.617047,284
107725,1780495414.617048,283
107726,1780495414.6170502,282
107727,1780495414.6214662,283
107728,1780495414.6214678,281
107729,1780495414.621469,283
107730,1780495414.62147,279
107731,1780495414.621471,276
107732,1780495414.621472,281
107733,1780495414.621473,287
107734,1780495414.621474,291
107735,1780495414.621475,289
107736,1780495414.6214778,294
107737,1780495414.62148,295
107738,1780495414.623658,296
107739,1780495414.62366,297
107740,1780495414.623661,295
107741,1780495414.6236632,291
107742,1780495414.6236641,288
107743,1780495414.6236649,287
107744,1780495414.6236658,285
107745,1780495414.623667,284
107746,1780495414.623668,282
107747,1780495414.62367,282
107748,1780495414.6252851,279
107749,1780495414.625288,278
107750,1780495414.625289,283
107751,1780495414.62529,279
107752,1780495414.625291,284
107753,1780495414.625292,287
107754,1780495414.625293,288
107755,1780495414.625294,290
107756,1780495414.6252952,290
107757,1780495414.6252959,294
107758,1780495414.625298,297
107759,1780495414.6858728,296
107760,1780495414.685877,293
107761,1780495414.68588,292
107762,1780495414.6858811,292
107763,1780495414.6858828,288
107764,1780495414.685885,286
107765,1780495414.6858869,286
107766,1780495414.685889,283
107767,1780495414.6858912,281
107768,1780495414.685892,280
107769,1780495414.685895,280
107770,1780495414.688085,283
107771,1780495414.6880891,284
107772,1780495414.6880908,286
107773,1780495414.688093,286
107774,1780495414.688095,287
107775,1780495414.688097,289
107776,1780495414.6880991,292
107777,1780495414.6881092,294
107778,1780495414.68811,298
107779,1780495414.688113,297
107780,1780495414.71782,291
107781,1780495414.717828,292
107782,1780495414.7178361,291
107783,1780495414.717839,287
107784,1780495414.717862,289
107785,1780495414.71787,283
107786,1780495414.7178721,283
107787,1780495414.717877,282
107788,1780495414.717879,281
107789,1780495414.7178838,281
107790,1780495414.7179708,282
107791,1780495414.7222881,282
107792,1780495414.722294,285
107793,1780495414.7222972,286
107794,1780495414.7222998,289
107795,1780495414.722302,289
107796,1780495414.722305,292
107797,1780495414.722311,295
107798,1780495414.722314,298
107799,1780495414.722316,294
107800,1780495414.7223191,292
107801,1780495414.722324,293
107802,1780495414.724618,291
107803,1780495414.7246232,284
107804,1780495414.7246258,287
107805,1780495414.724629,285
107806,1780495414.724632,282
107807,1780495414.724635,281
107808,1780495414.724637,279
107809,1780495414.72464,285
107810,1780495414.724643,281
107811,1780495414.7246468,283
107812,1780495414.727224,286
107813,1780495414.7272289,284
107814,1780495414.727232,292
107815,1780495414.727235,290
107816,1780495414.727238,292
107817,1780495414.727241,296
107818,1780495414.7272441,296
107819,1780495414.727246,294
107820,1780495414.727249,295
107821,1780495414.727252,295
107822,1780495414.727256,293
107823,1780495414.731116,292
107824,1780495414.731122,283
107825,1780495414.7311249,285
107826,1780495414.731127,285
107827,1780495414.7311301,281
107828,1780495414.7311392,278
107829,1780495414.7311418,282
107830,1780495414.731145,282
107831,1780495414.731147,284
107832,1780495414.731151,284
107833,1780495414.734111,287
107834,1780495414.73413,289
107835,1780495414.734133,290
107836,1780495414.7341352,292
107837,1780495414.734137,295
107838,1780495414.734143,296
107839,1780495414.734146,298
107840,1780495414.734148,295
107841,1780495414.73415,293
107842,1780495414.734153,292
107843,1780495414.73416,291
107844,1780495414.7385259,289
107845,1780495414.738542,285
107846,1780495414.738549,284
107847,1780495414.738552,283
107848,1780495414.738556,281
107849,1780495414.738558,286
107850,1780495414.738564,283
107851,1780495414.7385678,286
107852,1780495414.738571,286
107853,1780495414.738574,285
107854,1780495414.7385778,291
107855,1780495414.740631,291
107856,1780495414.740638,292
107857,1780495414.740641,296
107858,1780495414.7406452,294
107859,1780495414.740648,291
107860,1780495414.740651,292
107861,1780495414.7406552,294
107862,1780495414.7406569,290
107863,1780495414.74066,288
107864,1780495414.740663,288
107865,1780495414.7406662,287
107866,1780495414.7428439,282
107867,1780495414.742851,278
107868,1780495414.7428539,280
107869,1780495414.742857,283
107870,1780495414.74286,282
107871,1780495414.7428632,282
107872,1780495414.7428758,287
107873,1780495414.74288,289
107874,1780495414.742882,289
107875,1780495414.7429068,293
107876,1780495414.777228,293
107877,1780495414.7772522,295
107878,1780495414.777257,298
107879,1780495414.77726,298
107880,1780495414.7772632,294
107881,1780495414.777267,293
107882,1780495414.777271,291
107883,1780495414.7772748,288
107884,1780495414.777278,287
107885,1780495414.777282,285
107886,1780495414.777288,289
107887,1780495414.784087,282
107888,1780495414.784109,281
107889,1780495414.7841148,284
107890,1780495414.7841191,282
107891,1780495414.7841222,282
107892,1780495414.784126,285
107893,1780495414.78413,287
107894,1780495414.784134,291
107895,1780495414.784137,293
107896,1780495414.784141,295
107897,1780495414.7841501,297
107898,1780495414.7862139,299
107899,1780495414.7862232,295
107900,1780495414.786226,297
107901,1780495414.78623,293
107902,1780495414.7862341,291
107903,1780495414.786238,292
107904,1780495414.786245,288
107905,1780495414.786248,283
107906,1780495414.786252,283
107907,1780495414.7862558,285
107908,1780495414.788449,283
107909,1780495414.78846,284
107910,1780495414.788464,281
107911,1780495414.788467,285
107912,1780495414.788471,287
107913,1780495414.788474,291
107914,1780495414.788477,289
107915,1780495414.788481,289
107916,1780495414.788484,292
107917,1780495414.788488,294
107918,1780495414.7884932,300
107919,1780495414.817643,297
107920,1780495414.817678,298
107921,1780495414.817684,294
107922,1780495414.817688,293
107923,1780495414.817693,292
107924,1780495414.817697,291
107925,1780495414.817701,288
107926,1780495414.817705,286
107927,1780495414.817708,284
107928,1780495414.817714,284
107929,1780495414.820232,289
107930,1780495414.822739,286
107931,1780495414.822749,287
107932,1780495414.822755,291
107933,1780495414.8227599,290
107934,1780495414.822769,293
107935,1780495414.822774,293
107936,1780495414.82278,296
107937,1780495414.8227851,298
107938,1780495414.82279,301
107939,1780495414.822797,302
107940,1780495414.8274581,299
107941,1780495414.827488,296
107942,1780495414.8274932,293
107943,1780495414.827496,293
107944,1780495414.8275,292
107945,1780495414.8275032,289
107946,1780495414.8275058,288
107947,1780495414.827509,288
107948,1780495414.827511,282
107949,1780495414.8275142,285
107950,1780495414.827518,285
107951,1780495414.829931,289
107952,1780495414.829945,290
107953,1780495414.829949,288
107954,1780495414.829952,292
107955,1780495414.829955,294
107956,1780495414.829958,295
107957,1780495414.829961,296
107958,1780495414.829963,300
107959,1780495414.829966,294
107960,1780495414.829969,296
107961,1780495414.829973,292
107962,1780495414.860846,292
107963,1780495414.860851,291
107964,1780495414.860853,290
107965,1780495414.860855,286
107966,1780495414.860863,287
107967,1780495414.860865,283
107968,1780495414.860867,286
107969,1780495414.8608692,281
107970,1780495414.8608708,285
107971,1780495414.860874,284
107972,1780495414.865309,283
107973,1780495414.865313,290
107974,1780495414.865315,289
107975,1780495414.8653162,292
107976,1780495414.8653178,296
107977,1780495414.86532,298
107978,1780495414.8653219,302
107979,1780495414.865324,298
107980,1780495414.8653262,295
107981,1780495414.8653271,291
107982,1780495414.86533,293
107983,1780495414.86768,290
107984,1780495414.8676841,291
107985,1780495414.8676858,287
107986,1780495414.867688,285
107987,1780495414.86769,282
107988,1780495414.867691,282
107989,1780495414.867693,285
107990,1780495414.867695,288
107991,1780495414.867697,286
107992,1780495414.867699,290
107993,1780495414.867702,291
107994,1780495414.869128,290
107995,1780495414.869132,292
107996,1780495414.8691342,295
107997,1780495414.8691359,299
107998,1780495414.869138,300
107999,1780495414.86914,299
108000,1780495414.869142,298
108001,1780495414.869144,292
108002,1780495414.869146,293
108003,1780495414.869148,292
108004,1780495414.901174,289
108005,1780495414.901176,286
108006,1780495414.9011781,288
108007,1780495414.9011788,283
108008,1780495414.9011798,283
108009,1780495414.901181,282
108010,1780495414.901182,283
108011,1780495414.901183,289
108012,1780495414.901186,291
108013,1780495414.9011872,285
108014,1780495414.901189,290
108015,1780495414.904712,293
108016,1780495414.9047139,298
108017,1780495414.904715,296
108018,1780495414.904716,301
108019,1780495414.904717,297
108020,1780495414.9047182,298
108021,1780495414.904719,293
108022,1780495414.904719,292
108023,1780495414.9047198,290
108024,1780495414.9047208,286
108025,1780495414.904723,290
108026,1780495414.907246,287
108027,1780495414.907248,286
108028,1780495414.907249,281
108029,1780495414.90725,285
108030,1780495414.907251,286
108031,1780495414.907252,284
108032,1780495414.907253,287
108033,1780495414.907254,287
108034,1780495414.907255,289
108035,1780495414.9072561,292
108036,1780495414.911028,293
108037,1780495414.91103,296
108038,1780495414.911031,297
108039,1780495414.911032,299
108040,1780495414.9110332,295
108041,1780495414.911034,294
108042,1780495414.9110348,293
108043,1780495414.911036,292
108044,1780495414.911037,289
108045,1780495414.911038,289
108046,1780495414.9110389,287
108047,1780495414.98352,283
108048,1780495414.983524,282
108049,1780495414.983525,282
108050,1780495414.983525,281
108051,1780495414.983526,287
108052,1780495414.983527,287
108053,1780495414.983528,288
108054,1780495414.9835289,289
108055,1780495414.9835289,293
108056,1780495414.98353,296
108057,1780495414.985947,297
108058,1780495414.985949,297
108059,1780495414.98595,298
108060,1780495414.985951,295
108061,1780495414.985952,295
108062,1780495414.985952,292
108063,1780495414.985953,290
108064,1780495414.985954,288
108065,1780495414.985955,286
108066,1780495414.9859562,287
108067,1780495414.9859571,284
108068,1780495414.988812,285
108069,1780495414.988817,285
108070,1780495414.988818,285
108071,1780495414.988819,282
108072,1780495414.98882,287
108073,1780495414.98882,286
108074,1780495414.988821,290
108075,1780495414.988822,291
108076,1780495414.988823,294
108077,1780495414.988823,298
108078,1780495414.988825,299
108079,1780495414.9947672,301
108080,1780495414.994768,295
108081,1780495414.9947689,295
108082,1780495414.9947698,292
108083,1780495414.994771,291
108084,1780495414.994772,289
108085,1780495414.994773,290
108086,1780495414.994773,286
108087,1780495414.994774,284
108088,1780495414.994775,286
108089,1780495414.994776,285
108090,1780495414.9972181,286
108091,1780495414.99722,282
108092,1780495414.99722,288
108093,1780495414.9972212,292
108094,1780495414.997222,291
108095,1780495414.997223,292
108096,1780495414.997223,294
108097,1780495414.9972239,296
108098,1780495414.997225,300
108099,1780495414.997226,299
108100,1780495414.999705,296
108101,1780495414.999707,294
108102,1780495414.999708,293
108103,1780495414.999708,290
108104,1780495414.999709,288
108105,1780495414.9997098,288
108106,1780495414.999711,282
108107,1780495414.999711,282
108108,1780495414.999712,283
108109,1780495414.999713,284
108110,1780495414.9997141,282
108111,1780495415.002568,286
108112,1780495415.00257,290
108113,1780495415.002571,291
108114,1780495415.002571,292
108115,1780495415.002572,291
108116,1780495415.002573,294
108117,1780495415.002574,296
108118,1780495415.0025752,298
108119,1780495415.0025759,297
108120,1780495415.0025759,297
108121,1780495415.002578,294
108122,1780495415.0071979,293
108123,1780495415.007199,292
108124,1780495415.0072,288
108125,1780495415.007201,286
108126,1780495415.0072021,284
108127,1780495415.007205,285
108128,1780495415.007206,282
108129,1780495415.007206,284
108130,1780495415.007207,285
108131,1780495415.0072079,288
108132,1780495415.009713,288
108133,1780495415.0097148,289
108134,1780495415.009716,292
108135,1780495415.009717,293
108136,1780495415.009718,295
108137,1780495415.009718,299
108138,1780495415.0097191,300
108139,1780495415.00972,301
108140,1780495415.009721,292
108141,1780495415.009722,294
108142,1780495415.011528,296
108143,1780495415.042458,292
108144,1780495415.04246,290
108145,1780495415.042461,289
108146,1780495415.0424619,286
108147,1780495415.042463,286
108148,1780495415.042464,282
108149,1780495415.042465,286
108150,1780495415.0424662,284
108151,1780495415.0424662,288
108152,1780495415.042468,289
108153,1780495415.045186,291
108154,1780495415.0478148,293
108155,1780495415.047817,300
108156,1780495415.047818,298
108157,1780495415.047819,301
108158,1780495415.047819,302
108159,1780495415.04782,300
108160,1780495415.047821,300
108161,1780495415.047822,297
108162,1780495415.0478232,289
108163,1780495415.047824,294
108164,1780495415.052214,292
108165,1780495415.052216,287
108166,1780495415.052217,288
108167,1780495415.0522182,288
108168,1780495415.052219,285
108169,1780495415.052223,287
108170,1780495415.052224,287
108171,1780495415.052225,288
108172,1780495415.052226,286
108173,1780495415.052227,289
108174,1780495415.0522282,293
108175,1780495415.054699,293
108176,1780495415.054701,297
108177,1780495415.054702,302
108178,1780495415.054703,298
108179,1780495415.0547042,301
108180,1780495415.054705,299
108181,1780495415.0547059,296
108182,1780495415.054707,293
108183,1780495415.054708,292
108184,1780495415.05471,291
108185,1780495415.056438,287
108186,1780495415.06272,289
108187,1780495415.0627232,285
108188,1780495415.062724,285
108189,1780495415.062725,287
108190,1780495415.0627258,287
108191,1780495415.062727,289
108192,1780495415.062728,290
108193,1780495415.062729,290
108194,1780495415.06273,291
108195,1780495415.062732,296
108196,1780495415.096242,299
108197,1780495415.0962439,302
108198,1780495415.096246,304
108199,1780495415.096247,299
108200,1780495415.096249,300
108201,1780495415.09625,299
108202,1780495415.0962508,294
108203,1780495415.096253,293
108204,1780495415.0962539,290
108205,1780495415.096255,290
108206,1780495415.096257,289
108207,1780495415.0998552,288
108208,1780495415.0998578,287
108209,1780495415.099859,289
108210,1780495415.099861,289
108211,1780495415.099873,287
108212,1780495415.099875,288
108213,1780495415.0998762,292
108214,1780495415.0998778,293
108215,1780495415.099879,295
108216,1780495415.09988,299
108217,1780495415.102232,299
108218,1780495415.1022341,299
108219,1780495415.1022358,302
108220,1780495415.102237,299
108221,1780495415.102239,296
108222,1780495415.10224,292
108223,1780495415.102241,292
108224,1780495415.1022432,288
108225,1780495415.1022441,289
108226,1780495415.102245,288
108227,1780495415.102247,287
108228,1780495415.1047611,287
108229,1780495415.104764,289
108230,1780495415.104765,287
108231,1780495415.104767,288
108232,1780495415.104768,289
108233,1780495415.104769,291
108234,1780495415.1047711,290
108235,1780495415.104772,296
108236,1780495415.104773,298
108237,1780495415.104775,301
108238,1780495415.1047769,300
108239,1780495415.136176,300
108240,1780495415.13618,298
108241,1780495415.136182,295
108242,1780495415.136184,292
108243,1780495415.1361861,292
108244,1780495415.1361878,290
108245,1780495415.13619,289
108246,1780495415.136191,287
108247,1780495415.136193,285
108248,1780495415.1361952,285
108249,1780495415.1361978,283
108250,1780495415.1444092,287
108251,1780495415.144414,289
108252,1780495415.144416,289
108253,1780495415.144419,291
108254,1780495415.144421,291
108255,1780495415.144423,295
108256,1780495415.1444259,296
108257,1780495415.144428,302
108258,1780495415.144435,298
108259,1780495415.144437,297
108260,1780495415.144439,297
108261,1780495415.144442,300
108262,1780495415.144444,292
108263,1780495415.144446,291
108264,1780495415.144448,288
108265,1780495415.14445,289
108266,1780495415.144453,287
108267,1780495415.144455,287
108268,1780495415.1444569,282
108269,1780495415.144459,284
108270,1780495415.1444612,284
108271,1780495415.144463,285
108272,1780495415.144468,289
108273,1780495415.1473129,290
108274,1780495415.147317,293
108275,1780495415.14732,295
108276,1780495415.1473222,299
108277,1780495415.1473238,300
108278,1780495415.147326,297
108279,1780495415.147328,301
108280,1780495415.147331,296
108281,1780495415.1473339,294
108282,1780495415.177578,292
108283,1780495415.1776059,289
108284,1780495415.177609,289
108285,1780495415.177613,287
108286,1780495415.177619,284
108287,1780495415.177622,285
108288,1780495415.1776261,285
108289,1780495415.177629,283
108290,1780495415.177635,286
108291,1780495415.177637,289
108292,1780495415.1776419,290
108293,1780495415.181076,289
108294,1780495415.1810958,292
108295,1780495415.1811001,296
108296,1780495415.181103,294
108297,1780495415.18111,300
108298,1780495415.181113,295
108299,1780495415.1811159,297
108300,1780495415.181119,296
108301,1780495415.1811242,294
108302,1780495415.181129,293
108303,1780495415.183956,292
108304,1780495415.183975,288
108305,1780495415.183978,288
108306,1780495415.183981,282
108307,1780495415.183985,283
108308,1780495415.1839879,285
108309,1780495415.183991,283
108310,1780495415.183994,284
108311,1780495415.184018,281
108312,1780495415.184021,289
108313,1780495415.184027,288
108314,1780495415.1898901,290
108315,1780495415.189906,296
108316,1780495415.189909,292
108317,1780495415.189912,299
108318,1780495415.189915,301
108319,1780495415.189918,296
108320,1780495415.1899211,296
108321,1780495415.1899252,296
108322,1780495415.189931,292
108323,1780495415.1899352,292
108324,1780495415.2226188,292
108325,1780495415.2226439,286
108326,1780495415.222649,285
108327,1780495415.222652,286
108328,1780495415.222656,282
108329,1780495415.22266,286
108330,1780495415.2226639,283
108331,1780495415.222668,287
108332,1780495415.222671,290
108333,1780495415.2226748,292
108334,1780495415.22268,293
108335,1780495415.226105,293
108336,1780495415.2261262,295
108337,1780495415.226131,297
108338,1780495415.226136,296
108339,1780495415.2261388,297
108340,1780495415.226144,296
108341,1780495415.2261472,297
108342,1780495415.226151,293
108343,1780495415.226155,292
108344,1780495415.2261581,286
108345,1780495415.2261639,285
108346,1780495415.22908,284
108347,1780495415.229105,283
108348,1780495415.22911,284
108349,1780495415.2291148,284
108350,1780495415.22912,286
108351,1780495415.229125,286
108352,1780495415.22913,289
108353,1780495415.229135,286
108354,1780495415.22914,290
108355,1780495415.229147,292
108356,1780495415.232503,296
108357,1780495415.232547,293
108358,1780495415.232553,299
108359,1780495415.232558,297
108360,1780495415.232563,299
108361,1780495415.232567,292
108362,1780495415.232573,289
108363,1780495415.232577,291
108364,1780495415.2325819,287
108365,1780495415.232586,285
108366,1780495415.2325928,282
108367,1780495415.281292,283
108368,1780495415.281322,284
108369,1780495415.281326,283
108370,1780495415.281329,283
108371,1780495415.281332,286
108372,1780495415.281336,288
108373,1780495415.281339,291
108374,1780495415.2813408,288
108375,1780495415.281344,292
108376,1780495415.281347,294
108377,1780495415.281354,294
108378,1780495415.284794,298
108379,1780495415.2848141,298
108380,1780495415.284818,295
108381,1780495415.28482,293
108382,1780495415.284823,291
108383,1780495415.284825,291
108384,1780495415.2848299,291
108385,1780495415.284833,285
108386,1780495415.284836,285
108387,1780495415.284839,283
108388,1780495415.287758,282
108389,1780495415.287765,286
108390,1780495415.2877681,285
108391,1780495415.287771,285
108392,1780495415.2877738,286
108393,1780495415.287777,287
108394,1780495415.28778,292
108395,1780495415.287782,292
108396,1780495415.287785,293
108397,1780495415.287788,296
108398,1780495415.287796,295
108399,1780495415.2922251,296
108400,1780495415.29223,296
108401,1780495415.292233,296
108402,1780495415.292235,293
108403,1780495415.292244,290
108404,1780495415.292246,286
108405,1780495415.2922492,286
108406,1780495415.2922509,284
108407,1780495415.292253,284
108408,1780495415.292255,284
108409,1780495415.292258,282
108410,1780495415.2946692,283
108411,1780495415.294674,283
108412,1780495415.294676,286
108413,1780495415.294678,286
108414,1780495415.294681,290
108415,1780495415.294683,292
108416,1780495415.294685,293
108417,1780495415.294687,299
108418,1780495415.294689,296
108419,1780495415.2946932,300
108420,1780495415.2973142,294
108421,1780495415.297318,292
108422,1780495415.2973208,290
108423,1780495415.297323,291
108424,1780495415.2973251,288
108425,1780495415.297327,287
108426,1780495415.29733,285
108427,1780495415.297332,285
108428,1780495415.297334,282
108429,1780495415.297336,288
108430,1780495415.29734,284
108431,1780495415.327517,282
108432,1780495415.32752,287
108433,1780495415.327521,291
108434,1780495415.327522,291
108435,1780495415.327523,291
108436,1780495415.3275251,296
108437,1780495415.3275259,297
108438,1780495415.3275268,299
108439,1780495415.327528,298
108440,1780495415.327529,298
108441,1780495415.327531,294
108442,1780495415.327533,292
108443,1780495415.330859,292
108444,1780495415.330861,289
108445,1780495415.330862,289
108446,1780495415.330863,287
108447,1780495415.330865,286
108448,1780495415.3308659,282
108449,1780495415.33087,284
108450,1780495415.330871,287
108451,1780495415.330873,290
108452,1780495415.333864,287
108453,1780495415.333866,289
108454,1780495415.333868,291
108455,1780495415.333869,293
108456,1780495415.3338702,294
108457,1780495415.3338728,299
108458,1780495415.333874,301
108459,1780495415.333875,297
108460,1780495415.333876,296
108461,1780495415.333878,294
108462,1780495415.333879,291
108463,1780495415.338482,289
108464,1780495415.338485,292
108465,1780495415.338486,287
108466,1780495415.3384871,284
108467,1780495415.338488,286
108468,1780495415.338489,284
108469,1780495415.33849,285
108470,1780495415.338491,287
108471,1780495415.338492,286
108472,1780495415.3384929,290
108473,1780495415.341444,290
108474,1780495415.3748748,291
108475,1780495415.374878,294
108476,1780495415.374879,296
108477,1780495415.37488,298
108478,1780495415.37488,302
108479,1780495415.374881,299
108480,1780495415.374882,299
108481,1780495415.3748832,296
108482,1780495415.3748841,298
108483,1780495415.374885,289
108484,1780495415.378933,288
108485,1780495415.378935,287
108486,1780495415.378936,288
108487,1780495415.378936,285
108488,1780495415.378937,285
108489,1780495415.3789382,286
108490,1780495415.378939,287
108491,1780495415.378939,286
108492,1780495415.3789399,287
108493,1780495415.3789408,289
108494,1780495415.378942,293
108495,1780495415.382229,299
108496,1780495415.382231,296
108497,1780495415.382232,297
108498,1780495415.382232,301
108499,1780495415.3822331,299
108500,1780495415.382234,296
108501,1780495415.3822348,296
108502,1780495415.382236,292
108503,1780495415.382236,291
108504,1780495415.382237,290
108505,1780495415.382244,288
108506,1780495415.384737,288
108507,1780495415.384738,287
108508,1780495415.3847392,288
108509,1780495415.38474,286
108510,1780495415.384741,286
108511,1780495415.384741,289
108512,1780495415.3847418,289
108513,1780495415.384743,291
108514,1780495415.384744,291
108515,1780495415.384745,294
108516,1780495415.414906,299
108517,1780495415.414909,297
108518,1780495415.4149098,300
108519,1780495415.414911,299
108520,1780495415.414911,300
108521,1780495415.414912,296
108522,1780495415.414913,291
108523,1780495415.4149141,289
108524,1780495415.4149141,289
108525,1780495415.414915,288
108526,1780495415.414916,288
108527,1780495415.418536,289
108528,1780495415.418538,285
108529,1780495415.418539,285
108530,1780495415.418539,287
108531,1780495415.41854,288
108532,1780495415.418541,293
108533,1780495415.4185421,293
108534,1780495415.4185421,292
108535,1780495415.418543,296
108536,1780495415.418544,300
108537,1780495415.418545,299
108538,1780495415.4209101,304
108539,1780495415.420911,299
108540,1780495415.420912,297
108541,1780495415.420913,295
108542,1780495415.420914,294
108543,1780495415.420914,293
108544,1780495415.420915,291
108545,1780495415.420916,286
108546,1780495415.420917,287
108547,1780495415.420921,286
108548,1780495415.423848,285
108549,1780495415.42385,287
108550,1780495415.423851,286
108551,1780495415.423852,287
108552,1780495415.4238532,292
108553,1780495415.4238532,292
108554,1780495415.423854,295
108555,1780495415.423855,295
108556,1780495415.423856,296
108557,1780495415.423857,297
108558,1780495415.426455,302
108559,1780495415.4562812,299
108560,1780495415.4562838,295
108561,1780495415.456285,296
108562,1780495415.456286,294
108563,1780495415.456287,292
108564,1780495415.456288,291
108565,1780495415.456289,288
108566,1780495415.456289,286
108567,1780495415.45629,285
108568,1780495415.456291,284
108569,1780495415.4562922,286
108570,1780495415.4597042,287
108571,1780495415.459706,290
108572,1780495415.4597068,290
108573,1780495415.459708,291
108574,1780495415.459709,293
108575,1780495415.45971,297
108576,1780495415.459711,296
108577,1780495415.459711,301
108578,1780495415.459712,301
108579,1780495415.459713,301
108580,1780495415.459714,296
108581,1780495415.4621198,292
108582,1780495415.462121,293
108583,1780495415.462122,296
108584,1780495415.462123,290
108585,1780495415.462123,288
108586,1780495415.462124,292
108587,1780495415.462125,288
108588,1780495415.462126,282
108589,1780495415.4621289,287
108590,1780495415.4621298,286
108591,1780495415.4648461,288
108592,1780495415.464847,288
108593,1780495415.4648478,290
108594,1780495415.464849,293
108595,1780495415.46485,295
108596,1780495415.464851,300
108597,1780495415.4648519,301
108598,1780495415.464853,301
108599,1780495415.464854,298
108600,1780495415.464854,298
108601,1780495415.4648561,295
108602,1780495415.4961479,293
108603,1780495415.49615,293
108604,1780495415.496151,290
108605,1780495415.496153,290
108606,1780495415.496153,288
108607,1780495415.496154,289
108608,1780495415.4961548,285
108609,1780495415.496156,287
108610,1780495415.496157,287
108611,1780495415.496159,292
108612,1780495415.502348,291
108613,1780495415.50235,294
108614,1780495415.502351,290
108615,1780495415.5023518,294
108616,1780495415.502353,301
108617,1780495415.502354,299
108618,1780495415.5023549,304
108619,1780495415.502356,300
108620,1780495415.502357,299
108621,1780495415.502358,294
108622,1780495415.50236,297
108623,1780495415.50466,294
108624,1780495415.504662,291
108625,1780495415.5046642,288
108626,1780495415.5046651,287
108627,1780495415.504666,287
108628,1780495415.5046668,285
108629,1780495415.504668,287
108630,1780495415.504669,286
108631,1780495415.5046709,290
108632,1780495415.504672,291
108633,1780495415.504673,291
108634,1780495415.5072918,294
108635,1780495415.507295,298
108636,1780495415.5072992,299
108637,1780495415.507301,302
108638,1780495415.5073018,302
108639,1780495415.507303,301
108640,1780495415.507304,294
108641,1780495415.507305,297
108642,1780495415.507306,292
108643,1780495415.507308,292
108644,1780495415.537471,292
108645,1780495415.5374742,292
108646,1780495415.537475,289
108647,1780495415.537476,284
108648,1780495415.537478,286
108649,1780495415.537479,284
108650,1780495415.537481,289
108651,1780495415.537482,288
108652,1780495415.537483,289
108653,1780495415.537484,289
108654,1780495415.537487,296
108655,1780495415.5409741,295
108656,1780495415.540977,301
108657,1780495415.540979,303
108658,1780495415.5409799,303
108659,1780495415.540981,302
108660,1780495415.540983,301
108661,1780495415.5409842,299
108662,1780495415.540985,297
108663,1780495415.5409868,294
108664,1780495415.540988,292
108665,1780495415.5409899,290
108666,1780495415.5439308,288
108667,1780495415.543933,285
108668,1780495415.543935,287
108669,1780495415.543936,286
108670,1780495415.5439382,289
108671,1780495415.543939,293
108672,1780495415.54394,290
108673,1780495415.543942,293
108674,1780495415.543943,295
108675,1780495415.543945,298
108676,1780495415.5824661,300
108677,1780495415.58247,301
108678,1780495415.5824718,301
108679,1780495415.582474,300
108680,1780495415.5824761,299
108681,1780495415.582478,299
108682,1780495415.582479,294
108683,1780495415.582481,293
108684,1780495415.582483,291
108685,1780495415.582486,294
108686,1780495415.585155,287
108687,1780495415.587593,288
108688,1780495415.5875971,287
108689,1780495415.587599,287
108690,1780495415.587602,289
108691,1780495415.587604,289
108692,1780495415.587606,292
108693,1780495415.58762,291
108694,1780495415.587622,295
108695,1780495415.5876238,298
108696,1780495415.587626,298
108697,1780495415.58763,302
108698,1780495415.592198,304
108699,1780495415.592208,301
108700,1780495415.592211,295
108701,1780495415.592213,294
108702,1780495415.592215,293
108703,1780495415.5922172,294
108704,1780495415.5922198,293
108705,1780495415.592222,291
108706,1780495415.592224,288
108707,1780495415.592227,286
108708,1780495415.594753,287
108709,1780495415.5947578,289
108710,1780495415.59476,288
108711,1780495415.594762,289
108712,1780495415.594765,293
108713,1780495415.594767,293
108714,1780495415.594769,296
108715,1780495415.594771,297
108716,1780495415.594773,302
108717,1780495415.5947762,302
108718,1780495415.5947788,301
108719,1780495415.597285,302
108720,1780495415.5972888,299
108721,1780495415.597292,295
108722,1780495415.597294,293
108723,1780495415.5972962,292
108724,1780495415.597298,291
108725,1780495415.597301,291
108726,1780495415.5973032,289
108727,1780495415.597305,289
108728,1780495415.597307,287
108729,1780495415.59731,289
108730,1780495415.627597,289
108731,1780495415.62762,287
108732,1780495415.627624,292
108733,1780495415.627627,292
108734,1780495415.62763,292
108735,1780495415.6276329,296
108736,1780495415.627636,299
108737,1780495415.627639,302
108738,1780495415.627645,302
108739,1780495415.627649,301
108740,1780495415.631211,299
108741,1780495415.631239,300
108742,1780495415.631244,295
108743,1780495415.6312478,294
108744,1780495415.631252,292
108745,1780495415.631256,291
108746,1780495415.631259,291
108747,1780495415.631266,289
108748,1780495415.6312902,291
108749,1780495415.6312928,286
108750,1780495415.631299,286
108751,1780495415.634018,289
108752,1780495415.634038,291
108753,1780495415.634043,293
108754,1780495415.634047,294
108755,1780495415.634051,299
108756,1780495415.634055,300
108757,1780495415.634061,302
108758,1780495415.634064,304
108759,1780495415.634069,303
108760,1780495415.634073,300
108761,1780495415.634078,298
108762,1780495415.637277,296
108763,1780495415.637286,294
108764,1780495415.63729,293
108765,1780495415.637295,292
108766,1780495415.637299,292
108767,1780495415.637302,287
108768,1780495415.6373088,288
108769,1780495415.6373131,288
108770,1780495415.637316,289
108771,1780495415.637321,291
108772,1780495415.667613,292
108773,1780495415.667639,291
108774,1780495415.667645,296
108775,1780495415.66765,295
108776,1780495415.667656,297
108777,1780495415.667661,302
108778,1780495415.667666,302
108779,1780495415.6676722,298
108780,1780495415.667677,305
108781,1780495415.6676831,298
108782,1780495415.66769,296
108783,1780495415.671027,293
108784,1780495415.671041,293
108785,1780495415.6710489,293
108786,1780495415.6710541,289
108787,1780495415.671059,288
108788,1780495415.6710641,287
108789,1780495415.671069,289
108790,1780495415.671073,289
108791,1780495415.671078,289
108792,1780495415.671083,292
108793,1780495415.671089,293
108794,1780495415.673583,293
108795,1780495415.6735969,296
108796,1780495415.673603,302
108797,1780495415.6736078,300
108798,1780495415.673613,304
108799,1780495415.6736178,304
108800,1780495415.673625,299
108801,1780495415.673629,296
108802,1780495415.673634,300
108803,1780495415.673641,294
108804,1780495415.67776,292
108805,1780495415.67777,290
108806,1780495415.6777751,291
108807,1780495415.677786,285
108808,1780495415.6777909,285
108809,1780495415.6777961,289
108810,1780495415.6778,289
108811,1780495415.677805,288
108812,1780495415.67781,293
108813,1780495415.677814,294
108814,1780495415.677821,296
108815,1780495415.711617,299
108816,1780495415.711657,299
108817,1780495415.711665,305
108818,1780495415.71167,302
108819,1780495415.711675,301
108820,1780495415.7116811,303
108821,1780495415.711686,299
108822,1780495415.711693,296
108823,1780495415.7116969,297
108824,1780495415.711703,293
108825,1780495415.711714,291
108826,1780495415.714897,292
108827,1780495415.714916,290
108828,1780495415.714922,288
108829,1780495415.7149272,290
108830,1780495415.714933,290
108831,1780495415.7149382,288
108832,1780495415.714944,292
108833,1780495415.7149498,292
108834,1780495415.714956,297
108835,1780495415.714963,294
108836,1780495415.71738,301
108837,1780495415.717396,306
108838,1780495415.7174,303
108839,1780495415.717404,304
108840,1780495415.7174358,299
108841,1780495415.71744,301
108842,1780495415.7174442,295
108843,1780495415.7174468,298
108844,1780495415.717451,293
108845,1780495415.7174542,293
108846,1780495415.71746,290
108847,1780495415.721101,287
108848,1780495415.721111,289
108849,1780495415.7211158,293
108850,1780495415.721119,292
108851,1780495415.721123,290
108852,1780495415.7211258,292
108853,1780495415.721131,295
108854,1780495415.7211342,296
108855,1780495415.721138,299
108856,1780495415.721143,299
108857,1780495415.724138,305
108858,1780495415.756194,305
108859,1780495415.756202,304
108860,1780495415.7562041,303
108861,1780495415.756206,296
108862,1780495415.7562082,292
108863,1780495415.756209,294
108864,1780495415.756212,293
108865,1780495415.756213,293
108866,1780495415.756215,292
108867,1780495415.7562182,289
108868,1780495415.759688,291
108869,1780495415.759691,291
108870,1780495415.759692,293
108871,1780495415.7596931,292
108872,1780495415.759695,298
108873,1780495415.7596958,296
108874,1780495415.759697,298
108875,1780495415.7596989,296
108876,1780495415.7597,304
108877,1780495415.759711,302
108878,1780495415.76144,306
108879,1780495415.763463,303
108880,1780495415.763465,301
108881,1780495415.763467,298
108882,1780495415.763468,304
108883,1780495415.7634702,295
108884,1780495415.7634711,295
108885,1780495415.7634728,292
108886,1780495415.76348,293
108887,1780495415.7634811,287
108888,1780495415.763482,290
108889,1780495415.763485,290
108890,1780495415.7660182,288
108891,1780495415.766021,291
108892,1780495415.766022,295
108893,1780495415.766023,295
108894,1780495415.766025,298
108895,1780495415.766026,299
108896,1780495415.766028,303
108897,1780495415.7660291,304
108898,1780495415.76603,306
108899,1780495415.766032,305
108900,1780495415.8011541,301
108901,1780495415.8011572,299
108902,1780495415.801158,300
108903,1780495415.801159,293
108904,1780495415.8011599,297
108905,1780495415.801161,292
108906,1780495415.801161,288
108907,1780495415.801162,291
108908,1780495415.801163,289
108909,1780495415.8011642,291
108910,1780495415.80406,292
108911,1780495415.804062,295
108912,1780495415.807677,296
108913,1780495415.807681,296
108914,1780495415.807682,298
108915,1780495415.807682,302
108916,1780495415.807683,302
108917,1780495415.8076842,304
108918,1780495415.8076851,309
108919,1780495415.8076859,303
108920,1780495415.8076859,302
108921,1780495415.807688,303
108922,1780495415.809632,298
108923,1780495415.809634,295
108924,1780495415.8096352,293
108925,1780495415.809636,295
108926,1780495415.809637,292
108927,1780495415.809637,292
108928,1780495415.8096378,292
108929,1780495415.809639,291
108930,1780495415.80964,292
108931,1780495415.809641,292
108932,1780495415.8127098,293
108933,1780495415.812712,296
108934,1780495415.812712,301
108935,1780495415.812713,303
108936,1780495415.812714,302
108937,1780495415.812715,304
108938,1780495415.812715,306
108939,1780495415.812716,304
108940,1780495415.812717,301
108941,1780495415.8127182,299
108942,1780495415.814038,301
108943,1780495415.8523571,298
108944,1780495415.85236,296
108945,1780495415.852361,295
108946,1780495415.852362,291
108947,1780495415.852362,293
108948,1780495415.852363,291
108949,1780495415.852364,293
108950,1780495415.852365,292
108951,1780495415.852365,295
108952,1780495415.8523672,292
108953,1780495415.855124,296
108954,1780495415.857627,298
108955,1780495415.8576288,302
108956,1780495415.85763,302
108957,1780495415.85763,306
108958,1780495415.857631,307
108959,1780495415.857632,305
108960,1780495415.857633,303
108961,1780495415.857633,301
108962,1780495415.857634,300
108963,1780495415.857635,297
108964,1780495415.8622148,297
108965,1780495415.862217,294
108966,1780495415.862218,292
108967,1780495415.862219,292
108968,1780495415.86222,293
108969,1780495415.86222,292
108970,1780495415.862221,292
108971,1780495415.8622222,293
108972,1780495415.8622231,292
108973,1780495415.8622231,296
108974,1780495415.8622239,299
108975,1780495415.864682,301
108976,1780495415.864683,306
108977,1780495415.864684,307
108978,1780495415.864695,308
108979,1780495415.864695,304
108980,1780495415.864696,302
108981,1780495415.864697,301
108982,1780495415.8646982,299
108983,1780495415.864699,297
108984,1780495415.8646998,293
108985,1780495415.868372,295
108986,1780495415.868374,291
108987,1780495415.868375,291
108988,1780495415.868375,291
108989,1780495415.868376,291
108990,1780495415.868377,292
108991,1780495415.8683782,293
108992,1780495415.8683789,293
108993,1780495415.8683789,296
108994,1780495415.8683798,299
108995,1780495415.868381,303
108996,1780495415.870901,304
108997,1780495415.870903,309
108998,1780495415.870904,309
108999,1780495415.8709052,306
109000,1780495415.8709052,306
109001,1780495415.870906,305
109002,1780495415.8709068,300
109003,1780495415.870908,300
109004,1780495415.870908,300
109005,1780495415.87091,296
109006,1780495415.8726301,296
109007,1780495415.906207,294
109008,1780495415.90621,295
109009,1780495415.9062111,296
109010,1780495415.906212,294
109011,1780495415.906213,295
109012,1780495415.906214,299
109013,1780495415.906215,300
109014,1780495415.906216,304
109015,1780495415.906216,306
109016,1780495415.9062169,308
109017,1780495415.906219,312
109018,1780495415.909641,310
109019,1780495415.9096441,312
109020,1780495415.909645,308
109021,1780495415.909646,306
109022,1780495415.909647,304
109023,1780495415.909648,300
109024,1780495415.909667,301
109025,1780495415.9096682,297
109026,1780495415.9096692,298
109027,1780495415.9096699,295
109028,1780495415.912124,293
109029,1780495415.912126,295
109030,1780495415.912127,294
109031,1780495415.912128,292
109032,1780495415.912129,295
109033,1780495415.912129,299
109034,1780495415.91213,299
109035,1780495415.912131,303
109036,1780495415.912132,304
109037,1780495415.9121332,309
109038,1780495415.913932,309
109039,1780495415.915961,307
109040,1780495415.915963,307
109041,1780495415.915964,304
109042,1780495415.9159648,301
109043,1780495415.915966,299
109044,1780495415.915967,297
109045,1780495415.915968,297
109046,1780495415.915968,292
109047,1780495415.9159691,292
109048,1780495415.915971,294
109049,1780495415.9176471,294
109050,1780495415.966187,293
109051,1780495415.96619,296
109052,1780495415.966191,297
109053,1780495415.9661922,296
109054,1780495415.966193,303
109055,1780495415.966194,303
109056,1780495415.966196,306
109057,1780495415.966197,309
109058,1780495415.966198,309
109059,1780495415.9662,307
109060,1780495415.9685628,310
109061,1780495415.968565,300
109062,1780495415.968566,301
109063,1780495415.9685671,302
109064,1780495415.968569,299
109065,1780495415.96857,299
109066,1780495415.968571,294
109067,1780495415.968572,292
109068,1780495415.9685729,291
109069,1780495415.968575,295
109070,1780495415.968577,295
109071,1780495415.972162,294
109072,1780495415.972165,299
109073,1780495415.972167,298
109074,1780495415.972168,304
109075,1780495415.972169,306
109076,1780495415.9721699,307
109077,1780495415.972172,310
109078,1780495415.972173,311
109079,1780495415.9721742,306
109080,1780495415.9721758,305
109081,1780495415.973842,303
109082,1780495415.9758651,299
109083,1780495415.975868,299
109084,1780495415.975869,295
109085,1780495415.97587,294
109086,1780495415.975872,299
109087,1780495415.975873,294
109088,1780495415.9758751,292
109089,1780495415.975876,294
109090,1780495415.975878,293
109091,1780495415.97588,296
109092,1780495415.978869,296
109093,1780495415.978872,304
109094,1780495415.978873,300
109095,1780495415.9788742,304
109096,1780495415.9788759,309
109097,1780495415.9788768,306
109098,1780495415.978878,309
109099,1780495415.97888,309
109100,1780495415.9788811,306
109101,1780495415.978883,302
109102,1780495415.982338,301
109103,1780495415.98234,298
109104,1780495415.982342,298
109105,1780495415.982343,298
109106,1780495415.9823449,292
109107,1780495415.982346,295
109108,1780495415.982347,295
109109,1780495415.9823492,293
109110,1780495415.98235,298
109111,1780495415.982351,298
109112,1780495415.982353,298
109113,1780495415.9823549,301
109114,1780495416.012428,301
109115,1780495416.0124319,305
109116,1780495416.012434,309
109117,1780495416.012436,308
109118,1780495416.012438,309
109119,1780495416.012439,308
109120,1780495416.0124412,306
109121,1780495416.0124428,303
109122,1780495416.012445,302
109123,1780495416.012448,301
109124,1780495416.016027,300
109125,1780495416.016038,298
109126,1780495416.0160398,293
109127,1780495416.016042,295
109128,1780495416.016043,293
109129,1780495416.016045,293
109130,1780495416.016047,297
109131,1780495416.016049,296
109132,1780495416.016051,298
109133,1780495416.016053,303
109134,1780495416.016055,301
109135,1780495416.018461,307
109136,1780495416.018465,307
109137,1780495416.0184672,309
109138,1780495416.018469,307
109139,1780495416.018471,307
109140,1780495416.018473,307
109141,1780495416.018475,303
109142,1780495416.018476,302
109143,1780495416.0184782,296
109144,1780495416.01848,296
109145,1780495416.0209951,297
109146,1780495416.020998,294
109147,1780495416.021,294
109148,1780495416.021002,294
109149,1780495416.021004,294
109150,1780495416.0210052,294
109151,1780495416.021007,297
109152,1780495416.021009,299
109153,1780495416.0210109,300
109154,1780495416.021013,305
109155,1780495416.021015,304
109156,1780495416.0562298,308
109157,1780495416.056236,309
109158,1780495416.0562391,308
109159,1780495416.056242,307
109160,1780495416.056245,305
109161,1780495416.056248,306
109162,1780495416.0562508,302
109163,1780495416.056254,301
109164,1780495416.056257,296
109165,1780495416.05626,297
109166,1780495416.056264,294
109167,1780495416.0599759,293
109168,1780495416.059998,295
109169,1780495416.0600052,296
109170,1780495416.060008,296
109171,1780495416.060011,295
109172,1780495416.060013,300
109173,1780495416.0600152,302
109174,1780495416.0600178,305
109175,1780495416.06002,305
109176,1780495416.060023,307
109177,1780495416.0600362,313
109178,1780495416.062285,312
109179,1780495416.0623019,308
109180,1780495416.0623062,309
109181,1780495416.062312,304
109182,1780495416.062315,304
109183,1780495416.062318,302
109184,1780495416.062321,298
109185,1780495416.0623271,295
109186,1780495416.06233,299
109187,1780495416.062335,294
109188,1780495416.064886,296
109189,1780495416.064904,292
109190,1780495416.064907,294
109191,1780495416.064909,297
109192,1780495416.0649118,297
109193,1780495416.064915,301
109194,1780495416.064918,302
109195,1780495416.0649211,304
109196,1780495416.064924,308
109197,1780495416.0649269,309
109198,1780495416.06493,310
109199,1780495416.0749362,309
109200,1780495416.074956,307
109201,1780495416.0749598,305
109202,1780495416.0749629,303
109203,1780495416.0749671,301
109204,1780495416.07497,299
109205,1780495416.0749729,297
109206,1780495416.074979,296
109207,1780495416.074982,293
109208,1780495416.074985,298
109209,1780495416.074987,293
109210,1780495416.0749938,298
109211,1780495416.105299,299
109212,1780495416.105342,298
109213,1780495416.1053498,300
109214,1780495416.105356,299
109215,1780495416.105363,306
109216,1780495416.105373,309
109217,1780495416.105381,311
109218,1780495416.105386,311
109219,1780495416.105419,309
109220,1780495416.105431,308
109221,1780495416.108669,310
109222,1780495416.1086872,298
109223,1780495416.108694,307
109224,1780495416.1086988,298
109225,1780495416.108703,303
109226,1780495416.108715,299
109227,1780495416.10872,295
109228,1780495416.108737,297
109229,1780495416.108771,297
109230,1780495416.108791,299
109231,1780495416.111135,299
109232,1780495416.111159,301
109233,1780495416.111166,295
109234,1780495416.111171,305
109235,1780495416.111176,308
109236,1780495416.111181,308
109237,1780495416.111186,313
109238,1780495416.111191,311
109239,1780495416.1111958,312
109240,1780495416.111203,311
109241,1780495416.113039,304
109242,1780495416.152591,304
109243,1780495416.152621,301
109244,1780495416.152626,302
109245,1780495416.15263,299
109246,1780495416.1526349,296
109247,1780495416.152639,298
109248,1780495416.152645,296
109249,1780495416.152649,298
109250,1780495416.1526542,296
109251,1780495416.15266,298
109252,1780495416.155942,303
109253,1780495416.155949,306
109254,1780495416.155954,306
109255,1780495416.155958,309
109256,1780495416.155963,311
109257,1780495416.155966,313
109258,1780495416.15597,313
109259,1780495416.1559749,316
109260,1780495416.155978,309
109261,1780495416.1559832,307
109262,1780495416.157745,306
109263,1780495416.164779,302
109264,1780495416.164802,298
109265,1780495416.164806,301
109266,1780495416.164809,297
109267,1780495416.164812,294
109268,1780495416.164816,296
109269,1780495416.1648178,297
109270,1780495416.164821,301
109271,1780495416.164824,300
109272,1780495416.1648269,301
109273,1780495416.164832,307
109274,1780495416.167199,307
109275,1780495416.167212,308
109276,1780495416.167215,309
109277,1780495416.167218,315
109278,1780495416.167221,315
109279,1780495416.167223,310
109280,1780495416.167229,309
109281,1780495416.167232,306
109282,1780495416.1672351,303
109283,1780495416.167238,301
109284,1780495416.169624,301
109285,1780495416.1696289,301
109286,1780495416.169632,299
109287,1780495416.169635,297
109288,1780495416.1696372,297
109289,1780495416.1696389,297
109290,1780495416.169642,299
109291,1780495416.169644,302
109292,1780495416.169646,295
109293,1780495416.169649,301
109294,1780495416.171457,305
109295,1780495416.173825,308
109296,1780495416.1738298,308
109297,1780495416.173833,309
109298,1780495416.173836,313
109299,1780495416.1738381,309
109300,1780495416.1738398,307
109301,1780495416.173843,305
109302,1780495416.173845,303
109303,1780495416.1738482,304
109304,1780495416.1738508,297
109305,1780495416.176408,295
109306,1780495416.178564,296
109307,1780495416.178569,294
109308,1780495416.178571,296
109309,1780495416.178574,296
109310,1780495416.1785758,294
109311,1780495416.178578,298
109312,1780495416.17858,297
109313,1780495416.178582,301
109314,1780495416.178585,303
109315,1780495416.178588,306
109316,1780495416.208558,308
109317,1780495416.208562,314
109318,1780495416.2085629,313
109319,1780495416.208564,310
109320,1780495416.208566,308
109321,1780495416.2085671,302
109322,1780495416.208568,303
109323,1780495416.208575,304
109324,1780495416.208576,302
109325,1780495416.208578,297
109326,1780495416.211338,296
109327,1780495416.2134101,297
109328,1780495416.213412,298
109329,1780495416.213414,295
109330,1780495416.213415,296
109331,1780495416.2134159,295
109332,1780495416.213417,296
109333,1780495416.213419,300
109334,1780495416.21342,304
109335,1780495416.213421,304
109336,1780495416.213423,307
109337,1780495416.2151868,310
109338,1780495416.217262,313
109339,1780495416.2172642,311
109340,1780495416.2172658,309
109341,1780495416.217267,307
109342,1780495416.217268,301
109343,1780495416.217269,301
109344,1780495416.21727,299
109345,1780495416.217272,299
109346,1780495416.217273,295
109347,1780495416.217275,294
109348,1780495416.247537,296
109349,1780495416.24754,291
109350,1780495416.247541,293
109351,1780495416.247542,298
109352,1780495416.247542,301
109353,1780495416.247543,299
109354,1780495416.247544,302
109355,1780495416.247545,305
109356,1780495416.247545,311
109357,1780495416.2475462,311
109358,1780495416.247547,310
109359,1780495416.2475479,308
109360,1780495416.250895,307
109361,1780495416.250897,304
109362,1780495416.250898,302
109363,1780495416.250898,300
109364,1780495416.2508988,298
109365,1780495416.2509,296
109366,1780495416.250901,294
109367,1780495416.250902,294
109368,1780495416.250902,293
109369,1780495416.2533739,295
109370,1780495416.253376,298
109371,1780495416.253377,298
109372,1780495416.253377,300
109373,1780495416.2533782,299
109374,1780495416.253379,302
109375,1780495416.25338,304
109376,1780495416.25338,306
109377,1780495416.253381,307
109378,1780495416.253382,311
109379,1780495416.253383,308
109380,1780495416.255868,304
109381,1780495416.255869,304
109382,1780495416.2558699,303
109383,1780495416.255871,301
109384,1780495416.255872,294
109385,1780495416.255872,296
109386,1780495416.255873,294
109387,1780495416.2558742,292
109388,1780495416.255875,292
109389,1780495416.255876,293
109390,1780495416.257688,293
109391,1780495416.2873988,293
109392,1780495416.287401,296
109393,1780495416.287402,300
109394,1780495416.287403,302
109395,1780495416.287404,305
109396,1780495416.287404,306
109397,1780495416.287405,309
109398,1780495416.287406,309
109399,1780495416.2874072,306
109400,1780495416.287408,307
109401,1780495416.2874088,300
109402,1780495416.290923,304
109403,1780495416.290924,298
109404,1780495416.290925,299
109405,1780495416.290926,297
109406,1780495416.2909272,297
109407,1780495416.2909272,293
109408,1780495416.2909281,293
109409,1780495416.2909288,294
109410,1780495416.29093,296
109411,1780495416.290931,300
109412,1780495416.2940018,299
109413,1780495416.294004,300
109414,1780495416.294005,302
109415,1780495416.294008,305
109416,1780495416.294009,306
109417,1780495416.2940102,310
109418,1780495416.2940102,311
109419,1780495416.2940109,305
109420,1780495416.2940118,306
109421,1780495416.294013,306
109422,1780495416.294014,302
109423,1780495416.294015,296
109424,1780495416.297256,295
109425,1780495416.297258,296
109426,1780495416.297259,293
109427,1780495416.29726,292
109428,1780495416.297261,293
109429,1780495416.2972622,297
109430,1780495416.2972622,296
109431,1780495416.2972631,294
109432,1780495416.297264,297
109433,1780495416.2972648,299
109434,1780495416.331058,303
109435,1780495416.33106,307
109436,1780495416.331061,307
109437,1780495416.331062,309
109438,1780495416.331063,309
109439,1780495416.331064,307
109440,1780495416.331064,302
109441,1780495416.3310652,306
109442,1780495416.3310661,301
109443,1780495416.3310668,303
109444,1780495416.334646,301
109445,1780495416.3346481,294
109446,1780495416.334649,294
109447,1780495416.33465,293
109448,1780495416.334651,293
109449,1780495416.334651,295
109450,1780495416.334652,293
109451,1780495416.334653,300
109452,1780495416.3346539,296
109453,1780495416.334655,300
109454,1780495416.3363872,302
109455,1780495416.338351,304
109456,1780495416.338353,308
109457,1780495416.3383539,308
109458,1780495416.3383548,311
109459,1780495416.3383548,310
109460,1780495416.338356,307
109461,1780495416.33836,304
109462,1780495416.33836,301
109463,1780495416.338361,298
109464,1780495416.3383622,299
109465,1780495416.3401191,297
109466,1780495416.342211,294
109467,1780495416.3422132,294
109468,1780495416.3422139,292
109469,1780495416.3422139,291
109470,1780495416.3422148,295
109471,1780495416.342216,293
109472,1780495416.342217,296
109473,1780495416.342218,301
109474,1780495416.342218,304
109475,1780495416.34222,308
109476,1780495416.352739,303
109477,1780495416.352741,310
109478,1780495416.352742,307
109479,1780495416.352743,310
109480,1780495416.352743,306
109481,1780495416.3527439,306
109482,1780495416.352745,302
109483,1780495416.352746,299
109484,1780495416.352747,298
109485,1780495416.352748,298
109486,1780495416.354054,294
109487,1780495416.386164,292
109488,1780495416.386166,293
109489,1780495416.386167,291
109490,1780495416.386168,295
109491,1780495416.3861701,299
109492,1780495416.3861709,297
109493,1780495416.3861718,302
109494,1780495416.386173,300
109495,1780495416.386174,304
109496,1780495416.386175,306
109497,1780495416.388866,309
109498,1780495416.3908548,309
109499,1780495416.390857,308
109500,1780495416.390858,308
109501,1780495416.3908591,306
109502,1780495416.39086,300
109503,1780495416.390861,301
109504,1780495416.390862,300
109505,1780495416.3908632,294
109506,1780495416.390864,294
109507,1780495416.3908658,293
109508,1780495416.3934631,292
109509,1780495416.393465,296
109510,1780495416.393466,299
109511,1780495416.393467,294
109512,1780495416.393468,297
109513,1780495416.393472,301
109514,1780495416.393473,302
109515,1780495416.393474,307
109516,1780495416.393475,305
109517,1780495416.393476,311
109518,1780495416.393478,309
109519,1780495416.396011,305
109520,1780495416.396013,303
109521,1780495416.396014,305
109522,1780495416.3960152,302
109523,1780495416.3960161,299
109524,1780495416.3960168,292
109525,1780495416.396018,295
109526,1780495416.39602,297
109527,1780495416.396021,290
109528,1780495416.396022,291
109529,1780495416.396023,292
109530,1780495416.4411561,295
109531,1780495416.44116,293
109532,1780495416.441161,300
109533,1780495416.441163,301
109534,1780495416.441164,301
109535,1780495416.4411662,303
109536,1780495416.4411678,306
109537,1780495416.4411688,313
109538,1780495416.441171,306
109539,1780495416.441173,306
109540,1780495416.447296,304
109541,1780495416.4473002,297
109542,1780495416.4473019,303
109543,1780495416.4473028,301
109544,1780495416.447305,299
109545,1780495416.447306,297
109546,1780495416.447308,294
109547,1780495416.447309,293
109548,1780495416.4473112,297
109549,1780495416.4473119,295
109550,1780495416.447315,298
109551,1780495416.4497569,296
109552,1780495416.44976,300
109553,1780495416.449762,300
109554,1780495416.449764,303
109555,1780495416.449771,305
109556,1780495416.449773,310
109557,1780495416.449774,310
109558,1780495416.4497762,309
109559,1780495416.4497778,308
109560,1780495416.449781,307
109561,1780495416.451406,301
109562,1780495416.4534101,301
109563,1780495416.453415,299
109564,1780495416.453417,299
109565,1780495416.453418,295
109566,1780495416.45342,294
109567,1780495416.453422,294
109568,1780495416.4534242,298
109569,1780495416.453426,294
109570,1780495416.4534268,293
109571,1780495416.45343,291
109572,1780495416.455956,297
109573,1780495416.455959,295
109574,1780495416.455961,301
109575,1780495416.455963,305
109576,1780495416.455965,307
109577,1780495416.455967,313
109578,1780495416.455969,308
109579,1780495416.455971,308
109580,1780495416.4559722,305
109581,1780495416.4559739,304
109582,1780495416.455977,301
109583,1780495416.458474,297
109584,1780495416.4584792,295
109585,1780495416.4584808,296
109586,1780495416.458483,292
109587,1780495416.458484,292
109588,1780495416.458486,294
109589,1780495416.4584892,293
109590,1780495416.4584901,292
109591,1780495416.4584918,297
109592,1780495416.458494,298
109593,1780495416.488755,300
109594,1780495416.4887612,300
109595,1780495416.4887638,303
109596,1780495416.488767,306
109597,1780495416.48877,310
109598,1780495416.488773,309
109599,1780495416.4887831,308
109600,1780495416.488786,304
109601,1780495416.488789,303
109602,1780495416.4887922,301
109603,1780495416.488794,305
109604,1780495416.488799,302
109605,1780495416.495308,296
109606,1780495416.495313,292
109607,1780495416.4953148,293
109608,1780495416.495317,296
109609,1780495416.495318,293
109610,1780495416.49532,297
109611,1780495416.495321,297
109612,1780495416.495323,298
109613,1780495416.4953249,300
109614,1780495416.495327,303
109615,1780495416.495571,304
109616,1780495416.495575,308
109617,1780495416.4955761,314
109618,1780495416.495578,309
109619,1780495416.4955788,307
109620,1780495416.495581,304
109621,1780495416.495583,302
109622,1780495416.495585,300
109623,1780495416.4955862,298
109624,1780495416.495588,296
109625,1780495416.499553,296
109626,1780495416.499566,293
109627,1780495416.499567,294
109628,1780495416.499569,295
109629,1780495416.49957,292
109630,1780495416.4995708,293
109631,1780495416.4995708,296
109632,1780495416.499573,296
109633,1780495416.499574,298
109634,1780495416.4995751,301
109635,1780495416.499576,305
109636,1780495416.528734,308
109637,1780495416.528765,311
109638,1780495416.52877,311
109639,1780495416.528775,309
109640,1780495416.528779,308
109641,1780495416.5287821,302
109642,1780495416.528786,301
109643,1780495416.52879,303
109644,1780495416.528794,297
109645,1780495416.528814,296
109646,1780495416.53158,295
109647,1780495416.534087,292
109648,1780495416.534104,295
109649,1780495416.534108,296
109650,1780495416.534112,295
109651,1780495416.534116,298
109652,1780495416.5341198,302
109653,1780495416.534123,301
109654,1780495416.534127,305
109655,1780495416.534131,304
109656,1780495416.534135,309
109657,1780495416.5341399,308
109658,1780495416.539855,310
109659,1780495416.539874,309
109660,1780495416.5398772,305
109661,1780495416.53988,304
109662,1780495416.539883,302
109663,1780495416.539885,300
109664,1780495416.5398881,297
109665,1780495416.539891,296
109666,1780495416.539893,297
109667,1780495416.5398972,296
109668,1780495416.542426,294
109669,1780495416.542442,294
109670,1780495416.5424461,293
109671,1780495416.542449,292
109672,1780495416.542453,300
109673,1780495416.542457,301
109674,1780495416.54246,305
109675,1780495416.542464,306
109676,1780495416.542467,308
109677,1780495416.542471,312
109678,1780495416.542476,308
109679,1780495416.572792,309
109680,1780495416.572841,307
109681,1780495416.57285,304
109682,1780495416.572856,303
109683,1780495416.572861,301
109684,1780495416.572865,294
109685,1780495416.5728698,293
109686,1780495416.572876,295
109687,1780495416.572881,291
109688,1780495416.5728881,294
109689,1780495416.575336,295
109690,1780495416.5772412,296
109691,1780495416.5772538,297
109692,1780495416.577259,300
109693,1780495416.577263,299
109694,1780495416.577266,304
109695,1780495416.57727,305
109696,1780495416.577274,306
109697,1780495416.577278,313
109698,1780495416.577281,310
109699,1780495416.577286,307
109700,1780495416.579884,304
109701,1780495416.579903,303
109702,1780495416.5799072,306
109703,1780495416.579911,298
109704,1780495416.579915,298
109705,1780495416.5799181,295
109706,1780495416.579922,298
109707,1780495416.579935,294
109708,1780495416.5799391,296
109709,1780495416.579942,295
109710,1780495416.579948,294
109711,1780495416.5876632,300
109712,1780495416.5876942,301
109713,1780495416.587701,301
109714,1780495416.5877068,302
109715,1780495416.587712,304
109716,1780495416.5877178,306
109717,1780495416.587723,311
109718,1780495416.587729,309
109719,1780495416.587734,309
109720,1780495416.587739,307
109721,1780495416.587747,304
109722,1780495416.617528,301
109723,1780495416.6175418,300
109724,1780495416.617545,300
109725,1780495416.617547,297
109726,1780495416.617549,294
109727,1780495416.617551,293
109728,1780495416.617554,292
109729,1780495416.617557,298
109730,1780495416.6175601,297
109731,1780495416.617565,297
109732,1780495416.620967,299
109733,1780495416.620971,299
109734,1780495416.620973,305
109735,1780495416.620975,309
109736,1780495416.620977,311
109737,1780495416.6209788,314
109738,1780495416.62098,310
109739,1780495416.620982,309
109740,1780495416.620984,307
109741,1780495416.6209862,304
109742,1780495416.6209888,301
109743,1780495416.6238358,300
109744,1780495416.623841,301
109745,1780495416.6238441,297
109746,1780495416.6238458,293
109747,1780495416.623847,295
109748,1780495416.623849,296
109749,1780495416.623851,296
109750,1780495416.623853,295
109751,1780495416.623855,296
109752,1780495416.623856,299
109753,1780495416.629784,299
109754,1780495416.629788,303
109755,1780495416.62979,307
109756,1780495416.629792,308
109757,1780495416.629793,312
109758,1780495416.629795,309
109759,1780495416.629796,307
109760,1780495416.629812,305
109761,1780495416.629814,304
109762,1780495416.629815,305
109763,1780495416.629817,298
109764,1780495416.6598778,299
109765,1780495416.659882,294
109766,1780495416.659883,296
109767,1780495416.659884,292
109768,1780495416.6598852,294
109769,1780495416.659887,295
109770,1780495416.659888,298
109771,1780495416.659889,299
109772,1780495416.65989,299
109773,1780495416.659892,301
109774,1780495416.6626182,303
109775,1780495416.664714,308
109776,1780495416.664716,310
109777,1780495416.664717,315
109778,1780495416.6647182,311
109779,1780495416.664719,308
109780,1780495416.6647198,304
109781,1780495416.664721,306
109782,1780495416.664722,303
109783,1780495416.664723,297
109784,1780495416.6647239,297
109785,1780495416.664725,299
109786,1780495416.6684768,297
109787,1780495416.668479,293
109788,1780495416.66848,293
109789,1780495416.668481,298
109790,1780495416.668482,294
109791,1780495416.668483,301
109792,1780495416.668483,300
109793,1780495416.6684842,305
109794,1780495416.6684852,302
109795,1780495416.6684868,309
109796,1780495416.6722,307
109797,1780495416.6722019,308
109798,1780495416.672203,311
109799,1780495416.672203,311
109800,1780495416.672204,308
109801,1780495416.672205,308
109802,1780495416.6722062,300
109803,1780495416.672207,298
109804,1780495416.6722078,298
109805,1780495416.6722078,299
109806,1780495416.672214,296
109807,1780495416.7024572,293
109808,1780495416.702462,298
109809,1780495416.702463,295
109810,1780495416.702464,298
109811,1780495416.702465,298
109812,1780495416.702465,298
109813,1780495416.702466,297
109814,1780495416.702467,305
109815,1780495416.7024682,307
109816,1780495416.702469,309
109817,1780495416.702469,312
109818,1780495416.702471,313
109819,1780495416.7058282,309
109820,1780495416.7058308,306
109821,1780495416.705832,304
109822,1780495416.705833,300
109823,1780495416.705833,303
109824,1780495416.705834,301
109825,1780495416.705835,299
109826,1780495416.705836,292
109827,1780495416.705837,295
109828,1780495416.708522,297
109829,1780495416.708523,294
109830,1780495416.708524,298
109831,1780495416.708525,296
109832,1780495416.7085261,299
109833,1780495416.708527,302
109834,1780495416.708528,304
109835,1780495416.708528,306
109836,1780495416.708529,307
109837,1780495416.70853,311
109838,1780495416.708531,312
109839,1780495416.712639,310
109840,1780495416.712641,306
109841,1780495416.712642,306
109842,1780495416.7126431,303
109843,1780495416.712644,302
109844,1780495416.712645,298
109845,1780495416.712645,297
109846,1780495416.7126458,293
109847,1780495416.712647,294
109848,1780495416.712648,295
109849,1780495416.750487,296
109850,1780495416.7533429,298
109851,1780495416.753345,297
109852,1780495416.753346,299
109853,1780495416.7533472,300
109854,1780495416.753348,305
109855,1780495416.753348,304
109856,1780495416.753349,309
109857,1780495416.7533498,309
109858,1780495416.753351,311
109859,1780495416.753352,312
109860,1780495416.755981,309
109861,1780495416.755983,305
109862,1780495416.7559838,301
109863,1780495416.7559848,300
109864,1780495416.7559848,301
109865,1780495416.755986,298
109866,1780495416.755987,296
109867,1780495416.755988,292
109868,1780495416.755989,294
109869,1780495416.755989,294
109870,1780495416.755991,296
109871,1780495416.758472,296
109872,1780495416.7584739,299
109873,1780495416.7584739,301
109874,1780495416.758475,302
109875,1780495416.758476,304
109876,1780495416.758477,309
109877,1780495416.7584782,312
109878,1780495416.758479,309
109879,1780495416.758479,309
109880,1780495416.7584798,309
109881,1780495416.7584808,303
109882,1780495416.7609658,301
109883,1780495416.760968,298
109884,1780495416.760969,298
109885,1780495416.7609699,296
109886,1780495416.7609699,295
109887,1780495416.760971,293
109888,1780495416.760972,294
109889,1780495416.760973,294
109890,1780495416.7609742,293
109891,1780495416.7609751,297
109892,1780495416.76476,301
109893,1780495416.764761,300
109894,1780495416.7647622,303
109895,1780495416.7647629,306
109896,1780495416.7647638,309
109897,1780495416.764765,311
109898,1780495416.764766,309
109899,1780495416.764767,307
109900,1780495416.764767,306
109901,1780495416.764768,301
109902,1780495416.764769,304
109903,1780495416.794961,300
109904,1780495416.794963,299
109905,1780495416.794964,298
109906,1780495416.794965,295
109907,1780495416.794966,291
109908,1780495416.794967,292
109909,1780495416.7949681,295
109910,1780495416.7949681,296
109911,1780495416.794969,299
109912,1780495416.79497,297
109913,1780495416.794971,302
109914,1780495416.798461,305
109915,1780495416.798464,307
109916,1780495416.798465,310
109917,1780495416.798466,308
109918,1780495416.798466,311
109919,1780495416.7984672,308
109920,1780495416.798468,305
109921,1780495416.798469,305
109922,1780495416.7984698,302
109923,1780495416.798471,299
109924,1780495416.801038,302
109925,1780495416.80104,295
109926,1780495416.801041,295
109927,1780495416.8010418,294
109928,1780495416.801043,297
109929,1780495416.801044,296
109930,1780495416.801045,293
109931,1780495416.801045,297
109932,1780495416.8010461,299
109933,1780495416.801047,301
109934,1780495416.801049,305
109935,1780495416.8327758,304
109936,1780495416.832779,308
109937,1780495416.8327801,312
109938,1780495416.832781,309
109939,1780495416.832782,308
109940,1780495416.8327832,304
109941,1780495416.832784,304
109942,1780495416.832785,304
109943,1780495416.8327858,301
109944,1780495416.832791,300
109945,1780495416.832793,299
109946,1780495416.8372009,295
109947,1780495416.837203,296
109948,1780495416.837205,297
109949,1780495416.8372061,298
109950,1780495416.837207,300
109951,1780495416.837208,298
109952,1780495416.837209,300
109953,1780495416.8372102,301
109954,1780495416.8372118,304
109955,1780495416.837213,309
109956,1780495416.839655,306
109957,1780495416.839658,309
109958,1780495416.839659,310
109959,1780495416.83966,310
109960,1780495416.839662,306
109961,1780495416.839663,303
109962,1780495416.8396642,303
109963,1780495416.839665,301
109964,1780495416.8396668,295
109965,1780495416.839668,294
109966,1780495416.83967,296
109967,1780495416.8422358,293
109968,1780495416.842238,291
109969,1780495416.842239,295
109970,1780495416.842241,295
109971,1780495416.842242,298
109972,1780495416.842243,297
109973,1780495416.842245,301
109974,1780495416.8422458,303
109975,1780495416.842247,307
109976,1780495416.842248,306
109977,1780495416.8422499,312
109978,1780495416.872443,312
109979,1780495416.872447,307
109980,1780495416.872448,307
109981,1780495416.87245,303
109982,1780495416.872451,300
109983,1780495416.8724532,300
109984,1780495416.872454,297
109985,1780495416.8724558,296
109986,1780495416.872458,294
109987,1780495416.872459,296
109988,1780495416.872462,291
109989,1780495416.875919,295
109990,1780495416.875927,295
109991,1780495416.875929,299
109992,1780495416.87593,299
109993,1780495416.875932,301
109994,1780495416.875933,304
109995,1780495416.875935,305
109996,1780495416.875936,312
109997,1780495416.875938,313
109998,1780495416.87594,310
109999,1780495416.87851,309
110000,1780495416.8785129,311
110001,1780495416.8785138,304
110002,1780495416.878516,303
110003,1780495416.878518,301
110004,1780495416.878519,297
110005,1780495416.8785212,296
110006,1780495416.8785222,295
110007,1780495416.8785238,292
110008,1780495416.878525,292
110009,1780495416.878528,297
110010,1780495416.882302,295
110011,1780495416.882305,300
110012,1780495416.882307,296
110013,1780495416.8823092,302
110014,1780495416.88231,304
110015,1780495416.8823118,306
110016,1780495416.882313,310
110017,1780495416.882315,311
110018,1780495416.882316,307
110019,1780495416.8823192,307
110020,1780495416.9125261,306
110021,1780495416.912531,303
110022,1780495416.912533,298
110023,1780495416.912535,300
110024,1780495416.912538,296
110025,1780495416.91254,295
110026,1780495416.9125419,293
110027,1780495416.912544,294
110028,1780495416.9125462,294
110029,1780495416.912549,297
110030,1780495416.9125519,295
110031,1780495416.916044,297
110032,1780495416.916049,298
110033,1780495416.916051,302
110034,1780495416.916054,303
110035,1780495416.9160562,308
110036,1780495416.916064,311
110037,1780495416.916066,313
110038,1780495416.916069,311
110039,1780495416.916071,309
110040,1780495416.9160728,305
110041,1780495416.916076,303
110042,1780495416.91856,305
110043,1780495416.918564,302
110044,1780495416.918566,298
110045,1780495416.9185688,300
110046,1780495416.918571,298
110047,1780495416.9185731,296
110048,1780495416.918575,297
110049,1780495416.918577,300
110050,1780495416.91858,296
110051,1780495416.9185832,298
110052,1780495416.948919,300
110053,1780495416.9489431,302
110054,1780495416.948948,309
110055,1780495416.94896,309
110056,1780495416.9489632,313
110057,1780495416.948967,315
110058,1780495416.948988,313
110059,1780495416.948999,308
110060,1780495416.949018,308
110061,1780495416.949022,306
110062,1780495416.9490292,304
110063,1780495416.952847,302
110064,1780495416.952875,301
110065,1780495416.952885,300
110066,1780495416.9528902,299
110067,1780495416.952894,297
110068,1780495416.952898,297
110069,1780495416.9529028,298
110070,1780495416.952907,299
110071,1780495416.9529102,300
110072,1780495416.952914,301
110073,1780495416.957161,306
110074,1780495416.957172,308
110075,1780495416.9571772,310
110076,1780495416.957181,311
110077,1780495416.957186,312
110078,1780495416.957189,307
110079,1780495416.957193,307
110080,1780495416.957202,304
110081,1780495416.957206,306
110082,1780495416.95721,299
110083,1780495416.957215,303
110084,1780495416.959775,297
110085,1780495416.9597921,297
110086,1780495416.959799,297
110087,1780495416.9598029,296
110088,1780495416.959807,292
110089,1780495416.959811,295
110090,1780495416.9598138,299
110091,1780495416.95982,301
110092,1780495416.9598231,301
110093,1780495416.959827,303
110094,1780495416.959831,308
110095,1780495416.990193,306
110096,1780495416.990219,309
110097,1780495416.9902248,310
110098,1780495416.99023,310
110099,1780495416.9902332,309
110100,1780495416.990237,304
110101,1780495416.990247,306
110102,1780495416.990251,303
110103,1780495416.990255,301
110104,1780495416.990258,296
110105,1780495416.9902642,297
110106,1780495416.9934888,296
110107,1780495416.993502,294
110108,1780495416.993506,295
110109,1780495416.993509,293
110110,1780495416.9935129,301
110111,1780495416.9935172,297
110112,1780495416.993522,301
110113,1780495416.993527,300
110114,1780495416.993533,306
110115,1780495416.993539,308
110116,1780495416.996202,311
110117,1780495416.996226,309
110118,1780495416.996232,308
110119,1780495416.996237,306
110120,1780495416.9962418,305
110121,1780495416.996247,303
110122,1780495416.9962518,305
110123,1780495416.996257,299
110124,1780495416.9962618,297
110125,1780495416.996268,297
110126,1780495416.996275,295
110127,1780495417.042915,292
110128,1780495417.04294,295
110129,1780495417.042945,295
110130,1780495417.0429492,296
110131,1780495417.042953,301
110132,1780495417.042956,301
110133,1780495417.0429592,304
110134,1780495417.0429618,304
110135,1780495417.042965,304
110136,1780495417.042967,310
110137,1780495417.0429718,312
110138,1780495417.047263,312
110139,1780495417.0472782,307
110140,1780495417.047282,305
110141,1780495417.047285,305
110142,1780495417.0472882,304
110143,1780495417.047307,301
110144,1780495417.047311,296
110145,1780495417.047314,297
110146,1780495417.047317,295
110147,1780495417.047322,293
110148,1780495417.049663,292
110149,1780495417.04967,298
110150,1780495417.0496728,298
110151,1780495417.049676,300
110152,1780495417.049679,298
110153,1780495417.049682,303
110154,1780495417.049685,306
110155,1780495417.0496871,311
110156,1780495417.04969,312
110157,1780495417.0496929,314
110158,1780495417.049697,309
110159,1780495417.05216,309
110160,1780495417.052166,308
110161,1780495417.0521688,305
110162,1780495417.052172,305
110163,1780495417.052175,300
110164,1780495417.052178,300
110165,1780495417.052181,295
110166,1780495417.0521832,295
110167,1780495417.052186,293
110168,1780495417.0521889,299
110169,1780495417.052193,296
110170,1780495417.0546482,298
110171,1780495417.054654,298
110172,1780495417.054657,304
110173,1780495417.0546591,306
110174,1780495417.054661,301
110175,1780495417.054663,305
110176,1780495417.054666,313
110177,1780495417.054668,315
110178,1780495417.05467,308
110179,1780495417.054674,305
110180,1780495417.0572422,306
110181,1780495417.057246,307
110182,1780495417.057249,302
110183,1780495417.057251,299
110184,1780495417.0572531,299
110185,1780495417.0572622,297
110186,1780495417.057264,295
110187,1780495417.057266,295
110188,1780495417.057268,296
110189,1780495417.05727,296
110190,1780495417.057274,298
110191,1780495417.087511,298
110192,1780495417.0875149,300
110193,1780495417.087517,302
110194,1780495417.087519,306
110195,1780495417.08752,306
110196,1780495417.087521,309
110197,1780495417.0875242,309
110198,1780495417.0875251,311
110199,1780495417.0875258,306
110200,1780495417.087528,308
110201,1780495417.08753,305
110202,1780495417.0908911,301
110203,1780495417.090894,300
110204,1780495417.090896,300
110205,1780495417.0908968,299
110206,1780495417.090898,293
110207,1780495417.090899,294
110208,1780495417.090901,296
110209,1780495417.090902,298
110210,1780495417.090903,296
110211,1780495417.0909052,298
110212,1780495417.0934331,302
110213,1780495417.0934348,301
110214,1780495417.093437,305
110215,1780495417.093438,308
110216,1780495417.093441,312
110217,1780495417.093442,315
110218,1780495417.093444,313
110219,1780495417.093445,309
110220,1780495417.0934458,307
110221,1780495417.093447,305
110222,1780495417.0934489,306
110223,1780495417.0960152,302
110224,1780495417.0960178,298
110225,1780495417.096019,298
110226,1780495417.09602,297
110227,1780495417.096025,295
110228,1780495417.0960262,298
110229,1780495417.096027,297
110230,1780495417.0960279,300
110231,1780495417.09603,299
110232,1780495417.096031,300
110233,1780495417.096033,302
110234,1780495417.1260438,304
110235,1780495417.126048,308
110236,1780495417.126049,311
110237,1780495417.126049,314
110238,1780495417.12605,313
110239,1780495417.1260512,307
110240,1780495417.1260521,307
110241,1780495417.126053,305
110242,1780495417.1260538,300
110243,1780495417.126055,301
110244,1780495417.129704,301
110245,1780495417.129706,302
110246,1780495417.129707,299
110247,1780495417.129708,294
110248,1780495417.129709,298
110249,1780495417.129709,300
110250,1780495417.1297102,300
110251,1780495417.1297112,303
110252,1780495417.129712,303
110253,1780495417.1297128,307
110254,1780495417.129714,307
110255,1780495417.132683,309
110256,1780495417.132685,311
110257,1780495417.1326861,315
110258,1780495417.1326861,311
110259,1780495417.132687,308
110260,1780495417.1326878,308
110261,1780495417.132689,305
110262,1780495417.13269,304
110263,1780495417.13269,303
110264,1780495417.132691,300
110265,1780495417.1326919,301
110266,1780495417.166092,300
110267,1780495417.166095,299
110268,1780495417.166096,298
110269,1780495417.166097,298
110270,1780495417.1660979,302
110271,1780495417.1660988,300
110272,1780495417.1661,304
110273,1780495417.1661,306
110274,1780495417.166107,309
110275,1780495417.166108,309
110276,1780495417.1697652,312
110277,1780495417.169767,315
110278,1780495417.1697679,315
110279,1780495417.169771,311
110280,1780495417.169771,311
110281,1780495417.1697721,307
110282,1780495417.169773,306
110283,1780495417.169774,308
110284,1780495417.169774,302
110285,1780495417.169775,303
110286,1780495417.1697762,298
110287,1780495417.169777,298
110288,1780495417.172076,301
110289,1780495417.172077,298
110290,1780495417.1720781,300
110291,1780495417.172079,304
110292,1780495417.17208,305
110293,1780495417.17208,307
110294,1780495417.172081,312
110295,1780495417.172082,314
110296,1780495417.172083,312
110297,1780495417.1720839,317
110298,1780495417.174677,313
110299,1780495417.17468,313
110300,1780495417.1746812,314
110301,1780495417.1746812,310
110302,1780495417.1746821,305
110303,1780495417.1746829,303
110304,1780495417.1746838,302
110305,1780495417.174685,298
110306,1780495417.174685,297
110307,1780495417.174687,300
110308,1780495417.2073548,299
110309,1780495417.207357,302
110310,1780495417.207358,300
110311,1780495417.207359,301
110312,1780495417.20736,307
110313,1780495417.207361,309
110314,1780495417.207362,309
110315,1780495417.2073631,311
110316,1780495417.2073631,317
110317,1780495417.207365,319
110318,1780495417.210052,314
110319,1780495417.212169,312
110320,1780495417.212171,311
110321,1780495417.212172,305
110322,1780495417.212172,309
110323,1780495417.212173,304
110324,1780495417.2121742,305
110325,1780495417.2121751,298
110326,1780495417.2121758,300
110327,1780495417.2121758,299
110328,1780495417.212178,299
110329,1780495417.213823,301
110330,1780495417.2171478,307
110331,1780495417.217151,305
110332,1780495417.217152,307
110333,1780495417.217153,311
110334,1780495417.217154,311
110335,1780495417.217161,310
110336,1780495417.217161,312
110337,1780495417.217162,314
110338,1780495417.217163,319
110339,1780495417.217164,316
110340,1780495417.219737,311
110341,1780495417.219738,307
110342,1780495417.219739,306
110343,1780495417.21974,306
110344,1780495417.2197409,306
110345,1780495417.2197409,301
110346,1780495417.219742,299
110347,1780495417.219743,297
110348,1780495417.219744,298
110349,1780495417.219744,299
110350,1780495417.219746,295
110351,1780495417.2474291,304
110352,1780495417.2474308,305
110353,1780495417.247432,303
110354,1780495417.247433,306
110355,1780495417.247434,308
110356,1780495417.247435,312
110357,1780495417.247436,312
110358,1780495417.247437,314
110359,1780495417.2474382,313
110360,1780495417.2474382,310
110361,1780495417.2474399,307
110362,1780495417.250931,306
110363,1780495417.250932,299
110364,1780495417.250933,299
110365,1780495417.2509341,299
110366,1780495417.250935,299
110367,1780495417.250936,298
110368,1780495417.250937,296
110369,1780495417.2509382,298
110370,1780495417.250939,299
110371,1780495417.2509398,300
110372,1780495417.2538729,301
110373,1780495417.253875,305
110374,1780495417.253876,309
110375,1780495417.253877,310
110376,1780495417.253878,314
110377,1780495417.253879,315
110378,1780495417.25388,314
110379,1780495417.253881,310
110380,1780495417.2538822,310
110381,1780495417.253885,308
110382,1780495417.253887,305
110383,1780495417.2572968,304
110384,1780495417.257299,301
110385,1780495417.2573,300
110386,1780495417.257301,298
110387,1780495417.257302,296
110388,1780495417.257303,297
110389,1780495417.257304,298
110390,1780495417.2573051,300
110391,1780495417.257306,302
110392,1780495417.2573068,301
110393,1780495417.257309,304
110394,1780495417.287408,306
110395,1780495417.287411,308
110396,1780495417.287412,310
110397,1780495417.287413,314
110398,1780495417.287414,316
110399,1780495417.287416,308
110400,1780495417.2874172,310
110401,1780495417.2874188,303
110402,1780495417.2874198,304
110403,1780495417.287422,301
110404,1780495417.290951,301
110405,1780495417.2909539,302
110406,1780495417.290955,295
110407,1780495417.290956,296
110408,1780495417.2909582,299
110409,1780495417.2909591,300
110410,1780495417.2909598,299
110411,1780495417.2909608,302
110412,1780495417.290962,304
110413,1780495417.290964,304
110414,1780495417.290965,309
110415,1780495417.293492,307
110416,1780495417.293495,311
110417,1780495417.2934961,315
110418,1780495417.293498,311
110419,1780495417.293499,309
110420,1780495417.2935,305
110421,1780495417.293501,307
110422,1780495417.293503,305
110423,1780495417.293504,302
110424,1780495417.293505,301
110425,1780495417.293507,299
110426,1780495417.342653,299
110427,1780495417.342657,294
110428,1780495417.342659,296
110429,1780495417.3426611,297
110430,1780495417.3426628,298
110431,1780495417.342665,294
110432,1780495417.342667,307
110433,1780495417.342668,307
110434,1780495417.34267,306
110435,1780495417.3426728,309
110436,1780495417.347255,311
110437,1780495417.3472588,312
110438,1780495417.347262,310
110439,1780495417.347264,309
110440,1780495417.347266,308
110441,1780495417.347269,304
110442,1780495417.347271,303
110443,1780495417.3472729,303
110444,1780495417.347275,299
110445,1780495417.3472772,297
110446,1780495417.347281,296
110447,1780495417.34975,295
110448,1780495417.349754,299
110449,1780495417.349756,298
110450,1780495417.3497589,297
110451,1780495417.349761,300
110452,1780495417.3497632,303
110453,1780495417.349765,305
110454,1780495417.349768,308
110455,1780495417.34977,306
110456,1780495417.349772,312
110457,1780495417.352152,313
110458,1780495417.3521569,312
110459,1780495417.352159,309
110460,1780495417.352161,301
110461,1780495417.352163,308
110462,1780495417.352166,303
110463,1780495417.3521678,301
110464,1780495417.35217,301
110465,1780495417.352173,295
110466,1780495417.352175,297
110467,1780495417.3521779,297
110468,1780495417.3546932,295
110469,1780495417.354697,296
110470,1780495417.3547,296
110471,1780495417.354702,300
110472,1780495417.354704,301
110473,1780495417.3547132,305
110474,1780495417.3547149,311
110475,1780495417.354717,308
110476,1780495417.354719,311
110477,1780495417.354722,312
110478,1780495417.3547251,310
110479,1780495417.357227,307
110480,1780495417.3572311,307
110481,1780495417.3572328,305
110482,1780495417.357236,302
110483,1780495417.357238,300
110484,1780495417.35724,300
110485,1780495417.357242,300
110486,1780495417.357244,296
110487,1780495417.3572469,296
110488,1780495417.357249,297
110489,1780495417.3572521,294
110490,1780495417.387519,296
110491,1780495417.3875442,299
110492,1780495417.387548,300
110493,1780495417.387552,302
110494,1780495417.3875551,308
110495,1780495417.387558,309
110496,1780495417.3875608,312
110497,1780495417.3875682,316
110498,1780495417.3875709,308
110499,1780495417.387576,307
110500,1780495417.390961,307
110501,1780495417.390975,306
110502,1780495417.390979,303
110503,1780495417.390985,300
110504,1780495417.390988,300
110505,1780495417.39099,296
110506,1780495417.3909929,295
110507,1780495417.390996,298
110508,1780495417.3909981,296
110509,1780495417.391001,297
110510,1780495417.391005,292
110511,1780495417.393418,300
110512,1780495417.3934278,301
110513,1780495417.393433,304
110514,1780495417.393437,305
110515,1780495417.393443,310
110516,1780495417.393446,312
110517,1780495417.39345,313
110518,1780495417.3934531,311
110519,1780495417.3934588,307
110520,1780495417.3934631,307
110521,1780495417.393506,307
110522,1780495417.396096,303
110523,1780495417.396117,300
110524,1780495417.39612,299
110525,1780495417.396124,299
110526,1780495417.396127,293
110527,1780495417.3961332,294
110528,1780495417.396136,297
110529,1780495417.396139,298
110530,1780495417.396142,297
110531,1780495417.3961458,298
110532,1780495417.426284,300
110533,1780495417.4263082,300
110534,1780495417.426312,309
110535,1780495417.426315,312
110536,1780495417.4263182,312
110537,1780495417.4263198,315
110538,1780495417.426323,314
110539,1780495417.426326,308
110540,1780495417.4263291,309
110541,1780495417.426332,306
110542,1780495417.426338,303
110543,1780495417.429774,300
110544,1780495417.429792,302
110545,1780495417.4297988,297
110546,1780495417.429802,297
110547,1780495417.429805,300
110548,1780495417.4298182,296
110549,1780495417.4299169,296
110550,1780495417.429941,298
110551,1780495417.429944,298
110552,1780495417.4299462,306
110553,1780495417.429952,306
110554,1780495417.432859,307
110555,1780495417.432878,309
110556,1780495417.4328818,312
110557,1780495417.432884,311
110558,1780495417.4328861,310
110559,1780495417.432889,312
110560,1780495417.4328918,304
110561,1780495417.432895,306
110562,1780495417.432897,304
110563,1780495417.4329028,306
110564,1780495417.439931,301
110565,1780495417.439966,299
110566,1780495417.439969,297
110567,1780495417.4399722,298
110568,1780495417.4399738,296
110569,1780495417.439977,298
110570,1780495417.43998,299
110571,1780495417.4399822,302
110572,1780495417.439984,302
110573,1780495417.439987,303
110574,1780495417.439991,304
110575,1780495417.470061,308
110576,1780495417.470083,312
110577,1780495417.470088,314
110578,1780495417.470092,311
110579,1780495417.4700952,307
110580,1780495417.470098,309
110581,1780495417.4701009,308
110582,1780495417.4701052,305
110583,1780495417.4701068,297
110584,1780495417.47011,298
110585,1780495417.470114,296
110586,1780495417.473362,300
110587,1780495417.473374,298
110588,1780495417.473378,297
110589,1780495417.473382,296
110590,1780495417.4733849,299
110591,1780495417.473388,303
110592,1780495417.473393,303
110593,1780495417.4733949,305
110594,1780495417.473398,307
110595,1780495417.473402,310
110596,1780495417.4759622,312
110597,1780495417.475967,310
110598,1780495417.475971,311
110599,1780495417.4759731,312
110600,1780495417.475976,307
110601,1780495417.475978,306
110602,1780495417.475981,305
110603,1780495417.4759839,298
110604,1780495417.475986,304
110605,1780495417.47599,300
110606,1780495417.475994,298
110607,1780495417.506158,297
110608,1780495417.506164,297
110609,1780495417.506166,296
110610,1780495417.5061681,299
110611,1780495417.506176,301
110612,1780495417.5061781,303
110613,1780495417.506179,304
110614,1780495417.506181,303
110615,1780495417.506183,308
110616,1780495417.506186,309
110617,1780495417.510838,314
110618,1780495417.510842,312
110619,1780495417.5108428,311
110620,1780495417.510845,305
110621,1780495417.510847,304
110622,1780495417.510848,301
110623,1780495417.51085,303
110624,1780495417.5108511,305
110625,1780495417.510853,297
110626,1780495417.510855,295
110627,1780495417.5108569,297
110628,1780495417.513459,297
110629,1780495417.513462,294
110630,1780495417.513464,301
110631,1780495417.5134652,302
110632,1780495417.5134668,302
110633,1780495417.5134678,305
110634,1780495417.51347,306
110635,1780495417.513471,308
110636,1780495417.513473,308
110637,1780495417.5134752,312
110638,1780495417.513477,311
110639,1780495417.516007,306
110640,1780495417.51601,307
110641,1780495417.516011,303
110642,1780495417.516012,304
110643,1780495417.516014,300
110644,1780495417.516015,299
110645,1780495417.516017,295
110646,1780495417.516018,295
110647,1780495417.5160189,295
110648,1780495417.516021,298
110649,1780495417.5160232,296
110650,1780495417.5460649,297
110651,1780495417.546067,303
110652,1780495417.546068,305
110653,1780495417.54607,300
110654,1780495417.546071,310
110655,1780495417.546072,310
110656,1780495417.546072,313
110657,1780495417.546077,314
110658,1780495417.546078,311
110659,1780495417.54608,307
110660,1780495417.549682,308
110661,1780495417.549684,306
110662,1780495417.549685,306
110663,1780495417.549686,302
110664,1780495417.5496871,294
110665,1780495417.549688,299
110666,1780495417.549688,296
110667,1780495417.549689,297
110668,1780495417.54969,300
110669,1780495417.549691,298
110670,1780495417.5496929,302
110671,1780495417.552602,300
110672,1780495417.552604,301
110673,1780495417.552605,303
110674,1780495417.5526059,306
110675,1780495417.5526059,309
110676,1780495417.552607,311
110677,1780495417.552608,312
110678,1780495417.552609,309
110679,1780495417.5526102,308
110680,1780495417.552611,305
110681,1780495417.552612,306
110682,1780495417.5571709,303
110683,1780495417.557172,303
110684,1780495417.557173,296
110685,1780495417.557174,298
110686,1780495417.557175,296
110687,1780495417.557176,298
110688,1780495417.557177,295
110689,1780495417.557177,299
110690,1780495417.557178,298
110691,1780495417.55718,300
110692,1780495417.587455,300
110693,1780495417.587457,304
110694,1780495417.5874581,306
110695,1780495417.587459,307
110696,1780495417.58746,311
110697,1780495417.58746,311
110698,1780495417.5874612,313
110699,1780495417.587462,307
110700,1780495417.587463,306
110701,1780495417.5874639,303
110702,1780495417.5874639,301
110703,1780495417.587466,300
110704,1780495417.59092,300
110705,1780495417.5909219,297
110706,1780495417.590923,297
110707,1780495417.590924,295
110708,1780495417.590925,294
110709,1780495417.5909262,297
110710,1780495417.5909271,300
110711,1780495417.5909271,301
110712,1780495417.5909278,302
110713,1780495417.5909288,302
110714,1780495417.593476,308
110715,1780495417.593487,309
110716,1780495417.593488,307
110717,1780495417.593488,313
110718,1780495417.593489,310
110719,1780495417.59349,309
110720,1780495417.5934908,306
110721,1780495417.593492,305
110722,1780495417.593493,304
110723,1780495417.593494,302
110724,1780495417.642548,300
110725,1780495417.642551,297
110726,1780495417.6425521,296
110727,1780495417.642553,296
110728,1780495417.642554,296
110729,1780495417.642554,297
110730,1780495417.642555,299
110731,1780495417.642556,300
110732,1780495417.642557,299
110733,1780495417.6425579,302
110734,1780495417.646461,306
110735,1780495417.648489,309
110736,1780495417.648492,313
110737,1780495417.648493,311
110738,1780495417.648494,310
110739,1780495417.6484952,306
110740,1780495417.6484952,305
110741,1780495417.6484962,307
110742,1780495417.6484969,302
110743,1780495417.6484978,299
110744,1780495417.6484978,299
110745,1780495417.648499,296
110746,1780495417.6508942,297
110747,1780495417.6508958,296
110748,1780495417.6508968,298
110749,1780495417.650898,299
110750,1780495417.650898,300
110751,1780495417.650899,297
110752,1780495417.6509,302
110753,1780495417.650901,304
110754,1780495417.650902,308
110755,1780495417.650902,308
110756,1780495417.6533911,313
110757,1780495417.6533918,313
110758,1780495417.6533928,314
110759,1780495417.653394,311
110760,1780495417.653395,308
110761,1780495417.653396,304
110762,1780495417.653397,304
110763,1780495417.653397,303
110764,1780495417.653398,301
110765,1780495417.653399,300
110766,1780495417.6534002,294
110767,1780495417.655875,296
110768,1780495417.655877,296
110769,1780495417.6558778,297
110770,1780495417.655879,296
110771,1780495417.65588,300
110772,1780495417.6558871,306
110773,1780495417.6558878,303
110774,1780495417.6558888,311
110775,1780495417.6558888,310
110776,1780495417.65589,309
110777,1780495417.658375,313
110778,1780495417.658377,312
110779,1780495417.658378,311
110780,1780495417.658379,304
110781,1780495417.65838,304
110782,1780495417.658381,304
110783,1780495417.6583822,304
110784,1780495417.6583822,299
110785,1780495417.6583831,297
110786,1780495417.6583838,293
110787,1780495417.6583848,296
110788,1780495417.66098,296
110789,1780495417.660981,297
110790,1780495417.6609821,298
110791,1780495417.660983,301
110792,1780495417.660984,302
110793,1780495417.660984,304
110794,1780495417.660985,306
110795,1780495417.6609862,309
110796,1780495417.660987,308
110797,1780495417.6609879,313
110798,1780495417.660989,312
110799,1780495417.6911502,311
110800,1780495417.6911519,308
110801,1780495417.6911528,306
110802,1780495417.691154,305
110803,1780495417.691155,301
110804,1780495417.691156,298
110805,1780495417.691157,298
110806,1780495417.691158,295
110807,1780495417.691159,301
110808,1780495417.69116,299
110809,1780495417.6911612,298
110810,1780495417.694734,299
110811,1780495417.6947358,300
110812,1780495417.694737,304
110813,1780495417.694738,305
110814,1780495417.6947389,307
110815,1780495417.694745,314
110816,1780495417.694746,313
110817,1780495417.694747,316
110818,1780495417.6947489,313
110819,1780495417.69475,309
110820,1780495417.6972768,310
110821,1780495417.69728,304
110822,1780495417.6972811,305
110823,1780495417.697282,304
110824,1780495417.697282,301
110825,1780495417.697283,299
110826,1780495417.697284,295
110827,1780495417.6972852,298
110828,1780495417.697286,298
110829,1780495417.6972868,297
110830,1780495417.697289,300
110831,1780495417.727472,301
110832,1780495417.727475,301
110833,1780495417.727477,308
110834,1780495417.727478,309
110835,1780495417.727479,308
110836,1780495417.7274802,312
110837,1780495417.727482,313
110838,1780495417.7274828,310
110839,1780495417.727484,310
110840,1780495417.727486,304
110841,1780495417.727488,303
110842,1780495417.7309282,302
110843,1780495417.7309299,299
110844,1780495417.730931,298
110845,1780495417.730933,298
110846,1780495417.730934,293
110847,1780495417.730935,296
110848,1780495417.730937,299
110849,1780495417.7309382,297
110850,1780495417.730939,298
110851,1780495417.7309408,299
110852,1780495417.733876,302
110853,1780495417.733878,302
110854,1780495417.73388,307
110855,1780495417.733881,310
110856,1780495417.7338822,312
110857,1780495417.733887,312
110858,1780495417.733888,309
110859,1780495417.733889,307
110860,1780495417.73389,309
110861,1780495417.733891,306
110862,1780495417.7338932,300
110863,1780495417.739718,300
110864,1780495417.739722,300
110865,1780495417.739723,300
110866,1780495417.739725,294
110867,1780495417.739726,295
110868,1780495417.739728,295
110869,1780495417.739729,296
110870,1780495417.73973,299
110871,1780495417.739732,301
110872,1780495417.739733,300
110873,1780495417.7397351,305
110874,1780495417.7699342,307
110875,1780495417.7699368,311
110876,1780495417.769939,313
110877,1780495417.76994,310
110878,1780495417.769942,312
110879,1780495417.769944,308
110880,1780495417.7699451,307
110881,1780495417.7699468,309
110882,1780495417.769948,305
110883,1780495417.7699509,300
110884,1780495417.773442,297
110885,1780495417.7734458,296
110886,1780495417.773448,296
110887,1780495417.77345,299
110888,1780495417.773452,296
110889,1780495417.773453,297
110890,1780495417.7734551,301
110891,1780495417.7734568,300
110892,1780495417.773459,302
110893,1780495417.773461,307
110894,1780495417.773463,310
110895,1780495417.775889,310
110896,1780495417.775893,311
110897,1780495417.775895,314
110898,1780495417.775896,313
110899,1780495417.775903,309
110900,1780495417.7759051,306
110901,1780495417.775907,303
110902,1780495417.775908,308
110903,1780495417.77591,302
110904,1780495417.7759192,299
110905,1780495417.7759218,300
110906,1780495417.7784598,293
110907,1780495417.778464,296
110908,1780495417.778466,298
110909,1780495417.7784698,301
110910,1780495417.778472,299
110911,1780495417.778474,303
110912,1780495417.778476,304
110913,1780495417.778477,305
110914,1780495417.778479,308
110915,1780495417.778482,307
110916,1780495417.808692,311
110917,1780495417.808697,312
110918,1780495417.8086998,310
110919,1780495417.808702,307
110920,1780495417.808704,309
110921,1780495417.808706,307
110922,1780495417.8087082,303
110923,1780495417.8087108,300
110924,1780495417.808713,300
110925,1780495417.808715,297
110926,1780495417.808718,299
110927,1780495417.812192,297
110928,1780495417.8121972,296
110929,1780495417.8121998,296
110930,1780495417.812203,301
110931,1780495417.812206,301
110932,1780495417.8122082,303
110933,1780495417.812211,307
110934,1780495417.812214,308
110935,1780495417.812217,309
110936,1780495417.8122199,314
110937,1780495417.814753,313
110938,1780495417.814759,312
110939,1780495417.8147619,307
110940,1780495417.814765,307
110941,1780495417.8147671,307
110942,1780495417.81477,307
110943,1780495417.814773,303
110944,1780495417.8147762,298
110945,1780495417.8147788,299
110946,1780495417.814781,295
110947,1780495417.814786,296
110948,1780495417.844955,299
110949,1780495417.84498,297
110950,1780495417.844984,303
110951,1780495417.8449879,301
110952,1780495417.844994,303
110953,1780495417.8449972,308
110954,1780495417.845,308
110955,1780495417.845002,306
110956,1780495417.845029,312
110957,1780495417.845036,312
110958,1780495417.847763,312
110959,1780495417.849756,311
110960,1780495417.849771,304
110961,1780495417.849776,305
110962,1780495417.84978,301
110963,1780495417.8497841,301
110964,1780495417.8497899,300
110965,1780495417.849793,298
110966,1780495417.849797,296
110967,1780495417.849801,299
110968,1780495417.849805,296
110969,1780495417.849809,300
110970,1780495417.8526962,303
110971,1780495417.852705,304
110972,1780495417.852709,305
110973,1780495417.8527129,303
110974,1780495417.8527172,310
110975,1780495417.852721,309
110976,1780495417.852726,311
110977,1780495417.852729,314
110978,1780495417.852733,312
110979,1780495417.852739,307
110980,1780495417.857287,309
110981,1780495417.857296,306
110982,1780495417.857301,302
110983,1780495417.857307,301
110984,1780495417.857312,301
110985,1780495417.8573172,297
110986,1780495417.857321,297
110987,1780495417.857326,295
110988,1780495417.857331,298
110989,1780495417.857336,298
110990,1780495417.857342,301
110991,1780495417.887671,302
110992,1780495417.887709,302
110993,1780495417.887717,304
110994,1780495417.887722,307
110995,1780495417.887727,309
110996,1780495417.887734,315
110997,1780495417.8877409,314
110998,1780495417.887746,311
110999,1780495417.887753,310
111000,1780495417.8877618,308
111001,1780495417.890134,306
111002,1780495417.892172,305
111003,1780495417.892181,304
111004,1780495417.8921862,303
111005,1780495417.892191,303
111006,1780495417.8921971,301
111007,1780495417.892202,299
111008,1780495417.89221,301
111009,1780495417.892216,302
111010,1780495417.892221,296
111011,1780495417.8922281,304
111012,1780495417.8948421,308
111013,1780495417.894861,301
111014,1780495417.894866,311
111015,1780495417.894871,313
111016,1780495417.894877,316
111017,1780495417.8948832,317
111018,1780495417.8948889,313
111019,1780495417.8948941,314
111020,1780495417.894899,311
111021,1780495417.8949041,310
111022,1780495417.894911,305
111023,1780495417.8973608,307
111024,1780495417.897378,302
111025,1780495417.8973818,301
111026,1780495417.897385,301
111027,1780495417.8973892,301
111028,1780495417.897391,300
111029,1780495417.897394,300
111030,1780495417.897397,303
111031,1780495417.897401,302
111032,1780495417.8974028,304
111033,1780495417.897407,307
111034,1780495417.9411871,309
111035,1780495417.941196,312
111036,1780495417.941199,315
111037,1780495417.941201,315
111038,1780495417.941204,315
111039,1780495417.941206,311
111040,1780495417.941209,307
111041,1780495417.941211,307
111042,1780495417.941213,303
111043,1780495417.941216,303
111044,1780495417.947221,302
111045,1780495417.947225,300
111046,1780495417.9472268,296
111047,1780495417.947229,299
111048,1780495417.947237,299
111049,1780495417.947239,300
111050,1780495417.9472399,301
111051,1780495417.947242,301
111052,1780495417.947244,305
111053,1780495417.947246,306
111054,1780495417.947249,309
111055,1780495417.949674,309
111056,1780495417.949677,315
111057,1780495417.9496782,313
111058,1780495417.94968,311
111059,1780495417.949682,310
111060,1780495417.949683,308
111061,1780495417.949685,309
111062,1780495417.949687,303
111063,1780495417.949688,305
111064,1780495417.94969,301
111065,1780495417.949692,298
111066,1780495417.952058,293
111067,1780495417.952062,298
111068,1780495417.952064,300
111069,1780495417.952066,302
111070,1780495417.9520671,301
111071,1780495417.952069,306
111072,1780495417.95207,306
111073,1780495417.952072,307
111074,1780495417.952074,309
111075,1780495417.952076,314
111076,1780495417.954709,314
111077,1780495417.9547122,313
111078,1780495417.954714,312
111079,1780495417.9547148,311
111080,1780495417.954717,309
111081,1780495417.9547179,304
111082,1780495417.95472,304
111083,1780495417.954721,300
111084,1780495417.9547231,299
111085,1780495417.954724,304
111086,1780495417.954727,301
111087,1780495417.962257,298
111088,1780495417.96226,296
111089,1780495417.962267,300
111090,1780495417.9622679,301
111091,1780495417.96227,304
111092,1780495417.962271,304
111093,1780495417.9622731,308
111094,1780495417.962278,308
111095,1780495417.9622788,309
111096,1780495417.962281,314
111097,1780495417.962283,316
111098,1780495417.992296,313
111099,1780495417.992298,311
111100,1780495417.992299,310
111101,1780495417.9923,307
111102,1780495417.992301,306
111103,1780495417.9923022,302
111104,1780495417.9923031,302
111105,1780495417.992304,297
111106,1780495417.9923048,297
111107,1780495417.992306,301
111108,1780495417.995883,299
111109,1780495417.9958851,297
111110,1780495417.995886,302
111111,1780495417.995887,303
111112,1780495417.995887,303
111113,1780495417.9958882,306
111114,1780495417.995889,309
111115,1780495417.99589,311
111116,1780495417.9958909,315
111117,1780495417.995892,317
111118,1780495417.995893,312
111119,1780495417.9984572,311
111120,1780495417.9984589,310
111121,1780495417.9984598,306
111122,1780495417.998461,304
111123,1780495417.998461,303
111124,1780495417.998462,302
111125,1780495417.998463,300
111126,1780495417.998464,297
111127,1780495417.998465,298
111128,1780495417.998465,303
111129,1780495417.998467,301
111130,1780495418.00266,297
111131,1780495418.002662,301
111132,1780495418.002663,304
111133,1780495418.0026639,309
111134,1780495418.002665,307
111135,1780495418.002666,313
111136,1780495418.002666,313
111137,1780495418.002667,314
111138,1780495418.0026681,313
111139,1780495418.002669,308
111140,1780495418.036093,308
111141,1780495418.036096,307
111142,1780495418.036097,304
111143,1780495418.036098,303
111144,1780495418.036099,299
111145,1780495418.036099,297
111146,1780495418.0361001,298
111147,1780495418.036101,297
111148,1780495418.0361018,299
111149,1780495418.0361018,301
111150,1780495418.036104,301
111151,1780495418.039598,300
111152,1780495418.0395992,304
111153,1780495418.0396018,309
111154,1780495418.0396018,306
111155,1780495418.039603,315
111156,1780495418.039604,316
111157,1780495418.039605,312
111158,1780495418.039606,311
111159,1780495418.039607,308
111160,1780495418.039608,313
111161,1780495418.0421069,307
111162,1780495418.042109,306
111163,1780495418.042109,302
111164,1780495418.04211,302
111165,1780495418.042111,297
111166,1780495418.042112,296
111167,1780495418.042112,298
111168,1780495418.042113,297
111169,1780495418.042114,298
111170,1780495418.042115,302
111171,1780495418.0421162,298
111172,1780495418.044728,306
111173,1780495418.044734,306
111174,1780495418.044735,307
111175,1780495418.044736,313
111176,1780495418.044736,312
111177,1780495418.044737,314
111178,1780495418.044738,314
111179,1780495418.044739,309
111180,1780495418.044739,306
111181,1780495418.0447402,304
111182,1780495418.0447412,301
111183,1780495418.075744,302
111184,1780495418.075746,303
111185,1780495418.075747,299
111186,1780495418.0757482,298
111187,1780495418.0757492,296
111188,1780495418.0757492,297
111189,1780495418.0757499,301
111190,1780495418.0757508,302
111191,1780495418.075752,308
111192,1780495418.075752,304
111193,1780495418.075756,310
111194,1780495418.0779479,311
111195,1780495418.07795,313
111196,1780495418.077951,317
111197,1780495418.077952,313
111198,1780495418.077952,313
111199,1780495418.077953,313
111200,1780495418.077954,308
111201,1780495418.077955,305
111202,1780495418.0779562,303
111203,1780495418.0779572,302
111204,1780495418.0824,299
111205,1780495418.082402,300
111206,1780495418.0824032,300
111207,1780495418.0824032,298
111208,1780495418.0824041,299
111209,1780495418.082405,299
111210,1780495418.0824058,305
111211,1780495418.082407,304
111212,1780495418.082407,305
111213,1780495418.082408,308
111214,1780495418.08241,313
111215,1780495418.111458,314
111216,1780495418.1114602,315
111217,1780495418.1114612,315
111218,1780495418.1114619,315
111219,1780495418.1114628,310
111220,1780495418.111464,307
111221,1780495418.111465,304
111222,1780495418.111466,305
111223,1780495418.1114671,301
111224,1780495418.111469,302
111225,1780495418.11147,299
111226,1780495418.114658,300
111227,1780495418.114659,300
111228,1780495418.11466,300
111229,1780495418.1146612,300
111230,1780495418.114662,300
111231,1780495418.114663,306
111232,1780495418.1146638,307
111233,1780495418.114665,307
111234,1780495418.114665,311
111235,1780495418.114669,313
111236,1780495418.1172092,315
111237,1780495418.1172109,315
111238,1780495418.1172118,315
111239,1780495418.117213,312
111240,1780495418.117214,309
111241,1780495418.117215,306
111242,1780495418.117216,303
111243,1780495418.117217,304
111244,1780495418.117218,303
111245,1780495418.117219,302
111246,1780495418.1172202,300
111247,1780495418.11973,300
111248,1780495418.119732,301
111249,1780495418.119733,299
111250,1780495418.119734,302
111251,1780495418.119734,305
111252,1780495418.119735,310
111253,1780495418.119736,307
111254,1780495418.1197371,305
111255,1780495418.119738,315
111256,1780495418.1197388,314
111257,1780495418.119741,315
111258,1780495418.151058,316
111259,1780495418.1510599,314
111260,1780495418.151061,307
111261,1780495418.151062,307
111262,1780495418.151063,306
111263,1780495418.151065,307
111264,1780495418.151066,303
111265,1780495418.1510668,303
111266,1780495418.151068,299
111267,1780495418.151069,300
111268,1780495418.1570911,300
111269,1780495418.157094,299
111270,1780495418.157095,305
111271,1780495418.157096,305
111272,1780495418.157098,309
111273,1780495418.157099,310
111274,1780495418.1571,313
111275,1780495418.1571012,318
111276,1780495418.157102,314
111277,1780495418.157104,317
111278,1780495418.157106,315
111279,1780495418.159626,316
111280,1780495418.159629,306
111281,1780495418.15963,309
111282,1780495418.159641,306
111283,1780495418.159643,303
111284,1780495418.159644,303
111285,1780495418.1596448,303
111286,1780495418.159646,298
111287,1780495418.1596491,299
111288,1780495418.15965,303
111289,1780495418.159652,300
111290,1780495418.162216,302
111291,1780495418.162219,302
111292,1780495418.16222,307
111293,1780495418.162221,307
111294,1780495418.1622221,309
111295,1780495418.162224,312
111296,1780495418.162225,316
111297,1780495418.162226,315
111298,1780495418.162227,314
111299,1780495418.162229,311
111300,1780495418.1924539,311
111301,1780495418.192458,307
111302,1780495418.192459,303
111303,1780495418.192461,304
111304,1780495418.192462,301
111305,1780495418.1924639,301
111306,1780495418.1924648,299
111307,1780495418.192467,300
111308,1780495418.192469,303
111309,1780495418.19247,300
111310,1780495418.1924732,304
111311,1780495418.19585,305
111312,1780495418.195853,308
111313,1780495418.1958542,308
111314,1780495418.1958559,312
111315,1780495418.1958568,314
111316,1780495418.195859,316
111317,1780495418.19586,316
111318,1780495418.195862,313
111319,1780495418.195864,314
111320,1780495418.1958652,311
111321,1780495418.195868,305
111322,1780495418.198449,307
111323,1780495418.198453,302
111324,1780495418.198454,304
111325,1780495418.198456,297
111326,1780495418.198457,298
111327,1780495418.198459,297
111328,1780495418.1984608,298
111329,1780495418.198462,298
111330,1780495418.198464,303
111331,1780495418.198466,300
111332,1780495418.24621,303
111333,1780495418.2462158,306
111334,1780495418.246219,306
111335,1780495418.246222,312
111336,1780495418.2462249,314
111337,1780495418.246228,313
111338,1780495418.2462301,311
111339,1780495418.246233,308
111340,1780495418.2462358,309
111341,1780495418.24624,305
111342,1780495418.2489018,305
111343,1780495418.250956,305
111344,1780495418.250962,301
111345,1780495418.250973,300
111346,1780495418.250976,300
111347,1780495418.2509801,296
111348,1780495418.2509818,300
111349,1780495418.250985,300
111350,1780495418.250988,301
111351,1780495418.250991,299
111352,1780495418.250994,303
111353,1780495418.250998,304
111354,1780495418.253411,308
111355,1780495418.253422,308
111356,1780495418.253425,315
111357,1780495418.253427,313
111358,1780495418.253432,311
111359,1780495418.2534342,312
111360,1780495418.253437,308
111361,1780495418.2534451,309
111362,1780495418.2534468,304
111363,1780495418.2534778,299
111364,1780495418.255976,302
111365,1780495418.255988,298
111366,1780495418.255991,297
111367,1780495418.255994,300
111368,1780495418.255998,297
111369,1780495418.256,301
111370,1780495418.2560031,300
111371,1780495418.256006,299
111372,1780495418.256012,304
111373,1780495418.256015,305
111374,1780495418.256018,309
111375,1780495418.2583702,311
111376,1780495418.258378,310
111377,1780495418.2583811,315
111378,1780495418.2583869,313
111379,1780495418.25839,309
111380,1780495418.258392,307
111381,1780495418.258395,302
111382,1780495418.258398,298
111383,1780495418.258401,300
111384,1780495418.258403,296
111385,1780495418.2609978,296
111386,1780495418.261006,291
111387,1780495418.261009,298
111388,1780495418.261012,298
111389,1780495418.261015,298
111390,1780495418.261017,300
111391,1780495418.26102,298
111392,1780495418.2610261,302
111393,1780495418.261046,305
111394,1780495418.261049,306
111395,1780495418.2610528,307
111396,1780495418.291331,315
111397,1780495418.2913558,313
111398,1780495418.29136,312
111399,1780495418.2913651,308
111400,1780495418.291369,307
111401,1780495418.291373,303
111402,1780495418.291376,302
111403,1780495418.291383,299
111404,1780495418.2913868,298
111405,1780495418.291392,299
111406,1780495418.29393,297
111407,1780495418.295989,296
111408,1780495418.296003,297
111409,1780495418.296012,299
111410,1780495418.296016,296
111411,1780495418.29602,302
111412,1780495418.2960231,302
111413,1780495418.29603,305
111414,1780495418.296034,310
111415,1780495418.2960372,312
111416,1780495418.296042,313
111417,1780495418.2960472,308
111418,1780495418.298404,312
111419,1780495418.298414,308
111420,1780495418.298419,307
111421,1780495418.2984252,304
111422,1780495418.29843,304
111423,1780495418.298435,302
111424,1780495418.298443,297
111425,1780495418.2984478,298
111426,1780495418.298453,299
111427,1780495418.2984588,298
111428,1780495418.301147,299
111429,1780495418.301161,299
111430,1780495418.301166,299
111431,1780495418.3011708,302
111432,1780495418.301176,304
111433,1780495418.3011808,310
111434,1780495418.301186,307
111435,1780495418.3011909,309
111436,1780495418.301195,312
111437,1780495418.3012,315
111438,1780495418.301207,313
111439,1780495418.336394,312
111440,1780495418.336423,301
111441,1780495418.336429,304
111442,1780495418.336436,300
111443,1780495418.33644,303
111444,1780495418.3364449,301
111445,1780495418.3364532,299
111446,1780495418.336458,298
111447,1780495418.336462,295
111448,1780495418.336467,297
111449,1780495418.3364758,302
111450,1780495418.33872,300
111451,1780495418.33873,298
111452,1780495418.338735,304
111453,1780495418.3387399,306
111454,1780495418.338745,307
111455,1780495418.33875,311
111456,1780495418.338758,314
111457,1780495418.338764,312
111458,1780495418.3387678,309
111459,1780495418.3387752,309
111460,1780495418.342328,308
111461,1780495418.342345,304
111462,1780495418.342352,304
111463,1780495418.342358,302
111464,1780495418.3423629,300
111465,1780495418.342367,298
111466,1780495418.3423722,296
111467,1780495418.342377,298
111468,1780495418.3423822,297
111469,1780495418.342386,301
111470,1780495418.3423932,299
111471,1780495418.345016,299
111472,1780495418.345032,302
111473,1780495418.345037,305
111474,1780495418.345042,306
111475,1780495418.345046,311
111476,1780495418.34505,312
111477,1780495418.345054,315
111478,1780495418.345057,311
111479,1780495418.345061,309
111480,1780495418.345066,302
111481,1780495418.346538,306
111482,1780495418.376996,301
111483,1780495418.377002,302
111484,1780495418.3770041,300
111485,1780495418.377012,299
111486,1780495418.377014,298
111487,1780495418.377016,298
111488,1780495418.3770182,299
111489,1780495418.37702,298
111490,1780495418.377022,301
111491,1780495418.3770251,304
111492,1780495418.381362,306
111493,1780495418.381366,304
111494,1780495418.3813682,308
111495,1780495418.38137,310
111496,1780495418.3813708,316
111497,1780495418.381373,316
111498,1780495418.381375,314
111499,1780495418.381377,311
111500,1780495418.3813791,312
111501,1780495418.38138,306
111502,1780495418.381383,304
111503,1780495418.3836029,303
111504,1780495418.3836071,298
111505,1780495418.383609,299
111506,1780495418.38361,300
111507,1780495418.383612,297
111508,1780495418.383614,296
111509,1780495418.383616,298
111510,1780495418.383618,302
111511,1780495418.38362,303
111512,1780495418.383622,306
111513,1780495418.3836238,305
111514,1780495418.383627,309
111515,1780495418.387253,314
111516,1780495418.387255,315
111517,1780495418.387257,311
111518,1780495418.3872588,312
111519,1780495418.38726,308
111520,1780495418.3872619,308
111521,1780495418.387264,305
111522,1780495418.3872662,303
111523,1780495418.387268,300
111524,1780495418.416397,298
111525,1780495418.416399,299
111526,1780495418.4164,298
111527,1780495418.416401,299
111528,1780495418.4164019,300
111529,1780495418.416404,301
111530,1780495418.416405,306
111531,1780495418.416408,301
111532,1780495418.416409,304
111533,1780495418.416411,309
111534,1780495418.4164119,311
111535,1780495418.421366,312
111536,1780495418.4213681,317
111537,1780495418.421369,313
111538,1780495418.42137,315
111539,1780495418.421371,312
111540,1780495418.421372,307
111541,1780495418.421373,305
111542,1780495418.4213738,304
111543,1780495418.421375,306
111544,1780495418.421376,299
111545,1780495418.42367,300
111546,1780495418.423672,297
111547,1780495418.4236732,298
111548,1780495418.4236732,301
111549,1780495418.423674,300
111550,1780495418.4236748,302
111551,1780495418.423676,304
111552,1780495418.423677,304
111553,1780495418.423678,308
111554,1780495418.4236789,311
111555,1780495418.42368,312
111556,1780495418.432411,313
111557,1780495418.432412,311
111558,1780495418.4324129,311
111559,1780495418.432414,310
111560,1780495418.432415,311
111561,1780495418.432416,304
111562,1780495418.432417,306
111563,1780495418.432417,302
111564,1780495418.432418,298
111565,1780495418.432419,299
111566,1780495418.43242,296
111567,1780495418.463275,295
111568,1780495418.463278,299
111569,1780495418.463279,300
111570,1780495418.463279,301
111571,1780495418.4632802,304
111572,1780495418.463281,304
111573,1780495418.4632819,306
111574,1780495418.463283,308
111575,1780495418.463283,314
111576,1780495418.463284,311
111577,1780495418.463291,314
111578,1780495418.465515,312
111579,1780495418.465517,312
111580,1780495418.465518,306
111581,1780495418.465518,305
111582,1780495418.4655192,305
111583,1780495418.4655201,302
111584,1780495418.4655209,303
111585,1780495418.4655209,299
111586,1780495418.4655218,299
111587,1780495418.465523,298
111588,1780495418.4698722,298
111589,1780495418.469874,299
111590,1780495418.4698749,303
111591,1780495418.469876,303
111592,1780495418.469877,304
111593,1780495418.469878,309
111594,1780495418.469878,313
111595,1780495418.4698792,312
111596,1780495418.46988,317
111597,1780495418.469881,311
111598,1780495418.469882,313
111599,1780495418.47207,311
111600,1780495418.472072,308
111601,1780495418.472073,308
111602,1780495418.472074,303
111603,1780495418.472075,298
111604,1780495418.472075,302
111605,1780495418.472076,300
111606,1780495418.4720771,295
111607,1780495418.472078,300
111608,1780495418.472079,299
111609,1780495418.4720798,300
111610,1780495418.5046558,298
111611,1780495418.504659,300
111612,1780495418.50466,302
111613,1780495418.504661,308
111614,1780495418.504662,308
111615,1780495418.504662,312
111616,1780495418.504663,315
111617,1780495418.5046642,312
111618,1780495418.5046642,314
111619,1780495418.504666,312
111620,1780495418.50706,303
111621,1780495418.507062,308
111622,1780495418.507062,302
111623,1780495418.507067,301
111624,1780495418.507067,304
111625,1780495418.507068,300
111626,1780495418.5070689,298
111627,1780495418.50707,294
111628,1780495418.50707,301
111629,1780495418.507071,302
111630,1780495418.507073,302
111631,1780495418.509683,302
111632,1780495418.509685,305
111633,1780495418.509685,305
111634,1780495418.509686,307
111635,1780495418.509687,311
111636,1780495418.5096881,313
111637,1780495418.5096881,310
111638,1780495418.509689,315
111639,1780495418.50969,311
111640,1780495418.5096908,306
111641,1780495418.509692,308
111642,1780495418.513959,303
111643,1780495418.513961,301
111644,1780495418.513962,303
111645,1780495418.513962,298
111646,1780495418.513963,298
111647,1780495418.513964,297
111648,1780495418.5139651,297
111649,1780495418.5139651,303
111650,1780495418.513966,302
111651,1780495418.513967,302
111652,1780495418.553199,306
111653,1780495418.553202,304
111654,1780495418.5532029,307
111655,1780495418.553204,311
111656,1780495418.553205,313
111657,1780495418.553206,315
111658,1780495418.553206,312
111659,1780495418.5532072,307
111660,1780495418.553208,308
111661,1780495418.553209,306
111662,1780495418.553211,303
111663,1780495418.5537019,301
111664,1780495418.553704,300
111665,1780495418.553705,298
111666,1780495418.553706,297
111667,1780495418.5537071,297
111668,1780495418.5537071,298
111669,1780495418.5537112,301
111670,1780495418.5537121,298
111671,1780495418.5537128,297
111672,1780495418.553714,303
111673,1780495418.553715,308
111674,1780495418.55582,310
111675,1780495418.555824,311
111676,1780495418.555825,315
111677,1780495418.555826,314
111678,1780495418.555827,312
111679,1780495418.5558279,310
111680,1780495418.5558279,307
111681,1780495418.555829,306
111682,1780495418.5558321,306
111683,1780495418.555833,305
111684,1780495418.558455,299
111685,1780495418.5584571,299
111686,1780495418.558458,298
111687,1780495418.5584588,297
111688,1780495418.55846,298
111689,1780495418.55846,296
111690,1780495418.558461,298
111691,1780495418.558462,301
111692,1780495418.5584629,306
111693,1780495418.558464,307
111694,1780495418.558465,307
111695,1780495418.5924082,314
111696,1780495418.592415,315
111697,1780495418.592417,312
111698,1780495418.592418,309
111699,1780495418.5924191,308
111700,1780495418.59242,307
111701,1780495418.592421,301
111702,1780495418.5924218,306
111703,1780495418.592423,298
111704,1780495418.592424,300
111705,1780495418.592426,301
111706,1780495418.595886,298
111707,1780495418.5958889,296
111708,1780495418.5958898,298
111709,1780495418.595892,299
111710,1780495418.595893,302
111711,1780495418.595894,302
111712,1780495418.595895,305
111713,1780495418.595896,308
111714,1780495418.5958972,308
111715,1780495418.5958989,314
111716,1780495418.5986078,315
111717,1780495418.598613,315
111718,1780495418.598614,311
111719,1780495418.598615,311
111720,1780495418.598617,307
111721,1780495418.598618,309
111722,1780495418.598619,303
111723,1780495418.598621,303
111724,1780495418.5986218,298
111725,1780495418.598624,299
111726,1780495418.5986261,297
111727,1780495418.600842,296
111728,1780495418.600845,298
111729,1780495418.600846,302
111730,1780495418.600848,299
111731,1780495418.600849,300
111732,1780495418.6008499,303
111733,1780495418.600851,311
111734,1780495418.600852,308
111735,1780495418.600854,310
111736,1780495418.600856,314
111737,1780495418.6025789,312
111738,1780495418.636093,313
111739,1780495418.636101,308
111740,1780495418.636102,309
111741,1780495418.636103,305
111742,1780495418.6361039,304
111743,1780495418.636105,302
111744,1780495418.636106,299
111745,1780495418.63611,297
111746,1780495418.636111,296
111747,1780495418.636113,299
111748,1780495418.639654,295
111749,1780495418.639658,299
111750,1780495418.639659,302
111751,1780495418.6396601,301
111752,1780495418.639661,306
111753,1780495418.639661,307
111754,1780495418.639662,310
111755,1780495418.6396632,313
111756,1780495418.6396642,315
111757,1780495418.639665,315
111758,1780495418.6396658,313
111759,1780495418.642159,309
111760,1780495418.642161,308
111761,1780495418.6421618,305
111762,1780495418.642163,306
111763,1780495418.642164,301
111764,1780495418.642165,301
111765,1780495418.642165,301
111766,1780495418.642166,295
111767,1780495418.642167,296
111768,1780495418.642168,298
111769,1780495418.644724,300
111770,1780495418.644726,295
111771,1780495418.644727,301
111772,1780495418.644728,307
111773,1780495418.644728,305
111774,1780495418.6447291,310
111775,1780495418.64473,315
111776,1780495418.6447308,312
111777,1780495418.644732,312
111778,1780495418.644732,311
111779,1780495418.644734,311
111780,1780495418.674836,308
111781,1780495418.6748412,307
111782,1780495418.6748421,306
111783,1780495418.6748428,297
111784,1780495418.6748438,299
111785,1780495418.674845,301
111786,1780495418.674846,299
111787,1780495418.674847,297
111788,1780495418.674848,299
111789,1780495418.67485,298
111790,1780495418.678581,301
111791,1780495418.6785831,304
111792,1780495418.678584,303
111793,1780495418.678585,312
111794,1780495418.678586,307
111795,1780495418.678587,314
111796,1780495418.678588,317
111797,1780495418.6785889,314
111798,1780495418.67859,312
111799,1780495418.67859,309
111800,1780495418.678592,306
111801,1780495418.682071,302
111802,1780495418.683142,303
111803,1780495418.6831439,303
111804,1780495418.683145,298
111805,1780495418.683146,296
111806,1780495418.683147,297
111807,1780495418.6831481,296
111808,1780495418.683151,298
111809,1780495418.683152,300
111810,1780495418.683153,302
111811,1780495418.6831539,305
111812,1780495418.6851468,306
111813,1780495418.685149,306
111814,1780495418.68515,310
111815,1780495418.6851509,310
111816,1780495418.685152,314
111817,1780495418.685153,311
111818,1780495418.685154,315
111819,1780495418.6851552,311
111820,1780495418.685156,302
111821,1780495418.685157,307
111822,1780495418.685159,304
111823,1780495418.722854,302
111824,1780495418.722877,301
111825,1780495418.722881,300
111826,1780495418.722888,296
111827,1780495418.722891,297
111828,1780495418.7228942,294
111829,1780495418.7228968,298
111830,1780495418.722904,298
111831,1780495418.7229068,304
111832,1780495418.72291,305
111833,1780495418.722914,301
111834,1780495418.7271621,310
111835,1780495418.7271712,311
111836,1780495418.727175,314
111837,1780495418.727178,311
111838,1780495418.7271821,312
111839,1780495418.727185,308
111840,1780495418.727191,304
111841,1780495418.727196,306
111842,1780495418.727199,306
111843,1780495418.727204,301
111844,1780495418.72981,302
111845,1780495418.7298281,298
111846,1780495418.729834,299
111847,1780495418.729839,300
111848,1780495418.7298439,298
111849,1780495418.72985,299
111850,1780495418.729856,303
111851,1780495418.729861,305
111852,1780495418.729866,306
111853,1780495418.729871,310
111854,1780495418.729878,310
111855,1780495418.732235,311
111856,1780495418.732247,311
111857,1780495418.732251,315
111858,1780495418.732255,312
111859,1780495418.732259,310
111860,1780495418.732262,308
111861,1780495418.732266,305
111862,1780495418.732269,305
111863,1780495418.7322729,300
111864,1780495418.732276,303
111865,1780495418.732307,298
111866,1780495418.76259,297
111867,1780495418.762629,296
111868,1780495418.762636,300
111869,1780495418.762641,298
111870,1780495418.7626472,301
111871,1780495418.762652,300
111872,1780495418.7626612,303
111873,1780495418.762665,308
111874,1780495418.76267,309
111875,1780495418.76268,311
111876,1780495418.7660642,314
111877,1780495418.766082,315
111878,1780495418.766088,311
111879,1780495418.766093,311
111880,1780495418.766099,305
111881,1780495418.766104,307
111882,1780495418.766109,306
111883,1780495418.7661161,302
111884,1780495418.766121,300
111885,1780495418.7661262,299
111886,1780495418.7661319,300
111887,1780495418.768511,299
111888,1780495418.76853,298
111889,1780495418.768537,298
111890,1780495418.768542,298
111891,1780495418.768548,304
111892,1780495418.768553,309
111893,1780495418.768558,309
111894,1780495418.768563,311
111895,1780495418.768567,312
111896,1780495418.768573,311
111897,1780495418.768579,314
111898,1780495418.771059,313
111899,1780495418.771073,312
111900,1780495418.7710779,309
111901,1780495418.771082,304
111902,1780495418.771086,304
111903,1780495418.77109,303
111904,1780495418.7710972,302
111905,1780495418.771101,302
111906,1780495418.771106,297
111907,1780495418.771111,297
111908,1780495418.801295,299
111909,1780495418.801322,297
111910,1780495418.801327,299
111911,1780495418.801332,303
111912,1780495418.801337,307
111913,1780495418.8013408,305
111914,1780495418.801345,308
111915,1780495418.8013482,307
111916,1780495418.801352,315
111917,1780495418.801356,311
111918,1780495418.801362,316
111919,1780495418.8047318,311
111920,1780495418.804744,309
111921,1780495418.804748,306
111922,1780495418.8047512,303
111923,1780495418.804754,299
111924,1780495418.804756,300
111925,1780495418.804769,301
111926,1780495418.8047721,296
111927,1780495418.8047738,300
111928,1780495418.804776,296
111929,1780495418.807224,301
111930,1780495418.807232,302
111931,1780495418.807235,306
111932,1780495418.8072371,306
111933,1780495418.807243,309
111934,1780495418.807246,311
111935,1780495418.8072479,311
111936,1780495418.807254,317
111937,1780495418.807276,314
111938,1780495418.8072782,310
111939,1780495418.8072808,314
111940,1780495418.846138,307
111941,1780495418.846142,305
111942,1780495418.846144,303
111943,1780495418.846145,302
111944,1780495418.846146,300
111945,1780495418.846147,300
111946,1780495418.8461492,296
111947,1780495418.84615,299
111948,1780495418.8461509,297
111949,1780495418.8461518,300
111950,1780495418.846154,300
111951,1780495418.849667,303
111952,1780495418.84967,307
111953,1780495418.849671,305
111954,1780495418.849673,307
111955,1780495418.849674,314
111956,1780495418.849675,313
111957,1780495418.8496761,316
111958,1780495418.849677,312
111959,1780495418.849678,312
111960,1780495418.84968,311
111961,1780495418.849681,304
111962,1780495418.8520598,305
111963,1780495418.852062,301
111964,1780495418.852063,300
111965,1780495418.852065,298
111966,1780495418.852066,296
111967,1780495418.852067,297
111968,1780495418.852072,299
111969,1780495418.852073,299
111970,1780495418.852074,303
111971,1780495418.852075,301
111972,1780495418.854625,306
111973,1780495418.854628,303
111974,1780495418.854629,308
111975,1780495418.85463,312
111976,1780495418.854631,314
111977,1780495418.854632,312
111978,1780495418.8546329,312
111979,1780495418.854634,309
111980,1780495418.854635,309
111981,1780495418.854636,304
111982,1780495418.854638,306
111983,1780495418.857213,301
111984,1780495418.857216,300
111985,1780495418.857217,299
111986,1780495418.857218,297
111987,1780495418.857219,297
111988,1780495418.8572202,300
111989,1780495418.8572211,297
111990,1780495418.8572218,298
111991,1780495418.8572228,301
111992,1780495418.857224,307
111993,1780495418.857226,305
111994,1780495418.869708,307
111995,1780495418.8697112,312
111996,1780495418.869715,314
111997,1780495418.869716,315
111998,1780495418.869717,310
111999,1780495418.869718,308
112000,1780495418.869719,304
112001,1780495418.86972,306
112002,1780495418.8697212,304
112003,1780495418.8697221,299
112004,1780495418.8697228,299
112005,1780495418.906058,298
112006,1780495418.9060612,295
112007,1780495418.9060621,298
112008,1780495418.906063,297
112009,1780495418.9060638,299
112010,1780495418.906065,298
112011,1780495418.906066,304
112012,1780495418.906066,300
112013,1780495418.906067,308
112014,1780495418.906073,309
112015,1780495418.909651,313
112016,1780495418.909653,316
112017,1780495418.909653,316
112018,1780495418.909654,308
112019,1780495418.909655,308
112020,1780495418.909656,308
112021,1780495418.909656,305
112022,1780495418.909657,304
112023,1780495418.9096582,301
112024,1780495418.909659,301
112025,1780495418.9096599,297
112026,1780495418.912108,295
112027,1780495418.91211,300
112028,1780495418.912111,300
112029,1780495418.912111,301
112030,1780495418.9121122,301
112031,1780495418.912113,304
112032,1780495418.912114,304
112033,1780495418.9121149,306
112034,1780495418.9121149,312
112035,1780495418.912116,313
112036,1780495418.9145448,317
112037,1780495418.914546,317
112038,1780495418.914547,314
112039,1780495418.914548,312
112040,1780495418.9145489,310
112041,1780495418.91455,307
112042,1780495418.91455,305
112043,1780495418.914551,304
112044,1780495418.914552,305
112045,1780495418.9145532,302
112046,1780495418.916337,300
112047,1780495418.946124,299
112048,1780495418.9461272,303
112049,1780495418.946128,306
112050,1780495418.9461288,306
112051,1780495418.94613,305
112052,1780495418.946131,308
112053,1780495418.946131,310
112054,1780495418.946132,310
112055,1780495418.946133,316
112056,1780495418.946134,318
112057,1780495418.946135,316
112058,1780495418.949651,313
112059,1780495418.949653,310
112060,1780495418.949663,307
112061,1780495418.949664,309
112062,1780495418.949665,306
112063,1780495418.949666,304
112064,1780495418.949667,301
112065,1780495418.949667,301
112066,1780495418.9496682,296
112067,1780495418.9496691,299
112068,1780495418.952128,301
112069,1780495418.9521291,302
112070,1780495418.95213,305
112071,1780495418.952131,303
112072,1780495418.952131,307
112073,1780495418.952132,308
112074,1780495418.9521332,314
112075,1780495418.952134,314
112076,1780495418.9521348,312
112077,1780495418.9521348,314
112078,1780495418.952137,311
112079,1780495418.9547431,311
112080,1780495418.954744,310
112081,1780495418.954745,307
112082,1780495418.954746,306
112083,1780495418.954747,302
112084,1780495418.954747,302
112085,1780495418.954748,298
112086,1780495418.9547489,299
112087,1780495418.95475,299
112088,1780495418.954751,299
112089,1780495418.963831,302
112090,1780495418.963833,300
112091,1780495418.963834,302
112092,1780495418.9638348,308
112093,1780495418.9638348,308
112094,1780495418.963836,309
112095,1780495418.963837,312
112096,1780495418.9638379,318
112097,1780495418.963839,318
112098,1780495418.963839,311
112099,1780495418.963841,309
112100,1780495418.996145,309
112101,1780495418.996147,304
112102,1780495418.9961479,307
112103,1780495418.996149,305
112104,1780495418.99615,298
112105,1780495418.996151,300
112106,1780495418.996154,296
112107,1780495418.9961548,300
112108,1780495418.996156,298
112109,1780495418.996157,296
112110,1780495418.996159,302
112111,1780495418.9996421,307
112112,1780495418.9996438,308
112113,1780495418.999645,309
112114,1780495418.999646,305
112115,1780495418.999647,316
112116,1780495418.999648,314
112117,1780495418.999649,314
112118,1780495418.99965,313
112119,1780495418.999651,310
112120,1780495418.9996521,311
112121,1780495418.999653,305
112122,1780495419.002156,306
112123,1780495419.0021582,302
112124,1780495419.002159,301
112125,1780495419.00216,297
112126,1780495419.0021608,295
112127,1780495419.002162,300
112128,1780495419.002163,298
112129,1780495419.002164,299
112130,1780495419.002165,301
112131,1780495419.002166,302
112132,1780495419.004701,307
112133,1780495419.004703,308
112134,1780495419.004704,310
112135,1780495419.004705,311
112136,1780495419.0047061,314
112137,1780495419.0047061,314
112138,1780495419.004707,314
112139,1780495419.004708,308
112140,1780495419.004709,307
112141,1780495419.00471,305
112142,1780495419.004711,304
112143,1780495419.034934,297
112144,1780495419.034936,298
112145,1780495419.034938,296
112146,1780495419.0349388,293
112147,1780495419.03494,299
112148,1780495419.034942,296
112149,1780495419.0349429,298
112150,1780495419.034944,304
112151,1780495419.034946,301
112152,1780495419.0349472,303
112153,1780495419.034949,306
112154,1780495419.038332,311
112155,1780495419.038335,312
112156,1780495419.038336,316
112157,1780495419.038337,313
112158,1780495419.038338,310
112159,1780495419.038343,311
112160,1780495419.038344,309
112161,1780495419.038346,306
112162,1780495419.038347,304
112163,1780495419.0383492,302
112164,1780495419.040926,302
112165,1780495419.040929,296
112166,1780495419.04093,301
112167,1780495419.040931,298
112168,1780495419.0409322,298
112169,1780495419.0409338,301
112170,1780495419.0409348,300
112171,1780495419.040936,304
112172,1780495419.040937,306
112173,1780495419.040938,308
112174,1780495419.04094,310
112175,1780495419.073617,315
112176,1780495419.07362,315
112177,1780495419.073621,313
112178,1780495419.073623,309
112179,1780495419.073625,306
112180,1780495419.073626,307
112181,1780495419.073628,303
112182,1780495419.0736299,302
112183,1780495419.073631,306
112184,1780495419.073633,298
112185,1780495419.076307,295
112186,1780495419.0783732,298
112187,1780495419.078377,300
112188,1780495419.078378,301
112189,1780495419.07838,299
112190,1780495419.078382,302
112191,1780495419.0783832,303
112192,1780495419.0783849,305
112193,1780495419.0783858,310
112194,1780495419.078388,308
112195,1780495419.0783901,316
112196,1780495419.080876,316
112197,1780495419.0808792,314
112198,1780495419.0808809,312
112199,1780495419.0808818,310
112200,1780495419.080884,304
112201,1780495419.080889,307
112202,1780495419.080891,307
112203,1780495419.080893,301
112204,1780495419.080894,303
112205,1780495419.080896,297
112206,1780495419.080898,296
112207,1780495419.0838468,297
112208,1780495419.08385,297
112209,1780495419.083852,304
112210,1780495419.083853,302
112211,1780495419.0838552,302
112212,1780495419.0838559,305
112213,1780495419.083858,310
112214,1780495419.08386,308
112215,1780495419.0838609,311
112216,1780495419.083863,317
112217,1780495419.0838652,315
112218,1780495419.142688,316
112219,1780495419.14271,312
112220,1780495419.142719,308
112221,1780495419.1427221,307
112222,1780495419.142726,305
112223,1780495419.1427321,304
112224,1780495419.142736,302
112225,1780495419.142739,300
112226,1780495419.142742,299
112227,1780495419.14275,301
112228,1780495419.147371,300
112229,1780495419.147399,302
112230,1780495419.147404,305
112231,1780495419.147407,304
112232,1780495419.147412,306
112233,1780495419.147415,308
112234,1780495419.14742,312
112235,1780495419.147424,316
112236,1780495419.147427,315
112237,1780495419.147431,317
112238,1780495419.147437,315
112239,1780495419.149827,314
112240,1780495419.149844,309
112241,1780495419.1498501,308
112242,1780495419.149854,309
112243,1780495419.149861,306
112244,1780495419.149889,302
112245,1780495419.149894,298
112246,1780495419.149898,299
112247,1780495419.1499012,302
112248,1780495419.149905,302
112249,1780495419.14991,301
112250,1780495419.152124,303
112251,1780495419.152132,305
112252,1780495419.152135,307
112253,1780495419.152139,311
112254,1780495419.152142,310
112255,1780495419.152145,314
112256,1780495419.152149,319
112257,1780495419.152153,317
112258,1780495419.1521559,317
112259,1780495419.1521611,312
112260,1780495419.154651,311
112261,1780495419.1546571,310
112262,1780495419.15466,307
112263,1780495419.154664,307
112264,1780495419.154667,302
112265,1780495419.15467,302
112266,1780495419.1546738,297
112267,1780495419.154677,301
112268,1780495419.1546812,303
112269,1780495419.1546838,305
112270,1780495419.154688,306
112271,1780495419.157084,305
112272,1780495419.157092,305
112273,1780495419.157095,310
112274,1780495419.157099,313
112275,1780495419.157103,313
112276,1780495419.157106,314
112277,1780495419.1571121,314
112278,1780495419.157115,314
112279,1780495419.157119,312
112280,1780495419.1571221,310
112281,1780495419.157127,304
112282,1780495419.159698,309
112283,1780495419.159704,302
112284,1780495419.159708,303
112285,1780495419.159711,299
112286,1780495419.1597152,298
112287,1780495419.1597178,301
112288,1780495419.159722,299
112289,1780495419.1597261,302
112290,1780495419.159745,307
112291,1780495419.159751,303
112292,1780495419.190071,310
112293,1780495419.1900978,310
112294,1780495419.190104,312
112295,1780495419.190109,313
112296,1780495419.190115,318
112297,1780495419.19012,319
112298,1780495419.190128,315
112299,1780495419.190135,312
112300,1780495419.19014,313
112301,1780495419.1901498,307
112302,1780495419.194165,306
112303,1780495419.197151,306
112304,1780495419.197168,303
112305,1780495419.197175,303
112306,1780495419.1971798,300
112307,1780495419.197185,301
112308,1780495419.1971898,303
112309,1780495419.197195,303
112310,1780495419.1971998,307
112311,1780495419.197205,305
112312,1780495419.19721,307
112313,1780495419.199771,313
112314,1780495419.199789,313
112315,1780495419.1997929,316
112316,1780495419.199797,319
112317,1780495419.1998,315
112318,1780495419.1998038,314
112319,1780495419.199808,312
112320,1780495419.1998131,310
112321,1780495419.199817,311
112322,1780495419.19982,305
112323,1780495419.1998248,303
112324,1780495419.202742,300
112325,1780495419.202759,303
112326,1780495419.202763,302
112327,1780495419.2027688,298
112328,1780495419.202773,302
112329,1780495419.202778,299
112330,1780495419.2027829,302
112331,1780495419.202786,305
112332,1780495419.202791,305
112333,1780495419.202794,310
112334,1780495419.202799,309
112335,1780495419.212358,316
112336,1780495419.21238,318
112337,1780495419.212387,314
112338,1780495419.2123919,313
112339,1780495419.212398,312
112340,1780495419.212403,309
112341,1780495419.212407,308
112342,1780495419.2124119,305
112343,1780495419.2124171,305
112344,1780495419.212422,301
112345,1780495419.212429,300
112346,1780495419.216248,299
112347,1780495419.2162712,297
112348,1780495419.216277,299
112349,1780495419.2162821,302
112350,1780495419.216287,306
112351,1780495419.2162921,303
112352,1780495419.216297,305
112353,1780495419.216303,309
112354,1780495419.2163079,311
112355,1780495419.2163148,314
112356,1780495419.246263,314
112357,1780495419.246284,312
112358,1780495419.2462878,310
112359,1780495419.2462919,311
112360,1780495419.2462962,309
112361,1780495419.2462988,307
112362,1780495419.246303,305
112363,1780495419.246306,300
112364,1780495419.246309,298
112365,1780495419.2463129,296
112366,1780495419.2463171,298
112367,1780495419.249921,297
112368,1780495419.2499342,298
112369,1780495419.249939,298
112370,1780495419.2499452,302
112371,1780495419.249989,305
112372,1780495419.249994,306
112373,1780495419.2499971,309
112374,1780495419.249999,311
112375,1780495419.250002,313
112376,1780495419.250004,319
112377,1780495419.250008,314
112378,1780495419.2521348,310
112379,1780495419.252141,308
112380,1780495419.252144,308
112381,1780495419.252147,305
112382,1780495419.25215,304
112383,1780495419.2521532,300
112384,1780495419.2521548,301
112385,1780495419.252158,298
112386,1780495419.252161,295
112387,1780495419.252165,298
112388,1780495419.26587,299
112389,1780495419.265874,301
112390,1780495419.265876,299
112391,1780495419.265877,302
112392,1780495419.2658792,303
112393,1780495419.265881,307
112394,1780495419.265883,310
112395,1780495419.2658849,312
112396,1780495419.265887,315
112397,1780495419.265888,315
112398,1780495419.2658901,309
112399,1780495419.2658932,309
112400,1780495419.2969,303
112401,1780495419.296903,302
112402,1780495419.2969038,299
112403,1780495419.296905,303
112404,1780495419.296906,302
112405,1780495419.296912,296
112406,1780495419.296913,294
112407,1780495419.2969139,296
112408,1780495419.296915,298
112409,1780495419.296917,300
112410,1780495419.3006961,301
112411,1780495419.300698,304
112412,1780495419.300699,306
112413,1780495419.3007,304
112414,1780495419.300701,308
112415,1780495419.3007019,313
112416,1780495419.300705,315
112417,1780495419.300707,311
112418,1780495419.300708,313
112419,1780495419.300709,310
112420,1780495419.302973,309
112421,1780495419.302975,303
112422,1780495419.302976,303
112423,1780495419.302977,302
112424,1780495419.302978,300
112425,1780495419.302979,296
112426,1780495419.3029802,298
112427,1780495419.3029811,300
112428,1780495419.3029819,297
112429,1780495419.3029828,301
112430,1780495419.302985,302
112431,1780495419.305158,305
112432,1780495419.30516,306
112433,1780495419.305161,305
112434,1780495419.305163,306
112435,1780495419.305163,310
112436,1780495419.305164,319
112437,1780495419.305165,308
112438,1780495419.305166,309
112439,1780495419.3051672,308
112440,1780495419.3051689,305
112441,1780495419.3073559,305
112442,1780495419.336302,299
112443,1780495419.3363042,301
112444,1780495419.336305,298
112445,1780495419.3363059,294
112446,1780495419.336307,295
112447,1780495419.336308,295
112448,1780495419.336309,299
112449,1780495419.33631,298
112450,1780495419.33631,297
112451,1780495419.3363159,304
112452,1780495419.3397892,304
112453,1780495419.339791,309
112454,1780495419.3397918,308
112455,1780495419.339793,315
112456,1780495419.339793,315
112457,1780495419.339794,316
112458,1780495419.3397949,311
112459,1780495419.339796,310
112460,1780495419.339796,306
112461,1780495419.339797,304
112462,1780495419.339798,301
112463,1780495419.343877,301
112464,1780495419.343879,301
112465,1780495419.34388,302
112466,1780495419.343881,294
112467,1780495419.343882,297
112468,1780495419.343882,299
112469,1780495419.343883,298
112470,1780495419.343884,300
112471,1780495419.343885,302
112472,1780495419.343885,303
112473,1780495419.345443,307
112474,1780495419.3454452,308
112475,1780495419.3454452,311
112476,1780495419.3454459,314
112477,1780495419.3454468,312
112478,1780495419.345448,312
112479,1780495419.345449,307
112480,1780495419.345449,307
112481,1780495419.34545,304
112482,1780495419.345451,302
112483,1780495419.345452,303
112484,1780495419.374814,298
112485,1780495419.374816,298
112486,1780495419.374816,295
112487,1780495419.3748171,299
112488,1780495419.374818,298
112489,1780495419.374819,300
112490,1780495419.37482,301
112491,1780495419.37482,303
112492,1780495419.3748212,303
112493,1780495419.374822,308
112494,1780495419.3748229,311
112495,1780495419.378419,314
112496,1780495419.378422,313
112497,1780495419.378423,314
112498,1780495419.378423,310
112499,1780495419.3784242,311
112500,1780495419.3784251,306
112501,1780495419.378426,305
112502,1780495419.3784268,300
112503,1780495419.3784268,300
112504,1780495419.378428,300
112505,1780495419.378429,297
112506,1780495419.380918,295
112507,1780495419.380919,296
112508,1780495419.3809202,302
112509,1780495419.3809211,298
112510,1780495419.380922,301
112511,1780495419.380922,305
112512,1780495419.3809228,304
112513,1780495419.380924,309
112514,1780495419.380925,309
112515,1780495419.380926,314
112516,1780495419.446174,312
112517,1780495419.446178,312
112518,1780495419.4461792,310
112519,1780495419.44618,309
112520,1780495419.446181,307
112521,1780495419.4461818,304
112522,1780495419.446183,300
112523,1780495419.446184,302
112524,1780495419.4461849,298
112525,1780495419.446186,296
112526,1780495419.446188,297
112527,1780495419.449682,295
112528,1780495419.449684,296
112529,1780495419.449685,301
112530,1780495419.449686,302
112531,1780495419.449687,303
112532,1780495419.449688,303
112533,1780495419.4496891,307
112534,1780495419.44969,308
112535,1780495419.4496908,311
112536,1780495419.449692,314
112537,1780495419.449693,313
112538,1780495419.4520268,308
112539,1780495419.452029,312
112540,1780495419.45203,304
112541,1780495419.452031,299
112542,1780495419.452045,303
112543,1780495419.452047,302
112544,1780495419.4520478,296
112545,1780495419.4520478,298
112546,1780495419.4520488,295
112547,1780495419.452051,299
112548,1780495419.454568,297
112549,1780495419.45457,300
112550,1780495419.454572,296
112551,1780495419.4545732,302
112552,1780495419.454574,305
112553,1780495419.454574,307
112554,1780495419.454575,309
112555,1780495419.454576,311
112556,1780495419.454577,316
112557,1780495419.454578,312
112558,1780495419.45458,312
112559,1780495419.457173,309
112560,1780495419.457175,303
112561,1780495419.457176,304
112562,1780495419.4571772,304
112563,1780495419.457178,302
112564,1780495419.4571788,302
112565,1780495419.45718,300
112566,1780495419.457181,295
112567,1780495419.457182,301
112568,1780495419.457183,300
112569,1780495419.457185,301
112570,1780495419.459517,303
112571,1780495419.459519,302
112572,1780495419.45952,304
112573,1780495419.459521,308
112574,1780495419.459522,309
112575,1780495419.459523,316
112576,1780495419.4595242,314
112577,1780495419.459525,312
112578,1780495419.4595258,311
112579,1780495419.459528,308
112580,1780495419.462158,304
112581,1780495419.4621599,307
112582,1780495419.4621608,302
112583,1780495419.462162,299
112584,1780495419.462163,300
112585,1780495419.462164,299
112586,1780495419.4621649,295
112587,1780495419.462166,294
112588,1780495419.462167,298
112589,1780495419.4621708,297
112590,1780495419.4621718,298
112591,1780495419.464654,303
112592,1780495419.4646559,306
112593,1780495419.4646568,309
112594,1780495419.464658,309
112595,1780495419.464659,317
112596,1780495419.46466,313
112597,1780495419.464661,312
112598,1780495419.464662,314
112599,1780495419.464663,309
112600,1780495419.464664,309
112601,1780495419.4646661,308
112602,1780495419.494849,303
112603,1780495419.494852,302
112604,1780495419.494853,302
112605,1780495419.494854,300
112606,1780495419.4948559,297
112607,1780495419.494857,299
112608,1780495419.494858,300
112609,1780495419.494859,302
112610,1780495419.49486,300
112611,1780495419.494862,303
112612,1780495419.498456,307
112613,1780495419.4984589,310
112614,1780495419.4984598,309
112615,1780495419.498461,312
112616,1780495419.498463,314
112617,1780495419.498464,314
112618,1780495419.498466,309
112619,1780495419.498467,312
112620,1780495419.4984682,298
112621,1780495419.4984698,305
112622,1780495419.498472,302
112623,1780495419.500969,301
112624,1780495419.500972,297
112625,1780495419.500973,300
112626,1780495419.5009742,299
112627,1780495419.500976,301
112628,1780495419.5009768,304
112629,1780495419.500979,300
112630,1780495419.50098,302
112631,1780495419.500981,304
112632,1780495419.500983,305
112633,1780495419.507241,307
112634,1780495419.507244,311
112635,1780495419.5072489,313
112636,1780495419.5072498,313
112637,1780495419.507252,315
112638,1780495419.507253,311
112639,1780495419.5072541,308
112640,1780495419.507256,307
112641,1780495419.507257,300
112642,1780495419.5072582,302
112643,1780495419.507261,297
112644,1780495419.5374432,300
112645,1780495419.537447,295
112646,1780495419.537449,300
112647,1780495419.537457,298
112648,1780495419.537459,299
112649,1780495419.5374599,300
112650,1780495419.537462,301
112651,1780495419.5374641,302
112652,1780495419.537466,302
112653,1780495419.5374668,309
112654,1780495419.5374699,311
112655,1780495419.540948,311
112656,1780495419.540951,314
112657,1780495419.5409532,313
112658,1780495419.5409548,311
112659,1780495419.540957,310
112660,1780495419.540959,309
112661,1780495419.540961,303
112662,1780495419.540962,301
112663,1780495419.5409641,300
112664,1780495419.5409658,300
112665,1780495419.540969,297
112666,1780495419.543435,296
112667,1780495419.5434382,301
112668,1780495419.5434408,300
112669,1780495419.543443,297
112670,1780495419.543444,302
112671,1780495419.543446,299
112672,1780495419.5434492,308
112673,1780495419.5434508,309
112674,1780495419.5434518,310
112675,1780495419.543455,310
112676,1780495419.5736902,314
112677,1780495419.573696,309
112678,1780495419.573699,312
112679,1780495419.5737019,311
112680,1780495419.573704,307
112681,1780495419.573715,308
112682,1780495419.573718,303
112683,1780495419.57372,299
112684,1780495419.5737228,298
112685,1780495419.573726,296
112686,1780495419.57373,296
112687,1780495419.577087,301
112688,1780495419.5770931,297
112689,1780495419.577096,298
112690,1780495419.577098,304
112691,1780495419.577101,306
112692,1780495419.5771039,307
112693,1780495419.577107,310
112694,1780495419.57711,313
112695,1780495419.577112,312
112696,1780495419.577117,311
112697,1780495419.578869,313
112698,1780495419.5808902,312
112699,1780495419.580909,308
112700,1780495419.580912,306
112701,1780495419.580914,304
112702,1780495419.580917,303
112703,1780495419.580919,300
112704,1780495419.58093,301
112705,1780495419.580933,297
112706,1780495419.580935,300
112707,1780495419.5809422,300
112708,1780495419.583492,295
112709,1780495419.583505,301
112710,1780495419.583507,299
112711,1780495419.58351,304
112712,1780495419.583513,303
112713,1780495419.583518,308
112714,1780495419.58352,307
112715,1780495419.583522,311
112716,1780495419.5835252,313
112717,1780495419.5835268,312
112718,1780495419.58353,311
112719,1780495419.613848,311
112720,1780495419.613881,308
112721,1780495419.613888,305
112722,1780495419.613893,304
112723,1780495419.613899,306
112724,1780495419.613906,297
112725,1780495419.613912,298
112726,1780495419.6139169,298
112727,1780495419.613926,299
112728,1780495419.613931,298
112729,1780495419.613942,304
112730,1780495419.617429,300
112731,1780495419.6174731,302
112732,1780495419.617482,305
112733,1780495419.6174872,308
112734,1780495419.617492,310
112735,1780495419.6174972,312
112736,1780495419.617507,317
112737,1780495419.617512,312
112738,1780495419.6175182,314
112739,1780495419.617525,308
112740,1780495419.622756,307
112741,1780495419.6227741,303
112742,1780495419.6227798,306
112743,1780495419.622785,302
112744,1780495419.6227899,300
112745,1780495419.622795,297
112746,1780495419.6227999,298
112747,1780495419.6228049,299
112748,1780495419.6228101,298
112749,1780495419.622815,299
112750,1780495419.6228218,303
112751,1780495419.627382,300
112752,1780495419.627404,305
112753,1780495419.627409,311
112754,1780495419.627413,311
112755,1780495419.627417,307
112756,1780495419.627421,315
112757,1780495419.627424,314
112758,1780495419.627428,310
112759,1780495419.6274319,308
112760,1780495419.627441,304
112761,1780495419.627446,300
112762,1780495419.63627,303
112763,1780495419.636302,301
112764,1780495419.636309,300
112765,1780495419.6363142,298
112766,1780495419.63632,296
112767,1780495419.6363251,295
112768,1780495419.636331,298
112769,1780495419.636336,299
112770,1780495419.636341,302
112771,1780495419.636348,302
112772,1780495419.666367,306
112773,1780495419.666393,308
112774,1780495419.666398,313
112775,1780495419.666402,312
112776,1780495419.666406,316
112777,1780495419.666409,312
112778,1780495419.666413,311
112779,1780495419.666417,308
112780,1780495419.66642,306
112781,1780495419.666442,304
112782,1780495419.666446,303
112783,1780495419.666451,302
112784,1780495419.669744,297
112785,1780495419.669761,296
112786,1780495419.669766,299
112787,1780495419.6697721,300
112788,1780495419.6697779,301
112789,1780495419.669811,299
112790,1780495419.669816,302
112791,1780495419.669821,303
112792,1780495419.669827,307
112793,1780495419.672253,309
112794,1780495419.672262,311
112795,1780495419.672267,316
112796,1780495419.672273,319
112797,1780495419.672278,313
112798,1780495419.672283,311
112799,1780495419.672287,309
112800,1780495419.672294,304
112801,1780495419.6723,305
112802,1780495419.6723049,302
112803,1780495419.672311,301
112804,1780495419.675963,299
112805,1780495419.675971,300
112806,1780495419.6759748,298
112807,1780495419.675979,297
112808,1780495419.675982,297
112809,1780495419.6759849,302
112810,1780495419.675989,303
112811,1780495419.675992,303
112812,1780495419.6759949,309
112813,1780495419.676,311
112814,1780495419.679095,308
112815,1780495419.741079,315
112816,1780495419.7410839,315
112817,1780495419.7410848,313
112818,1780495419.741086,310
112819,1780495419.741088,310
112820,1780495419.741089,302
112821,1780495419.74109,304
112822,1780495419.741091,304
112823,1780495419.7410922,305
112824,1780495419.7410932,300
112825,1780495419.7410948,299
112826,1780495419.747082,297
112827,1780495419.747085,303
112828,1780495419.747086,301
112829,1780495419.747087,300
112830,1780495419.747088,304
112831,1780495419.747099,303
112832,1780495419.7470999,308
112833,1780495419.7471008,309
112834,1780495419.747102,309
112835,1780495419.747104,311
112836,1780495419.749614,315
112837,1780495419.7496161,312
112838,1780495419.7496169,311
112839,1780495419.7496178,309
112840,1780495419.749619,307
112841,1780495419.74962,303
112842,1780495419.749621,304
112843,1780495419.749622,300
112844,1780495419.749623,300
112845,1780495419.749624,298
112846,1780495419.7496252,293
112847,1780495419.7520168,296
112848,1780495419.752019,297
112849,1780495419.75202,300
112850,1780495419.752021,305
112851,1780495419.752022,302
112852,1780495419.752023,305
112853,1780495419.7520242,307
112854,1780495419.7520242,309
112855,1780495419.7520251,311
112856,1780495419.752026,318
112857,1780495419.752028,317
112858,1780495419.754518,310
112859,1780495419.7545202,310
112860,1780495419.7545211,303
112861,1780495419.7545211,302
112862,1780495419.754522,301
112863,1780495419.7545228,301
112864,1780495419.754524,300
112865,1780495419.754525,298
112866,1780495419.754526,298
112867,1780495419.754527,300
112868,1780495419.757077,300
112869,1780495419.75708,303
112870,1780495419.757081,303
112871,1780495419.7570822,304
112872,1780495419.757083,307
112873,1780495419.757086,305
112874,1780495419.757087,310
112875,1780495419.757088,309
112876,1780495419.7570891,316
112877,1780495419.75709,313
112878,1780495419.757091,310
112879,1780495419.759518,305
112880,1780495419.7595189,306
112881,1780495419.75952,307
112882,1780495419.759521,303
112883,1780495419.759522,300
112884,1780495419.7595232,297
112885,1780495419.7595232,298
112886,1780495419.759524,295
112887,1780495419.759525,297
112888,1780495419.7595258,298
112889,1780495419.761299,298
112890,1780495419.763406,304
112891,1780495419.763407,303
112892,1780495419.763408,307
112893,1780495419.763409,306
112894,1780495419.7634099,308
112895,1780495419.763411,308
112896,1780495419.763412,309
112897,1780495419.763412,312
112898,1780495419.763413,311
112899,1780495419.763414,307
112900,1780495419.801049,303
112901,1780495419.8010519,305
112902,1780495419.801053,305
112903,1780495419.801054,300
112904,1780495419.801055,300
112905,1780495419.801055,300
112906,1780495419.801056,296
112907,1780495419.801057,298
112908,1780495419.801058,300
112909,1780495419.801059,300
112910,1780495419.8010602,299
112911,1780495419.810862,304
112912,1780495419.8108642,307
112913,1780495419.810865,308
112914,1780495419.810865,309
112915,1780495419.8108659,314
112916,1780495419.8108668,315
112917,1780495419.810868,311
112918,1780495419.810869,309
112919,1780495419.81087,312
112920,1780495419.8108742,307
112921,1780495419.813395,305
112922,1780495419.8134038,301
112923,1780495419.813405,302
112924,1780495419.813406,301
112925,1780495419.813407,297
112926,1780495419.813408,300
112927,1780495419.813408,298
112928,1780495419.813409,299
112929,1780495419.81341,303
112930,1780495419.813411,304
112931,1780495419.813417,305
112932,1780495419.813457,308
112933,1780495419.815849,306
112934,1780495419.81585,307
112935,1780495419.815851,314
112936,1780495419.815852,313
112937,1780495419.815853,313
112938,1780495419.815854,310
112939,1780495419.815855,311
112940,1780495419.815855,308
112941,1780495419.8158562,305
112942,1780495419.815857,301
112943,1780495419.818414,296
112944,1780495419.818416,297
112945,1780495419.8184168,299
112946,1780495419.818418,298
112947,1780495419.818418,299
112948,1780495419.818419,298
112949,1780495419.81842,299
112950,1780495419.818421,298
112951,1780495419.818421,303
112952,1780495419.818422,307
112953,1780495419.8519292,305
112954,1780495419.8519309,310
112955,1780495419.8519318,313
112956,1780495419.851933,317
112957,1780495419.851934,312
112958,1780495419.851934,310
112959,1780495419.851935,309
112960,1780495419.851936,307
112961,1780495419.851937,302
112962,1780495419.851937,303
112963,1780495419.851939,300
112964,1780495419.856353,300
112965,1780495419.8563552,300
112966,1780495419.8563561,297
112967,1780495419.856357,299
112968,1780495419.8563578,298
112969,1780495419.856359,302
112970,1780495419.856359,306
112971,1780495419.85636,306
112972,1780495419.856361,307
112973,1780495419.8563619,304
112974,1780495419.856363,313
112975,1780495419.858586,315
112976,1780495419.858588,313
112977,1780495419.858589,315
112978,1780495419.85859,309
112979,1780495419.858591,309
112980,1780495419.858596,308
112981,1780495419.858597,308
112982,1780495419.858598,303
112983,1780495419.858599,302
112984,1780495419.8586,302
112985,1780495419.8586009,299
112986,1780495419.86081,297
112987,1780495419.860811,299
112988,1780495419.860812,304
112989,1780495419.8608131,302
112990,1780495419.860814,304
112991,1780495419.860814,305
112992,1780495419.860815,306
112993,1780495419.8608158,310
112994,1780495419.860817,313
112995,1780495419.860818,312
112996,1780495419.891995,313
112997,1780495419.8919969,310
112998,1780495419.891999,311
112999,1780495419.892,308
113000,1780495419.892001,305
113001,1780495419.892001,306
113002,1780495419.892002,301
113003,1780495419.892004,300
113004,1780495419.8920052,301
113005,1780495419.892006,299
113006,1780495419.8920069,300
113007,1780495419.89888,297
113008,1780495419.8988822,300
113009,1780495419.898883,302
113010,1780495419.898884,302
113011,1780495419.898885,305
113012,1780495419.898886,306
113013,1780495419.898887,308
113014,1780495419.8988879,312
113015,1780495419.898889,314
113016,1780495419.89889,314
113017,1780495419.901109,313
113018,1780495419.9011111,310
113019,1780495419.901112,303
113020,1780495419.901113,309
113021,1780495419.9011142,305
113022,1780495419.901115,300
113023,1780495419.901116,301
113024,1780495419.9011168,300
113025,1780495419.901118,300
113026,1780495419.901122,299
113027,1780495419.901123,298
113028,1780495419.903316,300
113029,1780495419.903318,299
113030,1780495419.9033191,302
113031,1780495419.903321,304
113032,1780495419.9033222,304
113033,1780495419.903323,308
113034,1780495419.903324,311
113035,1780495419.9033248,311
113036,1780495419.903326,315
113037,1780495419.903327,312
113038,1780495419.9033291,308
113039,1780495419.9324749,304
113040,1780495419.932478,305
113041,1780495419.93248,305
113042,1780495419.932481,304
113043,1780495419.932483,302
113044,1780495419.9324841,301
113045,1780495419.932485,296
113046,1780495419.9324858,297
113047,1780495419.932488,298
113048,1780495419.932489,296
113049,1780495419.932491,299
113050,1780495419.935904,300
113051,1780495419.9359071,305
113052,1780495419.935909,306
113053,1780495419.93591,306
113054,1780495419.935911,313
113055,1780495419.9359128,313
113056,1780495419.935914,315
113057,1780495419.935915,313
113058,1780495419.9359171,308
113059,1780495419.935919,310
113060,1780495419.9384162,307
113061,1780495419.9384189,303
113062,1780495419.938421,302
113063,1780495419.938422,302
113064,1780495419.9384232,300
113065,1780495419.938425,298
113066,1780495419.938426,298
113067,1780495419.938427,297
113068,1780495419.9384289,298
113069,1780495419.93843,297
113070,1780495419.938432,305
113071,1780495419.969475,303
113072,1780495419.9694788,304
113073,1780495419.969482,314
113074,1780495419.969483,313
113075,1780495419.969485,312
113076,1780495419.9694872,315
113077,1780495419.9694889,314
113078,1780495419.969491,308
113079,1780495419.969492,305
113080,1780495419.969494,308
113081,1780495419.9694972,307
113082,1780495419.971692,302
113083,1780495419.971699,301
113084,1780495419.971702,302
113085,1780495419.971703,299
113086,1780495419.9717052,296
113087,1780495419.9717069,301
113088,1780495419.971709,298
113089,1780495419.971711,302
113090,1780495419.971712,303
113091,1780495419.971715,305
113092,1780495419.9760928,310
113093,1780495419.976099,312
113094,1780495419.9761012,311
113095,1780495419.9761028,319
113096,1780495419.976105,318
113097,1780495419.9761071,319
113098,1780495419.976109,311
113099,1780495419.9761112,314
113100,1780495419.9761128,309
113101,1780495419.976114,306
113102,1780495419.976117,308
113103,1780495419.978322,303
113104,1780495419.978325,303
113105,1780495419.978327,302
113106,1780495419.9783292,298
113107,1780495419.9783309,302
113108,1780495419.978333,301
113109,1780495419.978334,304
113110,1780495419.978336,301
113111,1780495419.978338,309
113112,1780495419.9783401,306
113113,1780495419.978343,308
113114,1780495420.041279,312
113115,1780495420.041305,314
113116,1780495420.0413098,316
113117,1780495420.0413141,311
113118,1780495420.0413451,313
113119,1780495420.04135,304
113120,1780495420.041354,309
113121,1780495420.041358,305
113122,1780495420.0413609,303
113123,1780495420.0413692,301
113124,1780495420.0472388,300
113125,1780495420.047319,300
113126,1780495420.047327,298
113127,1780495420.047331,301
113128,1780495420.047335,299
113129,1780495420.047338,304
113130,1780495420.047342,303
113131,1780495420.0473459,304
113132,1780495420.0473511,304
113133,1780495420.047356,308
113134,1780495420.047363,309
113135,1780495420.04976,312
113136,1780495420.049783,314
113137,1780495420.0497909,316
113138,1780495420.049796,312
113139,1780495420.0498009,305
113140,1780495420.049806,305
113141,1780495420.049812,305
113142,1780495420.049817,303
113143,1780495420.0498219,299
113144,1780495420.0498261,299
113145,1780495420.049833,296
113146,1780495420.052178,295
113147,1780495420.052191,301
113148,1780495420.0521972,299
113149,1780495420.052202,302
113150,1780495420.052207,305
113151,1780495420.052212,306
113152,1780495420.052217,308
113153,1780495420.052222,311
113154,1780495420.052226,310
113155,1780495420.052232,312
113156,1780495420.0556731,314
113157,1780495420.05569,311
113158,1780495420.055695,309
113159,1780495420.0557,308
113160,1780495420.055705,306
113161,1780495420.055709,303
113162,1780495420.0557141,300
113163,1780495420.055719,296
113164,1780495420.055727,298
113165,1780495420.055732,299
113166,1780495420.0557382,297
113167,1780495420.057909,296
113168,1780495420.0579221,301
113169,1780495420.0579252,298
113170,1780495420.057929,301
113171,1780495420.0579321,303
113172,1780495420.057936,305
113173,1780495420.05794,307
113174,1780495420.057943,308
113175,1780495420.057947,310
113176,1780495420.05795,315
113177,1780495420.060092,310
113178,1780495420.060102,307
113179,1780495420.060107,306
113180,1780495420.060111,304
113181,1780495420.0601149,300
113182,1780495420.0601192,302
113183,1780495420.060123,299
113184,1780495420.060127,298
113185,1780495420.060131,297
113186,1780495420.060135,297
113187,1780495420.0601401,299
113188,1780495420.063936,300
113189,1780495420.063957,299
113190,1780495420.063963,301
113191,1780495420.063968,303
113192,1780495420.0639732,306
113193,1780495420.063978,308
113194,1780495420.0639832,309
113195,1780495420.063988,312
113196,1780495420.063993,316
113197,1780495420.063997,312
113198,1780495420.0640042,309
113199,1780495420.092891,306
113200,1780495420.092909,312
113201,1780495420.0929139,303
113202,1780495420.092917,300
113203,1780495420.09292,301
113204,1780495420.092923,300
113205,1780495420.092926,293
113206,1780495420.0929291,296
113207,1780495420.092932,297
113208,1780495420.092934,300
113209,1780495420.092942,302
113210,1780495420.09707,302
113211,1780495420.0970838,304
113212,1780495420.097088,307
113213,1780495420.097091,309
113214,1780495420.0970938,311
113215,1780495420.097096,313
113216,1780495420.0971022,314
113217,1780495420.0971048,313
113218,1780495420.097108,312
113219,1780495420.0971131,310
113220,1780495420.0993059,306
113221,1780495420.099349,306
113222,1780495420.099353,302
113223,1780495420.099357,300
113224,1780495420.099361,299
113225,1780495420.0993652,299
113226,1780495420.0993679,299
113227,1780495420.099371,300
113228,1780495420.099379,298
113229,1780495420.099382,299
113230,1780495420.099385,305
113231,1780495420.09939,301
113232,1780495420.1039429,309
113233,1780495420.103955,308
113234,1780495420.103961,309
113235,1780495420.103967,312
113236,1780495420.1039722,314
113237,1780495420.103977,314
113238,1780495420.103982,311
113239,1780495420.103986,309
113240,1780495420.103991,312
113241,1780495420.103997,305
113242,1780495420.1370392,306
113243,1780495420.1370492,301
113244,1780495420.1370518,303
113245,1780495420.137054,298
113246,1780495420.137056,298
113247,1780495420.137058,300
113248,1780495420.1370618,303
113249,1780495420.137065,301
113250,1780495420.137067,303
113251,1780495420.1370702,306
113252,1780495420.139689,310
113253,1780495420.139693,310
113254,1780495420.1396961,312
113255,1780495420.139698,315
113256,1780495420.1397078,316
113257,1780495420.13971,314
113258,1780495420.139713,313
113259,1780495420.139715,310
113260,1780495420.139717,310
113261,1780495420.139719,307
113262,1780495420.139723,303
113263,1780495420.14299,301
113264,1780495420.142994,300
113265,1780495420.142996,299
113266,1780495420.142997,300
113267,1780495420.142999,301
113268,1780495420.143001,299
113269,1780495420.143003,300
113270,1780495420.143005,302
113271,1780495420.143007,304
113272,1780495420.143009,308
113273,1780495420.143011,309
113274,1780495420.1452138,310
113275,1780495420.1452181,314
113276,1780495420.14522,317
113277,1780495420.145222,314
113278,1780495420.145223,316
113279,1780495420.145225,312
113280,1780495420.145227,310
113281,1780495420.145229,303
113282,1780495420.145231,306
113283,1780495420.1452339,301
113284,1780495420.1749089,303
113285,1780495420.174912,302
113286,1780495420.174913,300
113287,1780495420.1749141,301
113288,1780495420.174915,303
113289,1780495420.174916,302
113290,1780495420.1749172,304
113291,1780495420.174918,307
113292,1780495420.174919,310
113293,1780495420.174921,312
113294,1780495420.174922,316
113295,1780495420.179243,317
113296,1780495420.179245,315
113297,1780495420.1792462,314
113298,1780495420.179248,312
113299,1780495420.1792488,314
113300,1780495420.17925,311
113301,1780495420.179251,308
113302,1780495420.179255,306
113303,1780495420.179256,304
113304,1780495420.1792572,302
113305,1780495420.1792588,299
113306,1780495420.181462,300
113307,1780495420.181464,299
113308,1780495420.1814651,302
113309,1780495420.181466,304
113310,1780495420.1814668,306
113311,1780495420.181468,309
113312,1780495420.181469,309
113313,1780495420.18147,310
113314,1780495420.1814709,314
113315,1780495420.181472,315
113316,1780495420.2111151,314
113317,1780495420.211117,313
113318,1780495420.211118,315
113319,1780495420.2111192,311
113320,1780495420.2111201,307
113321,1780495420.2111208,308
113322,1780495420.2111208,306
113323,1780495420.211122,301
113324,1780495420.211123,303
113325,1780495420.211124,301
113326,1780495420.215589,302
113327,1780495420.21559,301
113328,1780495420.215591,303
113329,1780495420.215592,306
113330,1780495420.2155929,306
113331,1780495420.215594,311
113332,1780495420.215594,311
113333,1780495420.215595,314
113334,1780495420.215599,312
113335,1780495420.2156,317
113336,1780495420.215601,319
113337,1780495420.215602,317
113338,1780495420.220041,315
113339,1780495420.220043,314
113340,1780495420.2200441,312
113341,1780495420.2200441,309
113342,1780495420.220045,306
113343,1780495420.220046,307
113344,1780495420.220047,304
113345,1780495420.220048,300
113346,1780495420.220048,303
113347,1780495420.220049,303
113348,1780495420.222513,300
113349,1780495420.2225149,307
113350,1780495420.222516,306
113351,1780495420.222517,309
113352,1780495420.222518,307
113353,1780495420.222519,314
113354,1780495420.222519,314
113355,1780495420.22252,317
113356,1780495420.222521,315
113357,1780495420.222522,314
113358,1780495420.222523,316
113359,1780495420.254903,312
113360,1780495420.254907,310
113361,1780495420.2549078,309
113362,1780495420.254909,310
113363,1780495420.254909,304
113364,1780495420.25491,300
113365,1780495420.254911,303
113366,1780495420.254912,302
113367,1780495420.254913,302
113368,1780495420.254913,305
113369,1780495420.254915,306
113370,1780495420.2586749,309
113371,1780495420.258677,308
113372,1780495420.258677,309
113373,1780495420.258678,311
113374,1780495420.2586792,313
113375,1780495420.25868,317
113376,1780495420.258682,319
113377,1780495420.258683,317
113378,1780495420.258683,313
113379,1780495420.2586849,310
113380,1780495420.26099,311
113381,1780495420.260992,307
113382,1780495420.260993,305
113383,1780495420.260994,300
113384,1780495420.2609951,301
113385,1780495420.2609951,300
113386,1780495420.260996,300
113387,1780495420.260997,300
113388,1780495420.2609978,304
113389,1780495420.2609978,303
113390,1780495420.261,305
113391,1780495420.2633548,308
113392,1780495420.263356,309
113393,1780495420.263357,309
113394,1780495420.2633579,311
113395,1780495420.263359,318
113396,1780495420.26336,315
113397,1780495420.263361,315
113398,1780495420.263361,311
113399,1780495420.263362,310
113400,1780495420.2633631,306
113401,1780495420.263364,305
113402,1780495420.2924511,303
113403,1780495420.292454,302
113404,1780495420.292455,301
113405,1780495420.292455,300
113406,1780495420.292456,300
113407,1780495420.2924569,298
113408,1780495420.292458,301
113409,1780495420.292459,301
113410,1780495420.292459,302
113411,1780495420.2924612,305
113412,1780495420.296866,307
113413,1780495420.296868,308
113414,1780495420.296869,310
113415,1780495420.29687,314
113416,1780495420.29687,314
113417,1780495420.296876,315
113418,1780495420.2968771,313
113419,1780495420.296878,306
113420,1780495420.296878,306
113421,1780495420.296879,303
113422,1780495420.2968802,303
113423,1780495420.299107,302
113424,1780495420.2991092,301
113425,1780495420.29911,298
113426,1780495420.29911,301
113427,1780495420.299111,300
113428,1780495420.2991118,298
113429,1780495420.299113,298
113430,1780495420.299113,304
113431,1780495420.299114,304
113432,1780495420.299115,310
113433,1780495420.2991161,308
113434,1780495420.3420281,308
113435,1780495420.34203,314
113436,1780495420.342031,314
113437,1780495420.342032,311
113438,1780495420.342033,311
113439,1780495420.3420339,307
113440,1780495420.342036,305
113441,1780495420.342037,305
113442,1780495420.342038,300
113443,1780495420.34204,299
113444,1780495420.3472278,300
113445,1780495420.34723,297
113446,1780495420.347231,301
113447,1780495420.347232,299
113448,1780495420.347234,296
113449,1780495420.347235,298
113450,1780495420.3472362,300
113451,1780495420.347237,306
113452,1780495420.3472378,303
113453,1780495420.347239,309
113454,1780495420.347241,315
113455,1780495420.350573,307
113456,1780495420.3505752,315
113457,1780495420.3505762,312
113458,1780495420.3505769,309
113459,1780495420.3505778,307
113460,1780495420.350579,307
113461,1780495420.350583,305
113462,1780495420.350584,300
113463,1780495420.3505862,299
113464,1780495420.350587,301
113465,1780495420.3505878,299
113466,1780495420.3527622,298
113467,1780495420.352764,299
113468,1780495420.3527648,298
113469,1780495420.352766,301
113470,1780495420.352767,302
113471,1780495420.352768,303
113472,1780495420.3527691,307
113473,1780495420.352772,306
113474,1780495420.3527732,308
113475,1780495420.3527749,313
113476,1780495420.356287,315
113477,1780495420.356289,310
113478,1780495420.35629,312
113479,1780495420.356292,310
113480,1780495420.3562932,304
113481,1780495420.356294,305
113482,1780495420.3562949,301
113483,1780495420.3562958,296
113484,1780495420.356297,301
113485,1780495420.356299,295
113486,1780495420.3563,295
113487,1780495420.359879,298
113488,1780495420.359881,300
113489,1780495420.359883,298
113490,1780495420.359884,301
113491,1780495420.359885,306
113492,1780495420.3598862,305
113493,1780495420.3598871,307
113494,1780495420.3598888,311
113495,1780495420.35989,311
113496,1780495420.359891,318
113497,1780495420.361774,313
113498,1780495420.3726761,311
113499,1780495420.372679,308
113500,1780495420.37268,306
113501,1780495420.372681,304
113502,1780495420.372683,302
113503,1780495420.372687,303
113504,1780495420.372689,302
113505,1780495420.37269,301
113506,1780495420.3726919,299
113507,1780495420.372694,300
113508,1780495420.402796,300
113509,1780495420.4028,301
113510,1780495420.402802,303
113511,1780495420.402804,302
113512,1780495420.402805,306
113513,1780495420.402807,310
113514,1780495420.402808,311
113515,1780495420.40281,312
113516,1780495420.4028108,315
113517,1780495420.402813,312
113518,1780495420.4028149,309
113519,1780495420.408843,308
113520,1780495420.408847,308
113521,1780495420.4088478,303
113522,1780495420.40885,301
113523,1780495420.4088519,299
113524,1780495420.408854,301
113525,1780495420.4088562,298
113526,1780495420.408858,297
113527,1780495420.40886,298
113528,1780495420.4088619,304
113529,1780495420.408863,300
113530,1780495420.4088662,300
113531,1780495420.411051,306
113532,1780495420.411055,308
113533,1780495420.411057,309
113534,1780495420.411059,310
113535,1780495420.4110599,313
113536,1780495420.411062,314
113537,1780495420.4110641,313
113538,1780495420.411066,313
113539,1780495420.411068,307
113540,1780495420.4110699,308
113541,1780495420.44052,302
113542,1780495420.4405272,303
113543,1780495420.4405289,299
113544,1780495420.440532,300
113545,1780495420.440534,296
113546,1780495420.440536,300
113547,1780495420.440539,297
113548,1780495420.440541,298
113549,1780495420.440543,300
113550,1780495420.440552,303
113551,1780495420.443562,303
113552,1780495420.4435682,303
113553,1780495420.44357,312
113554,1780495420.443573,312
113555,1780495420.443576,312
113556,1780495420.443579,316
113557,1780495420.443582,314
113558,1780495420.443585,312
113559,1780495420.443588,308
113560,1780495420.44359,307
113561,1780495420.443595,306
113562,1780495420.445952,304
113563,1780495420.4459572,303
113564,1780495420.44596,301
113565,1780495420.445963,299
113566,1780495420.445966,299
113567,1780495420.445972,300
113568,1780495420.445975,294
113569,1780495420.4459782,300
113570,1780495420.445981,303
113571,1780495420.445985,302
113572,1780495420.448524,304
113573,1780495420.448529,307
113574,1780495420.4485319,310
113575,1780495420.448535,311
113576,1780495420.448538,314
113577,1780495420.448541,313
113578,1780495420.448543,313
113579,1780495420.448546,309
113580,1780495420.448549,306
113581,1780495420.448552,302
113582,1780495420.448556,300
113583,1780495420.479578,303
113584,1780495420.479603,299
113585,1780495420.479611,297
113586,1780495420.479616,295
113587,1780495420.4796212,296
113588,1780495420.479625,296
113589,1780495420.479628,301
113590,1780495420.479632,302
113591,1780495420.479636,306
113592,1780495420.4796412,307
113593,1780495420.480934,310
113594,1780495420.485095,314
113595,1780495420.485117,314
113596,1780495420.485121,316
113597,1780495420.485125,311
113598,1780495420.4851289,312
113599,1780495420.485132,308
113600,1780495420.4851358,308
113601,1780495420.4851682,299
113602,1780495420.4851708,303
113603,1780495420.485179,301
113604,1780495420.487347,298
113605,1780495420.48736,299
113606,1780495420.487364,297
113607,1780495420.4873679,297
113608,1780495420.487371,294
113609,1780495420.487375,301
113610,1780495420.4873788,305
113611,1780495420.487382,306
113612,1780495420.4873862,308
113613,1780495420.48739,314
113614,1780495420.487398,308
113615,1780495420.48969,313
113616,1780495420.489713,310
113617,1780495420.489724,312
113618,1780495420.489729,311
113619,1780495420.489734,304
113620,1780495420.4897401,307
113621,1780495420.489745,305
113622,1780495420.48975,301
113623,1780495420.489755,302
113624,1780495420.48976,297
113625,1780495420.518879,297
113626,1780495420.518909,299
113627,1780495420.5189152,296
113628,1780495420.518919,297
113629,1780495420.518924,302
113630,1780495420.5189278,302
113631,1780495420.518931,305
113632,1780495420.5189362,307
113633,1780495420.51894,310
113634,1780495420.518944,312
113635,1780495420.518948,315
113636,1780495420.5189528,315
113637,1780495420.523901,315
113638,1780495420.523922,310
113639,1780495420.523926,309
113640,1780495420.523929,306
113641,1780495420.523932,304
113642,1780495420.523935,304
113643,1780495420.523938,300
113644,1780495420.52394,305
113645,1780495420.523943,299
113646,1780495420.523947,297
113647,1780495420.5285492,296
113648,1780495420.5285702,299
113649,1780495420.528576,299
113650,1780495420.5285811,301
113651,1780495420.528586,304
113652,1780495420.5285912,307
113653,1780495420.528596,309
113654,1780495420.5286012,313
113655,1780495420.528605,314
113656,1780495420.52861,313
113657,1780495420.528617,311
113658,1780495420.5307908,311
113659,1780495420.5308118,308
113660,1780495420.530818,304
113661,1780495420.530823,304
113662,1780495420.530828,300
113663,1780495420.5308318,298
113664,1780495420.530845,299
113665,1780495420.53085,296
113666,1780495420.530855,298
113667,1780495420.530862,300
113668,1780495420.560122,299
113669,1780495420.5601752,299
113670,1780495420.56018,294
113671,1780495420.560184,302
113672,1780495420.5601869,306
113673,1780495420.56019,306
113674,1780495420.560193,311
113675,1780495420.5601962,315
113676,1780495420.560201,313
113677,1780495420.560204,316
113678,1780495420.560212,307
113679,1780495420.564422,304
113680,1780495420.564438,306
113681,1780495420.5644422,303
113682,1780495420.564445,304
113683,1780495420.564447,303
113684,1780495420.56445,295
113685,1780495420.5644531,297
113686,1780495420.564456,296
113687,1780495420.564459,298
113688,1780495420.5644622,301
113689,1780495420.564468,301
113690,1780495420.5664918,302
113691,1780495420.566499,305
113692,1780495420.5665019,304
113693,1780495420.5665112,309
113694,1780495420.566514,310
113695,1780495420.5665169,315
113696,1780495420.56652,315
113697,1780495420.5665228,309
113698,1780495420.566526,310
113699,1780495420.56653,309
113700,1780495420.575159,305
113701,1780495420.5751638,301
113702,1780495420.575166,303
113703,1780495420.575168,296
113704,1780495420.575171,298
113705,1780495420.5751731,296
113706,1780495420.5751748,300
113707,1780495420.575177,297
113708,1780495420.575179,296
113709,1780495420.575182,298
113710,1780495420.5751848,301
113711,1780495420.604005,304
113712,1780495420.604009,306
113713,1780495420.6040099,309
113714,1780495420.6040142,310
113715,1780495420.604015,313
113716,1780495420.6040168,314
113717,1780495420.604019,308
113718,1780495420.6040199,315
113719,1780495420.604021,309
113720,1780495420.604023,303
113721,1780495420.6040251,303
113722,1780495420.6082292,306
113723,1780495420.6082308,301
113724,1780495420.608233,302
113725,1780495420.608234,298
113726,1780495420.6082351,296
113727,1780495420.608236,298
113728,1780495420.608237,300
113729,1780495420.6082392,305
113730,1780495420.6082401,302
113731,1780495420.6082408,303
113732,1780495420.60977,308
113733,1780495420.609772,307
113734,1780495420.609774,312
113735,1780495420.609775,314
113736,1780495420.609776,313
113737,1780495420.609777,311
113738,1780495420.609778,306
113739,1780495420.609783,309
113740,1780495420.6097841,306
113741,1780495420.609785,307
113742,1780495420.609787,300
113743,1780495420.656773,300
113744,1780495420.656776,300
113745,1780495420.656776,295
113746,1780495420.656777,299
113747,1780495420.656778,297
113748,1780495420.656779,296
113749,1780495420.65678,301
113750,1780495420.65678,300
113751,1780495420.656781,304
113752,1780495420.6567822,305
113753,1780495420.656783,307
113754,1780495420.6589718,312
113755,1780495420.658974,314
113756,1780495420.658975,310
113757,1780495420.658976,313
113758,1780495420.658976,313
113759,1780495420.658977,308
113760,1780495420.658978,305
113761,1780495420.6589792,306
113762,1780495420.658981,301
113763,1780495420.6589818,301
113764,1780495420.662661,300
113765,1780495420.662663,301
113766,1780495420.662664,297
113767,1780495420.662665,300
113768,1780495420.662666,301
113769,1780495420.662667,298
113770,1780495420.662667,300
113771,1780495420.662668,303
113772,1780495420.662669,311
113773,1780495420.6626701,308
113774,1780495420.662671,309
113775,1780495420.664897,315
113776,1780495420.6648982,314
113777,1780495420.664899,313
113778,1780495420.6649,312
113779,1780495420.664901,305
113780,1780495420.664902,306
113781,1780495420.664902,305
113782,1780495420.664903,300
113783,1780495420.6649039,300
113784,1780495420.664905,300
113785,1780495420.666993,296
113786,1780495420.666995,300
113787,1780495420.666996,295
113788,1780495420.666997,296
113789,1780495420.666998,302
113790,1780495420.666999,302
113791,1780495420.667,305
113792,1780495420.667,306
113793,1780495420.667001,305
113794,1780495420.6670022,308
113795,1780495420.667003,314
113796,1780495420.6685948,316
113797,1780495420.668601,309
113798,1780495420.6686022,311
113799,1780495420.668603,306
113800,1780495420.668603,305
113801,1780495420.668604,307
113802,1780495420.6686049,297
113803,1780495420.668606,297
113804,1780495420.668607,294
113805,1780495420.668608,297
113806,1780495420.670462,297
113807,1780495420.70192,302
113808,1780495420.701922,301
113809,1780495420.7019231,301
113810,1780495420.701924,299
113811,1780495420.701926,306
113812,1780495420.701927,306
113813,1780495420.701927,305
113814,1780495420.701928,310
113815,1780495420.7019289,314
113816,1780495420.70193,314
113817,1780495420.701931,312
113818,1780495420.708686,314
113819,1780495420.7086878,310
113820,1780495420.708689,306
113821,1780495420.70869,303
113822,1780495420.708691,303
113823,1780495420.708691,299
113824,1780495420.708692,298
113825,1780495420.708693,300
113826,1780495420.708694,300
113827,1780495420.708695,302
113828,1780495420.710817,298
113829,1780495420.710819,302
113830,1780495420.710819,302
113831,1780495420.7108202,308
113832,1780495420.7108212,309
113833,1780495420.7108219,307
113834,1780495420.7108228,311
113835,1780495420.710824,316
113836,1780495420.710824,312
113837,1780495420.710825,314
113838,1780495420.710826,311
113839,1780495420.7130072,308
113840,1780495420.7130089,305
113841,1780495420.7130098,305
113842,1780495420.713011,304
113843,1780495420.713011,300
113844,1780495420.713012,298
113845,1780495420.713013,297
113846,1780495420.7130141,299
113847,1780495420.7130141,297
113848,1780495420.713015,297
113849,1780495420.713016,301
113850,1780495420.742364,304
113851,1780495420.7423658,304
113852,1780495420.742367,306
113853,1780495420.742368,309
113854,1780495420.742369,309
113855,1780495420.7423701,313
113856,1780495420.742371,313
113857,1780495420.742372,311
113858,1780495420.7423732,309
113859,1780495420.742374,309
113860,1780495420.742375,309
113861,1780495420.7458692,302
113862,1780495420.745871,307
113863,1780495420.7458718,303
113864,1780495420.745873,298
113865,1780495420.745874,297
113866,1780495420.745875,299
113867,1780495420.745876,298
113868,1780495420.745877,304
113869,1780495420.745877,301
113870,1780495420.745879,303
113871,1780495420.748425,303
113872,1780495420.748427,306
113873,1780495420.748428,311
113874,1780495420.748429,314
113875,1780495420.74843,317
113876,1780495420.74843,316
113877,1780495420.7484312,314
113878,1780495420.748432,309
113879,1780495420.7484329,308
113880,1780495420.7484338,305
113881,1780495420.748437,305
113882,1780495420.7522292,303
113883,1780495420.752231,303
113884,1780495420.7522318,299
113885,1780495420.7522318,300
113886,1780495420.752233,300
113887,1780495420.752234,300
113888,1780495420.752235,302
113889,1780495420.7522361,305
113890,1780495420.752237,304
113891,1780495420.752238,305
113892,1780495420.78237,309
113893,1780495420.7823732,308
113894,1780495420.782374,313
113895,1780495420.7823749,314
113896,1780495420.782376,314
113897,1780495420.782377,317
113898,1780495420.782378,313
113899,1780495420.782379,311
113900,1780495420.782381,310
113901,1780495420.782382,304
113902,1780495420.7823832,305
113903,1780495420.7859159,300
113904,1780495420.785918,302
113905,1780495420.785919,299
113906,1780495420.78592,303
113907,1780495420.785921,298
113908,1780495420.785922,303
113909,1780495420.785923,305
113910,1780495420.7859242,306
113911,1780495420.7859251,304
113912,1780495420.7859259,306
113913,1780495420.785928,311
113914,1780495420.7884212,313
113915,1780495420.7884228,318
113916,1780495420.788424,315
113917,1780495420.788425,315
113918,1780495420.788426,309
113919,1780495420.788427,310
113920,1780495420.788428,306
113921,1780495420.788429,306
113922,1780495420.78843,302
113923,1780495420.788432,300
113924,1780495420.818651,300
113925,1780495420.818655,301
113926,1780495420.818656,299
113927,1780495420.818658,301
113928,1780495420.818659,299
113929,1780495420.8186612,302
113930,1780495420.818662,303
113931,1780495420.8186638,305
113932,1780495420.818665,308
113933,1780495420.818666,309
113934,1780495420.8186681,315
113935,1780495420.82262,315
113936,1780495420.822623,314
113937,1780495420.822624,314
113938,1780495420.822625,311
113939,1780495420.822627,311
113940,1780495420.822628,307
113941,1780495420.82263,306
113942,1780495420.822631,304
113943,1780495420.8226318,301
113944,1780495420.822634,303
113945,1780495420.8271391,298
113946,1780495420.827143,302
113947,1780495420.8271449,301
113948,1780495420.827146,301
113949,1780495420.827148,303
113950,1780495420.8271492,304
113951,1780495420.827151,306
113952,1780495420.8271518,308
113953,1780495420.827154,310
113954,1780495420.8271549,314
113955,1780495420.827158,317
113956,1780495420.8296971,318
113957,1780495420.8297,313
113958,1780495420.829702,311
113959,1780495420.8297029,310
113960,1780495420.829705,311
113961,1780495420.829706,311
113962,1780495420.829708,304
113963,1780495420.829709,301
113964,1780495420.8297112,297
113965,1780495420.829712,296
113966,1780495420.829715,299
113967,1780495420.859888,300
113968,1780495420.859892,299
113969,1780495420.859894,301
113970,1780495420.8598962,304
113971,1780495420.859898,308
113972,1780495420.8599,307
113973,1780495420.859901,313
113974,1780495420.8599029,312
113975,1780495420.859905,316
113976,1780495420.8599072,317
113977,1780495420.8599098,312
113978,1780495420.8633568,311
113979,1780495420.863362,310
113980,1780495420.863364,306
113981,1780495420.863366,305
113982,1780495420.863368,302
113983,1780495420.863371,303
113984,1780495420.863373,302
113985,1780495420.8633752,296
113986,1780495420.8633769,302
113987,1780495420.86338,300
113988,1780495420.865916,303
113989,1780495420.86592,306
113990,1780495420.8659232,302
113991,1780495420.865932,308
113992,1780495420.8659341,309
113993,1780495420.8659358,311
113994,1780495420.865939,312
113995,1780495420.865941,317
113996,1780495420.865943,317
113997,1780495420.865945,313
113998,1780495420.865949,312
113999,1780495420.869747,310
114000,1780495420.869751,311
114001,1780495420.869757,306
114002,1780495420.869759,305
114003,1780495420.869761,301
114004,1780495420.8697631,301
114005,1780495420.869766,298
114006,1780495420.869768,299
114007,1780495420.86977,302
114008,1780495420.869772,298
114009,1780495420.8697758,302
114010,1780495420.90375,306
114011,1780495420.903766,305
114012,1780495420.9037702,307
114013,1780495420.903776,314
114014,1780495420.90378,312
114015,1780495420.9037828,315
114016,1780495420.903787,313
114017,1780495420.9037938,316
114018,1780495420.903798,316
114019,1780495420.9038022,310
114020,1780495420.9071958,310
114021,1780495420.9072042,310
114022,1780495420.907208,305
114023,1780495420.907212,303
114024,1780495420.9072158,302
114025,1780495420.90722,301
114026,1780495420.907226,299
114027,1780495420.90723,302
114028,1780495420.907233,303
114029,1780495420.907237,305
114030,1780495420.9072409,306
114031,1780495420.909827,305
114032,1780495420.909837,309
114033,1780495420.909842,313
114034,1780495420.909903,312
114035,1780495420.90991,315
114036,1780495420.909914,317
114037,1780495420.9099698,312
114038,1780495420.909993,311
114039,1780495420.910004,308
114040,1780495420.910008,310
114041,1780495420.9100978,309
114042,1780495420.912742,306
114043,1780495420.91276,304
114044,1780495420.9127638,304
114045,1780495420.912768,300
114046,1780495420.9127722,299
114047,1780495420.912776,300
114048,1780495420.9127831,300
114049,1780495420.912787,301
114050,1780495420.912791,305
114051,1780495420.912797,308
114052,1780495420.9551091,308
114053,1780495420.955145,312
114054,1780495420.955153,315
114055,1780495420.955158,317
114056,1780495420.955164,320
114057,1780495420.955169,318
114058,1780495420.955175,314
114059,1780495420.95518,309
114060,1780495420.955185,305
114061,1780495420.95519,307
114062,1780495420.955198,305
114063,1780495420.9584022,302
114064,1780495420.958411,301
114065,1780495420.958416,300
114066,1780495420.958422,304
114067,1780495420.958427,301
114068,1780495420.958432,303
114069,1780495420.958436,302
114070,1780495420.958444,303
114071,1780495420.958449,308
114072,1780495420.958453,309
114073,1780495420.9584599,312
114074,1780495420.960833,312
114075,1780495420.960843,316
114076,1780495420.9608479,317
114077,1780495420.960853,315
114078,1780495420.960858,310
114079,1780495420.960862,310
114080,1780495420.9608672,310
114081,1780495420.960877,305
114082,1780495420.960882,304
114083,1780495420.960889,303
114084,1780495420.9634938,301
114085,1780495420.9635148,302
114086,1780495420.963522,301
114087,1780495420.963527,300
114088,1780495420.963532,298
114089,1780495420.963537,300
114090,1780495420.963541,301
114091,1780495420.963546,305
114092,1780495420.963551,309
114093,1780495420.963556,313
114094,1780495420.963563,314
114095,1780495420.966079,315
114096,1780495420.9661062,313
114097,1780495420.966112,316
114098,1780495420.9661162,310
114099,1780495420.966121,312
114100,1780495420.966126,309
114101,1780495420.966131,309
114102,1780495420.966135,305
114103,1780495420.9661398,303
114104,1780495420.966145,301
114105,1780495420.966151,301
114106,1780495420.99744,299
114107,1780495420.9974651,300
114108,1780495420.997469,299
114109,1780495420.997472,302
114110,1780495420.9974751,304
114111,1780495420.9974778,304
114112,1780495420.997482,307
114113,1780495420.9974852,311
114114,1780495420.997488,314
114115,1780495420.997492,313
114116,1780495420.999679,313
114117,1780495420.999695,315
114118,1780495420.999697,311
114119,1780495420.9997,312
114120,1780495420.999702,301
114121,1780495420.999705,303
114122,1780495420.999708,304
114123,1780495420.9997098,300
114124,1780495420.999713,303
114125,1780495420.999715,302
114126,1780495420.999719,300
114127,1780495421.002613,300
114128,1780495421.002625,301
114129,1780495421.002628,304
114130,1780495421.00265,307
114131,1780495421.002653,309
114132,1780495421.002655,312
114133,1780495421.0026581,313
114134,1780495421.00266,316
114135,1780495421.002663,321
114136,1780495421.002665,318
114137,1780495421.0026681,318
114138,1780495421.0360682,314
114139,1780495421.036072,315
114140,1780495421.036074,308
114141,1780495421.036075,309
114142,1780495421.036076,306
114143,1780495421.0360801,306
114144,1780495421.036083,302
114145,1780495421.036084,301
114146,1780495421.036086,302
114147,1780495421.036088,302
114148,1780495421.039571,302
114149,1780495421.039573,304
114150,1780495421.039575,307
114151,1780495421.039576,311
114152,1780495421.0395782,311
114153,1780495421.039579,312
114154,1780495421.0395799,313
114155,1780495421.039582,320
114156,1780495421.039583,316
114157,1780495421.039585,315
114158,1780495421.039587,313
114159,1780495421.04201,307
114160,1780495421.042013,310
114161,1780495421.042014,306
114162,1780495421.042016,305
114163,1780495421.042017,305
114164,1780495421.0420191,301
114165,1780495421.04202,300
114166,1780495421.042021,298
114167,1780495421.042023,302
114168,1780495421.042024,303
114169,1780495421.044632,306
114170,1780495421.044634,305
114171,1780495421.0446348,303
114172,1780495421.044637,307
114173,1780495421.044638,311
114174,1780495421.0446389,314
114175,1780495421.04464,316
114176,1780495421.044645,315
114177,1780495421.044647,316
114178,1780495421.044648,313
114179,1780495421.04465,311
114180,1780495421.088512,305
114181,1780495421.088515,303
114182,1780495421.088516,305
114183,1780495421.088516,304
114184,1780495421.0885172,302
114185,1780495421.088518,300
114186,1780495421.0885189,298
114187,1780495421.08852,301
114188,1780495421.088521,302
114189,1780495421.088522,303
114190,1780495421.0913029,307
114191,1780495421.093756,308
114192,1780495421.0937579,312
114193,1780495421.093759,311
114194,1780495421.09376,313
114195,1780495421.093761,319
114196,1780495421.0937622,318
114197,1780495421.093763,317
114198,1780495421.093763,311
114199,1780495421.093764,312
114200,1780495421.093765,307
114201,1780495421.093766,307
114202,1780495421.097067,304
114203,1780495421.097068,304
114204,1780495421.097069,301
114205,1780495421.09707,298
114206,1780495421.0970712,301
114207,1780495421.0970712,300
114208,1780495421.0970721,300
114209,1780495421.0970728,302
114210,1780495421.097074,307
114211,1780495421.097075,306
114212,1780495421.09966,310
114213,1780495421.099662,312
114214,1780495421.099662,312
114215,1780495421.099663,318
114216,1780495421.099664,313
114217,1780495421.099665,311
114218,1780495421.0996659,312
114219,1780495421.0996659,309
114220,1780495421.0996668,309
114221,1780495421.099668,308
114222,1780495421.0996742,305
114223,1780495421.1020522,303
114224,1780495421.1020532,301
114225,1780495421.1020539,301
114226,1780495421.1020548,299
114227,1780495421.102056,300
114228,1780495421.102057,302
114229,1780495421.102057,301
114230,1780495421.102058,304
114231,1780495421.1020591,303
114232,1780495421.10206,307
114233,1780495421.102061,310
114234,1780495421.1046221,315
114235,1780495421.104624,317
114236,1780495421.104625,315
114237,1780495421.104626,313
114238,1780495421.104626,312
114239,1780495421.104627,309
114240,1780495421.104628,311
114241,1780495421.104629,307
114242,1780495421.10463,303
114243,1780495421.104631,302
114244,1780495421.1348422,301
114245,1780495421.134845,300
114246,1780495421.134845,301
114247,1780495421.134846,296
114248,1780495421.134847,301
114249,1780495421.134848,305
114250,1780495421.134849,304
114251,1780495421.134849,307
114252,1780495421.13485,311
114253,1780495421.134851,314
114254,1780495421.1348522,315
114255,1780495421.138379,318
114256,1780495421.138381,316
114257,1780495421.1383822,316
114258,1780495421.1383832,315
114259,1780495421.1383839,312
114260,1780495421.1383839,310
114261,1780495421.1383848,311
114262,1780495421.138386,309
114263,1780495421.138387,305
114264,1780495421.138388,304
114265,1780495421.138389,300
114266,1780495421.140862,300
114267,1780495421.140864,301
114268,1780495421.140867,303
114269,1780495421.1408682,304
114270,1780495421.1408691,306
114271,1780495421.1408699,306
114272,1780495421.1408708,311
114273,1780495421.1408708,312
114274,1780495421.140872,311
114275,1780495421.140873,316
114276,1780495421.174428,316
114277,1780495421.174431,318
114278,1780495421.174432,316
114279,1780495421.174433,312
114280,1780495421.174434,308
114281,1780495421.1744351,303
114282,1780495421.174436,309
114283,1780495421.174436,306
114284,1780495421.174437,302
114285,1780495421.174439,301
114286,1780495421.175528,300
114287,1780495421.180097,301
114288,1780495421.180099,302
114289,1780495421.1801002,302
114290,1780495421.1801012,307
114291,1780495421.1801012,307
114292,1780495421.1801019,311
114293,1780495421.1801028,313
114294,1780495421.180104,315
114295,1780495421.180105,316
114296,1780495421.180105,316
114297,1780495421.180107,313
114298,1780495421.182555,313
114299,1780495421.1825569,310
114300,1780495421.182558,309
114301,1780495421.182558,308
114302,1780495421.182559,306
114303,1780495421.18256,301
114304,1780495421.182561,302
114305,1780495421.182562,301
114306,1780495421.182562,301
114307,1780495421.182564,304
114308,1780495421.1846662,303
114309,1780495421.1846678,304
114310,1780495421.184669,307
114311,1780495421.184669,310
114312,1780495421.18467,311
114313,1780495421.184671,316
114314,1780495421.1846771,316
114315,1780495421.1846778,318
114316,1780495421.1846778,320
114317,1780495421.1846788,317
114318,1780495421.18468,315
114319,1780495421.2496462,313
114320,1780495421.2496488,308
114321,1780495421.249651,308
114322,1780495421.249652,310
114323,1780495421.249653,304
114324,1780495421.249654,302
114325,1780495421.249655,299
114326,1780495421.2496572,300
114327,1780495421.24966,301
114328,1780495421.249662,304
114329,1780495421.2529228,305
114330,1780495421.2529259,307
114331,1780495421.252927,309
114332,1780495421.252929,311
114333,1780495421.2529302,311
114334,1780495421.252932,316
114335,1780495421.252933,319
114336,1780495421.252934,318
114337,1780495421.252936,312
114338,1780495421.252937,312
114339,1780495421.252939,314
114340,1780495421.257351,312
114341,1780495421.257354,312
114342,1780495421.257355,311
114343,1780495421.2573571,303
114344,1780495421.257358,303
114345,1780495421.257359,296
114346,1780495421.257361,301
114347,1780495421.257362,302
114348,1780495421.2573628,306
114349,1780495421.257365,304
114350,1780495421.2573671,307
114351,1780495421.259495,310
114352,1780495421.259498,313
114353,1780495421.2595022,314
114354,1780495421.259504,318
114355,1780495421.2595048,316
114356,1780495421.259506,315
114357,1780495421.259508,318
114358,1780495421.259509,315
114359,1780495421.259511,316
114360,1780495421.259512,310
114361,1780495421.259514,310
114362,1780495421.261756,305
114363,1780495421.2617579,307
114364,1780495421.26176,305
114365,1780495421.261761,301
114366,1780495421.2617621,300
114367,1780495421.261764,304
114368,1780495421.261765,302
114369,1780495421.26178,307
114370,1780495421.261781,305
114371,1780495421.2617831,309
114372,1780495421.2632792,308
114373,1780495421.2632818,315
114374,1780495421.263283,316
114375,1780495421.263285,319
114376,1780495421.263286,320
114377,1780495421.263288,320
114378,1780495421.263291,315
114379,1780495421.2632918,311
114380,1780495421.263294,312
114381,1780495421.263295,311
114382,1780495421.263297,306
114383,1780495421.26602,305
114384,1780495421.266023,303
114385,1780495421.2660239,304
114386,1780495421.266026,303
114387,1780495421.266027,305
114388,1780495421.266028,303
114389,1780495421.26603,305
114390,1780495421.266031,305
114391,1780495421.2660322,309
114392,1780495421.266034,309
114393,1780495421.2660348,312
114394,1780495421.266037,315
114395,1780495421.2692459,317
114396,1780495421.269249,317
114397,1780495421.269251,313
114398,1780495421.269252,314
114399,1780495421.269255,314
114400,1780495421.269257,314
114401,1780495421.269258,311
114402,1780495421.269259,307
114403,1780495421.2692611,304
114404,1780495421.2987242,303
114405,1780495421.298728,301
114406,1780495421.29873,303
114407,1780495421.298732,301
114408,1780495421.2987342,302
114409,1780495421.2987351,306
114410,1780495421.2987368,308
114411,1780495421.298739,311
114412,1780495421.298741,311
114413,1780495421.298744,314
114414,1780495421.302928,317
114415,1780495421.302932,319
114416,1780495421.302934,318
114417,1780495421.302936,316
114418,1780495421.302937,313
114419,1780495421.302939,313
114420,1780495421.3029408,311
114421,1780495421.302943,309
114422,1780495421.3029451,305
114423,1780495421.302947,304
114424,1780495421.3029492,305
114425,1780495421.3071501,304
114426,1780495421.309391,301
114427,1780495421.3094,303
114428,1780495421.309403,304
114429,1780495421.309407,305
114430,1780495421.3094091,312
114431,1780495421.309411,308
114432,1780495421.309414,308
114433,1780495421.3094158,313
114434,1780495421.309418,315
114435,1780495421.309422,320
114436,1780495421.311664,316
114437,1780495421.3116689,314
114438,1780495421.311671,315
114439,1780495421.3116732,311
114440,1780495421.3116748,308
114441,1780495421.311678,308
114442,1780495421.31168,305
114443,1780495421.311682,303
114444,1780495421.3116841,301
114445,1780495421.3116858,300
114446,1780495421.31169,299
114447,1780495421.341232,301
114448,1780495421.341254,302
114449,1780495421.341258,304
114450,1780495421.3412611,304
114451,1780495421.3412638,311
114452,1780495421.34127,310
114453,1780495421.341273,313
114454,1780495421.341276,316
114455,1780495421.341279,318
114456,1780495421.3412821,310
114457,1780495421.341286,312
114458,1780495421.345526,311
114459,1780495421.345552,308
114460,1780495421.3455548,307
114461,1780495421.3455591,306
114462,1780495421.3455648,306
114463,1780495421.3455691,305
114464,1780495421.345572,301
114465,1780495421.345579,299
114466,1780495421.345582,300
114467,1780495421.3455858,302
114468,1780495421.3489149,302
114469,1780495421.3489459,303
114470,1780495421.34895,305
114471,1780495421.348953,306
114472,1780495421.3489559,312
114473,1780495421.348959,313
114474,1780495421.348962,315
114475,1780495421.3489652,317
114476,1780495421.3489668,316
114477,1780495421.34897,311
114478,1780495421.348974,311
114479,1780495421.350409,309
114480,1780495421.350422,308
114481,1780495421.350425,305
114482,1780495421.3504279,304
114483,1780495421.350431,301
114484,1780495421.3504362,303
114485,1780495421.35044,300
114486,1780495421.3504431,299
114487,1780495421.350445,300
114488,1780495421.3504481,304
114489,1780495421.350452,299
114490,1780495421.3799949,304
114491,1780495421.38003,308
114492,1780495421.380037,308
114493,1780495421.380042,308
114494,1780495421.3800478,312
114495,1780495421.380053,314
114496,1780495421.3800619,314
114497,1780495421.380067,313
114498,1780495421.380073,309
114499,1780495421.3800802,309
114500,1780495421.383598,306
114501,1780495421.38363,299
114502,1780495421.383637,304
114503,1780495421.3836422,302
114504,1780495421.383648,301
114505,1780495421.3836532,297
114506,1780495421.383658,302
114507,1780495421.383662,302
114508,1780495421.383667,305
114509,1780495421.383672,304
114510,1780495421.383679,305
114511,1780495421.385969,308
114512,1780495421.3859892,312
114513,1780495421.385996,312
114514,1780495421.3860009,317
114515,1780495421.386006,313
114516,1780495421.386011,315
114517,1780495421.386017,314
114518,1780495421.3860211,308
114519,1780495421.386026,309
114520,1780495421.3860312,309
114521,1780495421.38604,306
114522,1780495421.41618,301
114523,1780495421.416212,300
114524,1780495421.416244,299
114525,1780495421.4162529,294
114526,1780495421.416258,299
114527,1780495421.416262,301
114528,1780495421.4162738,302
114529,1780495421.4162781,302
114530,1780495421.4162822,305
114531,1780495421.416287,306
114532,1780495421.419762,308
114533,1780495421.4197812,312
114534,1780495421.4197838,313
114535,1780495421.419786,316
114536,1780495421.419789,312
114537,1780495421.4197912,310
114538,1780495421.4197938,313
114539,1780495421.419796,310
114540,1780495421.419799,307
114541,1780495421.419801,306
114542,1780495421.4198048,302
114543,1780495421.422752,305
114544,1780495421.422764,301
114545,1780495421.4227672,298
114546,1780495421.42277,299
114547,1780495421.422773,298
114548,1780495421.422775,303
114549,1780495421.4227781,303
114550,1780495421.4227798,304
114551,1780495421.422782,305
114552,1780495421.422785,308
114553,1780495421.422791,312
114554,1780495421.427315,314
114555,1780495421.427333,316
114556,1780495421.427336,313
114557,1780495421.427339,314
114558,1780495421.4273589,310
114559,1780495421.427362,310
114560,1780495421.427365,306
114561,1780495421.427368,303
114562,1780495421.42737,301
114563,1780495421.4273741,299
