seq,timestamp,EDA_raw
197327,1780495504.180095,32
197328,1780495504.1801019,31
197329,1780495504.180104,31
197330,1780495504.180105,32
197331,1780495504.180106,32
197332,1780495504.180107,32
197333,1780495504.180108,31
197334,1780495504.180109,32
197335,1780495504.180112,32
197336,1780495504.1801128,32
197337,1780495504.180119,31
197338,1780495504.1832151,31
197339,1780495504.1832252,31
197340,1780495504.1832268,32
197341,1780495504.183228,32
197342,1780495504.183229,31
197343,1780495504.18323,33
197344,1780495504.1832309,32
197345,1780495504.183233,33
197346,1780495504.183234,33
197347,1780495504.1832352,33
197348,1780495504.185685,33
197349,1780495504.185689,32
197350,1780495504.1856902,33
197351,1780495504.1856909,31
197352,1780495504.185693,32
197353,1780495504.185694,32
197354,1780495504.185695,32
197355,1780495504.185696,32
197356,1780495504.185697,32
197357,1780495504.185698,32
197358,1780495504.185699,32
197359,1780495504.188215,33
197360,1780495504.188233,33
197361,1780495504.188234,33
197362,1780495504.188235,34
197363,1780495504.188236,31
197364,1780495504.188237,33
197365,1780495504.1882381,33
197366,1780495504.188239,32
197367,1780495504.1882398,32
197368,1780495504.188242,32
197369,1780495504.189922,31
197370,1780495504.224751,32
197371,1780495504.224759,33
197372,1780495504.22476,31
197373,1780495504.224761,31
197374,1780495504.224761,31
197375,1780495504.2247622,32
197376,1780495504.224763,32
197377,1780495504.2247639,32
197378,1780495504.2247639,32
197379,1780495504.2247648,32
197380,1780495504.224767,31
197381,1780495504.2281868,32
197382,1780495504.228189,33
197383,1780495504.22819,32
197384,1780495504.22819,31
197385,1780495504.228191,31
197386,1780495504.228192,32
197387,1780495504.228193,31
197388,1780495504.228194,32
197389,1780495504.228194,32
197390,1780495504.2281961,32
197391,1780495504.2306519,32
197392,1780495504.230654,32
197393,1780495504.230655,32
197394,1780495504.230656,33
197395,1780495504.230657,32
197396,1780495504.230658,32
197397,1780495504.230659,31
197398,1780495504.2306602,32
197399,1780495504.2306612,32
197400,1780495504.2306612,33
197401,1780495504.2306628,32
197402,1780495504.233325,32
197403,1780495504.233332,31
197404,1780495504.233344,31
197405,1780495504.233345,33
197406,1780495504.233345,32
197407,1780495504.233346,31
197408,1780495504.2333472,33
197409,1780495504.2333481,32
197410,1780495504.233349,32
197411,1780495504.233351,32
197412,1780495504.281321,33
197413,1780495504.281326,33
197414,1780495504.281327,32
197415,1780495504.2813282,30
197416,1780495504.281329,32
197417,1780495504.2813299,31
197418,1780495504.281331,33
197419,1780495504.281332,32
197420,1780495504.281342,32
197421,1780495504.281343,32
197422,1780495504.281344,32
197423,1780495504.285748,32
197424,1780495504.285752,31
197425,1780495504.285753,32
197426,1780495504.2857542,32
197427,1780495504.285755,31
197428,1780495504.2857559,32
197429,1780495504.2857568,33
197430,1780495504.2857568,32
197431,1780495504.285758,32
197432,1780495504.285759,33
197433,1780495504.2881799,32
197434,1780495504.288182,33
197435,1780495504.288183,32
197436,1780495504.288191,33
197437,1780495504.288192,32
197438,1780495504.288193,33
197439,1780495504.288193,32
197440,1780495504.288194,32
197441,1780495504.2881951,32
197442,1780495504.288196,32
197443,1780495504.288197,31
197444,1780495504.290735,32
197445,1780495504.2907379,31
197446,1780495504.290739,32
197447,1780495504.29074,31
197448,1780495504.290741,32
197449,1780495504.290741,32
197450,1780495504.290742,31
197451,1780495504.290743,33
197452,1780495504.290744,32
197453,1780495504.290745,32
197454,1780495504.2907462,32
197455,1780495504.2932532,31
197456,1780495504.293258,31
197457,1780495504.293259,32
197458,1780495504.29326,31
197459,1780495504.293261,33
197460,1780495504.293262,30
197461,1780495504.2932632,31
197462,1780495504.293264,32
197463,1780495504.293264,33
197464,1780495504.2932649,31
197465,1780495504.2932658,33
197466,1780495504.2962592,32
197467,1780495504.296261,32
197468,1780495504.2962618,32
197469,1780495504.2962618,32
197470,1780495504.296263,32
197471,1780495504.296264,33
197472,1780495504.296265,32
197473,1780495504.296266,32
197474,1780495504.296267,32
197475,1780495504.296268,33
197476,1780495504.329793,32
197477,1780495504.3298,31
197478,1780495504.3298008,32
197479,1780495504.329802,32
197480,1780495504.329803,32
197481,1780495504.329803,33
197482,1780495504.329804,33
197483,1780495504.3298051,32
197484,1780495504.329806,31
197485,1780495504.329807,32
197486,1780495504.329809,31
197487,1780495504.333257,33
197488,1780495504.33326,32
197489,1780495504.333261,32
197490,1780495504.333261,32
197491,1780495504.333262,32
197492,1780495504.3332632,31
197493,1780495504.3332639,32
197494,1780495504.3332648,32
197495,1780495504.333266,32
197496,1780495504.333267,32
197497,1780495504.333268,31
197498,1780495504.335746,33
197499,1780495504.3357508,32
197500,1780495504.335819,32
197501,1780495504.335822,32
197502,1780495504.335823,32
197503,1780495504.3358238,31
197504,1780495504.335825,32
197505,1780495504.335826,32
197506,1780495504.3358269,32
197507,1780495504.335829,33
197508,1780495504.338284,32
197509,1780495504.338287,32
197510,1780495504.338288,33
197511,1780495504.3382888,32
197512,1780495504.33829,32
197513,1780495504.338291,32
197514,1780495504.338292,33
197515,1780495504.338293,32
197516,1780495504.338294,32
197517,1780495504.338295,33
197518,1780495504.3382971,32
197519,1780495504.382278,32
197520,1780495504.382288,32
197521,1780495504.38229,32
197522,1780495504.382292,31
197523,1780495504.382293,32
197524,1780495504.382294,32
197525,1780495504.382296,32
197526,1780495504.382297,32
197527,1780495504.3822982,33
197528,1780495504.382314,31
197529,1780495504.382317,32
197530,1780495504.3862998,32
197531,1780495504.3863091,33
197532,1780495504.3863108,32
197533,1780495504.386313,32
197534,1780495504.386314,32
197535,1780495504.386316,32
197536,1780495504.386317,32
197537,1780495504.3863192,32
197538,1780495504.3863199,31
197539,1780495504.386322,32
197540,1780495504.390771,33
197541,1780495504.390777,32
197542,1780495504.390778,32
197543,1780495504.39078,32
197544,1780495504.390781,32
197545,1780495504.3907819,32
197546,1780495504.390784,31
197547,1780495504.390785,32
197548,1780495504.390786,32
197549,1780495504.390788,32
197550,1780495504.39079,33
197551,1780495504.3932002,32
197552,1780495504.393203,33
197553,1780495504.393205,33
197554,1780495504.3932061,30
197555,1780495504.393208,32
197556,1780495504.393209,32
197557,1780495504.3932102,31
197558,1780495504.3932118,33
197559,1780495504.393213,32
197560,1780495504.393226,32
197561,1780495504.393228,30
197562,1780495504.395885,32
197563,1780495504.395888,32
197564,1780495504.3958888,33
197565,1780495504.395891,32
197566,1780495504.395893,33
197567,1780495504.395894,32
197568,1780495504.395896,32
197569,1780495504.3958972,31
197570,1780495504.3958988,32
197571,1780495504.395901,31
197572,1780495504.426036,32
197573,1780495504.426047,31
197574,1780495504.42605,32
197575,1780495504.4260511,31
197576,1780495504.426053,33
197577,1780495504.426055,32
197578,1780495504.4260569,32
197579,1780495504.426059,32
197580,1780495504.42606,32
197581,1780495504.426062,32
197582,1780495504.426065,32
197583,1780495504.429527,32
197584,1780495504.4295309,32
197585,1780495504.429533,31
197586,1780495504.429535,32
197587,1780495504.429537,31
197588,1780495504.429539,32
197589,1780495504.429541,31
197590,1780495504.4295418,32
197591,1780495504.429544,32
197592,1780495504.4295459,32
197593,1780495504.4325461,32
197594,1780495504.432559,33
197595,1780495504.432639,32
197596,1780495504.4326458,32
197597,1780495504.432725,33
197598,1780495504.432729,33
197599,1780495504.432731,32
197600,1780495504.4327328,33
197601,1780495504.432736,33
197602,1780495504.432738,32
197603,1780495504.4327419,32
197604,1780495504.435882,32
197605,1780495504.43589,32
197606,1780495504.435893,32
197607,1780495504.435895,31
197608,1780495504.435897,32
197609,1780495504.4358988,32
197610,1780495504.435901,31
197611,1780495504.435904,32
197612,1780495504.435906,32
197613,1780495504.435908,33
197614,1780495504.435911,33
197615,1780495504.4661949,33
197616,1780495504.466222,32
197617,1780495504.466227,31
197618,1780495504.466229,31
197619,1780495504.466232,32
197620,1780495504.466235,32
197621,1780495504.4662368,32
197622,1780495504.46624,31
197623,1780495504.466242,32
197624,1780495504.466244,32
197625,1780495504.46625,31
197626,1780495504.469602,32
197627,1780495504.4696262,31
197628,1780495504.4696288,32
197629,1780495504.469631,31
197630,1780495504.469634,31
197631,1780495504.4696372,32
197632,1780495504.46964,32
197633,1780495504.469642,31
197634,1780495504.469645,32
197635,1780495504.46965,32
197636,1780495504.4719949,33
197637,1780495504.472002,33
197638,1780495504.4720051,32
197639,1780495504.4720068,32
197640,1780495504.47201,32
197641,1780495504.472012,33
197642,1780495504.4720151,32
197643,1780495504.472018,32
197644,1780495504.472021,32
197645,1780495504.472024,31
197646,1780495504.472028,32
197647,1780495504.474642,32
197648,1780495504.474661,32
197649,1780495504.474664,32
197650,1780495504.474667,32
197651,1780495504.474669,32
197652,1780495504.474672,31
197653,1780495504.474674,32
197654,1780495504.474677,31
197655,1780495504.474679,32
197656,1780495504.474682,32
197657,1780495504.474685,33
197658,1780495504.506428,31
197659,1780495504.506489,32
197660,1780495504.506497,31
197661,1780495504.5065038,32
197662,1780495504.506509,32
197663,1780495504.506516,32
197664,1780495504.5065238,32
197665,1780495504.5065322,32
197666,1780495504.506537,34
197667,1780495504.506546,32
197668,1780495504.510879,32
197669,1780495504.510893,32
197670,1780495504.5108962,32
197671,1780495504.5108979,33
197672,1780495504.510901,33
197673,1780495504.510904,33
197674,1780495504.5109062,32
197675,1780495504.510908,32
197676,1780495504.510911,32
197677,1780495504.5109131,32
197678,1780495504.510916,32
197679,1780495504.5133529,33
197680,1780495504.5133991,32
197681,1780495504.513403,32
197682,1780495504.513406,33
197683,1780495504.513408,32
197684,1780495504.513411,31
197685,1780495504.5134132,31
197686,1780495504.513416,32
197687,1780495504.513418,32
197688,1780495504.513421,32
197689,1780495504.5134249,31
197690,1780495504.517143,32
197691,1780495504.517163,32
197692,1780495504.5171661,33
197693,1780495504.517168,32
197694,1780495504.517171,30
197695,1780495504.517174,31
197696,1780495504.517177,32
197697,1780495504.5171788,31
197698,1780495504.5171819,32
197699,1780495504.517185,32
197700,1780495504.547323,33
197701,1780495504.547342,31
197702,1780495504.5473459,33
197703,1780495504.547349,32
197704,1780495504.547352,33
197705,1780495504.547355,31
197706,1780495504.547358,33
197707,1780495504.5473611,32
197708,1780495504.547364,32
197709,1780495504.5473669,33
197710,1780495504.547372,33
197711,1780495504.55136,31
197712,1780495504.551378,31
197713,1780495504.551381,31
197714,1780495504.551384,32
197715,1780495504.5513868,32
197716,1780495504.551389,32
197717,1780495504.551392,32
197718,1780495504.5513952,33
197719,1780495504.551397,32
197720,1780495504.5514,33
197721,1780495504.551402,31
197722,1780495504.5514061,32
197723,1780495504.555962,33
197724,1780495504.555974,33
197725,1780495504.5559769,32
197726,1780495504.555979,33
197727,1780495504.555982,32
197728,1780495504.556015,31
197729,1780495504.55602,33
197730,1780495504.556022,32
197731,1780495504.556025,33
197732,1780495504.556028,31
197733,1780495504.559615,32
197734,1780495504.559626,31
197735,1780495504.559629,32
197736,1780495504.5596328,32
197737,1780495504.5596359,32
197738,1780495504.5596402,32
197739,1780495504.5596428,32
197740,1780495504.559646,32
197741,1780495504.559649,32
197742,1780495504.559653,31
197743,1780495504.589859,32
197744,1780495504.589877,32
197745,1780495504.5898812,31
197746,1780495504.5898829,32
197747,1780495504.589886,32
197748,1780495504.589888,32
197749,1780495504.58989,32
197750,1780495504.5898921,32
197751,1780495504.5898938,32
197752,1780495504.589896,32
197753,1780495504.589899,32
197754,1780495504.593193,32
197755,1780495504.5932002,32
197756,1780495504.5932019,32
197757,1780495504.5932028,32
197758,1780495504.593205,33
197759,1780495504.5932071,32
197760,1780495504.593208,33
197761,1780495504.5932102,32
197762,1780495504.593212,32
197763,1780495504.593215,32
197764,1780495504.596246,32
197765,1780495504.5962508,32
197766,1780495504.596252,31
197767,1780495504.5962539,32
197768,1780495504.596256,33
197769,1780495504.596257,33
197770,1780495504.596259,32
197771,1780495504.59626,31
197772,1780495504.596262,31
197773,1780495504.596263,33
197774,1780495504.596266,32
197775,1780495504.633467,31
197776,1780495504.633473,32
197777,1780495504.633474,31
197778,1780495504.633475,32
197779,1780495504.633476,32
197780,1780495504.6334772,33
197781,1780495504.633478,33
197782,1780495504.6334789,33
197783,1780495504.6334789,31
197784,1780495504.633494,33
197785,1780495504.633496,32
197786,1780495504.636919,33
197787,1780495504.6369212,32
197788,1780495504.6369221,31
197789,1780495504.6369228,33
197790,1780495504.6369238,33
197791,1780495504.636925,32
197792,1780495504.636926,32
197793,1780495504.636926,32
197794,1780495504.636927,32
197795,1780495504.636929,33
197796,1780495504.639461,32
197797,1780495504.639463,33
197798,1780495504.639463,32
197799,1780495504.639464,32
197800,1780495504.6394649,33
197801,1780495504.639466,32
197802,1780495504.639467,32
197803,1780495504.639468,31
197804,1780495504.6394691,32
197805,1780495504.63947,33
197806,1780495504.639471,32
197807,1780495504.64237,31
197808,1780495504.642373,32
197809,1780495504.642375,30
197810,1780495504.642376,31
197811,1780495504.642376,33
197812,1780495504.642377,32
197813,1780495504.642378,32
197814,1780495504.642379,32
197815,1780495504.642379,32
197816,1780495504.64238,31
197817,1780495504.6423821,32
197818,1780495504.680904,32
197819,1780495504.680908,32
197820,1780495504.6809092,31
197821,1780495504.68091,32
197822,1780495504.68091,32
197823,1780495504.680911,32
197824,1780495504.6809118,32
197825,1780495504.680913,33
197826,1780495504.680914,32
197827,1780495504.6809149,31
197828,1780495504.684491,32
197829,1780495504.6844969,32
197830,1780495504.684499,32
197831,1780495504.6845,32
197832,1780495504.684501,32
197833,1780495504.6845021,31
197834,1780495504.6845021,31
197835,1780495504.684503,32
197836,1780495504.684504,33
197837,1780495504.684505,30
197838,1780495504.6845062,32
197839,1780495504.687443,32
197840,1780495504.687445,31
197841,1780495504.687446,33
197842,1780495504.687447,32
197843,1780495504.687448,31
197844,1780495504.687448,33
197845,1780495504.687449,32
197846,1780495504.6874502,32
197847,1780495504.687451,33
197848,1780495504.687453,32
197849,1780495504.687454,33
197850,1780495504.690699,32
197851,1780495504.6907,32
197852,1780495504.690701,32
197853,1780495504.690702,32
197854,1780495504.6907032,31
197855,1780495504.6907039,32
197856,1780495504.6907132,32
197857,1780495504.6907141,32
197858,1780495504.6907148,33
197859,1780495504.6907158,33
197860,1780495504.6931899,32
197861,1780495504.6931908,31
197862,1780495504.693192,31
197863,1780495504.693193,32
197864,1780495504.693194,32
197865,1780495504.693194,33
197866,1780495504.693195,31
197867,1780495504.693196,33
197868,1780495504.693196,31
197869,1780495504.693198,32
197870,1780495504.694984,32
197871,1780495504.7057998,32
197872,1780495504.705803,33
197873,1780495504.705804,33
197874,1780495504.705805,32
197875,1780495504.705806,33
197876,1780495504.705806,32
197877,1780495504.7058072,32
197878,1780495504.705808,32
197879,1780495504.7058089,32
197880,1780495504.7058098,32
197881,1780495504.705811,32
197882,1780495504.708266,32
197883,1780495504.708268,31
197884,1780495504.7082691,32
197885,1780495504.7082691,32
197886,1780495504.70827,32
197887,1780495504.708271,33
197888,1780495504.7082722,32
197889,1780495504.7082722,31
197890,1780495504.708273,31
197891,1780495504.708274,30
197892,1780495504.738472,31
197893,1780495504.7384808,32
197894,1780495504.738482,31
197895,1780495504.738483,31
197896,1780495504.738483,33
197897,1780495504.738484,31
197898,1780495504.738485,32
197899,1780495504.738486,31
197900,1780495504.738486,31
197901,1780495504.738487,32
197902,1780495504.7384892,31
197903,1780495504.741895,32
197904,1780495504.741899,32
197905,1780495504.7419,33
197906,1780495504.7419012,32
197907,1780495504.741902,31
197908,1780495504.741902,31
197909,1780495504.741903,33
197910,1780495504.7419038,32
197911,1780495504.741905,32
197912,1780495504.741905,32
197913,1780495504.74449,32
197914,1780495504.744493,32
197915,1780495504.744494,32
197916,1780495504.7444952,32
197917,1780495504.744496,32
197918,1780495504.7444968,31
197919,1780495504.744498,33
197920,1780495504.7445078,33
197921,1780495504.744509,32
197922,1780495504.74451,32
197923,1780495504.744511,32
197924,1780495504.754574,32
197925,1780495504.754581,32
197926,1780495504.754582,32
197927,1780495504.7545831,32
197928,1780495504.7545831,32
197929,1780495504.754584,32
197930,1780495504.754585,30
197931,1780495504.7545862,33
197932,1780495504.754587,32
197933,1780495504.754588,32
197934,1780495504.7545888,33
197935,1780495504.7846909,32
197936,1780495504.784699,32
197937,1780495504.7847,31
197938,1780495504.7847009,32
197939,1780495504.784702,32
197940,1780495504.784703,32
197941,1780495504.784705,32
197942,1780495504.784706,32
197943,1780495504.784707,32
197944,1780495504.784708,33
197945,1780495504.78471,31
197946,1780495504.788191,32
197947,1780495504.788196,33
197948,1780495504.788198,32
197949,1780495504.788199,31
197950,1780495504.7882,33
197951,1780495504.7882009,31
197952,1780495504.788202,32
197953,1780495504.788203,31
197954,1780495504.788204,33
197955,1780495504.788206,32
197956,1780495504.791233,32
197957,1780495504.791235,33
197958,1780495504.7912362,33
197959,1780495504.791237,33
197960,1780495504.7912378,32
197961,1780495504.791239,32
197962,1780495504.79124,32
197963,1780495504.791242,32
197964,1780495504.791243,32
197965,1780495504.791244,33
197966,1780495504.791245,32
197967,1780495504.798153,31
197968,1780495504.798157,33
197969,1780495504.7981591,32
197970,1780495504.7981598,32
197971,1780495504.7981608,32
197972,1780495504.798162,31
197973,1780495504.798163,32
197974,1780495504.798165,33
197975,1780495504.798166,32
197976,1780495504.7981682,31
197977,1780495504.830953,32
197978,1780495504.830962,31
197979,1780495504.8309639,32
197980,1780495504.830965,32
197981,1780495504.830967,32
197982,1780495504.8309681,32
197983,1780495504.830969,32
197984,1780495504.8309708,31
197985,1780495504.830972,33
197986,1780495504.8309739,32
197987,1780495504.830976,33
197988,1780495504.834481,32
197989,1780495504.834485,32
197990,1780495504.834487,32
197991,1780495504.8344882,32
197992,1780495504.83449,32
197993,1780495504.8344908,33
197994,1780495504.834493,31
197995,1780495504.8344939,32
197996,1780495504.8344982,31
197997,1780495504.8345,33
197998,1780495504.834502,32
197999,1780495504.837409,31
198000,1780495504.8374138,32
198001,1780495504.837416,32
198002,1780495504.837418,31
198003,1780495504.837419,33
198004,1780495504.837421,32
198005,1780495504.8374221,33
198006,1780495504.837424,32
198007,1780495504.837425,32
198008,1780495504.837427,32
198009,1780495504.83743,32
198010,1780495504.840836,31
198011,1780495504.8408399,32
198012,1780495504.840841,32
198013,1780495504.840843,32
198014,1780495504.840844,32
198015,1780495504.840846,33
198016,1780495504.840847,33
198017,1780495504.840849,33
198018,1780495504.8408508,32
198019,1780495504.840853,32
198020,1780495504.852457,34
198021,1780495504.8524642,33
198022,1780495504.8524659,32
198023,1780495504.852468,32
198024,1780495504.85247,32
198025,1780495504.852472,33
198026,1780495504.852473,32
198027,1780495504.852475,32
198028,1780495504.8524768,33
198029,1780495504.852479,33
198030,1780495504.852482,32
198031,1780495504.88489,32
198032,1780495504.8849,32
198033,1780495504.884903,32
198034,1780495504.8849049,33
198035,1780495504.884907,31
198036,1780495504.8849092,32
198037,1780495504.884911,32
198038,1780495504.884913,32
198039,1780495504.884916,31
198040,1780495504.884918,32
198041,1780495504.884922,31
198042,1780495504.8882718,32
198043,1780495504.888278,32
198044,1780495504.8882802,31
198045,1780495504.888282,31
198046,1780495504.888284,32
198047,1780495504.888287,32
198048,1780495504.8882902,33
198049,1780495504.888293,31
198050,1780495504.888295,32
198051,1780495504.888298,31
198052,1780495504.890814,32
198053,1780495504.890818,33
198054,1780495504.8908212,32
198055,1780495504.890823,32
198056,1780495504.890825,32
198057,1780495504.8908281,32
198058,1780495504.89083,31
198059,1780495504.890832,32
198060,1780495504.8908339,32
198061,1780495504.890837,33
198062,1780495504.89084,32
198063,1780495504.893287,32
198064,1780495504.893292,31
198065,1780495504.893294,31
198066,1780495504.893297,33
198067,1780495504.8932989,33
198068,1780495504.893301,31
198069,1780495504.8933032,32
198070,1780495504.893305,31
198071,1780495504.893308,32
198072,1780495504.89331,32
198073,1780495504.893313,32
198074,1780495504.924926,31
198075,1780495504.924957,31
198076,1780495504.924961,32
198077,1780495504.9249651,31
198078,1780495504.924969,33
198079,1780495504.924972,33
198080,1780495504.9249768,32
198081,1780495504.9249809,32
198082,1780495504.9249861,32
198083,1780495504.924992,33
198084,1780495504.930887,31
198085,1780495504.9309099,31
198086,1780495504.930915,33
198087,1780495504.930919,31
198088,1780495504.930966,32
198089,1780495504.930971,32
198090,1780495504.930974,33
198091,1780495504.930978,32
198092,1780495504.9309819,32
198093,1780495504.930986,31
198094,1780495504.9309912,32
198095,1780495504.9331992,31
198096,1780495504.933213,32
198097,1780495504.933219,31
198098,1780495504.933224,33
198099,1780495504.933229,33
198100,1780495504.933234,32
198101,1780495504.933238,32
198102,1780495504.9332428,32
198103,1780495504.933248,32
198104,1780495504.933252,31
198105,1780495504.9332569,32
198106,1780495504.935793,32
198107,1780495504.935798,33
198108,1780495504.935801,31
198109,1780495504.935804,32
198110,1780495504.935806,31
198111,1780495504.935808,31
198112,1780495504.935812,31
198113,1780495504.935816,32
198114,1780495504.935819,33
198115,1780495504.935822,32
198116,1780495505.005069,33
198117,1780495505.00511,32
198118,1780495505.0051148,31
198119,1780495505.005119,33
198120,1780495505.005124,32
198121,1780495505.005127,33
198122,1780495505.005132,32
198123,1780495505.005137,32
198124,1780495505.005141,32
198125,1780495505.005145,33
198126,1780495505.005148,31
198127,1780495505.005155,31
198128,1780495505.008374,31
198129,1780495505.00839,32
198130,1780495505.008395,31
198131,1780495505.008399,32
198132,1780495505.008404,32
198133,1780495505.008408,32
198134,1780495505.008411,32
198135,1780495505.008415,32
198136,1780495505.008418,32
198137,1780495505.0084229,34
198138,1780495505.010714,33
198139,1780495505.0107222,32
198140,1780495505.010725,32
198141,1780495505.010728,32
198142,1780495505.010732,32
198143,1780495505.010735,32
198144,1780495505.0107388,32
198145,1780495505.010742,33
198146,1780495505.010745,32
198147,1780495505.0107489,32
198148,1780495505.013482,32
198149,1780495505.013497,31
198150,1780495505.0135,32
198151,1780495505.013504,32
198152,1780495505.0135071,33
198153,1780495505.01351,32
198154,1780495505.013512,32
198155,1780495505.013516,32
198156,1780495505.013519,32
198157,1780495505.013522,32
198158,1780495505.0135272,32
198159,1780495505.0163012,31
198160,1780495505.016314,33
198161,1780495505.016317,32
198162,1780495505.01632,31
198163,1780495505.0163221,32
198164,1780495505.0163252,32
198165,1780495505.016327,30
198166,1780495505.016329,32
198167,1780495505.0163321,31
198168,1780495505.016334,31
198169,1780495505.0163379,33
198170,1780495505.020749,33
198171,1780495505.020761,33
198172,1780495505.0207639,32
198173,1780495505.020766,33
198174,1780495505.0207691,31
198175,1780495505.020771,32
198176,1780495505.020774,32
198177,1780495505.020776,31
198178,1780495505.020779,31
198179,1780495505.0207832,31
198180,1780495505.051004,32
198181,1780495505.051015,32
198182,1780495505.051017,32
198183,1780495505.051019,32
198184,1780495505.0510201,33
198185,1780495505.051022,32
198186,1780495505.051023,32
198187,1780495505.051025,33
198188,1780495505.0510452,32
198189,1780495505.0510468,32
198190,1780495505.05105,32
198191,1780495505.0544991,32
198192,1780495505.0545049,32
198193,1780495505.054507,31
198194,1780495505.054508,32
198195,1780495505.05451,32
198196,1780495505.054511,32
198197,1780495505.054512,33
198198,1780495505.054514,31
198199,1780495505.054515,30
198200,1780495505.054516,32
198201,1780495505.054519,32
198202,1780495505.056917,32
198203,1780495505.05692,33
198204,1780495505.0569222,32
198205,1780495505.056923,32
198206,1780495505.0569239,32
198207,1780495505.0569248,32
198208,1780495505.056926,31
198209,1780495505.056928,32
198210,1780495505.056929,31
198211,1780495505.056931,32
198212,1780495505.059453,33
198213,1780495505.059456,31
198214,1780495505.059457,31
198215,1780495505.059459,31
198216,1780495505.0594602,32
198217,1780495505.059461,32
198218,1780495505.0594618,31
198219,1780495505.059463,32
198220,1780495505.059465,32
198221,1780495505.059466,32
198222,1780495505.059468,33
198223,1780495505.062387,32
198224,1780495505.062392,31
198225,1780495505.0623941,33
198226,1780495505.0623949,31
198227,1780495505.0623958,31
198228,1780495505.062398,32
198229,1780495505.062399,32
198230,1780495505.0624,31
198231,1780495505.062401,32
198232,1780495505.062403,32
198233,1780495505.062405,32
198234,1780495505.065834,31
198235,1780495505.065838,31
198236,1780495505.065839,32
198237,1780495505.0658402,33
198238,1780495505.065841,32
198239,1780495505.065842,32
198240,1780495505.065844,32
198241,1780495505.065845,32
198242,1780495505.065846,32
198243,1780495505.065848,32
198244,1780495505.0958889,31
198245,1780495505.095895,33
198246,1780495505.095896,31
198247,1780495505.0958972,31
198248,1780495505.0958989,33
198249,1780495505.0958998,31
198250,1780495505.095901,32
198251,1780495505.095902,33
198252,1780495505.095903,32
198253,1780495505.095904,31
198254,1780495505.09867,33
198255,1780495505.1007092,31
198256,1780495505.1007118,33
198257,1780495505.100714,31
198258,1780495505.100715,33
198259,1780495505.100716,32
198260,1780495505.100716,31
198261,1780495505.100717,33
198262,1780495505.100718,32
198263,1780495505.1007192,32
198264,1780495505.1007202,34
198265,1780495505.102368,32
198266,1780495505.104388,33
198267,1780495505.1043892,31
198268,1780495505.10439,31
198269,1780495505.1043909,33
198270,1780495505.104392,31
198271,1780495505.104393,32
198272,1780495505.104394,31
198273,1780495505.104395,32
198274,1780495505.104395,32
198275,1780495505.104397,32
198276,1780495505.107369,31
198277,1780495505.107371,31
198278,1780495505.107372,32
198279,1780495505.107373,31
198280,1780495505.107373,33
198281,1780495505.1073742,32
198282,1780495505.1073751,32
198283,1780495505.107376,31
198284,1780495505.1073768,31
198285,1780495505.107378,32
198286,1780495505.107379,33
198287,1780495505.1397161,31
198288,1780495505.139721,32
198289,1780495505.1397219,32
198290,1780495505.139723,31
198291,1780495505.139724,32
198292,1780495505.139725,31
198293,1780495505.139725,32
198294,1780495505.1397262,31
198295,1780495505.139727,32
198296,1780495505.1397278,31
198297,1780495505.1432052,32
198298,1780495505.1432068,32
198299,1780495505.143208,32
198300,1780495505.143219,31
198301,1780495505.14322,33
198302,1780495505.143221,33
198303,1780495505.143221,33
198304,1780495505.143222,32
198305,1780495505.143223,32
198306,1780495505.143224,32
198307,1780495505.1432252,32
198308,1780495505.145725,32
198309,1780495505.145726,31
198310,1780495505.145727,32
198311,1780495505.145728,33
198312,1780495505.145729,32
198313,1780495505.14573,32
198314,1780495505.145731,31
198315,1780495505.1457322,32
198316,1780495505.1457322,31
198317,1780495505.145733,32
198318,1780495505.1457338,32
198319,1780495505.1481931,32
198320,1780495505.148195,32
198321,1780495505.148196,31
198322,1780495505.1481972,32
198323,1780495505.1481972,32
198324,1780495505.148198,32
198325,1780495505.1481988,32
198326,1780495505.1482,32
198327,1780495505.148201,32
198328,1780495505.148202,32
198329,1780495505.149983,32
198330,1780495505.184631,33
198331,1780495505.1846342,32
198332,1780495505.184635,31
198333,1780495505.1846359,32
198334,1780495505.1846368,32
198335,1780495505.184638,33
198336,1780495505.184638,32
198337,1780495505.184639,31
198338,1780495505.18464,32
198339,1780495505.1846411,33
198340,1780495505.188294,33
198341,1780495505.1882958,31
198342,1780495505.188297,32
198343,1780495505.188298,32
198344,1780495505.188299,31
198345,1780495505.188299,32
198346,1780495505.1883001,33
198347,1780495505.188301,32
198348,1780495505.188302,31
198349,1780495505.188303,32
198350,1780495505.188304,32
198351,1780495505.190686,33
198352,1780495505.190689,32
198353,1780495505.19069,31
198354,1780495505.190691,32
198355,1780495505.1906922,31
198356,1780495505.1906922,32
198357,1780495505.1906931,31
198358,1780495505.1906939,32
198359,1780495505.1906948,32
198360,1780495505.1906948,33
198361,1780495505.190697,33
198362,1780495505.193216,31
198363,1780495505.193217,32
198364,1780495505.193218,32
198365,1780495505.1932192,31
198366,1780495505.1932201,32
198367,1780495505.193221,32
198368,1780495505.193221,32
198369,1780495505.1932218,33
198370,1780495505.193223,32
198371,1780495505.193224,31
198372,1780495505.224726,31
198373,1780495505.224731,33
198374,1780495505.224732,33
198375,1780495505.2247329,31
198376,1780495505.224734,31
198377,1780495505.224735,32
198378,1780495505.224736,32
198379,1780495505.224737,32
198380,1780495505.2247381,33
198381,1780495505.22474,33
198382,1780495505.227618,32
198383,1780495505.230674,32
198384,1780495505.230677,33
198385,1780495505.230679,32
198386,1780495505.23068,32
198387,1780495505.2306812,31
198388,1780495505.2306821,31
198389,1780495505.2306828,33
198390,1780495505.2306838,32
198391,1780495505.230685,33
198392,1780495505.230687,33
198393,1780495505.23243,32
198394,1780495505.234397,32
198395,1780495505.234399,32
198396,1780495505.2344,32
198397,1780495505.234401,32
198398,1780495505.2344031,33
198399,1780495505.234404,32
198400,1780495505.234405,32
198401,1780495505.234405,33
198402,1780495505.234406,32
198403,1780495505.234408,32
198404,1780495505.239464,33
198405,1780495505.239467,31
198406,1780495505.239468,32
198407,1780495505.239469,32
198408,1780495505.23947,32
198409,1780495505.2394712,33
198410,1780495505.2394722,31
198411,1780495505.2394738,32
198412,1780495505.239475,33
198413,1780495505.239476,31
198414,1780495505.2411652,33
198415,1780495505.282232,32
198416,1780495505.282238,31
198417,1780495505.28224,31
198418,1780495505.282242,31
198419,1780495505.282243,32
198420,1780495505.2822452,32
198421,1780495505.2822459,31
198422,1780495505.282248,32
198423,1780495505.28225,32
198424,1780495505.2822511,32
198425,1780495505.282254,33
198426,1780495505.290455,32
198427,1780495505.2904608,33
198428,1780495505.290468,32
198429,1780495505.2904692,32
198430,1780495505.290472,32
198431,1780495505.290473,31
198432,1780495505.290475,32
198433,1780495505.290477,31
198434,1780495505.2904792,32
198435,1780495505.2904809,32
198436,1780495505.293188,31
198437,1780495505.293192,32
198438,1780495505.2931929,31
198439,1780495505.293195,33
198440,1780495505.2931972,32
198441,1780495505.293198,32
198442,1780495505.2931998,32
198443,1780495505.293202,32
198444,1780495505.293204,31
198445,1780495505.293205,32
198446,1780495505.2932081,32
198447,1780495505.295753,33
198448,1780495505.295756,33
198449,1780495505.295758,32
198450,1780495505.29576,32
198451,1780495505.2957609,32
198452,1780495505.295763,31
198453,1780495505.295764,31
198454,1780495505.295766,33
198455,1780495505.295767,32
198456,1780495505.295769,31
198457,1780495505.298196,32
198458,1780495505.2982001,33
198459,1780495505.298202,32
198460,1780495505.298204,33
198461,1780495505.298205,33
198462,1780495505.298207,32
198463,1780495505.298209,32
198464,1780495505.298211,32
198465,1780495505.298212,31
198466,1780495505.298214,33
198467,1780495505.298217,33
198468,1780495505.3011992,32
198469,1780495505.301203,31
198470,1780495505.301204,32
198471,1780495505.301206,32
198472,1780495505.301208,33
198473,1780495505.3012102,33
198474,1780495505.3012118,32
198475,1780495505.301213,32
198476,1780495505.301215,31
198477,1780495505.301217,32
198478,1780495505.3012202,32
198479,1780495505.334791,32
198480,1780495505.334808,33
198481,1780495505.334811,32
198482,1780495505.3348138,32
198483,1780495505.334817,33
198484,1780495505.334819,32
198485,1780495505.334822,31
198486,1780495505.3348238,32
198487,1780495505.334826,31
198488,1780495505.334831,32
198489,1780495505.3374348,32
198490,1780495505.339435,32
198491,1780495505.339443,32
198492,1780495505.339446,31
198493,1780495505.3394492,32
198494,1780495505.3394518,31
198495,1780495505.339455,32
198496,1780495505.339458,32
198497,1780495505.339461,32
198498,1780495505.339464,31
198499,1780495505.339468,33
198500,1780495505.342027,31
198501,1780495505.342033,32
198502,1780495505.342036,32
198503,1780495505.342039,33
198504,1780495505.3420422,32
198505,1780495505.3420448,31
198506,1780495505.342048,33
198507,1780495505.342051,33
198508,1780495505.342054,31
198509,1780495505.342057,31
198510,1780495505.342061,31
198511,1780495505.344539,32
198512,1780495505.3445451,32
198513,1780495505.344548,32
198514,1780495505.3445508,32
198515,1780495505.344554,33
198516,1780495505.344557,34
198517,1780495505.3445601,32
198518,1780495505.3445618,31
198519,1780495505.344565,32
198520,1780495505.344568,33
198521,1780495505.3445718,31
198522,1780495505.350903,31
198523,1780495505.350919,31
198524,1780495505.350923,32
198525,1780495505.3509262,32
198526,1780495505.3509278,31
198527,1780495505.350931,32
198528,1780495505.350934,32
198529,1780495505.3509362,32
198530,1780495505.3509388,33
198531,1780495505.350942,32
198532,1780495505.3810618,32
198533,1780495505.381087,31
198534,1780495505.381091,32
198535,1780495505.381093,33
198536,1780495505.381096,33
198537,1780495505.381099,34
198538,1780495505.3811011,32
198539,1780495505.381103,31
198540,1780495505.381105,32
198541,1780495505.381108,33
198542,1780495505.381112,33
198543,1780495505.3844311,32
198544,1780495505.384442,32
198545,1780495505.384446,31
198546,1780495505.384449,32
198547,1780495505.3844512,32
198548,1780495505.3844538,31
198549,1780495505.3844569,32
198550,1780495505.38446,32
198551,1780495505.384463,33
198552,1780495505.384465,33
198553,1780495505.384469,31
198554,1780495505.387021,33
198555,1780495505.3870258,31
198556,1780495505.387029,32
198557,1780495505.387031,31
198558,1780495505.3870342,32
198559,1780495505.387039,32
198560,1780495505.387042,33
198561,1780495505.3870451,33
198562,1780495505.387048,32
198563,1780495505.387051,32
198564,1780495505.418234,32
198565,1780495505.4182699,32
198566,1780495505.418275,33
198567,1780495505.418278,33
198568,1780495505.418282,32
198569,1780495505.418284,33
198570,1780495505.418287,32
198571,1780495505.41829,32
198572,1780495505.4183328,32
198573,1780495505.418336,32
198574,1780495505.4183402,31
198575,1780495505.421566,32
198576,1780495505.42158,33
198577,1780495505.421587,32
198578,1780495505.4215932,32
198579,1780495505.421597,32
198580,1780495505.421602,32
198581,1780495505.4216058,32
198582,1780495505.421611,32
198583,1780495505.421616,32
198584,1780495505.421621,32
198585,1780495505.4216268,34
198586,1780495505.426025,32
198587,1780495505.426045,31
198588,1780495505.426052,32
198589,1780495505.426058,31
198590,1780495505.426063,31
198591,1780495505.426068,32
198592,1780495505.426074,33
198593,1780495505.4260778,31
198594,1780495505.426083,32
198595,1780495505.42609,31
198596,1780495505.428386,33
198597,1780495505.428402,33
198598,1780495505.428407,32
198599,1780495505.42841,32
198600,1780495505.4284139,32
198601,1780495505.4284182,32
198602,1780495505.428422,33
198603,1780495505.428425,31
198604,1780495505.428428,32
198605,1780495505.428432,33
198606,1780495505.428437,31
198607,1780495505.459627,32
198608,1780495505.459643,33
198609,1780495505.459647,33
198610,1780495505.459649,33
198611,1780495505.4596522,32
198612,1780495505.4596539,32
198613,1780495505.459656,31
198614,1780495505.459658,31
198615,1780495505.45966,33
198616,1780495505.4596648,31
198617,1780495505.461198,33
198618,1780495505.46323,33
198619,1780495505.463236,32
198620,1780495505.463238,31
198621,1780495505.46324,32
198622,1780495505.463242,32
198623,1780495505.4632452,33
198624,1780495505.463247,32
198625,1780495505.463249,32
198626,1780495505.4632509,32
198627,1780495505.463255,32
198628,1780495505.466228,32
198629,1780495505.466238,32
198630,1780495505.4662411,32
198631,1780495505.466244,33
198632,1780495505.466246,32
198633,1780495505.466249,32
198634,1780495505.466251,33
198635,1780495505.466253,32
198636,1780495505.4662552,32
198637,1780495505.4662578,32
198638,1780495505.466262,31
198639,1780495505.470814,32
198640,1780495505.470818,33
198641,1780495505.4708202,32
198642,1780495505.4708228,32
198643,1780495505.470825,32
198644,1780495505.470826,31
198645,1780495505.470828,32
198646,1780495505.47083,33
198647,1780495505.470832,33
198648,1780495505.470834,32
198649,1780495505.4708369,31
198650,1780495505.4824781,33
198651,1780495505.4824882,33
198652,1780495505.48249,32
198653,1780495505.482492,33
198654,1780495505.482493,32
198655,1780495505.482495,32
198656,1780495505.482497,32
198657,1780495505.482498,32
198658,1780495505.4825,32
198659,1780495505.482503,33
198660,1780495505.5146859,32
198661,1780495505.5146902,33
198662,1780495505.514691,33
198663,1780495505.514692,32
198664,1780495505.514693,32
198665,1780495505.514694,32
198666,1780495505.514695,32
198667,1780495505.514696,32
198668,1780495505.514697,31
198669,1780495505.514698,31
198670,1780495505.5147,30
198671,1780495505.518214,32
198672,1780495505.518218,33
198673,1780495505.51822,32
198674,1780495505.5182211,31
198675,1780495505.518222,31
198676,1780495505.518222,32
198677,1780495505.518223,32
198678,1780495505.5182238,32
198679,1780495505.518225,33
198680,1780495505.518226,33
198681,1780495505.520612,32
198682,1780495505.520614,31
198683,1780495505.5206149,32
198684,1780495505.520616,33
198685,1780495505.520617,32
198686,1780495505.520618,32
198687,1780495505.520618,31
198688,1780495505.520619,32
198689,1780495505.52062,31
198690,1780495505.520621,33
198691,1780495505.520622,31
198692,1780495505.523221,32
198693,1780495505.523223,33
198694,1780495505.523224,32
198695,1780495505.523225,30
198696,1780495505.523226,33
198697,1780495505.523226,32
198698,1780495505.523227,32
198699,1780495505.523228,32
198700,1780495505.523229,32
198701,1780495505.5232298,32
198702,1780495505.523231,32
198703,1780495505.582199,32
198704,1780495505.5822039,32
198705,1780495505.5822048,32
198706,1780495505.5822048,32
198707,1780495505.582206,32
198708,1780495505.582207,31
198709,1780495505.582208,32
198710,1780495505.582209,32
198711,1780495505.58221,33
198712,1780495505.58221,32
198713,1780495505.5822122,33
198714,1780495505.586194,32
198715,1780495505.586198,31
198716,1780495505.5862,32
198717,1780495505.5862012,32
198718,1780495505.5862012,31
198719,1780495505.5862021,32
198720,1780495505.5862029,32
198721,1780495505.5862038,32
198722,1780495505.586205,31
198723,1780495505.586206,33
198724,1780495505.616322,31
198725,1780495505.61633,32
198726,1780495505.616331,33
198727,1780495505.616332,31
198728,1780495505.616333,32
198729,1780495505.616333,32
198730,1780495505.616334,32
198731,1780495505.6163352,32
198732,1780495505.6163552,33
198733,1780495505.6163561,33
198734,1780495505.616357,31
198735,1780495505.6207502,32
198736,1780495505.620756,32
198737,1780495505.620757,32
198738,1780495505.620758,33
198739,1780495505.620759,32
198740,1780495505.62076,32
198741,1780495505.62076,31
198742,1780495505.6207612,33
198743,1780495505.620762,31
198744,1780495505.6207628,31
198745,1780495505.620764,32
198746,1780495505.623126,31
198747,1780495505.623127,32
198748,1780495505.6231282,32
198749,1780495505.6231291,31
198750,1780495505.62313,32
198751,1780495505.6231308,32
198752,1780495505.623134,31
198753,1780495505.623135,33
198754,1780495505.623135,31
198755,1780495505.623137,32
198756,1780495505.625741,32
198757,1780495505.6257432,31
198758,1780495505.6257439,32
198759,1780495505.6257439,32
198760,1780495505.6257448,32
198761,1780495505.625746,32
198762,1780495505.625747,30
198763,1780495505.625748,33
198764,1780495505.625748,33
198765,1780495505.625749,33
198766,1780495505.62575,32
198767,1780495505.62813,31
198768,1780495505.628133,33
198769,1780495505.6281338,32
198770,1780495505.628135,32
198771,1780495505.628136,32
198772,1780495505.628136,31
198773,1780495505.6281369,31
198774,1780495505.628138,31
198775,1780495505.628139,32
198776,1780495505.62814,32
198777,1780495505.629956,33
198778,1780495505.6324081,33
198779,1780495505.6324139,33
198780,1780495505.632415,32
198781,1780495505.632416,32
198782,1780495505.632417,32
198783,1780495505.6324182,33
198784,1780495505.6324182,31
198785,1780495505.632419,32
198786,1780495505.63242,33
198787,1780495505.632421,32
198788,1780495505.635682,33
198789,1780495505.635684,32
198790,1780495505.6356852,31
198791,1780495505.635686,32
198792,1780495505.6356869,31
198793,1780495505.6356869,32
198794,1780495505.6356878,33
198795,1780495505.635689,32
198796,1780495505.63569,31
198797,1780495505.635691,32
198798,1780495505.6356921,32
198799,1780495505.638089,32
198800,1780495505.638091,32
198801,1780495505.638092,32
198802,1780495505.638092,31
198803,1780495505.638093,33
198804,1780495505.6380942,32
198805,1780495505.6380951,31
198806,1780495505.6380951,33
198807,1780495505.6380959,32
198808,1780495505.6380968,32
198809,1780495505.639769,32
198810,1780495505.641921,32
198811,1780495505.6419232,32
198812,1780495505.6419241,33
198813,1780495505.641925,33
198814,1780495505.641931,32
198815,1780495505.641932,32
198816,1780495505.641933,32
198817,1780495505.641933,31
198818,1780495505.6419342,32
198819,1780495505.6419358,32
198820,1780495505.6722188,32
198821,1780495505.6722271,32
198822,1780495505.672229,32
198823,1780495505.67223,33
198824,1780495505.672231,33
198825,1780495505.672232,31
198826,1780495505.6722329,31
198827,1780495505.672234,33
198828,1780495505.672235,33
198829,1780495505.672236,33
198830,1780495505.672239,31
198831,1780495505.676165,32
198832,1780495505.676168,32
198833,1780495505.676169,32
198834,1780495505.6761699,31
198835,1780495505.676171,32
198836,1780495505.676172,32
198837,1780495505.676173,33
198838,1780495505.6761742,32
198839,1780495505.676175,33
198840,1780495505.6761758,31
198841,1780495505.676178,32
198842,1780495505.680676,33
198843,1780495505.680678,32
198844,1780495505.6806788,32
198845,1780495505.68068,31
198846,1780495505.680681,33
198847,1780495505.680682,33
198848,1780495505.680683,32
198849,1780495505.680684,32
198850,1780495505.680685,33
198851,1780495505.6806872,32
198852,1780495505.683152,33
198853,1780495505.683155,32
198854,1780495505.683156,31
198855,1780495505.683157,32
198856,1780495505.683158,31
198857,1780495505.683159,30
198858,1780495505.68316,32
198859,1780495505.683161,32
198860,1780495505.6831622,32
198861,1780495505.683163,32
198862,1780495505.684941,32
198863,1780495505.7147882,33
198864,1780495505.714796,31
198865,1780495505.714798,32
198866,1780495505.7147992,31
198867,1780495505.7148008,32
198868,1780495505.714802,32
198869,1780495505.714803,33
198870,1780495505.714804,32
198871,1780495505.714806,32
198872,1780495505.714807,32
198873,1780495505.7148092,32
198874,1780495505.7181802,31
198875,1780495505.718185,33
198876,1780495505.718186,32
198877,1780495505.718188,32
198878,1780495505.718189,32
198879,1780495505.7181911,31
198880,1780495505.718192,31
198881,1780495505.718194,31
198882,1780495505.718195,32
198883,1780495505.718198,31
198884,1780495505.721272,32
198885,1780495505.7212749,33
198886,1780495505.7212758,31
198887,1780495505.721278,31
198888,1780495505.721279,32
198889,1780495505.72128,32
198890,1780495505.721282,33
198891,1780495505.721283,32
198892,1780495505.721285,32
198893,1780495505.7212858,32
198894,1780495505.721289,32
198895,1780495505.728257,31
198896,1780495505.72826,31
198897,1780495505.728262,32
198898,1780495505.728263,32
198899,1780495505.728265,31
198900,1780495505.728266,31
198901,1780495505.728267,32
198902,1780495505.728269,32
198903,1780495505.72827,32
198904,1780495505.728271,33
198905,1780495505.728273,31
198906,1780495505.7320452,32
198907,1780495505.73205,32
198908,1780495505.7320518,32
198909,1780495505.732053,32
198910,1780495505.732054,32
198911,1780495505.7320561,31
198912,1780495505.732058,33
198913,1780495505.73206,32
198914,1780495505.732061,32
198915,1780495505.732063,31
198916,1780495505.762339,32
198917,1780495505.762353,32
198918,1780495505.7623549,33
198919,1780495505.762357,32
198920,1780495505.76236,32
198921,1780495505.762361,32
198922,1780495505.762363,32
198923,1780495505.7623649,32
198924,1780495505.762367,31
198925,1780495505.762369,31
198926,1780495505.762372,33
198927,1780495505.76619,31
198928,1780495505.766195,32
198929,1780495505.766196,33
198930,1780495505.766198,32
198931,1780495505.7662,31
198932,1780495505.7662022,31
198933,1780495505.7662039,32
198934,1780495505.7662048,32
198935,1780495505.766207,33
198936,1780495505.7662091,32
198937,1780495505.766212,32
198938,1780495505.770903,32
198939,1780495505.770912,32
198940,1780495505.770915,31
198941,1780495505.770918,32
198942,1780495505.77092,33
198943,1780495505.770923,32
198944,1780495505.770926,31
198945,1780495505.7709289,32
198946,1780495505.770931,31
198947,1780495505.770935,32
198948,1780495505.8010519,32
198949,1780495505.80108,32
198950,1780495505.8010838,32
198951,1780495505.801086,32
198952,1780495505.801089,32
198953,1780495505.8010921,33
198954,1780495505.801095,31
198955,1780495505.8010979,31
198956,1780495505.801101,33
198957,1780495505.801103,31
198958,1780495505.801107,31
198959,1780495505.804298,31
198960,1780495505.8043141,32
198961,1780495505.804319,32
198962,1780495505.804322,32
198963,1780495505.804325,32
198964,1780495505.804329,31
198965,1780495505.804332,32
198966,1780495505.804335,32
198967,1780495505.804338,32
198968,1780495505.804341,33
198969,1780495505.8043451,32
198970,1780495505.807028,32
198971,1780495505.807039,33
198972,1780495505.8070421,31
198973,1780495505.8070452,31
198974,1780495505.8070478,32
198975,1780495505.807051,32
198976,1780495505.807056,32
198977,1780495505.807059,32
198978,1780495505.807062,32
198979,1780495505.8070662,33
198980,1780495505.808318,33
198981,1780495505.8083231,31
198982,1780495505.808325,32
198983,1780495505.8083289,31
198984,1780495505.808332,31
198985,1780495505.808335,32
198986,1780495505.808338,32
198987,1780495505.80834,32
198988,1780495505.808343,32
198989,1780495505.808345,32
198990,1780495505.808349,32
198991,1780495505.8549829,33
198992,1780495505.855008,32
198993,1780495505.8550148,31
198994,1780495505.85502,32
198995,1780495505.8550248,33
198996,1780495505.85503,31
198997,1780495505.8550348,32
198998,1780495505.855039,32
198999,1780495505.8550441,32
199000,1780495505.855049,33
199001,1780495505.8550558,32
199002,1780495505.8575099,31
199003,1780495505.857527,33
199004,1780495505.8575401,32
199005,1780495505.857545,32
199006,1780495505.8575501,31
199007,1780495505.857555,32
199008,1780495505.857561,32
199009,1780495505.857567,32
199010,1780495505.857573,32
199011,1780495505.85758,32
199012,1780495505.86332,32
199013,1780495505.863337,31
199014,1780495505.8633401,31
199015,1780495505.863342,32
199016,1780495505.863345,33
199017,1780495505.863347,32
199018,1780495505.86335,33
199019,1780495505.863353,32
199020,1780495505.863355,33
199021,1780495505.863358,31
199022,1780495505.8633611,32
199023,1780495505.865748,32
199024,1780495505.865757,31
199025,1780495505.8657632,32
199026,1780495505.865768,32
199027,1780495505.865773,33
199028,1780495505.8657768,32
199029,1780495505.8657868,32
199030,1780495505.865791,32
199031,1780495505.865796,32
199032,1780495505.8658009,31
199033,1780495505.8658078,32
199034,1780495505.868365,32
199035,1780495505.8683782,31
199036,1780495505.868385,32
199037,1780495505.8683908,31
199038,1780495505.868396,32
199039,1780495505.868402,32
199040,1780495505.868407,32
199041,1780495505.868412,33
199042,1780495505.868417,32
199043,1780495505.868423,31
199044,1780495505.8725572,31
199045,1780495505.872571,31
199046,1780495505.872587,32
199047,1780495505.872592,32
199048,1780495505.8726022,32
199049,1780495505.872695,32
199050,1780495505.872705,32
199051,1780495505.87271,32
199052,1780495505.872716,32
199053,1780495505.8727198,31
199054,1780495505.8727272,32
199055,1780495505.904856,32
199056,1780495505.9048698,31
199057,1780495505.904873,32
199058,1780495505.904875,32
199059,1780495505.904877,33
199060,1780495505.904879,32
199061,1780495505.904882,33
199062,1780495505.9048839,31
199063,1780495505.904886,31
199064,1780495505.9048882,31
199065,1780495505.904893,33
199066,1780495505.908205,31
199067,1780495505.90821,31
199068,1780495505.908212,31
199069,1780495505.908214,31
199070,1780495505.908216,32
199071,1780495505.9082189,32
199072,1780495505.908221,32
199073,1780495505.908223,31
199074,1780495505.908226,31
199075,1780495505.908229,32
199076,1780495505.910808,31
199077,1780495505.9108129,33
199078,1780495505.910815,31
199079,1780495505.910818,33
199080,1780495505.91082,32
199081,1780495505.9108229,32
199082,1780495505.910825,31
199083,1780495505.910827,32
199084,1780495505.91083,32
199085,1780495505.9108322,33
199086,1780495505.910835,32
199087,1780495505.914573,32
199088,1780495505.914579,34
199089,1780495505.914581,32
199090,1780495505.914583,32
199091,1780495505.914585,32
199092,1780495505.9145868,32
199093,1780495505.914588,32
199094,1780495505.91459,32
199095,1780495505.914592,32
199096,1780495505.9145951,32
199097,1780495505.91771,32
199098,1780495505.949619,32
199099,1780495505.949624,31
199100,1780495505.949625,32
199101,1780495505.9496262,33
199102,1780495505.949627,33
199103,1780495505.9496279,32
199104,1780495505.94963,31
199105,1780495505.949631,33
199106,1780495505.949632,32
199107,1780495505.949634,32
199108,1780495505.953134,31
199109,1780495505.9531362,31
199110,1780495505.9531379,32
199111,1780495505.9531388,32
199112,1780495505.95314,33
199113,1780495505.953141,32
199114,1780495505.953141,32
199115,1780495505.953142,32
199116,1780495505.953158,31
199117,1780495505.9531589,32
199118,1780495505.95316,32
199119,1780495505.955696,32
199120,1780495505.9557,31
199121,1780495505.9557009,32
199122,1780495505.955702,31
199123,1780495505.955703,33
199124,1780495505.955704,33
199125,1780495505.9557052,31
199126,1780495505.9557061,32
199127,1780495505.9557068,32
199128,1780495505.9557078,33
199129,1780495505.955709,32
199130,1780495505.958248,31
199131,1780495505.95825,32
199132,1780495505.958251,33
199133,1780495505.958252,32
199134,1780495505.9582531,33
199135,1780495505.958254,32
199136,1780495505.958255,32
199137,1780495505.9582562,32
199138,1780495505.958257,32
199139,1780495505.9582589,31
199140,1780495505.989683,32
199141,1780495505.989689,32
199142,1780495505.9896908,32
199143,1780495505.989692,32
199144,1780495505.989693,32
199145,1780495505.9896939,32
199146,1780495505.989695,31
199147,1780495505.989695,32
199148,1780495505.989696,31
199149,1780495505.989697,33
199150,1780495505.9896991,32
199151,1780495505.9957252,33
199152,1780495505.9957278,32
199153,1780495505.995729,32
199154,1780495505.99573,31
199155,1780495505.9957309,33
199156,1780495505.995732,32
199157,1780495505.995733,33
199158,1780495505.995733,33
199159,1780495505.995734,32
199160,1780495505.995735,33
199161,1780495505.9957361,31
199162,1780495505.99816,31
199163,1780495505.998162,33
199164,1780495505.998163,33
199165,1780495505.998164,32
199166,1780495505.998165,33
199167,1780495505.998166,32
199168,1780495505.998167,33
199169,1780495505.998168,33
199170,1780495505.998168,33
199171,1780495505.9981701,33
199172,1780495506.000677,32
199173,1780495506.0006778,33
199174,1780495506.000679,31
199175,1780495506.00068,32
199176,1780495506.000681,33
199177,1780495506.0006819,33
199178,1780495506.0006819,31
199179,1780495506.000683,32
199180,1780495506.000684,32
199181,1780495506.000685,32
199182,1780495506.0024111,33
199183,1780495506.0546649,32
199184,1780495506.05467,32
199185,1780495506.054671,32
199186,1780495506.0546718,32
199187,1780495506.054673,32
199188,1780495506.054673,31
199189,1780495506.054674,32
199190,1780495506.0546749,31
199191,1780495506.054676,32
199192,1780495506.054677,31
199193,1780495506.054678,33
199194,1780495506.0581481,32
199195,1780495506.058151,33
199196,1780495506.058152,32
199197,1780495506.058153,33
199198,1780495506.0581539,32
199199,1780495506.058155,32
199200,1780495506.058156,33
199201,1780495506.058157,32
199202,1780495506.058157,33
199203,1780495506.058159,32
199204,1780495506.060732,32
199205,1780495506.060734,32
199206,1780495506.060735,33
199207,1780495506.060736,33
199208,1780495506.0607371,33
199209,1780495506.060738,33
199210,1780495506.060738,32
199211,1780495506.060739,32
199212,1780495506.06074,32
199213,1780495506.0607412,32
199214,1780495506.060742,31
199215,1780495506.0607429,32
199216,1780495506.063191,32
199217,1780495506.063194,30
199218,1780495506.063195,33
199219,1780495506.063195,31
199220,1780495506.063196,31
199221,1780495506.063197,33
199222,1780495506.0631979,32
199223,1780495506.0631979,31
199224,1780495506.063199,32
199225,1780495506.0632,31
199226,1780495506.066293,31
199227,1780495506.066296,31
199228,1780495506.066297,32
199229,1780495506.066298,32
199230,1780495506.066299,31
199231,1780495506.0663,32
199232,1780495506.0663009,32
199233,1780495506.0663009,31
199234,1780495506.066302,33
199235,1780495506.066303,33
199236,1780495506.073211,32
199237,1780495506.0732129,33
199238,1780495506.073214,31
199239,1780495506.073215,32
199240,1780495506.073215,33
199241,1780495506.073216,32
199242,1780495506.073217,31
199243,1780495506.073218,32
199244,1780495506.073218,31
199245,1780495506.073219,33
199246,1780495506.07322,31
199247,1780495506.075632,32
199248,1780495506.075634,33
199249,1780495506.075634,32
199250,1780495506.075635,32
199251,1780495506.075636,32
199252,1780495506.075637,31
199253,1780495506.075638,32
199254,1780495506.075638,32
199255,1780495506.075639,32
199256,1780495506.0756428,32
199257,1780495506.0775208,32
199258,1780495506.107241,33
199259,1780495506.107245,33
199260,1780495506.107247,31
199261,1780495506.107248,32
199262,1780495506.1072488,33
199263,1780495506.10725,31
199264,1780495506.107251,33
199265,1780495506.107252,32
199266,1780495506.107253,31
199267,1780495506.107254,32
199268,1780495506.111159,33
199269,1780495506.1111622,32
199270,1780495506.111163,31
199271,1780495506.1111639,33
199272,1780495506.111165,33
199273,1780495506.111166,32
199274,1780495506.111167,33
199275,1780495506.111168,31
199276,1780495506.111169,32
199277,1780495506.11117,33
199278,1780495506.1111722,32
199279,1780495506.152075,32
199280,1780495506.152087,34
199281,1780495506.15209,31
199282,1780495506.152092,32
199283,1780495506.152093,32
199284,1780495506.152095,32
199285,1780495506.152097,32
199286,1780495506.152098,32
199287,1780495506.1521,32
199288,1780495506.152101,34
199289,1780495506.152104,31
199290,1780495506.154412,33
199291,1780495506.1544168,31
199292,1780495506.154419,31
199293,1780495506.154421,32
199294,1780495506.154422,31
199295,1780495506.154423,32
199296,1780495506.1544251,32
199297,1780495506.154426,32
199298,1780495506.1544268,33
199299,1780495506.154429,32
199300,1780495506.157345,32
199301,1780495506.1573482,32
199302,1780495506.1573498,32
199303,1780495506.157351,31
199304,1780495506.157353,32
199305,1780495506.1573539,32
199306,1780495506.157355,32
199307,1780495506.157357,32
199308,1780495506.1573582,32
199309,1780495506.1573591,32
199310,1780495506.1573608,31
199311,1780495506.163271,31
199312,1780495506.163276,33
199313,1780495506.163278,31
199314,1780495506.163279,32
199315,1780495506.1632798,31
199316,1780495506.163282,31
199317,1780495506.1632829,32
199318,1780495506.163284,33
199319,1780495506.163286,32
199320,1780495506.163287,31
199321,1780495506.163289,33
199322,1780495506.1657689,32
199323,1780495506.165775,32
199324,1780495506.165777,32
199325,1780495506.165778,32
199326,1780495506.16578,32
199327,1780495506.165782,32
199328,1780495506.1657841,32
199329,1780495506.165785,32
199330,1780495506.165787,31
199331,1780495506.165789,32
199332,1780495506.16824,31
199333,1780495506.168244,31
199334,1780495506.168246,31
199335,1780495506.1682482,32
199336,1780495506.1682491,31
199337,1780495506.1682508,31
199338,1780495506.168252,32
199339,1780495506.168254,31
199340,1780495506.168255,32
199341,1780495506.168257,31
199342,1780495506.1682591,32
199343,1780495506.171137,32
199344,1780495506.1711512,32
199345,1780495506.1711528,32
199346,1780495506.171155,32
199347,1780495506.171156,32
199348,1780495506.171158,33
199349,1780495506.171159,33
199350,1780495506.1711612,32
199351,1780495506.1711628,32
199352,1780495506.1711638,32
199353,1780495506.171167,31
199354,1780495506.2047691,34
199355,1780495506.204779,33
199356,1780495506.204782,32
199357,1780495506.2047842,32
199358,1780495506.204787,33
199359,1780495506.204789,32
199360,1780495506.204792,32
199361,1780495506.204795,32
199362,1780495506.204797,32
199363,1780495506.204801,32
199364,1780495506.208213,30
199365,1780495506.208218,32
199366,1780495506.20822,32
199367,1780495506.208222,30
199368,1780495506.208225,31
199369,1780495506.2082272,32
199370,1780495506.208229,32
199371,1780495506.208231,31
199372,1780495506.2082329,34
199373,1780495506.208235,33
199374,1780495506.208239,33
199375,1780495506.2107542,33
199376,1780495506.21078,31
199377,1780495506.210783,32
199378,1780495506.210785,32
199379,1780495506.210787,32
199380,1780495506.2107892,32
199381,1780495506.2107918,32
199382,1780495506.210794,32
199383,1780495506.210796,31
199384,1780495506.210798,32
199385,1780495506.2108018,32
199386,1780495506.2133381,31
199387,1780495506.213343,32
199388,1780495506.213345,32
199389,1780495506.213347,31
199390,1780495506.213349,32
199391,1780495506.213352,32
199392,1780495506.2133539,32
199393,1780495506.213356,32
199394,1780495506.2133582,32
199395,1780495506.213362,32
199396,1780495506.244915,33
199397,1780495506.244947,31
199398,1780495506.244951,32
199399,1780495506.2449548,32
199400,1780495506.2449589,32
199401,1780495506.244962,32
199402,1780495506.244965,33
199403,1780495506.244969,31
199404,1780495506.244973,33
199405,1780495506.244976,32
199406,1780495506.244982,32
199407,1780495506.250918,32
199408,1780495506.250939,31
199409,1780495506.250944,32
199410,1780495506.2509482,32
199411,1780495506.250952,31
199412,1780495506.250956,32
199413,1780495506.2509599,32
199414,1780495506.250964,31
199415,1780495506.250968,33
199416,1780495506.2509708,32
199417,1780495506.250976,32
199418,1780495506.253265,32
199419,1780495506.2532759,31
199420,1780495506.253281,32
199421,1780495506.2532852,33
199422,1780495506.253288,32
199423,1780495506.253292,31
199424,1780495506.2532969,32
199425,1780495506.253301,30
199426,1780495506.2533052,32
199427,1780495506.25331,31
199428,1780495506.25576,32
199429,1780495506.255767,33
199430,1780495506.2557702,31
199431,1780495506.255774,32
199432,1780495506.2557771,32
199433,1780495506.2557812,32
199434,1780495506.255784,31
199435,1780495506.255788,32
199436,1780495506.2557912,32
199437,1780495506.255795,32
199438,1780495506.255799,33
199439,1780495506.290004,32
199440,1780495506.290039,32
199441,1780495506.2900438,33
199442,1780495506.290049,32
199443,1780495506.2900531,32
199444,1780495506.290057,33
199445,1780495506.2900622,32
199446,1780495506.290066,32
199447,1780495506.29007,32
199448,1780495506.290074,32
199449,1780495506.290082,32
199450,1780495506.295777,31
199451,1780495506.295786,32
199452,1780495506.295789,33
199453,1780495506.2957911,32
199454,1780495506.295794,32
199455,1780495506.295796,32
199456,1780495506.295799,32
199457,1780495506.295802,31
199458,1780495506.295805,32
199459,1780495506.295808,30
199460,1780495506.298375,32
199461,1780495506.298409,33
199462,1780495506.2984161,31
199463,1780495506.298421,32
199464,1780495506.2984262,32
199465,1780495506.298431,32
199466,1780495506.2984362,31
199467,1780495506.298441,31
199468,1780495506.298445,32
199469,1780495506.29845,32
199470,1780495506.298456,32
199471,1780495506.301037,32
199472,1780495506.3010502,32
199473,1780495506.3010628,31
199474,1780495506.301068,33
199475,1780495506.3010728,31
199476,1780495506.3010821,32
199477,1780495506.301165,32
199478,1780495506.301175,32
199479,1780495506.30118,32
199480,1780495506.3011851,31
199481,1780495506.301192,33
199482,1780495506.3310568,32
199483,1780495506.331081,32
199484,1780495506.3310862,31
199485,1780495506.33109,31
199486,1780495506.331094,32
199487,1780495506.3310971,32
199488,1780495506.331102,32
199489,1780495506.331105,32
199490,1780495506.331109,32
199491,1780495506.331112,32
199492,1780495506.331176,32
199493,1780495506.334441,31
199494,1780495506.3344488,32
199495,1780495506.334452,32
199496,1780495506.334455,31
199497,1780495506.3344588,32
199498,1780495506.334462,33
199499,1780495506.334465,32
199500,1780495506.3344672,32
199501,1780495506.3344698,33
199502,1780495506.334474,33
199503,1780495506.337467,32
199504,1780495506.337496,32
199505,1780495506.337515,33
199506,1780495506.3375192,33
199507,1780495506.337522,32
199508,1780495506.337525,32
199509,1780495506.337528,31
199510,1780495506.3375309,31
199511,1780495506.337533,32
199512,1780495506.337536,31
199513,1780495506.3375401,33
199514,1780495506.340986,32
199515,1780495506.3410041,32
199516,1780495506.341008,33
199517,1780495506.341011,31
199518,1780495506.341014,31
199519,1780495506.341017,32
199520,1780495506.3410208,32
199521,1780495506.341024,33
199522,1780495506.341027,32
199523,1780495506.341032,32
199524,1780495506.371166,31
199525,1780495506.371176,31
199526,1780495506.371178,32
199527,1780495506.37118,32
199528,1780495506.371182,33
199529,1780495506.3711832,32
199530,1780495506.3711848,32
199531,1780495506.371187,32
199532,1780495506.371188,32
199533,1780495506.37119,31
199534,1780495506.3711932,32
199535,1780495506.374462,33
199536,1780495506.374469,32
199537,1780495506.374472,31
199538,1780495506.374474,32
199539,1780495506.374476,32
199540,1780495506.3744771,32
199541,1780495506.374478,32
199542,1780495506.3744798,32
199543,1780495506.374481,33
199544,1780495506.374482,33
199545,1780495506.374485,32
199546,1780495506.377026,32
199547,1780495506.37703,31
199548,1780495506.3770308,31
199549,1780495506.377033,32
199550,1780495506.377034,33
199551,1780495506.377035,32
199552,1780495506.377037,31
199553,1780495506.377038,32
199554,1780495506.37704,31
199555,1780495506.3770418,32
199556,1780495506.407107,32
199557,1780495506.407112,31
199558,1780495506.407114,31
199559,1780495506.407115,32
199560,1780495506.407115,30
199561,1780495506.407116,32
199562,1780495506.4071171,33
199563,1780495506.407118,33
199564,1780495506.407119,32
199565,1780495506.40712,31
199566,1780495506.409888,32
199567,1780495506.41237,31
199568,1780495506.412374,32
199569,1780495506.412375,33
199570,1780495506.4123762,32
199571,1780495506.4123762,31
199572,1780495506.412377,32
199573,1780495506.412378,31
199574,1780495506.4123788,32
199575,1780495506.41238,32
199576,1780495506.41238,32
199577,1780495506.412382,32
199578,1780495506.450492,32
199579,1780495506.450497,32
199580,1780495506.450499,31
199581,1780495506.4505,32
199582,1780495506.4505012,32
199583,1780495506.4505012,32
199584,1780495506.450502,32
199585,1780495506.4505029,32
199586,1780495506.4505038,31
199587,1780495506.450506,32
199588,1780495506.454217,31
199589,1780495506.454219,31
199590,1780495506.45422,33
199591,1780495506.454221,31
199592,1780495506.454222,31
199593,1780495506.454222,33
199594,1780495506.4542232,32
199595,1780495506.4542239,32
199596,1780495506.4542248,32
199597,1780495506.454226,33
199598,1780495506.454227,32
199599,1780495506.4564312,32
199600,1780495506.456434,31
199601,1780495506.456435,32
199602,1780495506.456436,31
199603,1780495506.456438,31
199604,1780495506.456439,32
199605,1780495506.45644,32
199606,1780495506.4564412,30
199607,1780495506.4564412,31
199608,1780495506.456442,33
199609,1780495506.4564428,32
199610,1780495506.469193,33
199611,1780495506.469196,32
199612,1780495506.469197,33
199613,1780495506.469198,33
199614,1780495506.469198,32
199615,1780495506.4691992,32
199616,1780495506.4692,33
199617,1780495506.4692008,33
199618,1780495506.4692018,33
199619,1780495506.469203,32
199620,1780495506.471313,31
199621,1780495506.471315,32
199622,1780495506.4713159,32
199623,1780495506.471317,32
199624,1780495506.471318,32
199625,1780495506.471318,33
199626,1780495506.471319,32
199627,1780495506.4713202,33
199628,1780495506.471321,32
199629,1780495506.471321,32
199630,1780495506.4713228,32
199631,1780495506.47744,31
199632,1780495506.477443,31
199633,1780495506.4774442,32
199634,1780495506.4774451,33
199635,1780495506.4774458,32
199636,1780495506.4774468,32
199637,1780495506.477448,33
199638,1780495506.477448,33
199639,1780495506.477449,32
199640,1780495506.47745,32
199641,1780495506.477451,30
199642,1780495506.479136,32
199643,1780495506.4791381,32
199644,1780495506.479139,31
199645,1780495506.47914,33
199646,1780495506.4791412,32
199647,1780495506.479142,33
199648,1780495506.479143,33
199649,1780495506.4791439,32
199650,1780495506.479145,30
199651,1780495506.479146,32
199652,1780495506.480735,33
199653,1780495506.480737,33
199654,1780495506.480737,32
199655,1780495506.4807382,32
199656,1780495506.480739,31
199657,1780495506.48074,33
199658,1780495506.48074,32
199659,1780495506.480741,32
199660,1780495506.480742,32
199661,1780495506.480743,32
199662,1780495506.482385,31
199663,1780495506.513122,32
199664,1780495506.513126,33
199665,1780495506.5131269,32
199666,1780495506.513128,33
199667,1780495506.513129,32
199668,1780495506.51313,32
199669,1780495506.513131,31
199670,1780495506.513131,31
199671,1780495506.513132,33
199672,1780495506.513133,32
199673,1780495506.513134,32
199674,1780495506.515382,31
199675,1780495506.5153852,32
199676,1780495506.515386,33
199677,1780495506.515386,31
199678,1780495506.5153868,32
199679,1780495506.515388,33
199680,1780495506.515389,31
199681,1780495506.51539,32
199682,1780495506.5153909,31
199683,1780495506.515392,32
199684,1780495506.522472,33
199685,1780495506.522475,31
199686,1780495506.522476,32
199687,1780495506.522476,31
199688,1780495506.5224771,32
199689,1780495506.522478,32
199690,1780495506.522479,32
199691,1780495506.52248,32
199692,1780495506.522481,32
199693,1780495506.522481,30
199694,1780495506.5224829,32
199695,1780495506.524535,33
199696,1780495506.524539,32
199697,1780495506.5245419,33
199698,1780495506.524543,32
199699,1780495506.524544,31
199700,1780495506.524545,33
199701,1780495506.5245461,32
199702,1780495506.5245461,32
199703,1780495506.524547,31
199704,1780495506.524548,32
199705,1780495506.524549,32
199706,1780495506.557261,32
199707,1780495506.5572648,32
199708,1780495506.557267,30
199709,1780495506.557268,34
199710,1780495506.557269,33
199711,1780495506.55727,32
199712,1780495506.557272,31
199713,1780495506.5572731,31
199714,1780495506.557274,32
199715,1780495506.5572748,32
199716,1780495506.557277,33
199717,1780495506.5610409,33
199718,1780495506.561044,33
199719,1780495506.561045,32
199720,1780495506.5610461,32
199721,1780495506.561047,32
199722,1780495506.561048,32
199723,1780495506.561049,31
199724,1780495506.5610502,32
199725,1780495506.561051,32
199726,1780495506.561053,33
199727,1780495506.56583,31
199728,1780495506.565834,33
199729,1780495506.565836,32
199730,1780495506.5658371,32
199731,1780495506.565838,33
199732,1780495506.565839,31
199733,1780495506.5658398,32
199734,1780495506.565841,33
199735,1780495506.565842,32
199736,1780495506.5658429,32
199737,1780495506.565845,32
199738,1780495506.568264,32
199739,1780495506.568267,32
199740,1780495506.568268,31
199741,1780495506.568269,31
199742,1780495506.56827,32
199743,1780495506.5682712,31
199744,1780495506.5682719,33
199745,1780495506.5682728,32
199746,1780495506.568275,32
199747,1780495506.568276,32
199748,1780495506.5985112,32
199749,1780495506.5985181,31
199750,1780495506.59852,32
199751,1780495506.598521,33
199752,1780495506.5985222,31
199753,1780495506.5985239,32
199754,1780495506.5985248,33
199755,1780495506.598526,32
199756,1780495506.598528,31
199757,1780495506.598529,32
199758,1780495506.5985322,32
199759,1780495506.601953,32
199760,1780495506.601957,33
199761,1780495506.6019578,32
199762,1780495506.60196,33
199763,1780495506.601961,32
199764,1780495506.601963,32
199765,1780495506.601964,31
199766,1780495506.6019661,32
199767,1780495506.601967,32
199768,1780495506.601968,33
199769,1780495506.60197,31
199770,1780495506.6045282,33
199771,1780495506.604531,31
199772,1780495506.604533,32
199773,1780495506.604534,32
199774,1780495506.604536,31
199775,1780495506.6045382,31
199776,1780495506.604539,32
199777,1780495506.6045408,32
199778,1780495506.604542,32
199779,1780495506.604545,32
199780,1780495506.6107898,33
199781,1780495506.6107929,33
199782,1780495506.610795,33
199783,1780495506.610796,31
199784,1780495506.6107981,33
199785,1780495506.6108,31
199786,1780495506.610801,31
199787,1780495506.610803,32
199788,1780495506.610804,32
199789,1780495506.610806,32
199790,1780495506.6108081,32
199791,1780495506.641133,32
199792,1780495506.641144,31
199793,1780495506.641147,33
199794,1780495506.64115,32
199795,1780495506.641152,33
199796,1780495506.641154,32
199797,1780495506.6411572,32
199798,1780495506.6411588,32
199799,1780495506.641161,33
199800,1780495506.641163,31
199801,1780495506.6411688,32
199802,1780495506.6444108,33
199803,1780495506.644416,32
199804,1780495506.644418,32
199805,1780495506.6444201,31
199806,1780495506.644423,33
199807,1780495506.644425,33
199808,1780495506.644427,34
199809,1780495506.644429,33
199810,1780495506.644431,32
199811,1780495506.644435,32
199812,1780495506.647083,32
199813,1780495506.647088,32
199814,1780495506.64709,32
199815,1780495506.6470919,33
199816,1780495506.647094,32
199817,1780495506.647097,32
199818,1780495506.6470988,32
199819,1780495506.647101,32
199820,1780495506.647103,32
199821,1780495506.647105,31
199822,1780495506.647109,32
199823,1780495506.651189,31
199824,1780495506.651197,31
199825,1780495506.6512,32
199826,1780495506.651202,31
199827,1780495506.651204,32
199828,1780495506.651207,33
199829,1780495506.6512089,32
199830,1780495506.651211,34
199831,1780495506.6512132,31
199832,1780495506.651215,32
199833,1780495506.651219,32
199834,1780495506.6847591,31
199835,1780495506.684798,33
199836,1780495506.684802,32
199837,1780495506.6848052,33
199838,1780495506.684808,33
199839,1780495506.684811,32
199840,1780495506.684814,32
199841,1780495506.684818,32
199842,1780495506.684821,32
199843,1780495506.6848261,31
199844,1780495506.6881971,32
199845,1780495506.688204,32
199846,1780495506.6882071,32
199847,1780495506.6882088,31
199848,1780495506.688212,31
199849,1780495506.688215,32
199850,1780495506.6882172,30
199851,1780495506.6882198,31
199852,1780495506.688226,31
199853,1780495506.6882281,31
199854,1780495506.688232,32
199855,1780495506.690699,33
199856,1780495506.690707,33
199857,1780495506.6907141,32
199858,1780495506.690718,32
199859,1780495506.690722,32
199860,1780495506.6907258,32
199861,1780495506.690729,32
199862,1780495506.690733,32
199863,1780495506.690736,33
199864,1780495506.6907399,33
199865,1780495506.693276,32
199866,1780495506.693283,32
199867,1780495506.693287,32
199868,1780495506.69329,31
199869,1780495506.693293,32
199870,1780495506.693297,32
199871,1780495506.693301,32
199872,1780495506.693307,32
199873,1780495506.69331,33
199874,1780495506.693314,32
199875,1780495506.6933188,31
199876,1780495506.751026,31
199877,1780495506.751051,32
199878,1780495506.751054,32
199879,1780495506.751057,31
199880,1780495506.75106,32
199881,1780495506.751062,32
199882,1780495506.751064,32
199883,1780495506.751067,32
199884,1780495506.7510688,32
199885,1780495506.751071,32
199886,1780495506.751075,33
199887,1780495506.754542,32
199888,1780495506.7546198,33
199889,1780495506.7546282,33
199890,1780495506.754633,32
199891,1780495506.754647,32
199892,1780495506.754653,31
199893,1780495506.7546592,32
199894,1780495506.754664,33
199895,1780495506.754669,32
199896,1780495506.754674,32
199897,1780495506.754681,32
199898,1780495506.757458,33
199899,1780495506.757468,31
199900,1780495506.757473,33
199901,1780495506.757479,31
199902,1780495506.757483,32
199903,1780495506.757488,32
199904,1780495506.757494,32
199905,1780495506.7575,32
199906,1780495506.757505,32
199907,1780495506.7575119,32
199908,1780495506.760802,31
199909,1780495506.7608142,32
199910,1780495506.76082,33
199911,1780495506.7608252,32
199912,1780495506.76083,32
199913,1780495506.760834,31
199914,1780495506.760839,33
199915,1780495506.760844,32
199916,1780495506.760849,33
199917,1780495506.760854,32
199918,1780495506.76086,32
199919,1780495506.7634811,31
199920,1780495506.763498,31
199921,1780495506.7635021,31
199922,1780495506.763504,32
199923,1780495506.763507,31
199924,1780495506.763509,31
199925,1780495506.7635121,32
199926,1780495506.763515,32
199927,1780495506.763517,32
199928,1780495506.76352,32
199929,1780495506.76574,32
199930,1780495506.765755,31
199931,1780495506.765759,32
199932,1780495506.765763,32
199933,1780495506.765766,32
199934,1780495506.76577,33
199935,1780495506.765774,32
199936,1780495506.7657778,31
199937,1780495506.765782,32
199938,1780495506.7657862,32
199939,1780495506.765791,30
199940,1780495506.768353,31
199941,1780495506.768366,32
199942,1780495506.76837,31
199943,1780495506.768374,32
199944,1780495506.768378,32
199945,1780495506.7683809,33
199946,1780495506.768384,32
199947,1780495506.768388,31
199948,1780495506.768391,32
199949,1780495506.768397,33
199950,1780495506.77129,32
199951,1780495506.782326,32
199952,1780495506.78234,31
199953,1780495506.782343,32
199954,1780495506.782345,33
199955,1780495506.782348,33
199956,1780495506.78235,31
199957,1780495506.782352,32
199958,1780495506.7823548,33
199959,1780495506.782357,32
199960,1780495506.7823591,31
199961,1780495506.782363,32
199962,1780495506.812335,31
199963,1780495506.8123431,32
199964,1780495506.812344,31
199965,1780495506.8123462,31
199966,1780495506.812348,31
199967,1780495506.8123488,31
199968,1780495506.812351,32
199969,1780495506.8123531,32
199970,1780495506.812354,32
199971,1780495506.8123572,32
199972,1780495506.816204,32
199973,1780495506.8162088,32
199974,1780495506.816211,31
199975,1780495506.816213,32
199976,1780495506.816214,32
199977,1780495506.816216,33
199978,1780495506.8162172,32
199979,1780495506.8162181,31
199980,1780495506.8162189,32
199981,1780495506.816221,32
199982,1780495506.816223,32
199983,1780495506.849796,31
199984,1780495506.849801,32
199985,1780495506.849802,32
199986,1780495506.849803,32
199987,1780495506.849804,31
199988,1780495506.849804,32
199989,1780495506.849805,32
199990,1780495506.849806,31
199991,1780495506.849807,33
199992,1780495506.849808,32
199993,1780495506.849809,32
199994,1780495506.8498108,31
199995,1780495506.853033,31
199996,1780495506.853038,33
199997,1780495506.853039,32
199998,1780495506.8530402,31
199999,1780495506.853041,31
200000,1780495506.853042,31
200001,1780495506.8530428,32
200002,1780495506.8530428,31
200003,1780495506.853045,32
200004,1780495506.855606,32
200005,1780495506.855608,32
200006,1780495506.8556092,32
200007,1780495506.8556101,32
200008,1780495506.8556108,32
200009,1780495506.8556118,32
200010,1780495506.8556118,32
200011,1780495506.855613,32
200012,1780495506.855614,32
200013,1780495506.855615,32
200014,1780495506.855616,32
200015,1780495506.85814,32
200016,1780495506.858141,32
200017,1780495506.858142,32
200018,1780495506.858143,32
200019,1780495506.858144,32
200020,1780495506.858145,32
200021,1780495506.858145,32
200022,1780495506.858146,31
200023,1780495506.8581471,31
200024,1780495506.858148,33
200025,1780495506.858149,31
200026,1780495506.861077,32
200027,1780495506.8610811,31
200028,1780495506.861082,32
200029,1780495506.8610828,33
200030,1780495506.8610828,31
200031,1780495506.861084,31
200032,1780495506.861085,33
200033,1780495506.861086,32
200034,1780495506.861087,33
200035,1780495506.861088,32
200036,1780495506.865775,32
200037,1780495506.8657768,32
200038,1780495506.865778,33
200039,1780495506.865779,32
200040,1780495506.8657799,32
200041,1780495506.865781,33
200042,1780495506.865781,31
200043,1780495506.865782,33
200044,1780495506.865783,33
200045,1780495506.865783,32
200046,1780495506.8657851,33
200047,1780495506.895908,33
200048,1780495506.895912,31
200049,1780495506.895913,32
200050,1780495506.895914,31
200051,1780495506.895915,34
200052,1780495506.895915,32
200053,1780495506.895916,32
200054,1780495506.895917,32
200055,1780495506.8959181,31
200056,1780495506.895919,32
200057,1780495506.89592,32
200058,1780495506.8993979,31
200059,1780495506.899401,31
200060,1780495506.899402,32
200061,1780495506.899403,33
200062,1780495506.899404,31
200063,1780495506.899405,33
200064,1780495506.899405,33
200065,1780495506.8994062,32
200066,1780495506.8994071,32
200067,1780495506.8994079,32
200068,1780495506.901959,32
200069,1780495506.901962,33
200070,1780495506.901963,32
200071,1780495506.901963,32
200072,1780495506.901964,33
200073,1780495506.9019651,32
200074,1780495506.901966,32
200075,1780495506.901967,33
200076,1780495506.9019678,32
200077,1780495506.9019678,32
200078,1780495506.90197,32
200079,1780495506.906154,31
200080,1780495506.906156,33
200081,1780495506.906157,32
200082,1780495506.906158,32
200083,1780495506.9061592,32
200084,1780495506.90616,32
200085,1780495506.90616,32
200086,1780495506.9061608,33
200087,1780495506.906162,32
200088,1780495506.906163,31
200089,1780495506.931958,32
200090,1780495506.931963,33
200091,1780495506.931964,32
200092,1780495506.9319649,32
200093,1780495506.931966,32
200094,1780495506.931967,33
200095,1780495506.931967,32
200096,1780495506.931968,32
200097,1780495506.931969,32
200098,1780495506.931971,32
200099,1780495506.931972,32
200100,1780495506.934463,32
200101,1780495506.9344661,32
200102,1780495506.934467,32
200103,1780495506.934468,32
200104,1780495506.9344692,32
200105,1780495506.93447,33
200106,1780495506.93447,32
200107,1780495506.934471,33
200108,1780495506.9344718,32
200109,1780495506.934473,31
200110,1780495506.934474,32
200111,1780495506.940632,32
200112,1780495506.940635,33
200113,1780495506.940636,33
200114,1780495506.9406369,32
200115,1780495506.9406369,32
200116,1780495506.940638,33
200117,1780495506.940639,31
200118,1780495506.94064,31
200119,1780495506.94064,32
200120,1780495506.940642,32
200121,1780495506.9423811,31
200122,1780495506.972099,32
200123,1780495506.9721038,31
200124,1780495506.972105,33
200125,1780495506.972106,32
200126,1780495506.972107,32
200127,1780495506.9721081,31
200128,1780495506.972109,32
200129,1780495506.97211,31
200130,1780495506.97211,32
200131,1780495506.972112,33
200132,1780495506.975631,31
200133,1780495506.9756339,32
200134,1780495506.975635,32
200135,1780495506.975636,32
200136,1780495506.975637,32
200137,1780495506.975638,32
200138,1780495506.975639,33
200139,1780495506.9756422,33
200140,1780495506.975643,31
200141,1780495506.9756439,32
200142,1780495506.9756448,31
200143,1780495506.9811652,33
200144,1780495506.981167,31
200145,1780495506.981168,32
200146,1780495506.981169,32
200147,1780495506.98117,32
200148,1780495506.981171,32
200149,1780495506.981172,32
200150,1780495506.981173,32
200151,1780495506.981174,32
200152,1780495506.981175,32
200153,1780495506.9811761,31
200154,1780495506.98813,32
200155,1780495506.988132,33
200156,1780495506.988134,32
200157,1780495506.9881349,31
200158,1780495506.988136,32
200159,1780495506.988137,32
200160,1780495506.988138,33
200161,1780495506.988139,32
200162,1780495506.98814,32
200163,1780495506.988141,31
200164,1780495506.990725,32
200165,1780495506.990728,32
200166,1780495506.99073,32
200167,1780495506.990731,32
200168,1780495506.990732,32
200169,1780495506.9907331,31
200170,1780495506.990734,33
200171,1780495506.990735,31
200172,1780495506.9907358,32
200173,1780495506.990737,32
200174,1780495506.990738,32
200175,1780495507.053545,31
200176,1780495507.05356,32
200177,1780495507.0535622,33
200178,1780495507.0535638,32
200179,1780495507.053566,32
200180,1780495507.053568,32
200181,1780495507.053569,32
200182,1780495507.053571,32
200183,1780495507.0535731,32
200184,1780495507.0535738,32
200185,1780495507.053577,31
200186,1780495507.0573618,33
200187,1780495507.057368,33
200188,1780495507.0573702,32
200189,1780495507.0573719,33
200190,1780495507.057373,31
200191,1780495507.057375,32
200192,1780495507.057376,32
200193,1780495507.057378,32
200194,1780495507.057379,33
200195,1780495507.0573819,32
200196,1780495507.060752,33
200197,1780495507.060756,32
200198,1780495507.060758,32
200199,1780495507.06076,32
200200,1780495507.0607622,31
200201,1780495507.0607638,32
200202,1780495507.060766,32
200203,1780495507.0610938,32
200204,1780495507.061098,33
200205,1780495507.0611,31
200206,1780495507.061103,32
200207,1780495507.06321,31
200208,1780495507.063217,33
200209,1780495507.06322,31
200210,1780495507.063222,31
200211,1780495507.063224,31
200212,1780495507.063248,32
200213,1780495507.0632498,33
200214,1780495507.063252,33
200215,1780495507.063254,32
200216,1780495507.063256,31
200217,1780495507.063259,32
200218,1780495507.065697,31
200219,1780495507.065707,32
200220,1780495507.06571,32
200221,1780495507.0657122,32
200222,1780495507.065714,32
200223,1780495507.065716,32
200224,1780495507.065718,33
200225,1780495507.06572,32
200226,1780495507.0657222,32
200227,1780495507.0657248,33
200228,1780495507.068247,32
200229,1780495507.068254,32
200230,1780495507.068257,32
200231,1780495507.068259,32
200232,1780495507.0682611,32
200233,1780495507.0682628,32
200234,1780495507.068265,32
200235,1780495507.068266,32
200236,1780495507.068268,33
200237,1780495507.06827,31
200238,1780495507.0682728,31
200239,1780495507.071174,32
200240,1780495507.071179,32
200241,1780495507.071181,31
200242,1780495507.071182,32
200243,1780495507.071184,32
200244,1780495507.0711858,31
200245,1780495507.071188,33
200246,1780495507.071189,33
200247,1780495507.071191,32
200248,1780495507.071193,31
200249,1780495507.0711958,32
200250,1780495507.09099,32
200251,1780495507.091,31
200252,1780495507.091003,31
200253,1780495507.09102,31
200254,1780495507.091197,32
200255,1780495507.091203,33
200256,1780495507.091257,33
200257,1780495507.0912619,33
200258,1780495507.091265,32
200259,1780495507.091271,32
200260,1780495507.093288,32
200261,1780495507.093292,32
200262,1780495507.0932941,32
200263,1780495507.093295,32
200264,1780495507.093297,32
200265,1780495507.093298,32
200266,1780495507.0932999,32
200267,1780495507.093302,33
200268,1780495507.093303,32
200269,1780495507.093305,32
200270,1780495507.0933068,32
200271,1780495507.144734,32
200272,1780495507.144751,32
200273,1780495507.144754,31
200274,1780495507.144756,32
200275,1780495507.144759,32
200276,1780495507.144761,32
200277,1780495507.144764,32
200278,1780495507.1447659,31
200279,1780495507.144768,32
200280,1780495507.1447701,34
200281,1780495507.1447759,32
200282,1780495507.1507661,32
200283,1780495507.150788,33
200284,1780495507.150791,33
200285,1780495507.150794,31
200286,1780495507.150796,32
200287,1780495507.150798,32
200288,1780495507.150802,32
200289,1780495507.150805,31
200290,1780495507.150808,32
200291,1780495507.150811,32
200292,1780495507.153174,32
200293,1780495507.15318,33
200294,1780495507.153183,34
200295,1780495507.153186,33
200296,1780495507.153188,33
200297,1780495507.15319,33
200298,1780495507.153193,31
200299,1780495507.153195,32
200300,1780495507.153197,33
200301,1780495507.1531992,31
200302,1780495507.1532018,32
200303,1780495507.155691,32
200304,1780495507.155702,32
200305,1780495507.155709,31
200306,1780495507.155713,32
200307,1780495507.1557178,32
200308,1780495507.155722,32
200309,1780495507.155731,32
200310,1780495507.155736,31
200311,1780495507.155741,32
200312,1780495507.155746,32
200313,1780495507.155752,33
200314,1780495507.1581812,31
200315,1780495507.158189,32
200316,1780495507.1581938,31
200317,1780495507.158199,32
200318,1780495507.1582038,32
200319,1780495507.158209,32
200320,1780495507.1582232,33
200321,1780495507.158227,31
200322,1780495507.158232,32
200323,1780495507.158238,32
200324,1780495507.161152,33
200325,1780495507.1611588,32
200326,1780495507.161162,31
200327,1780495507.161164,31
200328,1780495507.1611662,31
200329,1780495507.161173,33
200330,1780495507.161175,32
200331,1780495507.16118,32
200332,1780495507.161248,33
200333,1780495507.1612532,31
200334,1780495507.1612558,31
200335,1780495507.165761,32
200336,1780495507.1657758,32
200337,1780495507.1657789,31
200338,1780495507.165781,33
200339,1780495507.1657841,32
200340,1780495507.165803,31
200341,1780495507.165806,33
200342,1780495507.1658082,31
200343,1780495507.165811,32
200344,1780495507.165814,32
200345,1780495507.167441,32
200346,1780495507.197345,32
200347,1780495507.19736,33
200348,1780495507.197363,32
200349,1780495507.197366,32
200350,1780495507.197369,33
200351,1780495507.197372,32
200352,1780495507.197375,32
200353,1780495507.1973782,32
200354,1780495507.197381,33
200355,1780495507.197386,32
200356,1780495507.200932,30
200357,1780495507.200952,33
200358,1780495507.200955,32
200359,1780495507.200958,31
200360,1780495507.20096,32
200361,1780495507.200963,32
200362,1780495507.2009652,32
200363,1780495507.200968,31
200364,1780495507.20097,33
200365,1780495507.200973,32
200366,1780495507.2009768,32
200367,1780495507.203308,31
200368,1780495507.203319,32
200369,1780495507.203323,32
200370,1780495507.203325,33
200371,1780495507.203328,30
200372,1780495507.20333,32
200373,1780495507.2033331,31
200374,1780495507.2033348,33
200375,1780495507.203337,32
200376,1780495507.20334,32
200377,1780495507.2033432,33
200378,1780495507.206164,32
200379,1780495507.2061691,31
200380,1780495507.2061708,33
200381,1780495507.206174,31
200382,1780495507.206176,32
200383,1780495507.2061791,33
200384,1780495507.206183,32
200385,1780495507.2061849,31
200386,1780495507.206188,31
200387,1780495507.206191,32
200388,1780495507.2398632,31
200389,1780495507.2398772,31
200390,1780495507.2398798,32
200391,1780495507.239882,32
200392,1780495507.239885,32
200393,1780495507.239886,32
200394,1780495507.239888,32
200395,1780495507.2398899,32
200396,1780495507.239892,31
200397,1780495507.239894,32
200398,1780495507.2398982,32
200399,1780495507.243198,32
200400,1780495507.243202,30
200401,1780495507.243204,31
200402,1780495507.243205,32
200403,1780495507.243207,32
200404,1780495507.243209,33
200405,1780495507.24321,31
200406,1780495507.243212,32
200407,1780495507.2432141,32
200408,1780495507.2432158,32
200409,1780495507.245624,32
200410,1780495507.2456279,33
200411,1780495507.24563,33
200412,1780495507.245632,32
200413,1780495507.2456331,33
200414,1780495507.245635,33
200415,1780495507.245636,32
200416,1780495507.245638,32
200417,1780495507.24564,32
200418,1780495507.245641,32
200419,1780495507.245644,32
200420,1780495507.2481432,33
200421,1780495507.248148,32
200422,1780495507.24815,33
200423,1780495507.248152,32
200424,1780495507.248153,32
200425,1780495507.2481549,32
200426,1780495507.2481558,32
200427,1780495507.248158,31
200428,1780495507.248159,33
200429,1780495507.248162,32
200430,1780495507.249915,32
200431,1780495507.281114,32
200432,1780495507.2811189,32
200433,1780495507.281121,32
200434,1780495507.281122,31
200435,1780495507.2811232,31
200436,1780495507.281124,32
200437,1780495507.281125,32
200438,1780495507.2811258,31
200439,1780495507.281127,31
200440,1780495507.281128,33
200441,1780495507.281129,33
200442,1780495507.28571,32
200443,1780495507.285714,32
200444,1780495507.2857149,32
200445,1780495507.285716,31
200446,1780495507.285717,32
200447,1780495507.285718,32
200448,1780495507.2857192,31
200449,1780495507.2857192,32
200450,1780495507.28572,31
200451,1780495507.285721,31
200452,1780495507.288169,32
200453,1780495507.288173,31
200454,1780495507.2881742,32
200455,1780495507.288175,32
200456,1780495507.288176,32
200457,1780495507.288177,32
200458,1780495507.288178,32
200459,1780495507.288179,32
200460,1780495507.288179,33
200461,1780495507.2881799,31
200462,1780495507.288182,31
200463,1780495507.29197,32
200464,1780495507.2919722,32
200465,1780495507.291973,32
200466,1780495507.2919738,32
200467,1780495507.291975,33
200468,1780495507.291975,32
200469,1780495507.291976,31
200470,1780495507.291977,31
200471,1780495507.291978,32
200472,1780495507.291978,32
200473,1780495507.29198,32
200474,1780495507.350891,32
200475,1780495507.3508952,32
200476,1780495507.3508961,33
200477,1780495507.3508968,33
200478,1780495507.3508968,32
200479,1780495507.350898,32
200480,1780495507.350899,31
200481,1780495507.3509,31
200482,1780495507.350901,33
200483,1780495507.350902,31
200484,1780495507.350903,33
200485,1780495507.354393,31
200486,1780495507.3543959,31
200487,1780495507.3543968,32
200488,1780495507.3543968,32
200489,1780495507.354398,32
200490,1780495507.354399,31
200491,1780495507.3544,31
200492,1780495507.3544,33
200493,1780495507.354401,32
200494,1780495507.354402,32
200495,1780495507.3573172,32
200496,1780495507.3573189,33
200497,1780495507.3573198,31
200498,1780495507.357321,32
200499,1780495507.357322,32
200500,1780495507.357323,30
200501,1780495507.357323,31
200502,1780495507.3573241,33
200503,1780495507.357325,31
200504,1780495507.357326,31
200505,1780495507.3573272,32
200506,1780495507.3606389,32
200507,1780495507.360641,32
200508,1780495507.360642,31
200509,1780495507.3606431,32
200510,1780495507.3606431,32
200511,1780495507.360644,33
200512,1780495507.360645,31
200513,1780495507.3606458,32
200514,1780495507.360647,32
200515,1780495507.360648,31
200516,1780495507.363133,32
200517,1780495507.3631349,31
200518,1780495507.363136,29
200519,1780495507.363137,32
200520,1780495507.363137,32
200521,1780495507.363138,31
200522,1780495507.3631392,33
200523,1780495507.36314,32
200524,1780495507.363141,31
200525,1780495507.363141,32
200526,1780495507.363143,31
200527,1780495507.365664,32
200528,1780495507.3656662,32
200529,1780495507.365667,31
200530,1780495507.365668,33
200531,1780495507.365669,31
200532,1780495507.36567,33
200533,1780495507.36567,33
200534,1780495507.365671,32
200535,1780495507.3656719,31
200536,1780495507.365673,31
200537,1780495507.365674,32
200538,1780495507.3682828,33
200539,1780495507.368285,32
200540,1780495507.368286,33
200541,1780495507.368287,32
200542,1780495507.368288,32
200543,1780495507.368288,31
200544,1780495507.368289,33
200545,1780495507.36829,32
200546,1780495507.3682911,32
200547,1780495507.368292,31
200548,1780495507.383086,33
200549,1780495507.38309,32
200550,1780495507.383091,33
200551,1780495507.383092,30
200552,1780495507.3830929,31
200553,1780495507.383094,32
200554,1780495507.383094,32
200555,1780495507.383095,31
200556,1780495507.383096,33
200557,1780495507.3830972,32
200558,1780495507.3900092,33
200559,1780495507.391985,32
200560,1780495507.3919868,31
200561,1780495507.391988,31
200562,1780495507.391988,32
200563,1780495507.391989,32
200564,1780495507.39199,31
200565,1780495507.3919911,32
200566,1780495507.391992,32
200567,1780495507.391992,32
200568,1780495507.391993,32
200569,1780495507.391994,32
200570,1780495507.398259,32
200571,1780495507.398261,32
200572,1780495507.398262,32
200573,1780495507.398263,32
200574,1780495507.3982642,33
200575,1780495507.3982642,32
200576,1780495507.398287,31
200577,1780495507.3982878,31
200578,1780495507.3982878,31
200579,1780495507.39829,31
200580,1780495507.4296918,32
200581,1780495507.4297001,33
200582,1780495507.429701,32
200583,1780495507.4297018,33
200584,1780495507.429703,32
200585,1780495507.429704,33
200586,1780495507.429705,32
200587,1780495507.429706,32
200588,1780495507.429707,33
200589,1780495507.429708,31
200590,1780495507.4297101,33
200591,1780495507.435786,33
200592,1780495507.435789,31
200593,1780495507.43579,32
200594,1780495507.435791,31
200595,1780495507.435792,32
200596,1780495507.4357939,32
200597,1780495507.4357948,33
200598,1780495507.435796,31
200599,1780495507.435797,32
200600,1780495507.435798,31
200601,1780495507.4358,33
200602,1780495507.438133,31
200603,1780495507.438136,33
200604,1780495507.438137,31
200605,1780495507.438138,32
200606,1780495507.438139,32
200607,1780495507.43814,31
200608,1780495507.438142,32
200609,1780495507.438143,33
200610,1780495507.438144,31
200611,1780495507.438146,31
200612,1780495507.440748,32
200613,1780495507.4407501,34
200614,1780495507.440751,32
200615,1780495507.440752,31
200616,1780495507.440753,33
200617,1780495507.440754,33
200618,1780495507.440756,32
200619,1780495507.440757,32
200620,1780495507.440758,31
200621,1780495507.440759,32
200622,1780495507.4407601,32
200623,1780495507.471004,31
200624,1780495507.47101,33
200625,1780495507.4710112,31
200626,1780495507.471013,32
200627,1780495507.4710138,32
200628,1780495507.471015,32
200629,1780495507.471017,31
200630,1780495507.471018,31
200631,1780495507.471019,33
200632,1780495507.471021,32
200633,1780495507.471023,30
200634,1780495507.474426,32
200635,1780495507.474429,32
200636,1780495507.4744298,32
200637,1780495507.474431,33
200638,1780495507.474433,32
200639,1780495507.4744341,32
200640,1780495507.474435,32
200641,1780495507.4744372,33
200642,1780495507.474438,32
200643,1780495507.474443,32
200644,1780495507.4774048,32
200645,1780495507.4774091,30
200646,1780495507.477411,32
200647,1780495507.477412,32
200648,1780495507.477414,31
200649,1780495507.4774148,32
200650,1780495507.477416,32
200651,1780495507.477418,32
200652,1780495507.477419,33
200653,1780495507.47742,32
200654,1780495507.477422,32
200655,1780495507.48205,32
200656,1780495507.482053,31
200657,1780495507.482054,32
200658,1780495507.482056,32
200659,1780495507.4820569,32
200660,1780495507.482059,32
200661,1780495507.4820611,32
200662,1780495507.482062,31
200663,1780495507.4820638,33
200664,1780495507.482065,33
200665,1780495507.4820669,32
200666,1780495507.512117,31
200667,1780495507.5121238,31
200668,1780495507.512126,32
200669,1780495507.512128,30
200670,1780495507.51213,31
200671,1780495507.512131,32
200672,1780495507.5121331,33
200673,1780495507.512135,31
200674,1780495507.512137,31
200675,1780495507.51214,32
200676,1780495507.515658,32
200677,1780495507.5156622,34
200678,1780495507.5156639,33
200679,1780495507.5156648,31
200680,1780495507.515667,31
200681,1780495507.515669,32
200682,1780495507.515671,31
200683,1780495507.5156732,32
200684,1780495507.515674,32
200685,1780495507.515676,31
200686,1780495507.515679,32
200687,1780495507.51822,31
200688,1780495507.5182238,32
200689,1780495507.518226,32
200690,1780495507.518228,32
200691,1780495507.51823,32
200692,1780495507.5182312,31
200693,1780495507.518233,31
200694,1780495507.518235,33
200695,1780495507.5182369,31
200696,1780495507.518239,32
200697,1780495507.518241,32
200698,1780495507.54978,31
200699,1780495507.549804,31
200700,1780495507.549807,32
200701,1780495507.54981,32
200702,1780495507.549813,32
200703,1780495507.549815,32
200704,1780495507.549819,32
200705,1780495507.549821,32
200706,1780495507.549824,32
200707,1780495507.549829,31
200708,1780495507.5558982,31
200709,1780495507.5559192,33
200710,1780495507.555924,32
200711,1780495507.555927,31
200712,1780495507.5559309,31
200713,1780495507.555933,32
200714,1780495507.555937,31
200715,1780495507.5559402,31
200716,1780495507.555943,32
200717,1780495507.555945,33
200718,1780495507.555949,32
200719,1780495507.558209,32
200720,1780495507.558217,33
200721,1780495507.558219,31
200722,1780495507.558222,32
200723,1780495507.558225,33
200724,1780495507.558229,32
200725,1780495507.558232,32
200726,1780495507.558235,31
200727,1780495507.5582368,32
200728,1780495507.55824,32
200729,1780495507.558244,32
200730,1780495507.5607302,31
200731,1780495507.560736,31
200732,1780495507.560739,33
200733,1780495507.5607429,30
200734,1780495507.560746,33
200735,1780495507.560748,33
200736,1780495507.5607522,32
200737,1780495507.560756,32
200738,1780495507.560759,32
200739,1780495507.560763,33
200740,1780495507.591267,28
200741,1780495507.591294,31
200742,1780495507.591299,31
200743,1780495507.5913029,33
200744,1780495507.591306,32
200745,1780495507.59131,32
200746,1780495507.591313,33
200747,1780495507.591317,32
200748,1780495507.59132,30
200749,1780495507.591327,33
200750,1780495507.593652,31
200751,1780495507.5961752,32
200752,1780495507.5961878,32
200753,1780495507.596194,32
200754,1780495507.5961978,33
200755,1780495507.596202,33
200756,1780495507.5962062,32
200757,1780495507.5962088,32
200758,1780495507.596213,32
200759,1780495507.5962172,33
200760,1780495507.59622,31
200761,1780495507.596225,32
200762,1780495507.603261,32
200763,1780495507.603271,32
200764,1780495507.603276,31
200765,1780495507.603282,31
200766,1780495507.6032882,33
200767,1780495507.603293,32
200768,1780495507.6032991,32
200769,1780495507.603304,31
200770,1780495507.6033092,33
200771,1780495507.603316,33
200772,1780495507.6057851,31
200773,1780495507.6058,33
200774,1780495507.605807,30
200775,1780495507.605812,32
200776,1780495507.605817,32
200777,1780495507.605823,32
200778,1780495507.605827,31
200779,1780495507.6058319,32
200780,1780495507.605837,31
200781,1780495507.6058419,33
200782,1780495507.605848,32
200783,1780495507.653326,32
200784,1780495507.6533499,32
200785,1780495507.653353,32
200786,1780495507.653356,31
200787,1780495507.6533592,32
200788,1780495507.6533608,32
200789,1780495507.653364,31
200790,1780495507.653366,31
200791,1780495507.6533692,32
200792,1780495507.653373,32
200793,1780495507.654895,32
200794,1780495507.657333,32
200795,1780495507.6573389,33
200796,1780495507.657342,33
200797,1780495507.657345,32
200798,1780495507.657347,33
200799,1780495507.6573498,33
200800,1780495507.657353,31
200801,1780495507.657357,33
200802,1780495507.6573598,31
200803,1780495507.657364,33
200804,1780495507.660774,32
200805,1780495507.660782,33
200806,1780495507.660785,32
200807,1780495507.660788,32
200808,1780495507.6607912,33
200809,1780495507.660794,33
200810,1780495507.6607969,32
200811,1780495507.6608,33
200812,1780495507.6608021,31
200813,1780495507.6608052,31
200814,1780495507.66081,32
200815,1780495507.663288,33
200816,1780495507.663296,32
200817,1780495507.663299,32
200818,1780495507.6633012,31
200819,1780495507.6633039,32
200820,1780495507.663306,32
200821,1780495507.6633081,32
200822,1780495507.66331,33
200823,1780495507.663312,32
200824,1780495507.6633139,32
200825,1780495507.663318,32
200826,1780495507.665638,33
200827,1780495507.665646,32
200828,1780495507.665649,32
200829,1780495507.6656508,31
200830,1780495507.665654,32
200831,1780495507.665656,32
200832,1780495507.665658,31
200833,1780495507.6656609,32
200834,1780495507.665663,32
200835,1780495507.665666,31
200836,1780495507.6682649,32
200837,1780495507.66827,32
200838,1780495507.668272,32
200839,1780495507.6682749,33
200840,1780495507.668277,32
200841,1780495507.668279,32
200842,1780495507.668281,32
200843,1780495507.668283,31
200844,1780495507.6682858,32
200845,1780495507.668288,32
200846,1780495507.668292,32
200847,1780495507.675755,32
200848,1780495507.675759,32
200849,1780495507.675761,32
200850,1780495507.675764,31
200851,1780495507.675766,32
200852,1780495507.6757681,31
200853,1780495507.67577,32
200854,1780495507.675771,33
200855,1780495507.675773,32
200856,1780495507.675775,32
200857,1780495507.6757782,32
200858,1780495507.705886,32
200859,1780495507.705894,31
200860,1780495507.705896,32
200861,1780495507.7058969,32
200862,1780495507.705898,33
200863,1780495507.705899,32
200864,1780495507.7059011,31
200865,1780495507.705902,33
200866,1780495507.705903,33
200867,1780495507.7059042,32
200868,1780495507.705906,32
200869,1780495507.7093592,32
200870,1780495507.7093608,32
200871,1780495507.709362,31
200872,1780495507.709363,33
200873,1780495507.709364,32
200874,1780495507.709365,31
200875,1780495507.709366,32
200876,1780495507.709367,31
200877,1780495507.709368,33
200878,1780495507.7093692,32
200879,1780495507.7119842,32
200880,1780495507.711987,32
200881,1780495507.711988,32
200882,1780495507.711989,32
200883,1780495507.71199,32
200884,1780495507.711991,31
200885,1780495507.711992,33
200886,1780495507.711993,32
200887,1780495507.7119942,31
200888,1780495507.711995,32
200889,1780495507.711997,33
200890,1780495507.71615,32
200891,1780495507.716152,33
200892,1780495507.7161531,32
200893,1780495507.716154,34
200894,1780495507.7161548,31
200895,1780495507.716156,31
200896,1780495507.716157,32
200897,1780495507.716158,32
200898,1780495507.7161589,33
200899,1780495507.716161,31
200900,1780495507.7496278,32
200901,1780495507.749632,31
200902,1780495507.749633,33
200903,1780495507.749634,32
200904,1780495507.749635,32
200905,1780495507.7496362,31
200906,1780495507.7496371,31
200907,1780495507.7496371,32
200908,1780495507.7496378,32
200909,1780495507.7496388,32
200910,1780495507.74964,32
200911,1780495507.7520251,32
200912,1780495507.752028,31
200913,1780495507.752029,32
200914,1780495507.75203,32
200915,1780495507.752031,31
200916,1780495507.752032,32
200917,1780495507.752033,31
200918,1780495507.752033,33
200919,1780495507.752034,32
200920,1780495507.7520351,33
200921,1780495507.752036,32
200922,1780495507.7557602,32
200923,1780495507.7557619,32
200924,1780495507.755763,33
200925,1780495507.755764,31
200926,1780495507.755765,33
200927,1780495507.755766,32
200928,1780495507.755767,31
200929,1780495507.755767,30
200930,1780495507.755768,33
200931,1780495507.7557702,32
200932,1780495507.759447,30
200933,1780495507.759448,33
200934,1780495507.759449,32
200935,1780495507.7594502,31
200936,1780495507.759451,31
200937,1780495507.7594519,32
200938,1780495507.7594528,32
200939,1780495507.759454,31
200940,1780495507.759454,31
200941,1780495507.759455,32
200942,1780495507.759456,32
200943,1780495507.794673,32
200944,1780495507.794681,32
200945,1780495507.794683,32
200946,1780495507.794683,31
200947,1780495507.794684,33
200948,1780495507.794685,31
200949,1780495507.7946858,32
200950,1780495507.794687,31
200951,1780495507.794687,31
200952,1780495507.794688,33
200953,1780495507.7946901,32
200954,1780495507.799382,32
200955,1780495507.799385,32
200956,1780495507.799386,33
200957,1780495507.799386,32
200958,1780495507.799387,32
200959,1780495507.799388,29
200960,1780495507.799389,32
200961,1780495507.7993898,32
200962,1780495507.7993898,32
200963,1780495507.799392,31
200964,1780495507.801892,31
200965,1780495507.801895,32
200966,1780495507.8018959,32
200967,1780495507.801897,31
200968,1780495507.801898,32
200969,1780495507.801899,32
200970,1780495507.801899,32
200971,1780495507.8019001,33
200972,1780495507.801901,34
200973,1780495507.801902,32
200974,1780495507.801903,31
200975,1780495507.8043048,31
200976,1780495507.804309,33
200977,1780495507.80431,32
200978,1780495507.804311,32
200979,1780495507.804311,32
200980,1780495507.804312,33
200981,1780495507.8043132,33
200982,1780495507.8043141,31
200983,1780495507.8043141,32
200984,1780495507.8043149,32
200985,1780495507.8061981,33
200986,1780495507.8397682,32
200987,1780495507.839775,31
200988,1780495507.83979,32
200989,1780495507.839791,32
200990,1780495507.839791,30
200991,1780495507.839792,32
200992,1780495507.839793,32
200993,1780495507.839794,31
200994,1780495507.8397949,33
200995,1780495507.839797,33
200996,1780495507.843269,32
200997,1780495507.843272,32
200998,1780495507.843273,32
200999,1780495507.8432739,32
201000,1780495507.843275,33
201001,1780495507.843276,31
201002,1780495507.843277,31
201003,1780495507.8432782,31
201004,1780495507.8432791,33
201005,1780495507.8432791,32
201006,1780495507.8432808,32
201007,1780495507.845628,31
201008,1780495507.84563,31
201009,1780495507.845632,34
201010,1780495507.845633,32
201011,1780495507.845633,31
201012,1780495507.845634,32
201013,1780495507.8456352,32
201014,1780495507.8456361,32
201015,1780495507.845637,32
201016,1780495507.8456378,31
201017,1780495507.848185,31
201018,1780495507.848188,32
201019,1780495507.8481889,31
201020,1780495507.84819,32
201021,1780495507.848191,33
201022,1780495507.848192,33
201023,1780495507.848193,32
201024,1780495507.8481941,33
201025,1780495507.8481941,32
201026,1780495507.848195,31
201027,1780495507.8481972,31
201028,1780495507.879693,34
201029,1780495507.879699,31
201030,1780495507.879701,32
201031,1780495507.879702,31
201032,1780495507.879703,31
201033,1780495507.879704,32
201034,1780495507.8797052,31
201035,1780495507.8797061,32
201036,1780495507.8797069,33
201037,1780495507.879709,32
201038,1780495507.882878,32
201039,1780495507.885612,32
201040,1780495507.885616,32
201041,1780495507.8856168,31
201042,1780495507.885618,33
201043,1780495507.885619,32
201044,1780495507.8856199,32
201045,1780495507.885621,32
201046,1780495507.885622,31
201047,1780495507.885623,32
201048,1780495507.8856251,32
201049,1780495507.887346,31
201050,1780495507.88938,32
201051,1780495507.889382,32
201052,1780495507.889384,32
201053,1780495507.889385,32
201054,1780495507.889386,32
201055,1780495507.889387,32
201056,1780495507.889388,33
201057,1780495507.889389,32
201058,1780495507.88939,33
201059,1780495507.8893921,31
201060,1780495507.891998,32
201061,1780495507.892001,33
201062,1780495507.892002,32
201063,1780495507.892003,33
201064,1780495507.892004,32
201065,1780495507.892006,32
201066,1780495507.8920069,33
201067,1780495507.8920078,33
201068,1780495507.892009,33
201069,1780495507.89201,32
201070,1780495507.8920121,32
201071,1780495507.9497468,32
201072,1780495507.94978,33
201073,1780495507.9497821,32
201074,1780495507.949784,32
201075,1780495507.9497862,32
201076,1780495507.9497879,32
201077,1780495507.9497888,32
201078,1780495507.949791,33
201079,1780495507.949793,32
201080,1780495507.949795,33
201081,1780495507.9497979,31
201082,1780495507.9531991,33
201083,1780495507.953205,32
201084,1780495507.953207,33
201085,1780495507.9532092,33
201086,1780495507.9532108,33
201087,1780495507.953213,30
201088,1780495507.953215,33
201089,1780495507.953216,33
201090,1780495507.953218,32
201091,1780495507.953221,33
201092,1780495507.956212,31
201093,1780495507.956217,32
201094,1780495507.956219,33
201095,1780495507.9562209,33
201096,1780495507.956223,32
201097,1780495507.956225,32
201098,1780495507.956227,32
201099,1780495507.956228,32
201100,1780495507.95623,31
201101,1780495507.9562318,32
201102,1780495507.956235,31
201103,1780495507.960722,31
201104,1780495507.9607282,32
201105,1780495507.96073,32
201106,1780495507.960732,32
201107,1780495507.960735,33
201108,1780495507.960737,33
201109,1780495507.9607391,32
201110,1780495507.960741,32
201111,1780495507.960743,31
201112,1780495507.9607449,32
201113,1780495507.9607491,32
201114,1780495507.963176,31
201115,1780495507.963181,32
201116,1780495507.963184,32
201117,1780495507.963186,31
201118,1780495507.963188,33
201119,1780495507.96319,33
201120,1780495507.9631932,32
201121,1780495507.9631948,31
201122,1780495507.963197,33
201123,1780495507.963201,33
201124,1780495507.965729,32
201125,1780495507.965735,32
201126,1780495507.9657369,32
201127,1780495507.965739,31
201128,1780495507.965742,31
201129,1780495507.965744,32
201130,1780495507.965746,32
201131,1780495507.965748,32
201132,1780495507.96575,31
201133,1780495507.9657521,31
201134,1780495507.965756,32
201135,1780495507.968296,31
201136,1780495507.968302,32
201137,1780495507.9683042,33
201138,1780495507.9683058,32
201139,1780495507.968309,32
201140,1780495507.968311,32
201141,1780495507.968313,32
201142,1780495507.968315,32
201143,1780495507.968317,33
201144,1780495507.968319,32
201145,1780495507.968323,32
201146,1780495507.9722428,33
201147,1780495507.9722528,31
201148,1780495507.972255,32
201149,1780495507.9722571,32
201150,1780495507.97226,32
201151,1780495507.972262,32
201152,1780495507.972264,32
201153,1780495507.972266,32
201154,1780495507.972269,32
201155,1780495507.9722722,32
201156,1780495507.990928,33
201157,1780495507.9909601,31
201158,1780495507.990963,32
201159,1780495507.990966,32
201160,1780495507.9909692,31
201161,1780495507.9909708,32
201162,1780495507.990975,32
201163,1780495507.990978,31
201164,1780495507.9909801,32
201165,1780495507.990983,32
201166,1780495507.990987,32
201167,1780495507.9932191,32
201168,1780495507.993228,33
201169,1780495507.9932318,33
201170,1780495507.993236,31
201171,1780495507.99324,33
201172,1780495507.993243,31
201173,1780495507.993245,32
201174,1780495507.993248,32
201175,1780495507.993251,32
201176,1780495507.993254,31
201177,1780495507.993258,32
201178,1780495508.0237749,32
201179,1780495508.023812,32
201180,1780495508.023817,32
201181,1780495508.023821,33
201182,1780495508.023825,32
201183,1780495508.023829,32
201184,1780495508.023833,32
201185,1780495508.0238369,32
201186,1780495508.0238411,31
201187,1780495508.023846,36
201188,1780495508.027116,36
201189,1780495508.027146,37
201190,1780495508.027149,36
201191,1780495508.0271518,34
201192,1780495508.0271559,36
201193,1780495508.027162,36
201194,1780495508.027165,35
201195,1780495508.027168,35
201196,1780495508.0271711,37
201197,1780495508.027175,41
201198,1780495508.02718,43
201199,1780495508.029527,46
201200,1780495508.029539,50
201201,1780495508.0295439,57
201202,1780495508.029547,60
201203,1780495508.02955,67
201204,1780495508.0295522,72
201205,1780495508.0295548,74
201206,1780495508.029558,74
201207,1780495508.029561,77
201208,1780495508.029564,75
201209,1780495508.029568,74
201210,1780495508.061274,73
201211,1780495508.0613031,75
201212,1780495508.061308,76
201213,1780495508.061312,73
201214,1780495508.0613172,76
201215,1780495508.0613198,77
201216,1780495508.061325,81
201217,1780495508.061329,85
201218,1780495508.061333,88
201219,1780495508.0613382,92
201220,1780495508.0659719,96
201221,1780495508.066001,101
201222,1780495508.066008,105
201223,1780495508.066014,110
201224,1780495508.066019,116
201225,1780495508.0660238,119
201226,1780495508.066029,118
201227,1780495508.0660338,123
201228,1780495508.06604,118
201229,1780495508.066045,119
201230,1780495508.0660522,122
201231,1780495508.068303,121
201232,1780495508.068319,121
201233,1780495508.068324,121
201234,1780495508.0683289,124
201235,1780495508.068334,122
201236,1780495508.0683389,127
201237,1780495508.068343,133
201238,1780495508.068348,133
201239,1780495508.068353,135
201240,1780495508.068359,139
201241,1780495508.068366,146
201242,1780495508.070901,147
201243,1780495508.070915,153
201244,1780495508.07092,157
201245,1780495508.070924,161
201246,1780495508.0709279,160
201247,1780495508.070931,159
201248,1780495508.070941,160
201249,1780495508.070946,161
201250,1780495508.0709498,160
201251,1780495508.070954,158
201252,1780495508.121265,160
201253,1780495508.121279,161
201254,1780495508.121282,162
201255,1780495508.121283,162
201256,1780495508.1212852,165
201257,1780495508.121286,167
201258,1780495508.1212878,168
201259,1780495508.121289,174
201260,1780495508.121291,178
201261,1780495508.121294,184
201262,1780495508.12497,186
201263,1780495508.124974,191
201264,1780495508.1281269,195
201265,1780495508.128133,196
201266,1780495508.128135,195
201267,1780495508.1281369,199
201268,1780495508.128139,199
201269,1780495508.12814,199
201270,1780495508.1281412,198
201271,1780495508.128143,199
201272,1780495508.1281438,195
201273,1780495508.128147,198
201274,1780495508.155691,199
201275,1780495508.155699,198
201276,1780495508.1557,201
201277,1780495508.155701,206
201278,1780495508.155702,207
201279,1780495508.155703,209
201280,1780495508.155704,213
201281,1780495508.155705,218
201282,1780495508.1557062,223
201283,1780495508.155707,226
201284,1780495508.158145,231
201285,1780495508.158147,233
201286,1780495508.158148,231
201287,1780495508.158149,234
201288,1780495508.15815,234
201289,1780495508.15815,231
201290,1780495508.158151,233
201291,1780495508.1581519,230
201292,1780495508.158153,230
201293,1780495508.158154,231
201294,1780495508.158155,231
201295,1780495508.160599,231
201296,1780495508.1606028,236
201297,1780495508.160604,237
201298,1780495508.160605,242
201299,1780495508.160606,242
201300,1780495508.1606069,245
201301,1780495508.160608,250
201302,1780495508.160608,252
201303,1780495508.160609,258
201304,1780495508.16061,261
201305,1780495508.160612,263
201306,1780495508.1631649,267
201307,1780495508.163169,266
201308,1780495508.16317,265
201309,1780495508.163171,263
201310,1780495508.163171,264
201311,1780495508.163172,262
201312,1780495508.1631732,264
201313,1780495508.163174,260
201314,1780495508.1631749,262
201315,1780495508.163177,261
201316,1780495508.166213,264
201317,1780495508.166216,269
201318,1780495508.1662169,268
201319,1780495508.166218,273
201320,1780495508.166219,275
201321,1780495508.16622,280
201322,1780495508.1662211,283
201323,1780495508.1662211,286
201324,1780495508.166222,292
201325,1780495508.166223,292
201326,1780495508.1662238,291
201327,1780495508.176946,291
201328,1780495508.176949,293
201329,1780495508.17695,292
201330,1780495508.176951,289
201331,1780495508.1769521,290
201332,1780495508.1769521,289
201333,1780495508.176953,289
201334,1780495508.176954,289
201335,1780495508.176955,291
201336,1780495508.176956,292
201337,1780495508.179399,295
201338,1780495508.179403,295
201339,1780495508.179404,299
201340,1780495508.179405,304
201341,1780495508.179405,309
201342,1780495508.1794062,312
201343,1780495508.1794071,316
201344,1780495508.1794078,319
201345,1780495508.1794088,322
201346,1780495508.17941,322
201347,1780495508.179411,323
201348,1780495508.182401,323
201349,1780495508.182404,325
201350,1780495508.1824052,325
201351,1780495508.182406,324
201352,1780495508.182407,325
201353,1780495508.1824079,324
201354,1780495508.182409,324
201355,1780495508.18241,326
201356,1780495508.182411,329
201357,1780495508.1824121,330
201358,1780495508.184866,336
201359,1780495508.18683,335
201360,1780495508.186833,341
201361,1780495508.1868339,343
201362,1780495508.186835,346
201363,1780495508.186836,349
201364,1780495508.186837,355
201365,1780495508.186838,357
201366,1780495508.186838,354
201367,1780495508.186839,355
201368,1780495508.18684,356
201369,1780495508.197654,356
201370,1780495508.204385,357
201371,1780495508.204389,357
201372,1780495508.2043898,355
201373,1780495508.204391,354
201374,1780495508.204392,356
201375,1780495508.204393,359
201376,1780495508.204394,358
201377,1780495508.204395,356
201378,1780495508.204396,364
201379,1780495508.204397,368
201380,1780495508.2068968,372
201381,1780495508.206899,371
201382,1780495508.2069,378
201383,1780495508.206901,377
201384,1780495508.206902,386
201385,1780495508.206903,385
201386,1780495508.206903,387
201387,1780495508.2069042,387
201388,1780495508.2069051,387
201389,1780495508.206906,385
201390,1780495508.2069068,385
201391,1780495508.249681,387
201392,1780495508.2496908,385
201393,1780495508.249692,388
201394,1780495508.249693,382
201395,1780495508.2496939,384
201396,1780495508.249695,387
201397,1780495508.249696,392
201398,1780495508.249697,393
201399,1780495508.2496982,393
201400,1780495508.249701,400
201401,1780495508.249703,401
201402,1780495508.253119,404
201403,1780495508.2531211,405
201404,1780495508.253122,411
201405,1780495508.253123,411
201406,1780495508.253124,412
201407,1780495508.253124,412
201408,1780495508.2531252,414
201409,1780495508.253126,413
201410,1780495508.2531269,412
201411,1780495508.253128,415
201412,1780495508.256117,413
201413,1780495508.2561212,410
201414,1780495508.256122,411
201415,1780495508.2561228,411
201416,1780495508.256124,414
201417,1780495508.256125,415
201418,1780495508.256126,421
201419,1780495508.2561269,420
201420,1780495508.2561269,422
201421,1780495508.256128,427
201422,1780495508.256129,426
201423,1780495508.2607849,434
201424,1780495508.260797,433
201425,1780495508.260798,435
201426,1780495508.260799,437
201427,1780495508.2608,437
201428,1780495508.260801,436
201429,1780495508.260801,436
201430,1780495508.260802,432
201431,1780495508.260803,437
201432,1780495508.2608042,432
201433,1780495508.2608051,432
201434,1780495508.263238,433
201435,1780495508.263246,436
201436,1780495508.263247,436
201437,1780495508.263248,441
201438,1780495508.263249,440
201439,1780495508.263249,442
201440,1780495508.2632499,445
201441,1780495508.2632508,448
201442,1780495508.263252,450
201443,1780495508.263254,453
201444,1780495508.2934752,453
201445,1780495508.2934809,454
201446,1780495508.293482,456
201447,1780495508.293483,453
201448,1780495508.293484,456
201449,1780495508.2934852,456
201450,1780495508.293486,450
201451,1780495508.293487,454
201452,1780495508.293489,452
201453,1780495508.29349,453
201454,1780495508.293491,454
201455,1780495508.296911,453
201456,1780495508.29692,450
201457,1780495508.2969239,454
201458,1780495508.2969248,455
201459,1780495508.296926,459
201460,1780495508.296927,460
201461,1780495508.296928,462
201462,1780495508.2969291,465
201463,1780495508.29693,464
201464,1780495508.296931,470
201465,1780495508.296932,471
201466,1780495508.299378,470
201467,1780495508.29938,469
201468,1780495508.299381,470
201469,1780495508.299382,471
201470,1780495508.299383,463
201471,1780495508.299384,467
201472,1780495508.299385,466
201473,1780495508.299386,465
201474,1780495508.299387,464
201475,1780495508.299388,467
201476,1780495508.302358,468
201477,1780495508.302363,469
201478,1780495508.3023639,469
201479,1780495508.3023648,468
201480,1780495508.302366,470
201481,1780495508.302367,474
201482,1780495508.302368,475
201483,1780495508.302369,477
201484,1780495508.30237,480
201485,1780495508.302371,480
201486,1780495508.3023732,483
201487,1780495508.334717,478
201488,1780495508.334729,472
201489,1780495508.33473,475
201490,1780495508.334732,474
201491,1780495508.334733,472
201492,1780495508.3347352,472
201493,1780495508.3347359,470
201494,1780495508.3347368,471
201495,1780495508.334738,470
201496,1780495508.33474,470
201497,1780495508.334742,469
201498,1780495508.338159,468
201499,1780495508.338162,472
201500,1780495508.338163,475
201501,1780495508.338165,474
201502,1780495508.338166,474
201503,1780495508.338167,475
201504,1780495508.3381681,478
201505,1780495508.33817,478
201506,1780495508.3381708,477
201507,1780495508.338173,478
201508,1780495508.3407629,477
201509,1780495508.340768,474
201510,1780495508.34077,476
201511,1780495508.340771,474
201512,1780495508.3407722,471
201513,1780495508.340773,468
201514,1780495508.340775,463
201515,1780495508.340776,468
201516,1780495508.340777,467
201517,1780495508.340779,469
201518,1780495508.340781,469
201519,1780495508.371008,470
201520,1780495508.371022,469
201521,1780495508.3710248,472
201522,1780495508.371026,469
201523,1780495508.371028,475
201524,1780495508.37103,474
201525,1780495508.371031,475
201526,1780495508.3710332,474
201527,1780495508.3710349,473
201528,1780495508.3710358,475
201529,1780495508.37104,472
201530,1780495508.3744042,469
201531,1780495508.374409,470
201532,1780495508.374411,466
201533,1780495508.374413,467
201534,1780495508.374414,463
201535,1780495508.3744159,465
201536,1780495508.3744168,463
201537,1780495508.374419,462
201538,1780495508.374421,464
201539,1780495508.374423,464
201540,1780495508.377367,466
201541,1780495508.3773708,468
201542,1780495508.377373,469
201543,1780495508.377376,468
201544,1780495508.377378,474
201545,1780495508.3773801,473
201546,1780495508.3773818,476
201547,1780495508.377384,474
201548,1780495508.377385,469
201549,1780495508.377387,471
201550,1780495508.3773901,467
201551,1780495508.380801,466
201552,1780495508.38081,466
201553,1780495508.3808131,466
201554,1780495508.380814,466
201555,1780495508.380816,463
201556,1780495508.380818,462
201557,1780495508.38082,467
201558,1780495508.380822,469
201559,1780495508.380824,464
201560,1780495508.380825,470
201561,1780495508.380828,469
201562,1780495508.41101,472
201563,1780495508.4110222,475
201564,1780495508.4110239,477
201565,1780495508.411026,476
201566,1780495508.411029,474
201567,1780495508.411031,477
201568,1780495508.4110332,475
201569,1780495508.411036,473
201570,1780495508.411038,470
201571,1780495508.411042,471
201572,1780495508.414481,467
201573,1780495508.414489,471
201574,1780495508.414491,467
201575,1780495508.4144928,466
201576,1780495508.414495,469
201577,1780495508.4144971,468
201578,1780495508.414499,471
201579,1780495508.4145012,472
201580,1780495508.4145029,473
201581,1780495508.414504,470
201582,1780495508.414508,473
201583,1780495508.416948,476
201584,1780495508.416954,480
201585,1780495508.416956,477
201586,1780495508.4169579,478
201587,1780495508.41696,478
201588,1780495508.4169621,477
201589,1780495508.416964,476
201590,1780495508.416966,474
201591,1780495508.416967,476
201592,1780495508.416969,475
201593,1780495508.416972,475
201594,1780495508.419494,471
201595,1780495508.419499,472
201596,1780495508.419501,471
201597,1780495508.4195032,472
201598,1780495508.419505,470
201599,1780495508.4195058,477
201600,1780495508.419508,475
201601,1780495508.419521,473
201602,1780495508.419523,476
201603,1780495508.4195259,479
201604,1780495508.45765,479
201605,1780495508.4577222,481
201606,1780495508.45773,481
201607,1780495508.457736,480
201608,1780495508.457741,477
201609,1780495508.457746,476
201610,1780495508.457752,477
201611,1780495508.457757,476
201612,1780495508.457763,475
201613,1780495508.457767,471
201614,1780495508.457776,474
201615,1780495508.460759,468
201616,1780495508.4607732,467
201617,1780495508.460779,471
201618,1780495508.4607842,470
201619,1780495508.460789,472
201620,1780495508.4607942,471
201621,1780495508.460798,468
201622,1780495508.460803,473
201623,1780495508.460808,469
201624,1780495508.460812,467
201625,1780495508.460819,469
201626,1780495508.463268,469
201627,1780495508.463287,467
201628,1780495508.4632928,462
201629,1780495508.463298,464
201630,1780495508.4633029,461
201631,1780495508.463308,456
201632,1780495508.4633138,455
201633,1780495508.463319,455
201634,1780495508.4633238,453
201635,1780495508.463331,451
201636,1780495508.4662971,447
201637,1780495508.466315,448
201638,1780495508.466321,447
201639,1780495508.466327,446
201640,1780495508.466332,448
201641,1780495508.466337,449
201642,1780495508.466342,444
201643,1780495508.466347,444
201644,1780495508.466351,444
201645,1780495508.466356,440
201646,1780495508.466363,443
201647,1780495508.499802,439
201648,1780495508.499836,439
201649,1780495508.4998431,434
201650,1780495508.4998488,432
201651,1780495508.499854,434
201652,1780495508.4998589,425
201653,1780495508.499864,424
201654,1780495508.4998689,423
201655,1780495508.499874,422
201656,1780495508.499881,420
201657,1780495508.502509,419
201658,1780495508.504543,420
201659,1780495508.504565,420
201660,1780495508.504569,418
201661,1780495508.5045729,415
201662,1780495508.504577,414
201663,1780495508.5045812,414
201664,1780495508.504587,414
201665,1780495508.504592,414
201666,1780495508.504597,411
201667,1780495508.504603,411
201668,1780495508.506897,407
201669,1780495508.506905,404
201670,1780495508.506909,402
201671,1780495508.506913,399
201672,1780495508.5069172,397
201673,1780495508.5069199,397
201674,1780495508.506924,392
201675,1780495508.506927,388
201676,1780495508.5069308,390
201677,1780495508.5069351,388
201678,1780495508.50694,387
201679,1780495508.509505,387
201680,1780495508.509513,385
201681,1780495508.509517,384
201682,1780495508.5095198,381
201683,1780495508.509523,379
201684,1780495508.509527,380
201685,1780495508.50953,376
201686,1780495508.509534,376
201687,1780495508.509537,370
201688,1780495508.509541,368
201689,1780495508.509547,365
201690,1780495508.553269,363
201691,1780495508.553277,359
201692,1780495508.553279,356
201693,1780495508.553281,355
201694,1780495508.553282,349
201695,1780495508.5532842,351
201696,1780495508.5532851,347
201697,1780495508.553287,341
201698,1780495508.553289,338
201699,1780495508.553292,338
201700,1780495508.556206,339
201701,1780495508.5562098,333
201702,1780495508.556212,333
201703,1780495508.556214,331
201704,1780495508.556215,326
201705,1780495508.5562172,326
201706,1780495508.5562189,321
201707,1780495508.5562198,319
201708,1780495508.556222,313
201709,1780495508.556224,309
201710,1780495508.5575838,305
201711,1780495508.560688,300
201712,1780495508.560694,293
201713,1780495508.5606961,292
201714,1780495508.560698,288
201715,1780495508.5607,282
201716,1780495508.560701,278
201717,1780495508.560703,268
201718,1780495508.560705,270
201719,1780495508.5607061,262
201720,1780495508.560708,259
201721,1780495508.5631921,252
201722,1780495508.563217,249
201723,1780495508.5632188,242
201724,1780495508.56322,239
201725,1780495508.563222,233
201726,1780495508.5632231,229
201727,1780495508.563224,225
201728,1780495508.5632262,219
201729,1780495508.563227,213
201730,1780495508.5632288,208
201731,1780495508.563231,199
201732,1780495508.565737,194
201733,1780495508.565741,190
201734,1780495508.5657432,183
201735,1780495508.5657449,178
201736,1780495508.5657458,171
201737,1780495508.565748,167
201738,1780495508.565749,163
201739,1780495508.5657501,156
201740,1780495508.565752,150
201741,1780495508.565753,147
201742,1780495508.565755,141
201743,1780495508.569568,134
201744,1780495508.5695748,128
201745,1780495508.569577,123
201746,1780495508.5695791,117
201747,1780495508.56958,111
201748,1780495508.569582,105
201749,1780495508.5695832,100
201750,1780495508.5695841,95
201751,1780495508.5695848,91
201752,1780495508.569588,82
201753,1780495508.572622,77
201754,1780495508.604922,72
201755,1780495508.604927,68
201756,1780495508.604928,62
201757,1780495508.604929,54
201758,1780495508.604929,50
201759,1780495508.6049302,43
201760,1780495508.604931,36
201761,1780495508.604932,34
201762,1780495508.604933,31
201763,1780495508.604934,32
201764,1780495508.6081421,33
201765,1780495508.6081438,32
201766,1780495508.608145,32
201767,1780495508.608146,31
201768,1780495508.608147,33
201769,1780495508.6081479,31
201770,1780495508.608149,32
201771,1780495508.608149,32
201772,1780495508.60815,31
201773,1780495508.608151,32
201774,1780495508.6081522,33
201775,1780495508.610652,32
201776,1780495508.6106539,33
201777,1780495508.610655,32
201778,1780495508.610656,31
201779,1780495508.610657,32
201780,1780495508.610658,32
201781,1780495508.6106591,32
201782,1780495508.6106591,32
201783,1780495508.61066,31
201784,1780495508.610661,31
201785,1780495508.610662,31
201786,1780495508.61323,32
201787,1780495508.613236,32
201788,1780495508.613237,32
201789,1780495508.613238,32
201790,1780495508.613239,32
201791,1780495508.6132412,31
201792,1780495508.6132421,31
201793,1780495508.6132429,32
201794,1780495508.6132438,32
201795,1780495508.613246,32
201796,1780495508.644713,31
201797,1780495508.6447191,31
201798,1780495508.64472,33
201799,1780495508.6447208,32
201800,1780495508.644722,31
201801,1780495508.644723,32
201802,1780495508.644724,31
201803,1780495508.644724,31
201804,1780495508.644725,31
201805,1780495508.644726,32
201806,1780495508.644728,32
201807,1780495508.65069,33
201808,1780495508.650696,33
201809,1780495508.650697,32
201810,1780495508.650698,33
201811,1780495508.650699,32
201812,1780495508.6507,32
201813,1780495508.6507,32
201814,1780495508.650701,31
201815,1780495508.650702,32
201816,1780495508.6507032,33
201817,1780495508.650704,32
201818,1780495508.653004,32
201819,1780495508.653007,32
201820,1780495508.653008,32
201821,1780495508.653009,33
201822,1780495508.65301,31
201823,1780495508.65301,33
201824,1780495508.6530108,31
201825,1780495508.653012,31
201826,1780495508.653013,32
201827,1780495508.653014,32
201828,1780495508.6556401,32
201829,1780495508.655643,31
201830,1780495508.655644,32
201831,1780495508.655645,33
201832,1780495508.6556458,33
201833,1780495508.6556458,33
201834,1780495508.655647,32
201835,1780495508.655648,32
201836,1780495508.655649,31
201837,1780495508.6556501,33
201838,1780495508.657446,33
201839,1780495508.687169,32
201840,1780495508.6871738,32
201841,1780495508.6871748,32
201842,1780495508.687176,32
201843,1780495508.687177,31
201844,1780495508.687178,32
201845,1780495508.687179,31
201846,1780495508.68718,32
201847,1780495508.68718,32
201848,1780495508.687181,33
201849,1780495508.6871822,32
201850,1780495508.691193,31
201851,1780495508.691197,32
201852,1780495508.6911979,32
201853,1780495508.691199,32
201854,1780495508.6912,32
201855,1780495508.6912,34
201856,1780495508.691201,33
201857,1780495508.6912022,32
201858,1780495508.691203,32
201859,1780495508.691204,32
201860,1780495508.695637,32
201861,1780495508.6956391,33
201862,1780495508.6956391,32
201863,1780495508.69564,32
201864,1780495508.695641,33
201865,1780495508.695642,33
201866,1780495508.695643,32
201867,1780495508.695644,32
201868,1780495508.695644,33
201869,1780495508.6956449,32
201870,1780495508.695646,31
201871,1780495508.698055,33
201872,1780495508.698058,32
201873,1780495508.698059,31
201874,1780495508.69806,32
201875,1780495508.698061,33
201876,1780495508.698061,31
201877,1780495508.6980622,31
201878,1780495508.6980631,32
201879,1780495508.6980639,32
201880,1780495508.6980648,32
201881,1780495508.699868,32
201882,1780495508.729711,32
201883,1780495508.7297149,30
201884,1780495508.729716,31
201885,1780495508.729717,32
201886,1780495508.729717,31
201887,1780495508.729718,32
201888,1780495508.72972,33
201889,1780495508.729721,31
201890,1780495508.729722,31
201891,1780495508.729722,32
201892,1780495508.729724,34
201893,1780495508.740653,32
201894,1780495508.7406561,32
201895,1780495508.7406569,31
201896,1780495508.7406578,31
201897,1780495508.740659,31
201898,1780495508.74066,33
201899,1780495508.74066,32
201900,1780495508.740661,31
201901,1780495508.740662,32
201902,1780495508.740664,32
201903,1780495508.743194,32
201904,1780495508.743197,31
201905,1780495508.7431989,31
201906,1780495508.7432,32
201907,1780495508.743201,31
201908,1780495508.743202,33
201909,1780495508.7432032,32
201910,1780495508.743204,32
201911,1780495508.743205,32
201912,1780495508.7432058,33
201913,1780495508.743207,32
201914,1780495508.7457001,31
201915,1780495508.745703,31
201916,1780495508.745705,33
201917,1780495508.745706,32
201918,1780495508.745707,31
201919,1780495508.745708,32
201920,1780495508.745709,32
201921,1780495508.7457101,32
201922,1780495508.745711,32
201923,1780495508.745712,32
201924,1780495508.755848,31
201925,1780495508.755851,32
201926,1780495508.755852,32
201927,1780495508.755853,31
201928,1780495508.7558541,33
201929,1780495508.7558558,32
201930,1780495508.755857,32
201931,1780495508.755858,32
201932,1780495508.755859,31
201933,1780495508.7558599,32
201934,1780495508.755862,32
201935,1780495508.785874,31
201936,1780495508.7858791,30
201937,1780495508.78588,33
201938,1780495508.785882,32
201939,1780495508.785883,31
201940,1780495508.785884,32
201941,1780495508.785886,32
201942,1780495508.785887,32
201943,1780495508.785888,32
201944,1780495508.78589,31
201945,1780495508.785892,31
201946,1780495508.789215,32
201947,1780495508.7892191,32
201948,1780495508.78922,32
201949,1780495508.789222,32
201950,1780495508.789223,32
201951,1780495508.789224,32
201952,1780495508.789226,33
201953,1780495508.789227,31
201954,1780495508.7892292,31
201955,1780495508.789231,32
201956,1780495508.791877,32
201957,1780495508.79188,32
201958,1780495508.791882,32
201959,1780495508.791883,32
201960,1780495508.7918851,32
201961,1780495508.791886,32
201962,1780495508.791887,31
201963,1780495508.791889,32
201964,1780495508.79189,33
201965,1780495508.7918909,32
201966,1780495508.791894,31
201967,1780495508.794464,32
201968,1780495508.794467,31
201969,1780495508.7944682,34
201970,1780495508.7944698,32
201971,1780495508.794471,32
201972,1780495508.794473,33
201973,1780495508.794475,32
201974,1780495508.794476,32
201975,1780495508.794477,32
201976,1780495508.7944791,33
201977,1780495508.797565,32
201978,1780495508.8494852,31
201979,1780495508.8494961,32
201980,1780495508.849499,32
201981,1780495508.849501,31
201982,1780495508.849503,33
201983,1780495508.849505,32
201984,1780495508.849508,32
201985,1780495508.849511,32
201986,1780495508.849513,31
201987,1780495508.849517,32
201988,1780495508.851936,33
201989,1780495508.8519418,31
201990,1780495508.851945,32
201991,1780495508.851947,32
201992,1780495508.8519502,33
201993,1780495508.851952,32
201994,1780495508.851954,32
201995,1780495508.851956,33
201996,1780495508.851958,31
201997,1780495508.8519602,32
201998,1780495508.851964,32
201999,1780495508.854391,33
202000,1780495508.8543959,33
202001,1780495508.854399,31
202002,1780495508.854401,31
202003,1780495508.854403,32
202004,1780495508.8544052,32
202005,1780495508.8544068,31
202006,1780495508.854409,33
202007,1780495508.8544111,33
202008,1780495508.854414,32
202009,1780495508.8544168,32
202010,1780495508.857423,32
202011,1780495508.857428,32
202012,1780495508.857431,32
202013,1780495508.857434,33
202014,1780495508.857437,32
202015,1780495508.85744,32
202016,1780495508.857443,32
202017,1780495508.857446,32
202018,1780495508.857449,32
202019,1780495508.857453,31
202020,1780495508.860758,32
202021,1780495508.8607738,32
202022,1780495508.860777,32
202023,1780495508.86078,32
202024,1780495508.8607821,32
202025,1780495508.860784,32
202026,1780495508.860787,31
202027,1780495508.860789,32
202028,1780495508.860791,31
202029,1780495508.860793,33
202030,1780495508.860797,33
202031,1780495508.863368,31
202032,1780495508.863384,30
202033,1780495508.8633869,32
202034,1780495508.86339,32
202035,1780495508.863392,32
202036,1780495508.863395,32
202037,1780495508.8633971,33
202038,1780495508.863399,32
202039,1780495508.863402,32
202040,1780495508.863404,32
202041,1780495508.863408,32
202042,1780495508.8937001,32
202043,1780495508.893752,33
202044,1780495508.893764,31
202045,1780495508.893769,33
202046,1780495508.893775,31
202047,1780495508.893781,32
202048,1780495508.893793,32
202049,1780495508.8937979,31
202050,1780495508.8938031,33
202051,1780495508.893814,31
202052,1780495508.8970828,31
202053,1780495508.8971038,32
202054,1780495508.89711,32
202055,1780495508.897115,31
202056,1780495508.89712,32
202057,1780495508.897125,32
202058,1780495508.89713,31
202059,1780495508.897135,32
202060,1780495508.89714,32
202061,1780495508.897145,32
202062,1780495508.897151,32
202063,1780495508.899445,32
202064,1780495508.899458,32
202065,1780495508.899463,32
202066,1780495508.899467,33
202067,1780495508.899471,33
202068,1780495508.899474,32
202069,1780495508.899478,32
202070,1780495508.899481,32
202071,1780495508.8994849,32
202072,1780495508.899489,31
202073,1780495508.899494,31
202074,1780495508.902366,32
202075,1780495508.902377,32
202076,1780495508.902381,32
202077,1780495508.902384,32
202078,1780495508.9023879,32
202079,1780495508.902391,32
202080,1780495508.902396,32
202081,1780495508.9024,32
202082,1780495508.902404,33
202083,1780495508.902409,32
202084,1780495508.9348469,32
202085,1780495508.934874,33
202086,1780495508.93488,32
202087,1780495508.934884,30
202088,1780495508.934888,32
202089,1780495508.934892,32
202090,1780495508.9348962,31
202091,1780495508.9349,32
202092,1780495508.9349031,32
202093,1780495508.934907,32
202094,1780495508.934913,31
202095,1780495508.9381928,32
202096,1780495508.9382029,32
202097,1780495508.938209,33
202098,1780495508.9382122,32
202099,1780495508.938216,32
202100,1780495508.938219,32
202101,1780495508.9382231,32
202102,1780495508.938226,32
202103,1780495508.93823,31
202104,1780495508.9382348,32
202105,1780495508.940691,32
202106,1780495508.9406998,31
202107,1780495508.940706,33
202108,1780495508.940711,32
202109,1780495508.940716,31
202110,1780495508.9407208,33
202111,1780495508.940728,32
202112,1780495508.940736,32
202113,1780495508.940741,31
202114,1780495508.940748,32
202115,1780495508.940754,32
202116,1780495508.943189,31
202117,1780495508.943198,33
202118,1780495508.943203,32
202119,1780495508.943208,32
202120,1780495508.943213,31
202121,1780495508.943218,32
202122,1780495508.943224,33
202123,1780495508.943229,32
202124,1780495508.943234,32
202125,1780495508.943241,31
202126,1780495508.945007,32
202127,1780495508.976356,32
202128,1780495508.976367,32
202129,1780495508.9763699,32
202130,1780495508.976373,32
202131,1780495508.976376,32
202132,1780495508.976379,33
202133,1780495508.976382,32
202134,1780495508.976385,32
202135,1780495508.976387,32
202136,1780495508.97639,32
202137,1780495508.976397,32
202138,1780495508.980602,31
202139,1780495508.980608,32
202140,1780495508.9806101,33
202141,1780495508.980612,32
202142,1780495508.980615,31
202143,1780495508.980617,33
202144,1780495508.980619,33
202145,1780495508.980621,32
202146,1780495508.980623,33
202147,1780495508.980627,32
202148,1780495508.9831748,32
202149,1780495508.983188,32
202150,1780495508.983191,32
202151,1780495508.983194,32
202152,1780495508.983196,32
202153,1780495508.983198,31
202154,1780495508.9832,31
202155,1780495508.9832032,32
202156,1780495508.983205,32
202157,1780495508.983207,32
202158,1780495508.983211,32
202159,1780495508.985753,32
202160,1780495508.9857621,33
202161,1780495508.9857652,32
202162,1780495508.9857678,31
202163,1780495508.985771,32
202164,1780495508.985773,32
202165,1780495508.985775,32
202166,1780495508.985777,31
202167,1780495508.98578,33
202168,1780495508.985782,32
202169,1780495508.985785,31
202170,1780495509.015861,32
202171,1780495509.015866,32
202172,1780495509.015868,32
202173,1780495509.0158699,32
202174,1780495509.015871,32
202175,1780495509.015872,32
202176,1780495509.015873,31
202177,1780495509.015875,32
202178,1780495509.015876,32
202179,1780495509.015878,31
202180,1780495509.019402,32
202181,1780495509.019407,32
202182,1780495509.019409,32
202183,1780495509.01941,33
202184,1780495509.0194108,34
202185,1780495509.019412,33
202186,1780495509.019413,32
202187,1780495509.0194151,32
202188,1780495509.019416,32
202189,1780495509.019417,31
202190,1780495509.019419,32
202191,1780495509.022314,32
202192,1780495509.022316,33
202193,1780495509.0223172,32
202194,1780495509.0223181,32
202195,1780495509.022319,32
202196,1780495509.02232,32
202197,1780495509.022322,32
202198,1780495509.022323,33
202199,1780495509.022324,32
202200,1780495509.022325,33
202201,1780495509.022326,32
202202,1780495509.029452,31
202203,1780495509.029454,32
202204,1780495509.029456,33
202205,1780495509.0294569,31
202206,1780495509.0294578,33
202207,1780495509.029459,32
202208,1780495509.02946,32
202209,1780495509.029461,32
202210,1780495509.029462,32
202211,1780495509.029464,32
202212,1780495509.0596108,32
202213,1780495509.059616,31
202214,1780495509.059617,33
202215,1780495509.059618,32
202216,1780495509.059618,33
202217,1780495509.0596192,33
202218,1780495509.0596201,31
202219,1780495509.059621,32
202220,1780495509.0596218,30
202221,1780495509.059623,33
202222,1780495509.059624,32
202223,1780495509.063144,32
202224,1780495509.0631459,33
202225,1780495509.063147,32
202226,1780495509.063148,32
202227,1780495509.063149,31
202228,1780495509.063149,32
202229,1780495509.0631502,32
202230,1780495509.0631511,32
202231,1780495509.063152,31
202232,1780495509.0631528,32
202233,1780495509.063154,31
202234,1780495509.066067,33
202235,1780495509.06607,32
202236,1780495509.066072,31
202237,1780495509.0660732,32
202238,1780495509.0660732,31
202239,1780495509.0660741,32
202240,1780495509.0660748,32
202241,1780495509.0660758,32
202242,1780495509.066077,33
202243,1780495509.066078,33
202244,1780495509.0731058,32
202245,1780495509.073109,31
202246,1780495509.07311,31
202247,1780495509.073111,32
202248,1780495509.073112,32
202249,1780495509.0731132,33
202250,1780495509.0731142,32
202251,1780495509.0731149,33
202252,1780495509.0731149,32
202253,1780495509.073117,32
202254,1780495509.074878,32
202255,1780495509.104555,32
202256,1780495509.104558,32
202257,1780495509.1045592,33
202258,1780495509.1045601,32
202259,1780495509.1045609,32
202260,1780495509.1045618,32
202261,1780495509.1045618,33
202262,1780495509.104563,32
202263,1780495509.104564,31
202264,1780495509.104565,34
202265,1780495509.107313,32
202266,1780495509.109361,33
202267,1780495509.1093628,32
202268,1780495509.109364,32
202269,1780495509.109365,32
202270,1780495509.109365,32
202271,1780495509.109366,31
202272,1780495509.1093671,31
202273,1780495509.109368,31
202274,1780495509.109369,32
202275,1780495509.10937,32
202276,1780495509.1123798,33
202277,1780495509.112382,31
202278,1780495509.112383,32
202279,1780495509.112384,32
202280,1780495509.112385,33
202281,1780495509.112385,31
202282,1780495509.112386,32
202283,1780495509.1123872,33
202284,1780495509.1123881,33
202285,1780495509.112389,32
202286,1780495509.1123898,32
202287,1780495509.149666,33
202288,1780495509.1496708,33
202289,1780495509.149672,32
202290,1780495509.149673,33
202291,1780495509.149673,32
202292,1780495509.149674,32
202293,1780495509.149675,32
202294,1780495509.149676,31
202295,1780495509.149676,32
202296,1780495509.149677,32
202297,1780495509.1496792,32
202298,1780495509.1530979,32
202299,1780495509.1531,32
202300,1780495509.153101,31
202301,1780495509.1531022,32
202302,1780495509.153103,31
202303,1780495509.1531038,31
202304,1780495509.1531048,32
202305,1780495509.1531048,31
202306,1780495509.153106,33
202307,1780495509.153107,32
202308,1780495509.1561449,32
202309,1780495509.156147,31
202310,1780495509.156148,31
202311,1780495509.156149,31
202312,1780495509.15615,32
202313,1780495509.15615,31
202314,1780495509.156151,32
202315,1780495509.156152,33
202316,1780495509.1561532,33
202317,1780495509.1561542,33
202318,1780495509.1561549,32
202319,1780495509.160674,31
202320,1780495509.160676,31
202321,1780495509.1606772,32
202322,1780495509.160678,32
202323,1780495509.160678,32
202324,1780495509.1606789,32
202325,1780495509.1606798,33
202326,1780495509.160681,32
202327,1780495509.160682,33
202328,1780495509.160683,33
202329,1780495509.160684,31
202330,1780495509.1631758,32
202331,1780495509.163178,31
202332,1780495509.163179,32
202333,1780495509.16318,33
202334,1780495509.163181,32
202335,1780495509.163182,33
202336,1780495509.1631832,32
202337,1780495509.1631842,32
202338,1780495509.1631842,32
202339,1780495509.1631858,32
202340,1780495509.1657238,31
202341,1780495509.165727,32
202342,1780495509.165728,31
202343,1780495509.165729,32
202344,1780495509.16573,32
202345,1780495509.165731,32
202346,1780495509.1657321,31
202347,1780495509.1657321,33
202348,1780495509.165733,31
202349,1780495509.1657338,31
202350,1780495509.165735,33
202351,1780495509.219703,31
202352,1780495509.219712,32
202353,1780495509.2197142,32
202354,1780495509.219715,33
202355,1780495509.219717,32
202356,1780495509.219718,33
202357,1780495509.219719,32
202358,1780495509.219721,32
202359,1780495509.219722,31
202360,1780495509.219723,33
202361,1780495509.2197251,32
202362,1780495509.2419462,32
202363,1780495509.241951,32
202364,1780495509.2419531,31
202365,1780495509.241954,32
202366,1780495509.241956,32
202367,1780495509.241958,31
202368,1780495509.2419589,32
202369,1780495509.241961,31
202370,1780495509.241962,31
202371,1780495509.241965,31
202372,1780495509.2474089,32
202373,1780495509.247414,32
202374,1780495509.247415,32
202375,1780495509.247417,32
202376,1780495509.2474189,32
202377,1780495509.2474198,32
202378,1780495509.247422,32
202379,1780495509.247423,33
202380,1780495509.247425,32
202381,1780495509.247427,32
202382,1780495509.2474291,33
202383,1780495509.250735,32
202384,1780495509.250741,32
202385,1780495509.250744,31
202386,1780495509.250746,32
202387,1780495509.250747,31
202388,1780495509.2507489,31
202389,1780495509.250751,33
202390,1780495509.250752,32
202391,1780495509.250754,32
202392,1780495509.250756,33
202393,1780495509.250758,31
202394,1780495509.253095,32
202395,1780495509.253099,31
202396,1780495509.253101,32
202397,1780495509.253103,33
202398,1780495509.2531042,31
202399,1780495509.2531059,32
202400,1780495509.2531068,32
202401,1780495509.253109,32
202402,1780495509.2531111,31
202403,1780495509.253113,32
202404,1780495509.255619,31
202405,1780495509.2556238,31
202406,1780495509.255626,32
202407,1780495509.255627,32
202408,1780495509.255629,32
202409,1780495509.2556312,32
202410,1780495509.255632,31
202411,1780495509.2556338,33
202412,1780495509.255635,32
202413,1780495509.255637,31
202414,1780495509.255639,31
202415,1780495509.2581341,33
202416,1780495509.2581382,33
202417,1780495509.2581398,33
202418,1780495509.258142,31
202419,1780495509.258143,32
202420,1780495509.258145,33
202421,1780495509.258147,32
202422,1780495509.2581482,32
202423,1780495509.2581499,32
202424,1780495509.2581508,32
202425,1780495509.261146,32
202426,1780495509.26115,33
202427,1780495509.261152,31
202428,1780495509.261154,32
202429,1780495509.261156,31
202430,1780495509.261157,32
202431,1780495509.261159,32
202432,1780495509.2611609,30
202433,1780495509.261163,33
202434,1780495509.2611651,32
202435,1780495509.2611682,32
202436,1780495509.2656882,32
202437,1780495509.265694,33
202438,1780495509.265696,32
202439,1780495509.265698,33
202440,1780495509.2657,33
202441,1780495509.265701,32
202442,1780495509.265703,32
202443,1780495509.2657049,31
202444,1780495509.265707,32
202445,1780495509.26571,31
202446,1780495509.267431,33
202447,1780495509.277455,31
202448,1780495509.277463,31
202449,1780495509.277465,32
202450,1780495509.2774668,32
202451,1780495509.277469,32
202452,1780495509.277471,31
202453,1780495509.277473,32
202454,1780495509.277475,32
202455,1780495509.277477,31
202456,1780495509.277479,33
202457,1780495509.277482,31
202458,1780495509.2895732,32
202459,1780495509.289582,32
202460,1780495509.2895849,31
202461,1780495509.289587,32
202462,1780495509.289589,32
202463,1780495509.289592,32
202464,1780495509.2895942,33
202465,1780495509.2895958,33
202466,1780495509.289599,33
202467,1780495509.289602,32
202468,1780495509.297073,32
202469,1780495509.2970822,31
202470,1780495509.297086,33
202471,1780495509.297089,32
202472,1780495509.2970922,33
202473,1780495509.2970939,32
202474,1780495509.297097,32
202475,1780495509.2971,32
202476,1780495509.2971032,31
202477,1780495509.2971048,32
202478,1780495509.29711,32
202479,1780495509.3274891,32
202480,1780495509.327515,31
202481,1780495509.327521,32
202482,1780495509.3275251,31
202483,1780495509.327529,32
202484,1780495509.327533,32
202485,1780495509.3275368,31
202486,1780495509.32754,34
202487,1780495509.327544,32
202488,1780495509.3275468,33
202489,1780495509.327551,31
202490,1780495509.327577,32
202491,1780495509.330474,32
202492,1780495509.330485,31
202493,1780495509.33049,31
202494,1780495509.330493,31
202495,1780495509.330497,32
202496,1780495509.330501,33
202497,1780495509.330504,31
202498,1780495509.330508,31
202499,1780495509.3305118,32
202500,1780495509.333228,33
202501,1780495509.333237,32
202502,1780495509.333241,32
202503,1780495509.333245,32
202504,1780495509.333248,32
202505,1780495509.3332522,32
202506,1780495509.3332548,31
202507,1780495509.333259,32
202508,1780495509.333262,32
202509,1780495509.333266,31
202510,1780495509.333271,32
202511,1780495509.337344,32
202512,1780495509.337352,33
202513,1780495509.337355,31
202514,1780495509.3373592,33
202515,1780495509.337363,33
202516,1780495509.337366,33
202517,1780495509.3373702,32
202518,1780495509.337374,32
202519,1780495509.3373802,32
202520,1780495509.337385,32
202521,1780495509.3412778,33
202522,1780495509.372469,32
202523,1780495509.372519,32
202524,1780495509.3725262,31
202525,1780495509.372532,33
202526,1780495509.3725371,33
202527,1780495509.3725429,32
202528,1780495509.372549,32
202529,1780495509.3725572,32
202530,1780495509.372562,31
202531,1780495509.372572,33
202532,1780495509.375725,32
202533,1780495509.375736,32
202534,1780495509.375743,31
202535,1780495509.3757482,32
202536,1780495509.375753,30
202537,1780495509.3757582,32
202538,1780495509.375763,31
202539,1780495509.375768,32
202540,1780495509.375773,32
202541,1780495509.375777,31
202542,1780495509.375784,31
202543,1780495509.378192,32
202544,1780495509.378207,30
202545,1780495509.378211,32
202546,1780495509.378214,33
202547,1780495509.378218,32
202548,1780495509.37822,31
202549,1780495509.3782232,32
202550,1780495509.3782258,32
202551,1780495509.378229,32
202552,1780495509.378231,31
202553,1780495509.3782341,33
202554,1780495509.381233,32
202555,1780495509.381243,33
202556,1780495509.381249,32
202557,1780495509.381251,31
202558,1780495509.381254,31
202559,1780495509.3812559,32
202560,1780495509.381258,32
202561,1780495509.381261,32
202562,1780495509.381263,32
202563,1780495509.3812659,32
202564,1780495509.4484422,32
202565,1780495509.448451,31
202566,1780495509.448454,32
202567,1780495509.4484549,31
202568,1780495509.448457,33
202569,1780495509.448459,32
202570,1780495509.4484632,32
202571,1780495509.4484649,31
202572,1780495509.448467,31
202573,1780495509.448468,32
202574,1780495509.448471,32
202575,1780495509.4519382,31
202576,1780495509.451943,32
202577,1780495509.451945,33
202578,1780495509.451946,32
202579,1780495509.451948,32
202580,1780495509.4519491,30
202581,1780495509.451951,31
202582,1780495509.4519522,31
202583,1780495509.451954,32
202584,1780495509.4519548,32
202585,1780495509.451957,32
202586,1780495509.4543092,32
202587,1780495509.454314,33
202588,1780495509.454315,33
202589,1780495509.454317,31
202590,1780495509.454318,31
202591,1780495509.454319,32
202592,1780495509.454321,32
202593,1780495509.4543219,32
202594,1780495509.454324,32
202595,1780495509.454326,33
202596,1780495509.4573061,32
202597,1780495509.45731,33
202598,1780495509.457311,32
202599,1780495509.457312,32
202600,1780495509.457313,33
202601,1780495509.457315,33
202602,1780495509.4573162,32
202603,1780495509.457317,31
202604,1780495509.4573178,33
202605,1780495509.457319,32
202606,1780495509.457321,33
202607,1780495509.460641,32
202608,1780495509.460644,32
202609,1780495509.4606452,32
202610,1780495509.460646,33
202611,1780495509.4606469,32
202612,1780495509.4606478,32
202613,1780495509.46065,32
202614,1780495509.460651,32
202615,1780495509.460652,32
202616,1780495509.460653,31
202617,1780495509.4606552,31
202618,1780495509.4630852,31
202619,1780495509.463088,33
202620,1780495509.46309,32
202621,1780495509.463091,33
202622,1780495509.4630919,33
202623,1780495509.463093,32
202624,1780495509.463095,33
202625,1780495509.4630961,32
202626,1780495509.463097,32
202627,1780495509.4630988,31
202628,1780495509.465659,30
202629,1780495509.465664,33
202630,1780495509.465665,32
202631,1780495509.465666,32
202632,1780495509.4656682,31
202633,1780495509.4656692,33
202634,1780495509.4656699,32
202635,1780495509.4656708,32
202636,1780495509.465672,32
202637,1780495509.465673,33
202638,1780495509.465675,32
202639,1780495509.468197,31
202640,1780495509.4682,33
202641,1780495509.468201,31
202642,1780495509.4682019,32
202643,1780495509.468204,31
202644,1780495509.468205,31
202645,1780495509.4682062,32
202646,1780495509.4682071,33
202647,1780495509.468208,32
202648,1780495509.4682088,31
202649,1780495509.468211,31
202650,1780495509.4794528,33
202651,1780495509.479455,32
202652,1780495509.479456,31
202653,1780495509.4794571,33
202654,1780495509.479458,31
202655,1780495509.479459,32
202656,1780495509.47946,32
202657,1780495509.4794612,32
202658,1780495509.479462,32
202659,1780495509.4794629,32
202660,1780495509.509533,31
202661,1780495509.509537,33
202662,1780495509.509538,32
202663,1780495509.5095391,32
202664,1780495509.50954,32
202665,1780495509.509541,31
202666,1780495509.509541,31
202667,1780495509.509542,32
202668,1780495509.509543,32
202669,1780495509.509544,33
202670,1780495509.512348,32
202671,1780495509.51443,33
202672,1780495509.514432,32
202673,1780495509.514433,33
202674,1780495509.514434,32
202675,1780495509.514435,32
202676,1780495509.514435,32
202677,1780495509.514436,32
202678,1780495509.5144372,33
202679,1780495509.514438,31
202680,1780495509.514438,31
202681,1780495509.5144398,32
202682,1780495509.517357,33
202683,1780495509.517359,30
202684,1780495509.5173602,31
202685,1780495509.517361,33
202686,1780495509.5173619,32
202687,1780495509.5173628,32
202688,1780495509.517364,32
202689,1780495509.517364,32
202690,1780495509.517365,32
202691,1780495509.517366,31
202692,1780495509.520745,33
202693,1780495509.520747,32
202694,1780495509.5207481,32
202695,1780495509.520749,32
202696,1780495509.520749,32
202697,1780495509.52075,30
202698,1780495509.520751,32
202699,1780495509.5207522,33
202700,1780495509.5207522,33
202701,1780495509.520753,32
202702,1780495509.5207539,32
202703,1780495509.550994,32
202704,1780495509.550997,31
202705,1780495509.550998,32
202706,1780495509.550999,32
202707,1780495509.551,31
202708,1780495509.551001,32
202709,1780495509.551002,32
202710,1780495509.551002,32
202711,1780495509.551003,32
202712,1780495509.551004,33
202713,1780495509.551005,33
202714,1780495509.5510058,31
202715,1780495509.554206,31
202716,1780495509.554208,33
202717,1780495509.554209,32
202718,1780495509.55421,32
202719,1780495509.5542111,32
202720,1780495509.554212,32
202721,1780495509.554213,33
202722,1780495509.554213,32
202723,1780495509.554215,31
202724,1780495509.556958,33
202725,1780495509.55696,32
202726,1780495509.556961,31
202727,1780495509.556962,32
202728,1780495509.556962,32
202729,1780495509.556963,33
202730,1780495509.5569642,33
202731,1780495509.556965,32
202732,1780495509.5569658,32
202733,1780495509.5569658,31
202734,1780495509.556968,33
202735,1780495509.5611389,32
202736,1780495509.561141,31
202737,1780495509.561142,30
202738,1780495509.561143,32
202739,1780495509.561144,32
202740,1780495509.561144,31
202741,1780495509.561145,32
202742,1780495509.561146,33
202743,1780495509.561147,32
202744,1780495509.561148,33
202745,1780495509.567363,33
202746,1780495509.569399,32
202747,1780495509.569401,32
202748,1780495509.5694022,32
202749,1780495509.5694022,32
202750,1780495509.569403,32
202751,1780495509.569404,32
202752,1780495509.5694048,33
202753,1780495509.569406,32
202754,1780495509.569406,32
202755,1780495509.569408,32
202756,1780495509.59967,31
202757,1780495509.5996742,32
202758,1780495509.599676,33
202759,1780495509.5996768,32
202760,1780495509.5996768,33
202761,1780495509.599678,32
202762,1780495509.599679,32
202763,1780495509.59968,32
202764,1780495509.5996811,31
202765,1780495509.599682,31
202766,1780495509.599683,32
202767,1780495509.603185,32
202768,1780495509.603188,32
202769,1780495509.603189,32
202770,1780495509.6031969,31
202771,1780495509.603198,32
202772,1780495509.603198,33
202773,1780495509.603199,33
202774,1780495509.6032,32
202775,1780495509.603201,33
202776,1780495509.603202,32
202777,1780495509.603203,32
202778,1780495509.606133,33
202779,1780495509.6061351,32
202780,1780495509.606136,33
202781,1780495509.606136,30
202782,1780495509.606137,31
202783,1780495509.6061382,32
202784,1780495509.606139,32
202785,1780495509.60614,32
202786,1780495509.6061409,32
202787,1780495509.606142,32
202788,1780495509.639745,31
202789,1780495509.639752,32
202790,1780495509.6397529,32
202791,1780495509.639754,33
202792,1780495509.639755,32
202793,1780495509.639756,32
202794,1780495509.6397572,32
202795,1780495509.639759,33
202796,1780495509.6397598,32
202797,1780495509.639761,31
202798,1780495509.6397629,33
202799,1780495509.6432052,33
202800,1780495509.643208,32
202801,1780495509.64321,32
202802,1780495509.6432111,32
202803,1780495509.643212,31
202804,1780495509.643213,31
202805,1780495509.6432152,32
202806,1780495509.643216,33
202807,1780495509.6432168,31
202808,1780495509.6432178,32
202809,1780495509.645559,32
202810,1780495509.645563,32
202811,1780495509.6455638,32
202812,1780495509.645565,32
202813,1780495509.645566,31
202814,1780495509.645568,31
202815,1780495509.645569,32
202816,1780495509.64557,33
202817,1780495509.645571,32
202818,1780495509.6455722,32
202819,1780495509.6455739,32
202820,1780495509.648125,31
202821,1780495509.648127,32
202822,1780495509.648129,33
202823,1780495509.64813,31
202824,1780495509.6481311,31
202825,1780495509.648132,33
202826,1780495509.648134,32
202827,1780495509.648135,32
202828,1780495509.648136,32
202829,1780495509.6481369,32
202830,1780495509.648139,32
202831,1780495509.6796522,34
202832,1780495509.67966,31
202833,1780495509.679662,32
202834,1780495509.6796641,32
202835,1780495509.6796649,32
202836,1780495509.679667,31
202837,1780495509.679668,31
202838,1780495509.679669,32
202839,1780495509.679671,31
202840,1780495509.679672,31
202841,1780495509.6796749,32
202842,1780495509.685704,31
202843,1780495509.6857102,33
202844,1780495509.6857119,32
202845,1780495509.685714,32
202846,1780495509.68572,32
202847,1780495509.685722,32
202848,1780495509.6857228,32
202849,1780495509.685725,31
202850,1780495509.685727,32
202851,1780495509.685729,33
202852,1780495509.6881962,32
202853,1780495509.6881988,32
202854,1780495509.688201,31
202855,1780495509.688203,31
202856,1780495509.688204,32
202857,1780495509.6882062,32
202858,1780495509.6882079,32
202859,1780495509.6882088,31
202860,1780495509.688211,31
202861,1780495509.688212,32
202862,1780495509.688215,32
202863,1780495509.6907468,33
202864,1780495509.69075,31
202865,1780495509.690752,32
202866,1780495509.690754,33
202867,1780495509.6907551,31
202868,1780495509.690757,32
202869,1780495509.690759,32
202870,1780495509.69076,32
202871,1780495509.690762,32
202872,1780495509.690763,32
202873,1780495509.690766,33
202874,1780495509.749589,32
202875,1780495509.749614,33
202876,1780495509.7496178,32
202877,1780495509.74962,31
202878,1780495509.749623,32
202879,1780495509.7496262,32
202880,1780495509.749629,31
202881,1780495509.749631,33
202882,1780495509.749634,32
202883,1780495509.7496362,32
202884,1780495509.7496388,32
202885,1780495509.7518451,33
202886,1780495509.751849,32
202887,1780495509.751851,32
202888,1780495509.7518542,31
202889,1780495509.751856,33
202890,1780495509.751858,32
202891,1780495509.751861,31
202892,1780495509.751863,32
202893,1780495509.7518651,32
202894,1780495509.751868,31
202895,1780495509.7544608,31
202896,1780495509.754478,33
202897,1780495509.754482,32
202898,1780495509.754484,31
202899,1780495509.754487,31
202900,1780495509.7544892,31
202901,1780495509.7544909,33
202902,1780495509.754494,32
202903,1780495509.754496,32
202904,1780495509.754498,31
202905,1780495509.7545018,31
202906,1780495509.757366,32
202907,1780495509.757374,32
202908,1780495509.757376,32
202909,1780495509.757379,32
202910,1780495509.757382,32
202911,1780495509.757386,32
202912,1780495509.7573912,32
202913,1780495509.7573981,32
202914,1780495509.7574,31
202915,1780495509.7574039,32
202916,1780495509.7606342,31
202917,1780495509.760639,32
202918,1780495509.760642,32
202919,1780495509.7606452,31
202920,1780495509.760648,30
202921,1780495509.760651,32
202922,1780495509.7606552,32
202923,1780495509.76066,31
202924,1780495509.760663,32
202925,1780495509.7606661,32
202926,1780495509.76067,30
202927,1780495509.7631109,33
202928,1780495509.763118,32
202929,1780495509.7631218,33
202930,1780495509.7631261,31
202931,1780495509.763129,32
202932,1780495509.7631328,32
202933,1780495509.763136,32
202934,1780495509.7631402,32
202935,1780495509.763144,33
202936,1780495509.763147,31
202937,1780495509.763152,32
202938,1780495509.765721,32
202939,1780495509.7657301,32
202940,1780495509.765734,33
202941,1780495509.765738,32
202942,1780495509.765741,32
202943,1780495509.765745,32
202944,1780495509.76575,31
202945,1780495509.765753,32
202946,1780495509.7657568,32
202947,1780495509.7657611,33
202948,1780495509.796182,33
202949,1780495509.796212,32
202950,1780495509.7962189,32
202951,1780495509.796225,32
202952,1780495509.7962298,33
202953,1780495509.796235,33
202954,1780495509.7962399,33
202955,1780495509.796245,33
202956,1780495509.79625,31
202957,1780495509.7962549,32
202958,1780495509.79626,32
202959,1780495509.796268,32
202960,1780495509.799424,31
202961,1780495509.799433,31
202962,1780495509.799438,32
202963,1780495509.799443,32
202964,1780495509.799447,32
202965,1780495509.7994518,31
202966,1780495509.799457,33
202967,1780495509.7994618,32
202968,1780495509.799466,31
202969,1780495509.7994728,32
202970,1780495509.802405,31
202971,1780495509.802418,31
202972,1780495509.8024251,31
202973,1780495509.8024309,33
202974,1780495509.802436,32
202975,1780495509.802441,31
202976,1780495509.8024478,32
202977,1780495509.802458,33
202978,1780495509.802463,33
202979,1780495509.802469,31
202980,1780495509.8388422,32
202981,1780495509.838884,32
202982,1780495509.838892,32
202983,1780495509.838897,31
202984,1780495509.838903,32
202985,1780495509.8389068,32
202986,1780495509.838913,31
202987,1780495509.838918,32
202988,1780495509.838923,32
202989,1780495509.838928,31
202990,1780495509.8389351,32
202991,1780495509.84209,31
202992,1780495509.842108,31
202993,1780495509.842116,33
202994,1780495509.842121,32
202995,1780495509.842127,32
202996,1780495509.842131,32
202997,1780495509.8421361,32
202998,1780495509.842141,32
202999,1780495509.8421462,32
203000,1780495509.8421519,32
203001,1780495509.843889,32
203002,1780495509.8461719,31
203003,1780495509.846187,32
203004,1780495509.8461912,33
203005,1780495509.8461928,32
203006,1780495509.846196,32
203007,1780495509.846199,32
203008,1780495509.8462021,32
203009,1780495509.846205,32
203010,1780495509.846208,32
203011,1780495509.8462121,33
203012,1780495509.85329,32
203013,1780495509.853311,31
203014,1780495509.853315,30
203015,1780495509.853318,32
203016,1780495509.853321,32
203017,1780495509.853324,31
203018,1780495509.853327,32
203019,1780495509.85333,32
203020,1780495509.853332,31
203021,1780495509.8533351,33
203022,1780495509.85334,32
203023,1780495509.855705,32
203024,1780495509.855714,31
203025,1780495509.8557172,32
203026,1780495509.855721,32
203027,1780495509.855724,31
203028,1780495509.8557272,31
203029,1780495509.8557298,32
203030,1780495509.855756,32
203031,1780495509.8557591,32
203032,1780495509.855762,31
203033,1780495509.858281,32
203034,1780495509.8582962,32
203035,1780495509.858306,33
203036,1780495509.8583198,32
203037,1780495509.858324,33
203038,1780495509.8583272,32
203039,1780495509.85833,33
203040,1780495509.858346,32
203041,1780495509.8583539,33
203042,1780495509.858426,32
203043,1780495509.858432,32
203044,1780495509.873462,32
203045,1780495509.8734772,31
203046,1780495509.8734798,33
203047,1780495509.873483,31
203048,1780495509.873485,31
203049,1780495509.873487,31
203050,1780495509.873489,32
203051,1780495509.873491,33
203052,1780495509.873493,33
203053,1780495509.873494,33
203054,1780495509.8734982,31
203055,1780495509.9046159,32
203056,1780495509.904622,32
203057,1780495509.904623,32
203058,1780495509.904625,31
203059,1780495509.904626,31
203060,1780495509.9046268,32
203061,1780495509.904628,32
203062,1780495509.904629,32
203063,1780495509.9046311,32
203064,1780495509.904632,32
203065,1780495509.904634,32
203066,1780495509.9105952,32
203067,1780495509.9105978,32
203068,1780495509.9106,32
203069,1780495509.910601,33
203070,1780495509.910602,33
203071,1780495509.910603,32
203072,1780495509.910604,32
203073,1780495509.910605,32
203074,1780495509.9106061,31
203075,1780495509.9106078,32
203076,1780495509.913151,32
203077,1780495509.913155,31
203078,1780495509.913156,32
203079,1780495509.9131572,33
203080,1780495509.913158,32
203081,1780495509.913159,32
203082,1780495509.9131598,32
203083,1780495509.913161,33
203084,1780495509.913162,32
203085,1780495509.913163,31
203086,1780495509.913165,32
203087,1780495509.915683,32
203088,1780495509.915686,33
203089,1780495509.9156868,32
203090,1780495509.915688,31
203091,1780495509.915689,33
203092,1780495509.91569,32
203093,1780495509.915691,33
203094,1780495509.915692,32
203095,1780495509.915693,32
203096,1780495509.915694,32
203097,1780495509.9156952,32
203098,1780495509.945763,32
203099,1780495509.945767,32
203100,1780495509.9457679,32
203101,1780495509.945769,31
203102,1780495509.94577,33
203103,1780495509.945771,31
203104,1780495509.945772,32
203105,1780495509.9457731,31
203106,1780495509.9457731,32
203107,1780495509.945775,33
203108,1780495509.949419,33
203109,1780495509.94942,32
203110,1780495509.9494212,31
203111,1780495509.9494221,32
203112,1780495509.949423,32
203113,1780495509.949424,31
203114,1780495509.949424,31
203115,1780495509.949425,33
203116,1780495509.949426,32
203117,1780495509.949427,32
203118,1780495509.949428,31
203119,1780495509.952416,31
203120,1780495509.952418,31
203121,1780495509.952419,32
203122,1780495509.95242,32
203123,1780495509.9524212,32
203124,1780495509.952422,31
203125,1780495509.952422,33
203126,1780495509.9524229,33
203127,1780495509.952424,32
203128,1780495509.952425,32
203129,1780495509.952426,32
203130,1780495509.955691,31
203131,1780495509.9556952,32
203132,1780495509.955696,32
203133,1780495509.9556968,32
203134,1780495509.955698,32
203135,1780495509.955699,32
203136,1780495509.9557,33
203137,1780495509.9557,32
203138,1780495509.9557009,31
203139,1780495509.955703,32
203140,1780495509.9859,32
203141,1780495509.985905,32
203142,1780495509.9859068,31
203143,1780495509.985908,32
203144,1780495509.985909,32
203145,1780495509.98591,32
203146,1780495509.9859111,32
203147,1780495509.985912,32
203148,1780495509.985913,32
203149,1780495509.9859142,31
203150,1780495509.985916,32
203151,1780495509.989354,31
203152,1780495509.989357,32
203153,1780495509.9893582,32
203154,1780495509.9893591,32
203155,1780495509.9893591,31
203156,1780495509.98936,32
203157,1780495509.9893608,32
203158,1780495509.989362,33
203159,1780495509.989362,32
203160,1780495509.989363,32
203161,1780495509.989364,31
203162,1780495509.991922,32
203163,1780495509.991924,32
203164,1780495509.991925,31
203165,1780495509.991926,32
203166,1780495509.991926,32
203167,1780495509.9919271,32
203168,1780495509.991928,33
203169,1780495509.991929,33
203170,1780495509.99193,32
203171,1780495509.991931,31
203172,1780495510.0509472,32
203173,1780495510.050951,32
203174,1780495510.050952,32
203175,1780495510.050953,32
203176,1780495510.0509539,33
203177,1780495510.050955,31
203178,1780495510.050956,32
203179,1780495510.050957,32
203180,1780495510.0509582,32
203181,1780495510.050959,33
203182,1780495510.0509598,31
203183,1780495510.0544121,31
203184,1780495510.054414,32
203185,1780495510.054416,32
203186,1780495510.054416,32
203187,1780495510.054417,33
203188,1780495510.0544178,32
203189,1780495510.054419,32
203190,1780495510.05442,31
203191,1780495510.054421,32
203192,1780495510.054422,33
203193,1780495510.057302,33
203194,1780495510.0573041,32
203195,1780495510.057305,32
203196,1780495510.057306,33
203197,1780495510.0573068,33
203198,1780495510.0573068,31
203199,1780495510.057308,32
203200,1780495510.057309,32
203201,1780495510.0573099,32
203202,1780495510.057311,32
203203,1780495510.057312,32
203204,1780495510.0605152,32
203205,1780495510.0605178,33
203206,1780495510.06052,32
203207,1780495510.06052,33
203208,1780495510.060521,32
203209,1780495510.060522,32
203210,1780495510.060523,33
203211,1780495510.060524,32
203212,1780495510.060525,32
203213,1780495510.0605261,33
203214,1780495510.060528,32
203215,1780495510.0631418,32
203216,1780495510.0631502,33
203217,1780495510.0631511,31
203218,1780495510.063152,33
203219,1780495510.0631528,32
203220,1780495510.063154,31
203221,1780495510.063155,32
203222,1780495510.063156,31
203223,1780495510.063157,33
203224,1780495510.063158,32
203225,1780495510.0631602,32
203226,1780495510.065591,32
203227,1780495510.0655942,31
203228,1780495510.065595,31
203229,1780495510.0655959,32
203230,1780495510.0655968,32
203231,1780495510.065598,31
203232,1780495510.065599,31
203233,1780495510.065601,32
203234,1780495510.065602,32
203235,1780495510.065603,32
203236,1780495510.068165,32
203237,1780495510.068168,32
203238,1780495510.0681689,31
203239,1780495510.06817,32
203240,1780495510.068171,31
203241,1780495510.068172,32
203242,1780495510.0681732,31
203243,1780495510.0681741,31
203244,1780495510.068175,32
203245,1780495510.0681758,30
203246,1780495510.068177,32
203247,1780495510.072256,32
203248,1780495510.072261,32
203249,1780495510.072263,32
203250,1780495510.072264,32
203251,1780495510.072265,32
203252,1780495510.072266,32
203253,1780495510.072267,32
203254,1780495510.072268,31
203255,1780495510.072269,33
203256,1780495510.0722702,32
203257,1780495510.072271,32
203258,1780495510.104647,32
203259,1780495510.104651,32
203260,1780495510.104652,32
203261,1780495510.1046531,32
203262,1780495510.104654,30
203263,1780495510.104656,32
203264,1780495510.104657,31
203265,1780495510.104658,33
203266,1780495510.10466,31
203267,1780495510.104662,31
203268,1780495510.108192,31
203269,1780495510.108194,32
203270,1780495510.108196,31
203271,1780495510.1081972,32
203272,1780495510.108199,33
203273,1780495510.1081998,31
203274,1780495510.108202,32
203275,1780495510.108203,32
203276,1780495510.108205,32
203277,1780495510.108206,31
203278,1780495510.1082082,32
203279,1780495510.110795,32
203280,1780495510.110799,32
203281,1780495510.110801,33
203282,1780495510.110803,31
203283,1780495510.110804,33
203284,1780495510.110805,31
203285,1780495510.110807,31
203286,1780495510.1108081,31
203287,1780495510.110809,32
203288,1780495510.110811,32
203289,1780495510.110813,32
203290,1780495510.1144881,32
203291,1780495510.1144938,31
203292,1780495510.114497,32
203293,1780495510.1144981,32
203294,1780495510.114499,31
203295,1780495510.1145012,33
203296,1780495510.114502,32
203297,1780495510.1145039,32
203298,1780495510.114505,32
203299,1780495510.114507,33
203300,1780495510.149745,32
203301,1780495510.149757,32
203302,1780495510.14976,32
203303,1780495510.1497622,32
203304,1780495510.149764,32
203305,1780495510.149766,32
203306,1780495510.149767,32
203307,1780495510.149769,32
203308,1780495510.149771,31
203309,1780495510.1497731,31
203310,1780495510.149776,32
203311,1780495510.153216,31
203312,1780495510.1532228,33
203313,1780495510.153225,33
203314,1780495510.153227,33
203315,1780495510.153229,32
203316,1780495510.1532311,32
203317,1780495510.1532328,31
203318,1780495510.153235,32
203319,1780495510.153237,31
203320,1780495510.153238,32
203321,1780495510.1532412,32
203322,1780495510.1556191,32
203323,1780495510.155623,32
203324,1780495510.1556249,31
203325,1780495510.155627,31
203326,1780495510.1556292,31
203327,1780495510.155631,32
203328,1780495510.155633,32
203329,1780495510.1556349,32
203330,1780495510.155636,33
203331,1780495510.155639,32
203332,1780495510.1582,32
203333,1780495510.1582038,32
203334,1780495510.158206,32
203335,1780495510.158208,31
203336,1780495510.15821,32
203337,1780495510.1582122,32
203338,1780495510.1582148,32
203339,1780495510.158217,32
203340,1780495510.158219,31
203341,1780495510.15822,32
203342,1780495510.1582232,32
203343,1780495510.189856,32
203344,1780495510.189874,32
203345,1780495510.189877,32
203346,1780495510.1898801,31
203347,1780495510.1898859,32
203348,1780495510.189888,33
203349,1780495510.1898901,32
203350,1780495510.189892,31
203351,1780495510.189895,32
203352,1780495510.189898,33
203353,1780495510.189902,32
203354,1780495510.1956851,32
203355,1780495510.195692,33
203356,1780495510.195696,32
203357,1780495510.195699,33
203358,1780495510.195702,33
203359,1780495510.1957052,32
203360,1780495510.195709,33
203361,1780495510.195712,32
203362,1780495510.1957152,32
203363,1780495510.195719,32
203364,1780495510.198275,31
203365,1780495510.198292,32
203366,1780495510.198296,32
203367,1780495510.198299,33
203368,1780495510.198302,32
203369,1780495510.1983051,33
203370,1780495510.198307,32
203371,1780495510.19831,32
203372,1780495510.198313,32
203373,1780495510.198316,32
203374,1780495510.1983202,33
203375,1780495510.20369,31
203376,1780495510.203706,33
203377,1780495510.203711,32
203378,1780495510.2037141,32
203379,1780495510.2037172,32
203380,1780495510.203719,32
203381,1780495510.203826,32
203382,1780495510.203834,32
203383,1780495510.203837,33
203384,1780495510.203841,32
203385,1780495510.203845,31
203386,1780495510.269851,32
203387,1780495510.2699032,32
203388,1780495510.269907,33
203389,1780495510.269911,32
203390,1780495510.2699142,31
203391,1780495510.2699158,32
203392,1780495510.269922,32
203393,1780495510.269925,32
203394,1780495510.269927,32
203395,1780495510.269932,31
203396,1780495510.273251,33
203397,1780495510.273265,31
203398,1780495510.273271,31
203399,1780495510.2732759,31
203400,1780495510.273282,31
203401,1780495510.2732868,34
203402,1780495510.273291,33
203403,1780495510.273451,34
203404,1780495510.273463,31
203405,1780495510.27347,33
203406,1780495510.273477,32
203407,1780495510.275816,31
203408,1780495510.275829,33
203409,1780495510.275834,33
203410,1780495510.275839,32
203411,1780495510.275844,32
203412,1780495510.2758489,32
203413,1780495510.2758532,32
203414,1780495510.275858,32
203415,1780495510.275863,33
203416,1780495510.275868,33
203417,1780495510.278188,32
203418,1780495510.278198,31
203419,1780495510.278201,33
203420,1780495510.278204,32
203421,1780495510.278207,31
203422,1780495510.278209,33
203423,1780495510.278212,32
203424,1780495510.278215,32
203425,1780495510.278219,32
203426,1780495510.278222,33
203427,1780495510.278225,32
203428,1780495510.281176,33
203429,1780495510.281186,31
203430,1780495510.2811892,31
203431,1780495510.2811918,32
203432,1780495510.281194,32
203433,1780495510.281197,31
203434,1780495510.2811992,31
203435,1780495510.281201,33
203436,1780495510.281203,33
203437,1780495510.2812061,31
203438,1780495510.281209,33
203439,1780495510.292084,33
203440,1780495510.2921019,31
203441,1780495510.292106,32
203442,1780495510.292108,32
203443,1780495510.2921112,32
203444,1780495510.292114,32
203445,1780495510.292116,31
203446,1780495510.292119,32
203447,1780495510.2921221,31
203448,1780495510.2921238,31
203449,1780495510.292128,31
203450,1780495510.294431,32
203451,1780495510.294442,32
203452,1780495510.294446,33
203453,1780495510.2944489,32
203454,1780495510.294452,32
203455,1780495510.294455,32
203456,1780495510.2944589,32
203457,1780495510.294462,31
203458,1780495510.294465,31
203459,1780495510.294469,31
203460,1780495510.297292,31
203461,1780495510.297298,32
203462,1780495510.297301,32
203463,1780495510.297303,32
203464,1780495510.297306,32
203465,1780495510.297309,31
203466,1780495510.297312,33
203467,1780495510.2973151,33
203468,1780495510.297317,33
203469,1780495510.29732,33
203470,1780495510.297324,31
203471,1780495510.300765,31
203472,1780495510.3007932,32
203473,1780495510.300797,31
203474,1780495510.3008,33
203475,1780495510.3008041,32
203476,1780495510.300807,32
203477,1780495510.300809,32
203478,1780495510.300812,32
203479,1780495510.300815,32
203480,1780495510.300818,32
203481,1780495510.300825,30
203482,1780495510.348369,32
203483,1780495510.348376,33
203484,1780495510.3483782,32
203485,1780495510.348379,32
203486,1780495510.3483799,30
203487,1780495510.348381,32
203488,1780495510.348383,33
203489,1780495510.348384,32
203490,1780495510.348385,31
203491,1780495510.348387,31
203492,1780495510.351941,31
203493,1780495510.351945,31
203494,1780495510.351947,33
203495,1780495510.351948,33
203496,1780495510.351949,31
203497,1780495510.3519502,32
203498,1780495510.3519511,32
203499,1780495510.3519518,33
203500,1780495510.3519528,32
203501,1780495510.351954,33
203502,1780495510.351955,32
203503,1780495510.3542972,32
203504,1780495510.3542988,31
203505,1780495510.3543,32
203506,1780495510.354301,32
203507,1780495510.354302,31
203508,1780495510.354303,31
203509,1780495510.354304,32
203510,1780495510.354305,31
203511,1780495510.354306,31
203512,1780495510.3543072,31
203513,1780495510.354309,32
203514,1780495510.357265,32
203515,1780495510.357267,32
203516,1780495510.3572679,32
203517,1780495510.357269,32
203518,1780495510.35727,32
203519,1780495510.357271,33
203520,1780495510.3572721,32
203521,1780495510.357273,32
203522,1780495510.357274,32
203523,1780495510.357276,31
203524,1780495510.360662,32
203525,1780495510.360666,33
203526,1780495510.360667,31
203527,1780495510.360668,31
203528,1780495510.360669,33
203529,1780495510.3606699,30
203530,1780495510.360671,32
203531,1780495510.360671,33
203532,1780495510.360672,32
203533,1780495510.360673,33
203534,1780495510.360675,30
203535,1780495510.3630788,32
203536,1780495510.363081,31
203537,1780495510.363082,32
203538,1780495510.363082,33
203539,1780495510.3630831,31
203540,1780495510.363084,31
203541,1780495510.363085,32
203542,1780495510.363086,32
203543,1780495510.3630872,30
203544,1780495510.363088,33
203545,1780495510.364853,33
203546,1780495510.3945532,30
203547,1780495510.3945558,31
203548,1780495510.394557,31
203549,1780495510.394558,33
203550,1780495510.394559,32
203551,1780495510.39456,32
203552,1780495510.394561,32
203553,1780495510.394561,31
203554,1780495510.394562,32
203555,1780495510.394563,32
203556,1780495510.398132,31
203557,1780495510.398135,33
203558,1780495510.3981361,32
203559,1780495510.398137,33
203560,1780495510.398138,32
203561,1780495510.398138,32
203562,1780495510.3981388,31
203563,1780495510.39814,33
203564,1780495510.398141,32
203565,1780495510.398141,32
203566,1780495510.398143,32
203567,1780495510.4011252,32
203568,1780495510.4011269,32
203569,1780495510.4011269,32
203570,1780495510.401128,31
203571,1780495510.401129,33
203572,1780495510.40113,32
203573,1780495510.401131,32
203574,1780495510.401131,32
203575,1780495510.401132,33
203576,1780495510.401133,32
203577,1780495510.41187,32
203578,1780495510.411872,32
203579,1780495510.411873,31
203580,1780495510.411874,32
203581,1780495510.411875,32
203582,1780495510.411875,31
203583,1780495510.4118762,33
203584,1780495510.4118772,32
203585,1780495510.4118779,32
203586,1780495510.4118788,33
203587,1780495510.41188,33
203588,1780495510.414433,33
203589,1780495510.4144351,33
203590,1780495510.414436,32
203591,1780495510.414437,32
203592,1780495510.414437,32
203593,1780495510.4144378,31
203594,1780495510.414439,32
203595,1780495510.41444,32
203596,1780495510.4144409,32
203597,1780495510.414442,31
203598,1780495510.414443,32
203599,1780495510.449631,32
203600,1780495510.449636,32
203601,1780495510.4496372,31
203602,1780495510.449638,31
203603,1780495510.449638,32
203604,1780495510.4496388,33
203605,1780495510.44964,32
203606,1780495510.449641,33
203607,1780495510.449642,32
203608,1780495510.449643,32
203609,1780495510.449644,32
203610,1780495510.453067,33
203611,1780495510.4530702,32
203612,1780495510.453071,32
203613,1780495510.4530718,33
203614,1780495510.4530728,31
203615,1780495510.4530728,31
203616,1780495510.453074,32
203617,1780495510.453075,32
203618,1780495510.453076,32
203619,1780495510.453077,31
203620,1780495510.455461,31
203621,1780495510.455463,33
203622,1780495510.455463,33
203623,1780495510.455464,32
203624,1780495510.455465,33
203625,1780495510.455466,31
203626,1780495510.455467,31
203627,1780495510.455467,32
203628,1780495510.455468,32
203629,1780495510.4554691,32
203630,1780495510.45547,32
203631,1780495510.458078,32
203632,1780495510.458081,32
203633,1780495510.458082,32
203634,1780495510.4580832,32
203635,1780495510.4580832,32
203636,1780495510.458084,32
203637,1780495510.458085,31
203638,1780495510.4580858,32
203639,1780495510.458087,32
203640,1780495510.458088,33
203641,1780495510.4580889,31
203642,1780495510.473276,33
203643,1780495510.473281,31
203644,1780495510.473282,32
203645,1780495510.473283,32
203646,1780495510.473284,31
203647,1780495510.4732852,33
203648,1780495510.473286,31
203649,1780495510.4732869,32
203650,1780495510.4732869,33
203651,1780495510.473289,32
203652,1780495510.504668,31
203653,1780495510.5046751,32
203654,1780495510.504677,32
203655,1780495510.5046778,30
203656,1780495510.504679,32
203657,1780495510.50468,32
203658,1780495510.5046809,33
203659,1780495510.504682,31
203660,1780495510.504683,32
203661,1780495510.504684,33
203662,1780495510.5046852,32
203663,1780495510.5106728,32
203664,1780495510.510676,32
203665,1780495510.510677,31
203666,1780495510.510678,31
203667,1780495510.510679,31
203668,1780495510.51068,31
203669,1780495510.5106812,33
203670,1780495510.510682,32
203671,1780495510.5106828,31
203672,1780495510.510684,32
203673,1780495510.510686,32
203674,1780495510.513107,32
203675,1780495510.51311,33
203676,1780495510.513111,33
203677,1780495510.513112,32
203678,1780495510.513113,30
203679,1780495510.5131142,33
203680,1780495510.513115,33
203681,1780495510.513116,32
203682,1780495510.5131168,31
203683,1780495510.513118,32
203684,1780495510.5157151,32
203685,1780495510.515719,32
203686,1780495510.51572,32
203687,1780495510.5157208,32
203688,1780495510.515723,31
203689,1780495510.515724,32
203690,1780495510.5157251,32
203691,1780495510.515726,31
203692,1780495510.515727,31
203693,1780495510.5157278,32
203694,1780495510.51573,33
203695,1780495510.545908,31
203696,1780495510.5459142,32
203697,1780495510.5459158,31
203698,1780495510.545917,32
203699,1780495510.545919,31
203700,1780495510.54592,32
203701,1780495510.545921,31
203702,1780495510.545922,31
203703,1780495510.5459242,33
203704,1780495510.5459251,33
203705,1780495510.545928,31
203706,1780495510.549352,32
203707,1780495510.5493581,32
203708,1780495510.54936,34
203709,1780495510.549362,32
203710,1780495510.549363,32
203711,1780495510.549365,32
203712,1780495510.549366,33
203713,1780495510.5493681,34
203714,1780495510.549369,31
203715,1780495510.5493708,33
203716,1780495510.555552,31
203717,1780495510.555556,33
203718,1780495510.555557,32
203719,1780495510.555558,32
203720,1780495510.5555599,32
203721,1780495510.555561,33
203722,1780495510.555562,32
203723,1780495510.555564,32
203724,1780495510.555565,32
203725,1780495510.555567,32
203726,1780495510.555569,31
203727,1780495510.5582771,31
203728,1780495510.55829,31
203729,1780495510.558292,32
203730,1780495510.558293,32
203731,1780495510.558294,33
203732,1780495510.558296,33
203733,1780495510.5582972,31
203734,1780495510.558298,32
203735,1780495510.5583,32
203736,1780495510.558301,32
203737,1780495510.5583029,32
203738,1780495510.5619211,32
203739,1780495510.5619252,33
203740,1780495510.5619268,31
203741,1780495510.561929,31
203742,1780495510.56193,32
203743,1780495510.561932,33
203744,1780495510.561933,32
203745,1780495510.5619352,32
203746,1780495510.5619369,32
203747,1780495510.561939,32
203748,1780495510.592154,32
203749,1780495510.5921621,32
203750,1780495510.592164,32
203751,1780495510.592166,33
203752,1780495510.5921679,31
203753,1780495510.59217,30
203754,1780495510.592171,33
203755,1780495510.592174,32
203756,1780495510.5921762,32
203757,1780495510.592177,32
203758,1780495510.592181,32
203759,1780495510.596123,31
203760,1780495510.596128,32
203761,1780495510.5961301,32
203762,1780495510.596132,32
203763,1780495510.5961332,32
203764,1780495510.596135,33
203765,1780495510.596137,33
203766,1780495510.596139,32
203767,1780495510.5961401,31
203768,1780495510.596142,32
203769,1780495510.596145,32
203770,1780495510.600781,32
203771,1780495510.6007879,32
203772,1780495510.60079,31
203773,1780495510.6007931,33
203774,1780495510.6007948,32
203775,1780495510.600797,31
203776,1780495510.600799,31
203777,1780495510.600802,33
203778,1780495510.600804,32
203779,1780495510.600807,31
203780,1780495510.648486,32
203781,1780495510.648515,33
203782,1780495510.6485188,32
203783,1780495510.648522,32
203784,1780495510.6485262,32
203785,1780495510.6485279,33
203786,1780495510.648531,33
203787,1780495510.648534,33
203788,1780495510.6485372,32
203789,1780495510.64854,32
203790,1780495510.648544,32
203791,1780495510.652051,32
203792,1780495510.652077,32
203793,1780495510.652081,32
203794,1780495510.6520839,32
203795,1780495510.652087,32
203796,1780495510.65209,32
203797,1780495510.652094,33
203798,1780495510.652098,33
203799,1780495510.652101,32
203800,1780495510.652104,32
203801,1780495510.652108,32
203802,1780495510.654461,33
203803,1780495510.654481,52
203804,1780495510.654485,49
203805,1780495510.654488,52
203806,1780495510.654491,56
203807,1780495510.654494,56
203808,1780495510.654497,56
203809,1780495510.6545012,54
203810,1780495510.6545038,53
203811,1780495510.654508,54
203812,1780495510.657289,54
203813,1780495510.657297,55
203814,1780495510.657299,55
203815,1780495510.657302,52
203816,1780495510.657305,56
203817,1780495510.6573088,57
203818,1780495510.657312,62
203819,1780495510.657315,64
203820,1780495510.6573179,69
203821,1780495510.657322,72
203822,1780495510.657326,75
203823,1780495510.689947,81
203824,1780495510.6899788,84
203825,1780495510.6899872,90
203826,1780495510.689992,95
203827,1780495510.689997,97
203828,1780495510.690001,98
203829,1780495510.690006,98
203830,1780495510.69001,98
203831,1780495510.690017,100
203832,1780495510.690023,101
203833,1780495510.6900291,101
203834,1780495510.6931589,103
203835,1780495510.6931682,105
203836,1780495510.6931741,107
203837,1780495510.693181,110
203838,1780495510.693186,113
203839,1780495510.693192,119
203840,1780495510.6931999,124
203841,1780495510.6932049,130
203842,1780495510.6932108,132
203843,1780495510.6932201,138
203844,1780495510.6957262,141
203845,1780495510.6957362,151
203846,1780495510.695741,155
203847,1780495510.695746,157
203848,1780495510.695751,156
203849,1780495510.695756,160
203850,1780495510.6957598,165
203851,1780495510.695765,165
203852,1780495510.69577,167
203853,1780495510.695775,166
203854,1780495510.6957812,166
203855,1780495510.698156,169
203856,1780495510.698171,173
203857,1780495510.698178,176
203858,1780495510.6981828,178
203859,1780495510.698187,184
203860,1780495510.698192,189
203861,1780495510.698197,191
203862,1780495510.6982012,196
203863,1780495510.698206,200
203864,1780495510.698211,206
203865,1780495510.698217,211
203866,1780495510.7011771,217
203867,1780495510.701186,216
203868,1780495510.701191,219
203869,1780495510.701196,220
203870,1780495510.701201,222
203871,1780495510.701205,224
203872,1780495510.701211,221
203873,1780495510.701216,224
203874,1780495510.7012212,226
203875,1780495510.7012281,229
203876,1780495510.705896,228
203877,1780495510.705914,233
203878,1780495510.70592,237
203879,1780495510.705924,238
203880,1780495510.7059278,243
203881,1780495510.7059321,248
203882,1780495510.705937,252
203883,1780495510.705941,256
203884,1780495510.705945,262
203885,1780495510.7059488,264
203886,1780495510.705954,269
203887,1780495510.7362628,271
203888,1780495510.73628,270
203889,1780495510.736284,273
203890,1780495510.7362869,277
203891,1780495510.73629,275
203892,1780495510.736293,276
203893,1780495510.736296,275
203894,1780495510.736299,277
203895,1780495510.7363021,276
203896,1780495510.736307,280
203897,1780495510.7385962,279
203898,1780495510.740587,285
203899,1780495510.7405922,289
203900,1780495510.7405949,291
203901,1780495510.740597,294
203902,1780495510.740598,297
203903,1780495510.7406,300
203904,1780495510.740603,302
203905,1780495510.7406049,306
203906,1780495510.740606,308
203907,1780495510.740609,313
203908,1780495510.74309,313
203909,1780495510.743094,313
203910,1780495510.743096,312
203911,1780495510.743098,312
203912,1780495510.7431,314
203913,1780495510.7431018,310
203914,1780495510.743104,312
203915,1780495510.743105,314
203916,1780495510.743107,314
203917,1780495510.7431092,316
203918,1780495510.7431118,318
203919,1780495510.7461052,323
203920,1780495510.746111,323
203921,1780495510.746113,324
203922,1780495510.746115,326
203923,1780495510.7461178,330
203924,1780495510.74612,333
203925,1780495510.746122,337
203926,1780495510.746124,337
203927,1780495510.7461262,338
203928,1780495510.7461278,340
203929,1780495510.746132,342
203930,1780495510.779594,339
203931,1780495510.7796,345
203932,1780495510.7796009,344
203933,1780495510.779603,340
203934,1780495510.779604,338
203935,1780495510.779605,337
203936,1780495510.779607,339
203937,1780495510.779608,342
203938,1780495510.7796092,345
203939,1780495510.7796109,346
203940,1780495510.783179,348
203941,1780495510.783183,348
203942,1780495510.7831838,353
203943,1780495510.783185,358
203944,1780495510.783187,357
203945,1780495510.7831879,364
203946,1780495510.783189,365
203947,1780495510.78319,360
203948,1780495510.783191,367
203949,1780495510.783193,358
203950,1780495510.7831948,361
203951,1780495510.788183,362
203952,1780495510.788188,360
203953,1780495510.78819,358
203954,1780495510.788191,361
203955,1780495510.788192,362
203956,1780495510.788194,360
203957,1780495510.7881951,361
203958,1780495510.788196,366
203959,1780495510.788197,368
203960,1780495510.788198,372
203961,1780495510.791133,372
203962,1780495510.791135,374
203963,1780495510.791137,374
203964,1780495510.791138,376
203965,1780495510.7911391,381
203966,1780495510.79114,381
203967,1780495510.791141,382
203968,1780495510.791142,383
203969,1780495510.791143,381
203970,1780495510.791144,379
203971,1780495510.7911448,377
203972,1780495510.80057,380
203973,1780495510.800576,375
203974,1780495510.800577,380
203975,1780495510.800578,377
203976,1780495510.800579,379
203977,1780495510.80058,377
203978,1780495510.80058,383
203979,1780495510.8005812,384
203980,1780495510.800582,388
203981,1780495510.8005838,389
203982,1780495510.802403,391
203983,1780495510.834616,390
203984,1780495510.834624,397
203985,1780495510.834625,397
203986,1780495510.834626,401
203987,1780495510.834626,400
203988,1780495510.8346272,400
203989,1780495510.834628,399
203990,1780495510.834629,398
203991,1780495510.834629,402
203992,1780495510.834631,395
203993,1780495510.837624,397
203994,1780495510.8405938,397
203995,1780495510.840597,397
203996,1780495510.840598,393
203997,1780495510.840599,397
203998,1780495510.840599,399
203999,1780495510.8406,399
204000,1780495510.8406012,406
204001,1780495510.8406022,405
204002,1780495510.8406029,405
204003,1780495510.8406038,410
204004,1780495510.8431811,413
204005,1780495510.843183,417
204006,1780495510.8431842,414
204007,1780495510.843185,418
204008,1780495510.843186,418
204009,1780495510.8431869,415
204010,1780495510.843188,414
204011,1780495510.843188,413
204012,1780495510.843189,414
204013,1780495510.84319,413
204014,1780495510.8431911,413
204015,1780495510.845709,410
204016,1780495510.845711,409
204017,1780495510.845712,415
204018,1780495510.845713,412
204019,1780495510.845713,414
204020,1780495510.8457139,416
204021,1780495510.845715,417
204022,1780495510.845716,417
204023,1780495510.845717,420
204024,1780495510.845717,423
204025,1780495510.845719,423
204026,1780495510.852308,428
204027,1780495510.852316,423
204028,1780495510.8523169,424
204029,1780495510.852318,422
204030,1780495510.852319,422
204031,1780495510.85232,420
204032,1780495510.852321,425
204033,1780495510.852322,423
204034,1780495510.852323,422
204035,1780495510.8523252,422
204036,1780495510.884692,423
204037,1780495510.8846982,420
204038,1780495510.8846998,421
204039,1780495510.8846998,423
204040,1780495510.884701,424
204041,1780495510.884702,428
204042,1780495510.884703,429
204043,1780495510.884704,429
204044,1780495510.884705,430
204045,1780495510.884705,432
204046,1780495510.884706,436
204047,1780495510.8847082,437
204048,1780495510.888057,434
204049,1780495510.888061,433
204050,1780495510.888062,437
204051,1780495510.888063,435
204052,1780495510.888064,431
204053,1780495510.888064,432
204054,1780495510.888065,428
204055,1780495510.888066,428
204056,1780495510.888067,431
204057,1780495510.8880682,433
204058,1780495510.890517,431
204059,1780495510.8905191,428
204060,1780495510.89052,433
204061,1780495510.890521,435
204062,1780495510.890522,436
204063,1780495510.890523,436
204064,1780495510.890524,439
204065,1780495510.8905249,441
204066,1780495510.8905249,439
204067,1780495510.890527,436
204068,1780495510.893216,440
204069,1780495510.893218,439
204070,1780495510.893219,438
204071,1780495510.8932202,433
204072,1780495510.8932211,435
204073,1780495510.8932211,433
204074,1780495510.8932219,433
204075,1780495510.8932228,433
204076,1780495510.893224,435
204077,1780495510.893225,430
204078,1780495510.893226,430
204079,1780495510.948481,436
204080,1780495510.948488,432
204081,1780495510.948489,437
204082,1780495510.94849,440
204083,1780495510.948491,443
204084,1780495510.948492,440
204085,1780495510.948493,446
204086,1780495510.9484942,446
204087,1780495510.9484951,443
204088,1780495510.9484959,443
204089,1780495510.948498,443
204090,1780495510.951828,441
204091,1780495510.951835,439
204092,1780495510.9518359,440
204093,1780495510.9518368,437
204094,1780495510.951838,436
204095,1780495510.951839,438
204096,1780495510.951841,436
204097,1780495510.951842,438
204098,1780495510.951843,437
204099,1780495510.951844,437
204100,1780495510.954422,444
204101,1780495510.9544241,439
204102,1780495510.954425,442
204103,1780495510.954426,444
204104,1780495510.9544268,442
204105,1780495510.954428,449
204106,1780495510.954429,449
204107,1780495510.9544299,449
204108,1780495510.954431,450
204109,1780495510.954432,449
204110,1780495510.9544342,445
204111,1780495510.957209,443
204112,1780495510.9572108,444
204113,1780495510.957212,439
204114,1780495510.957213,443
204115,1780495510.9572139,443
204116,1780495510.957215,439
204117,1780495510.957216,440
204118,1780495510.957218,445
204119,1780495510.957221,442
204120,1780495510.957222,444
204121,1780495510.957224,445
204122,1780495510.966964,449
204123,1780495510.9669702,446
204124,1780495510.9669719,449
204125,1780495510.9669728,450
204126,1780495510.966974,452
204127,1780495510.966975,452
204128,1780495510.966976,449
204129,1780495510.966978,451
204130,1780495510.966979,453
204131,1780495510.96698,452
204132,1780495510.969449,448
204133,1780495510.969453,448
204134,1780495510.969455,447
204135,1780495510.9694562,444
204136,1780495510.969457,444
204137,1780495510.9694579,443
204138,1780495510.969459,446
204139,1780495510.96946,446
204140,1780495510.969461,452
204141,1780495510.969462,451
204142,1780495510.969464,451
204143,1780495510.97564,450
204144,1780495510.975643,452
204145,1780495510.9756448,457
204146,1780495510.975646,456
204147,1780495510.975647,454
204148,1780495510.975648,458
204149,1780495510.97565,458
204150,1780495510.975651,455
204151,1780495510.975652,453
204152,1780495510.9756532,451
204153,1780495510.9756548,447
204154,1780495510.978175,449
204155,1780495510.978178,448
204156,1780495510.9781802,449
204157,1780495510.9781811,447
204158,1780495510.9781818,450
204159,1780495510.978184,450
204160,1780495510.978185,452
204161,1780495510.978186,452
204162,1780495510.978187,455
204163,1780495510.978189,458
204164,1780495511.0110111,458
204165,1780495511.0110168,460
204166,1780495511.011019,456
204167,1780495511.0110211,457
204168,1780495511.011022,460
204169,1780495511.0110772,457
204170,1780495511.011081,457
204171,1780495511.0110831,457
204172,1780495511.011085,455
204173,1780495511.0110872,454
204174,1780495511.0110888,454
204175,1780495511.011091,453
204176,1780495511.014372,454
204177,1780495511.0143769,454
204178,1780495511.014379,458
204179,1780495511.01438,458
204180,1780495511.0143821,460
204181,1780495511.014384,459
204182,1780495511.014385,463
204183,1780495511.014387,465
204184,1780495511.014388,472
204185,1780495511.014391,468
204186,1780495511.017312,472
204187,1780495511.017317,472
204188,1780495511.0173178,471
204189,1780495511.01732,472
204190,1780495511.017322,474
204191,1780495511.017323,470
204192,1780495511.0173252,473
204193,1780495511.017327,469
204194,1780495511.017328,473
204195,1780495511.017331,468
204196,1780495511.021939,468
204197,1780495511.021943,472
204198,1780495511.021945,472
204199,1780495511.0219462,472
204200,1780495511.0219479,476
204201,1780495511.0219488,477
204202,1780495511.021951,478
204203,1780495511.021953,482
204204,1780495511.021954,483
204205,1780495511.0219572,483
204206,1780495511.024946,484
204207,1780495511.0547001,483
204208,1780495511.054711,479
204209,1780495511.0547142,484
204210,1780495511.0547159,481
204211,1780495511.054719,478
204212,1780495511.054721,481
204213,1780495511.054723,479
204214,1780495511.054726,477
204215,1780495511.054728,479
204216,1780495511.05473,476
204217,1780495511.054734,480
204218,1780495511.058151,480
204219,1780495511.058155,478
204220,1780495511.0581582,479
204221,1780495511.05816,481
204222,1780495511.058162,481
204223,1780495511.058164,486
204224,1780495511.058167,485
204225,1780495511.0581691,487
204226,1780495511.0581708,485
204227,1780495511.058175,486
204228,1780495511.061175,481
204229,1780495511.0611799,483
204230,1780495511.061182,481
204231,1780495511.061184,482
204232,1780495511.061186,478
204233,1780495511.0611892,482
204234,1780495511.0611908,480
204235,1780495511.061193,474
204236,1780495511.061195,473
204237,1780495511.061198,474
204238,1780495511.0612009,475
204239,1780495511.0658062,478
204240,1780495511.065814,480
204241,1780495511.0658162,476
204242,1780495511.065818,481
204243,1780495511.065821,481
204244,1780495511.065823,484
204245,1780495511.065825,483
204246,1780495511.0658271,486
204247,1780495511.065829,482
204248,1780495511.065831,482
204249,1780495511.065835,479
204250,1780495511.095874,482
204251,1780495511.095886,481
204252,1780495511.0958889,478
204253,1780495511.095891,478
204254,1780495511.095894,474
204255,1780495511.095896,472
204256,1780495511.0958989,477
204257,1780495511.095902,476
204258,1780495511.095905,475
204259,1780495511.095909,475
204260,1780495511.0995781,473
204261,1780495511.099602,478
204262,1780495511.099605,475
204263,1780495511.0996082,477
204264,1780495511.09961,478
204265,1780495511.099612,483
204266,1780495511.0996149,483
204267,1780495511.099617,483
204268,1780495511.09962,481
204269,1780495511.0996218,481
204270,1780495511.099626,476
204271,1780495511.102058,481
204272,1780495511.10208,479
204273,1780495511.102083,471
204274,1780495511.102085,472
204275,1780495511.102088,473
204276,1780495511.102091,471
204277,1780495511.102093,468
204278,1780495511.1020958,471
204279,1780495511.102098,473
204280,1780495511.102101,475
204281,1780495511.106386,476
204282,1780495511.106421,476
204283,1780495511.106424,476
204284,1780495511.106427,478
204285,1780495511.1064289,482
204286,1780495511.106432,484
204287,1780495511.106434,481
204288,1780495511.1064372,477
204289,1780495511.1064389,479
204290,1780495511.106442,474
204291,1780495511.106446,475
204292,1780495511.141095,476
204293,1780495511.141141,471
204294,1780495511.1411462,471
204295,1780495511.141149,471
204296,1780495511.141152,467
204297,1780495511.1411562,471
204298,1780495511.1411579,469
204299,1780495511.141161,471
204300,1780495511.141164,474
204301,1780495511.141166,471
204302,1780495511.141171,473
204303,1780495511.144425,478
204304,1780495511.144437,480
204305,1780495511.1444402,477
204306,1780495511.144442,479
204307,1780495511.144444,479
204308,1780495511.144447,478
204309,1780495511.144449,475
204310,1780495511.144452,473
204311,1780495511.144455,472
204312,1780495511.1444569,474
204313,1780495511.1444612,472
204314,1780495511.146821,470
204315,1780495511.146831,468
204316,1780495511.146833,462
204317,1780495511.146836,468
204318,1780495511.1468391,466
204319,1780495511.146841,470
204320,1780495511.146844,470
204321,1780495511.146847,466
204322,1780495511.14685,469
204323,1780495511.1468532,468
204324,1780495511.149483,474
204325,1780495511.1495,478
204326,1780495511.149503,478
204327,1780495511.1495051,472
204328,1780495511.149508,473
204329,1780495511.14951,470
204330,1780495511.149513,469
204331,1780495511.149515,472
204332,1780495511.149518,464
204333,1780495511.1495209,464
204334,1780495511.149524,464
204335,1780495511.181268,460
204336,1780495511.181292,458
204337,1780495511.1812968,460
204338,1780495511.1813,457
204339,1780495511.181303,457
204340,1780495511.1813061,457
204341,1780495511.18131,461
204342,1780495511.181312,463
204343,1780495511.1813152,461
204344,1780495511.1813178,465
204345,1780495511.181323,457
204346,1780495511.185741,463
204347,1780495511.185757,463
204348,1780495511.18576,464
204349,1780495511.1857622,460
204350,1780495511.185764,457
204351,1780495511.185766,454
204352,1780495511.185768,452
204353,1780495511.18577,449
204354,1780495511.185772,450
204355,1780495511.185775,448
204356,1780495511.18817,452
204357,1780495511.1881752,447
204358,1780495511.1881769,448
204359,1780495511.188179,446
204360,1780495511.188181,448
204361,1780495511.188183,448
204362,1780495511.188185,448
204363,1780495511.188187,449
204364,1780495511.1881878,449
204365,1780495511.18819,451
204366,1780495511.188193,453
204367,1780495511.191894,448
204368,1780495511.191898,449
204369,1780495511.191901,451
204370,1780495511.1919029,446
204371,1780495511.191904,443
204372,1780495511.191906,439
204373,1780495511.1919081,441
204374,1780495511.1919098,440
204375,1780495511.191912,437
204376,1780495511.191915,437
204377,1780495511.194887,439
204378,1780495511.253348,437
204379,1780495511.253354,437
204380,1780495511.253355,436
204381,1780495511.253356,439
204382,1780495511.2533572,438
204383,1780495511.2533581,441
204384,1780495511.253359,440
204385,1780495511.25336,438
204386,1780495511.253361,440
204387,1780495511.253362,441
204388,1780495511.257225,440
204389,1780495511.257227,437
204390,1780495511.2572281,434
204391,1780495511.257229,430
204392,1780495511.25723,432
204393,1780495511.257231,432
204394,1780495511.257232,429
204395,1780495511.257232,427
204396,1780495511.257233,425
204397,1780495511.2572339,427
204398,1780495511.257235,426
204399,1780495511.260559,427
204400,1780495511.260563,428
204401,1780495511.2605639,427
204402,1780495511.260565,426
204403,1780495511.260566,428
204404,1780495511.260567,428
204405,1780495511.2605681,431
204406,1780495511.2605681,432
204407,1780495511.260569,427
204408,1780495511.26057,426
204409,1780495511.2605708,427
204410,1780495511.263148,422
204411,1780495511.2631512,420
204412,1780495511.2631521,422
204413,1780495511.2631528,415
204414,1780495511.263154,416
204415,1780495511.263155,417
204416,1780495511.263156,412
204417,1780495511.263157,416
204418,1780495511.263157,411
204419,1780495511.2631612,413
204420,1780495511.265617,411
204421,1780495511.26562,416
204422,1780495511.26562,417
204423,1780495511.265621,415
204424,1780495511.265622,414
204425,1780495511.265623,415
204426,1780495511.26563,414
204427,1780495511.265631,412
204428,1780495511.265632,413
204429,1780495511.265633,409
204430,1780495511.265634,411
204431,1780495511.26809,406
204432,1780495511.2680929,402
204433,1780495511.268094,404
204434,1780495511.268095,401
204435,1780495511.268096,400
204436,1780495511.268097,398
204437,1780495511.268097,397
204438,1780495511.268098,394
204439,1780495511.268099,394
204440,1780495511.2681,394
204441,1780495511.2681012,397
204442,1780495511.3046021,397
204443,1780495511.304607,394
204444,1780495511.304608,396
204445,1780495511.304609,400
204446,1780495511.30461,398
204447,1780495511.304611,395
204448,1780495511.3046122,396
204449,1780495511.3046122,389
204450,1780495511.304613,389
204451,1780495511.304615,385
204452,1780495511.3081129,385
204453,1780495511.308115,385
204454,1780495511.308116,380
204455,1780495511.308117,379
204456,1780495511.308118,377
204457,1780495511.308119,375
204458,1780495511.30812,377
204459,1780495511.3081212,374
204460,1780495511.3081212,376
204461,1780495511.3081222,372
204462,1780495511.3081229,374
204463,1780495511.3105159,374
204464,1780495511.310518,376
204465,1780495511.310519,375
204466,1780495511.3105202,373
204467,1780495511.3105211,375
204468,1780495511.3105211,372
204469,1780495511.310522,368
204470,1780495511.3105228,366
204471,1780495511.310524,362
204472,1780495511.310525,356
204473,1780495511.310526,357
204474,1780495511.313003,355
204475,1780495511.313005,355
204476,1780495511.3130062,350
204477,1780495511.313007,350
204478,1780495511.313008,350
204479,1780495511.313008,350
204480,1780495511.3130088,349
204481,1780495511.31301,352
204482,1780495511.313011,349
204483,1780495511.313012,350
204484,1780495511.316094,346
204485,1780495511.316096,350
204486,1780495511.316096,346
204487,1780495511.316097,346
204488,1780495511.316098,342
204489,1780495511.3160992,341
204490,1780495511.3161001,338
204491,1780495511.3161001,334
204492,1780495511.316101,333
204493,1780495511.3161018,329
204494,1780495511.316103,326
204495,1780495511.340634,323
204496,1780495511.3406389,321
204497,1780495511.34064,321
204498,1780495511.340641,321
204499,1780495511.340642,318
204500,1780495511.3406432,319
204501,1780495511.3406441,315
204502,1780495511.3406441,315
204503,1780495511.340645,316
204504,1780495511.3406458,317
204505,1780495511.340648,316
204506,1780495511.3430731,316
204507,1780495511.343075,312
204508,1780495511.343076,310
204509,1780495511.3430772,305
204510,1780495511.3430772,306
204511,1780495511.343078,298
204512,1780495511.3430789,301
204513,1780495511.34308,299
204514,1780495511.343081,292
204515,1780495511.343082,292
204516,1780495511.3460312,288
204517,1780495511.3460329,289
204518,1780495511.3460338,288
204519,1780495511.3460338,283
204520,1780495511.346035,288
204521,1780495511.346036,280
204522,1780495511.346037,280
204523,1780495511.346038,284
204524,1780495511.346038,282
204525,1780495511.346039,280
204526,1780495511.34604,278
204527,1780495511.379664,277
204528,1780495511.379669,276
204529,1780495511.37967,268
204530,1780495511.379671,265
204531,1780495511.379672,264
204532,1780495511.379673,259
204533,1780495511.3796742,258
204534,1780495511.379675,255
204535,1780495511.3796759,250
204536,1780495511.379678,247
204537,1780495511.382257,247
204538,1780495511.384319,245
204539,1780495511.3843222,241
204540,1780495511.3843231,241
204541,1780495511.384324,240
204542,1780495511.384325,237
204543,1780495511.384332,238
204544,1780495511.3843331,235
204545,1780495511.384334,234
204546,1780495511.384334,233
204547,1780495511.3843358,230
204548,1780495511.38682,229
204549,1780495511.386822,222
204550,1780495511.386823,220
204551,1780495511.386824,213
204552,1780495511.3868248,210
204553,1780495511.386826,208
204554,1780495511.386827,199
204555,1780495511.386828,200
204556,1780495511.3868291,197
204557,1780495511.3868291,193
204558,1780495511.38683,192
204559,1780495511.389424,189
204560,1780495511.389428,186
204561,1780495511.389429,183
204562,1780495511.38943,182
204563,1780495511.389431,176
204564,1780495511.389432,176
204565,1780495511.3894331,176
204566,1780495511.389434,172
204567,1780495511.3894348,168
204568,1780495511.3894348,164
204569,1780495511.389437,159
204570,1780495511.396518,156
204571,1780495511.39652,152
204572,1780495511.3965209,146
204573,1780495511.396522,142
204574,1780495511.396523,138
204575,1780495511.396524,132
204576,1780495511.3965251,128
204577,1780495511.396527,123
204578,1780495511.3965282,118
204579,1780495511.396529,116
204580,1780495511.428384,110
204581,1780495511.428389,109
204582,1780495511.428391,105
204583,1780495511.428392,100
204584,1780495511.428393,101
204585,1780495511.428395,96
204586,1780495511.428396,92
204587,1780495511.428397,88
204588,1780495511.4283981,85
204589,1780495511.428399,79
204590,1780495511.428402,71
204591,1780495511.4319072,68
204592,1780495511.431912,64
204593,1780495511.431914,59
204594,1780495511.431915,55
204595,1780495511.431917,48
204596,1780495511.4319181,44
204597,1780495511.43192,38
204598,1780495511.431921,35
204599,1780495511.431923,32
204600,1780495511.4319239,33
204601,1780495511.431926,32
204602,1780495511.434315,32
204603,1780495511.434318,32
204604,1780495511.434319,33
204605,1780495511.434321,33
204606,1780495511.4343219,31
204607,1780495511.4343228,33
204608,1780495511.434325,32
204609,1780495511.434326,31
204610,1780495511.4343271,31
204611,1780495511.434329,32
204612,1780495511.437303,31
204613,1780495511.437305,32
204614,1780495511.437307,33
204615,1780495511.4373078,32
204616,1780495511.43731,31
204617,1780495511.437311,32
204618,1780495511.437312,33
204619,1780495511.437314,33
204620,1780495511.437315,32
204621,1780495511.4373162,32
204622,1780495511.4373178,31
204623,1780495511.469779,32
204624,1780495511.46979,32
204625,1780495511.469793,32
204626,1780495511.469794,32
204627,1780495511.4697962,32
204628,1780495511.4697978,33
204629,1780495511.4698,32
204630,1780495511.469802,32
204631,1780495511.469804,32
204632,1780495511.4698062,31
204633,1780495511.4698088,32
204634,1780495511.473124,33
204635,1780495511.473135,32
204636,1780495511.473137,31
204637,1780495511.473139,31
204638,1780495511.473141,32
204639,1780495511.473143,32
204640,1780495511.473145,33
204641,1780495511.4731588,33
204642,1780495511.473163,32
204643,1780495511.473168,33
204644,1780495511.475702,32
204645,1780495511.475706,33
204646,1780495511.475708,31
204647,1780495511.47571,31
204648,1780495511.475712,32
204649,1780495511.475714,32
204650,1780495511.4757152,32
204651,1780495511.475717,32
204652,1780495511.475719,31
204653,1780495511.475721,32
204654,1780495511.475724,33
204655,1780495511.505847,32
204656,1780495511.505861,32
204657,1780495511.505866,31
204658,1780495511.5058692,32
204659,1780495511.5058718,32
204660,1780495511.505876,33
204661,1780495511.505879,32
204662,1780495511.505882,31
204663,1780495511.505885,32
204664,1780495511.5058901,32
204665,1780495511.508652,32
204666,1780495511.511186,32
204667,1780495511.511204,31
204668,1780495511.5112069,30
204669,1780495511.511212,32
204670,1780495511.5112152,32
204671,1780495511.5112178,31
204672,1780495511.51122,32
204673,1780495511.511223,32
204674,1780495511.511225,32
204675,1780495511.511229,32
204676,1780495511.55097,31
204677,1780495511.550994,32
204678,1780495511.550997,32
204679,1780495511.551,32
204680,1780495511.551003,31
204681,1780495511.5510058,32
204682,1780495511.551008,32
204683,1780495511.551011,32
204684,1780495511.551014,32
204685,1780495511.5510159,32
204686,1780495511.5510201,33
204687,1780495511.554423,30
204688,1780495511.554432,32
204689,1780495511.554435,31
204690,1780495511.5544379,33
204691,1780495511.554441,31
204692,1780495511.5544431,32
204693,1780495511.554446,32
204694,1780495511.554451,31
204695,1780495511.554453,33
204696,1780495511.554456,32
204697,1780495511.5544589,32
204698,1780495511.557356,32
204699,1780495511.5573702,31
204700,1780495511.557377,32
204701,1780495511.557395,32
204702,1780495511.5574012,32
204703,1780495511.557406,31
204704,1780495511.5574121,33
204705,1780495511.557419,31
204706,1780495511.557424,33
204707,1780495511.55743,32
204708,1780495511.568444,33
204709,1780495511.568484,33
204710,1780495511.568494,33
204711,1780495511.5684988,32
204712,1780495511.568504,32
204713,1780495511.56851,32
204714,1780495511.568515,32
204715,1780495511.5685198,32
204716,1780495511.568525,32
204717,1780495511.568533,31
204718,1780495511.5685399,32
204719,1780495511.5711958,32
204720,1780495511.57121,33
204721,1780495511.5712168,32
204722,1780495511.571222,33
204723,1780495511.571284,33
204724,1780495511.57129,31
204725,1780495511.571296,32
204726,1780495511.5713012,32
204727,1780495511.571306,32
204728,1780495511.571311,31
204729,1780495511.571318,31
204730,1780495511.57565,32
204731,1780495511.57566,32
204732,1780495511.575665,31
204733,1780495511.575669,32
204734,1780495511.5756748,32
204735,1780495511.575681,32
204736,1780495511.575688,32
204737,1780495511.5756931,31
204738,1780495511.575698,33
204739,1780495511.575705,33
204740,1780495511.57828,32
204741,1780495511.578288,32
204742,1780495511.578291,31
204743,1780495511.5783,31
204744,1780495511.578302,31
204745,1780495511.578306,32
204746,1780495511.578316,31
204747,1780495511.578323,31
204748,1780495511.578337,32
204749,1780495511.578342,32
204750,1780495511.578346,32
204751,1780495511.580805,33
204752,1780495511.580818,32
204753,1780495511.580821,31
204754,1780495511.5808241,32
204755,1780495511.580826,32
204756,1780495511.580829,31
204757,1780495511.580832,31
204758,1780495511.580835,33
204759,1780495511.580837,33
204760,1780495511.5808399,33
204761,1780495511.5808482,32
204762,1780495511.611068,32
204763,1780495511.611094,31
204764,1780495511.6111,32
204765,1780495511.6111062,31
204766,1780495511.611111,33
204767,1780495511.611116,33
204768,1780495511.6111228,32
204769,1780495511.611129,32
204770,1780495511.611134,32
204771,1780495511.6111429,32
204772,1780495511.6144881,33
204773,1780495511.614507,32
204774,1780495511.6145139,32
204775,1780495511.6145191,32
204776,1780495511.614524,32
204777,1780495511.6145291,33
204778,1780495511.614534,31
204779,1780495511.61454,32
204780,1780495511.6145449,32
204781,1780495511.61455,32
204782,1780495511.6145558,32
204783,1780495511.6173792,32
204784,1780495511.617394,32
204785,1780495511.617399,32
204786,1780495511.61742,32
204787,1780495511.617425,32
204788,1780495511.6174421,31
204789,1780495511.617446,32
204790,1780495511.61745,31
204791,1780495511.617453,32
204792,1780495511.617457,32
204793,1780495511.617462,32
204794,1780495511.6207411,31
204795,1780495511.6207502,32
204796,1780495511.620754,31
204797,1780495511.620757,32
204798,1780495511.6207612,31
204799,1780495511.620765,32
204800,1780495511.62077,32
204801,1780495511.6207738,33
204802,1780495511.620777,33
204803,1780495511.6207821,33
204804,1780495511.650953,31
204805,1780495511.6509628,31
204806,1780495511.650966,32
204807,1780495511.650968,31
204808,1780495511.650969,33
204809,1780495511.650971,32
204810,1780495511.6509728,32
204811,1780495511.650975,32
204812,1780495511.6509771,32
204813,1780495511.650979,31
204814,1780495511.65098,32
204815,1780495511.650984,32
204816,1780495511.654347,32
204817,1780495511.654352,31
204818,1780495511.6543539,33
204819,1780495511.654356,32
204820,1780495511.654357,32
204821,1780495511.654359,32
204822,1780495511.65436,33
204823,1780495511.6543622,31
204824,1780495511.654363,32
204825,1780495511.654366,31
204826,1780495511.6569228,33
204827,1780495511.656926,31
204828,1780495511.656928,31
204829,1780495511.65693,31
204830,1780495511.656932,32
204831,1780495511.656933,32
204832,1780495511.656935,32
204833,1780495511.656938,33
204834,1780495511.65694,32
204835,1780495511.6569421,32
204836,1780495511.661078,33
204837,1780495511.661082,33
204838,1780495511.661083,32
204839,1780495511.661085,32
204840,1780495511.661087,32
204841,1780495511.661089,32
204842,1780495511.6610901,31
204843,1780495511.661092,32
204844,1780495511.6610932,33
204845,1780495511.6610959,32
204846,1780495511.66606,32
204847,1780495511.69577,32
204848,1780495511.695777,32
204849,1780495511.6957781,32
204850,1780495511.695779,32
204851,1780495511.69578,32
204852,1780495511.6957812,32
204853,1780495511.695782,32
204854,1780495511.695783,34
204855,1780495511.695789,33
204856,1780495511.695791,33
204857,1780495511.6985018,32
204858,1780495511.7005389,33
204859,1780495511.700542,32
204860,1780495511.700543,32
204861,1780495511.700544,33
204862,1780495511.700544,32
204863,1780495511.700545,33
204864,1780495511.700546,32
204865,1780495511.700547,33
204866,1780495511.7005482,31
204867,1780495511.7005498,32
204868,1780495511.7030559,31
204869,1780495511.703059,33
204870,1780495511.70306,33
204871,1780495511.703061,32
204872,1780495511.703062,31
204873,1780495511.703063,32
204874,1780495511.703064,33
204875,1780495511.7030652,33
204876,1780495511.703066,32
204877,1780495511.7030668,33
204878,1780495511.703068,31
204879,1780495511.706016,32
204880,1780495511.706018,31
204881,1780495511.7060192,32
204882,1780495511.70602,31
204883,1780495511.706021,33
204884,1780495511.7060218,33
204885,1780495511.7060218,32
204886,1780495511.706023,32
204887,1780495511.706024,33
204888,1780495511.706025,33
204889,1780495511.706026,31
204890,1780495511.739546,32
204891,1780495511.739549,33
204892,1780495511.7395499,31
204893,1780495511.7395499,32
204894,1780495511.739551,32
204895,1780495511.739552,33
204896,1780495511.739553,32
204897,1780495511.7395542,32
204898,1780495511.7395551,33
204899,1780495511.739556,32
204900,1780495511.739557,33
204901,1780495511.743068,32
204902,1780495511.743071,31
204903,1780495511.743071,31
204904,1780495511.743072,32
204905,1780495511.743073,31
204906,1780495511.743074,32
204907,1780495511.7430751,31
204908,1780495511.7430751,31
204909,1780495511.743076,31
204910,1780495511.743077,32
204911,1780495511.745645,31
204912,1780495511.7456472,31
204913,1780495511.7456481,32
204914,1780495511.7456489,33
204915,1780495511.7456498,31
204916,1780495511.745651,32
204917,1780495511.745652,32
204918,1780495511.745652,31
204919,1780495511.745653,32
204920,1780495511.745654,32
204921,1780495511.745655,32
204922,1780495511.749412,33
204923,1780495511.749413,33
204924,1780495511.749418,32
204925,1780495511.749419,33
204926,1780495511.749419,32
204927,1780495511.74942,32
204928,1780495511.7494211,32
204929,1780495511.749422,32
204930,1780495511.749423,32
204931,1780495511.7494242,32
204932,1780495511.781143,31
204933,1780495511.7811468,32
204934,1780495511.781148,32
204935,1780495511.781149,31
204936,1780495511.7811499,32
204937,1780495511.781151,33
204938,1780495511.781152,33
204939,1780495511.781153,32
204940,1780495511.781153,32
204941,1780495511.7811542,31
204942,1780495511.781156,32
204943,1780495511.785621,33
204944,1780495511.785624,32
204945,1780495511.785625,31
204946,1780495511.7856262,32
204947,1780495511.7856262,31
204948,1780495511.785627,32
204949,1780495511.7856278,32
204950,1780495511.785629,32
204951,1780495511.785629,32
204952,1780495511.78563,32
204953,1780495511.785631,33
204954,1780495511.788094,31
204955,1780495511.788096,33
204956,1780495511.7880971,32
204957,1780495511.788098,33
204958,1780495511.788099,33
204959,1780495511.7881,32
204960,1780495511.7881,32
204961,1780495511.7881012,33
204962,1780495511.788102,31
204963,1780495511.7881029,32
204964,1780495511.7905228,32
204965,1780495511.790525,32
204966,1780495511.790525,31
204967,1780495511.790526,31
204968,1780495511.7905269,33
204969,1780495511.790528,32
204970,1780495511.790529,31
204971,1780495511.790529,32
204972,1780495511.79053,32
204973,1780495511.7905312,31
204974,1780495511.792355,31
204975,1780495511.853441,31
204976,1780495511.853448,33
204977,1780495511.8534489,31
204978,1780495511.853451,32
204979,1780495511.853452,32
204980,1780495511.8534532,31
204981,1780495511.853454,33
204982,1780495511.853455,33
204983,1780495511.8534558,33
204984,1780495511.853457,32
204985,1780495511.853458,31
204986,1780495511.85346,32
204987,1780495511.857244,33
204988,1780495511.857246,31
204989,1780495511.8572469,31
204990,1780495511.857248,32
204991,1780495511.857249,31
204992,1780495511.8572512,33
204993,1780495511.8572521,32
204994,1780495511.857253,32
204995,1780495511.8572538,32
204996,1780495511.8606231,31
204997,1780495511.860626,33
204998,1780495511.860627,33
204999,1780495511.860628,33
205000,1780495511.860629,32
205001,1780495511.86063,32
205002,1780495511.860631,31
205003,1780495511.8606322,33
205004,1780495511.860634,32
205005,1780495511.8606348,32
205006,1780495511.860637,33
205007,1780495511.8631208,32
205008,1780495511.863125,31
205009,1780495511.863126,33
205010,1780495511.863127,32
205011,1780495511.8631291,32
205012,1780495511.86313,33
205013,1780495511.8631308,31
205014,1780495511.863132,33
205015,1780495511.863133,32
205016,1780495511.8631349,33
205017,1780495511.863137,31
205018,1780495511.8655858,34
205019,1780495511.865589,31
205020,1780495511.865591,33
205021,1780495511.865592,32
205022,1780495511.8655932,32
205023,1780495511.8655941,32
205024,1780495511.8655958,32
205025,1780495511.865598,31
205026,1780495511.865599,32
205027,1780495511.865601,32
205028,1780495511.868311,32
205029,1780495511.868317,32
205030,1780495511.868321,33
205031,1780495511.8683221,31
205032,1780495511.8683252,32
205033,1780495511.868327,32
205034,1780495511.8683321,31
205035,1780495511.868333,31
205036,1780495511.868337,31
205037,1780495511.86834,33
205038,1780495511.868344,31
205039,1780495511.8711622,32
205040,1780495511.871165,31
205041,1780495511.871167,32
205042,1780495511.871169,33
205043,1780495511.87117,33
205044,1780495511.871171,32
205045,1780495511.8711731,33
205046,1780495511.8711739,32
205047,1780495511.8711748,34
205048,1780495511.871177,32
205049,1780495511.875649,32
205050,1780495511.8756511,32
205051,1780495511.875653,32
205052,1780495511.875654,31
205053,1780495511.875655,32
205054,1780495511.875656,32
205055,1780495511.875658,33
205056,1780495511.875659,33
205057,1780495511.87566,34
205058,1780495511.8756611,32
205059,1780495511.875663,32
205060,1780495511.905893,32
205061,1780495511.905899,32
205062,1780495511.905901,32
205063,1780495511.9059021,33
205064,1780495511.905904,32
205065,1780495511.905906,32
205066,1780495511.905907,34
205067,1780495511.905909,32
205068,1780495511.90591,32
205069,1780495511.9059122,31
205070,1780495511.9059148,33
205071,1780495511.909384,32
205072,1780495511.909387,32
205073,1780495511.909389,33
205074,1780495511.90939,33
205075,1780495511.9093919,33
205076,1780495511.909394,32
205077,1780495511.909395,33
205078,1780495511.909397,32
205079,1780495511.909398,32
205080,1780495511.9094,31
205081,1780495511.9094028,33
205082,1780495511.911946,33
205083,1780495511.9119492,31
205084,1780495511.911951,31
205085,1780495511.911953,31
205086,1780495511.911954,31
205087,1780495511.911956,33
205088,1780495511.911957,33
205089,1780495511.911959,33
205090,1780495511.911961,32
205091,1780495511.911963,32
205092,1780495511.961256,31
205093,1780495511.961277,32
205094,1780495511.961281,32
205095,1780495511.9612842,32
205096,1780495511.9612858,32
205097,1780495511.961289,32
205098,1780495511.961292,32
205099,1780495511.9612942,32
205100,1780495511.9612968,32
205101,1780495511.9613,33
205102,1780495511.961304,33
205103,1780495511.965705,32
205104,1780495511.9657228,33
205105,1780495511.965727,32
205106,1780495511.96573,31
205107,1780495511.965732,32
205108,1780495511.965735,32
205109,1780495511.965738,32
205110,1780495511.96574,32
205111,1780495511.965743,33
205112,1780495511.965745,32
205113,1780495511.965749,31
205114,1780495511.968093,32
205115,1780495511.968103,32
205116,1780495511.968106,32
205117,1780495511.9681091,33
205118,1780495511.968111,31
205119,1780495511.968114,32
205120,1780495511.968117,31
205121,1780495511.9681191,32
205122,1780495511.968122,32
205123,1780495511.9681249,30
205124,1780495511.970592,31
205125,1780495511.970876,32
205126,1780495511.970885,32
205127,1780495511.970888,32
205128,1780495511.9708989,32
205129,1780495511.970964,32
205130,1780495511.970968,33
205131,1780495511.9709718,32
205132,1780495511.970975,33
205133,1780495511.970979,32
205134,1780495511.970983,31
205135,1780495511.973234,32
205136,1780495511.973254,31
205137,1780495511.973257,32
205138,1780495511.97326,31
205139,1780495511.973262,33
205140,1780495511.973264,33
205141,1780495511.9732668,32
205142,1780495511.973269,31
205143,1780495511.973272,30
205144,1780495511.9732742,30
205145,1780495511.9732769,32
205146,1780495511.976202,33
205147,1780495511.976219,32
205148,1780495511.976222,32
205149,1780495511.9762251,32
205150,1780495511.976228,32
205151,1780495511.97623,31
205152,1780495511.976233,33
205153,1780495511.976237,32
205154,1780495511.9762402,33
205155,1780495511.976244,32
205156,1780495511.983296,32
205157,1780495511.983319,33
205158,1780495511.9833221,31
205159,1780495511.983325,33
205160,1780495511.983328,32
205161,1780495511.98333,32
205162,1780495511.983333,32
205163,1780495511.983336,32
205164,1780495511.983339,32
205165,1780495511.9833422,31
205166,1780495511.983346,32
205167,1780495512.013342,32
205168,1780495512.0133681,33
205169,1780495512.013372,32
205170,1780495512.013375,32
205171,1780495512.013377,32
205172,1780495512.01338,33
205173,1780495512.013383,32
205174,1780495512.013385,32
205175,1780495512.013388,32
205176,1780495512.01339,32
205177,1780495512.0133948,32
205178,1780495512.016929,32
205179,1780495512.016953,32
205180,1780495512.0169559,32
205181,1780495512.016958,33
205182,1780495512.016961,32
205183,1780495512.016963,32
205184,1780495512.0169659,32
205185,1780495512.016969,32
205186,1780495512.016971,32
205187,1780495512.016974,31
205188,1780495512.019514,32
205189,1780495512.0195389,33
205190,1780495512.019542,33
205191,1780495512.019545,32
205192,1780495512.019548,32
205193,1780495512.0195498,31
205194,1780495512.019553,32
205195,1780495512.019555,33
205196,1780495512.0195572,31
205197,1780495512.0195599,31
205198,1780495512.019563,32
205199,1780495512.0270941,33
205200,1780495512.0271208,32
205201,1780495512.027124,32
205202,1780495512.027127,33
205203,1780495512.0271308,31
205204,1780495512.027134,31
205205,1780495512.027137,32
205206,1780495512.0271401,32
205207,1780495512.027143,32
205208,1780495512.027146,31
205209,1780495512.027151,32
205210,1780495512.057444,32
205211,1780495512.057504,31
205212,1780495512.057524,32
205213,1780495512.057724,33
205214,1780495512.058159,32
205215,1780495512.0581708,32
205216,1780495512.058188,31
205217,1780495512.058291,30
205218,1780495512.058301,31
205219,1780495512.0583081,32
205220,1780495512.0607731,32
205221,1780495512.060788,32
205222,1780495512.0607932,32
205223,1780495512.060797,32
205224,1780495512.060801,33
205225,1780495512.060805,33
205226,1780495512.060809,33
205227,1780495512.060813,33
205228,1780495512.060817,31
205229,1780495512.060821,31
205230,1780495512.060826,32
205231,1780495512.063136,32
205232,1780495512.063144,33
205233,1780495512.063148,31
205234,1780495512.0631511,33
205235,1780495512.063154,32
205236,1780495512.063157,32
205237,1780495512.0631602,30
205238,1780495512.0631628,32
205239,1780495512.063166,32
205240,1780495512.063169,32
205241,1780495512.063173,32
205242,1780495512.0657039,32
205243,1780495512.0657122,32
205244,1780495512.0657148,32
205245,1780495512.06572,32
205246,1780495512.065724,31
205247,1780495512.065728,32
205248,1780495512.0657332,32
205249,1780495512.065737,32
205250,1780495512.065741,32
205251,1780495512.0657449,32
205252,1780495512.095909,32
205253,1780495512.095917,32
205254,1780495512.0959191,32
205255,1780495512.0959208,32
205256,1780495512.095923,33
205257,1780495512.095925,31
205258,1780495512.095927,32
205259,1780495512.09593,32
205260,1780495512.095932,32
205261,1780495512.095934,31
205262,1780495512.095938,32
205263,1780495512.099398,32
205264,1780495512.099404,32
205265,1780495512.099406,32
205266,1780495512.099408,32
205267,1780495512.0994098,32
205268,1780495512.099412,31
205269,1780495512.099414,31
205270,1780495512.099416,33
205271,1780495512.0994182,33
205272,1780495512.0994189,31
205273,1780495512.099422,31
205274,1780495512.101913,33
205275,1780495512.101917,33
205276,1780495512.101919,31
205277,1780495512.101921,33
205278,1780495512.101923,32
205279,1780495512.1019242,31
205280,1780495512.1019258,34
205281,1780495512.101928,32
205282,1780495512.10193,31
205283,1780495512.101933,32
205284,1780495512.152044,32
205285,1780495512.152048,33
205286,1780495512.15205,31
205287,1780495512.15205,33
205288,1780495512.152051,31
205289,1780495512.152052,33
205290,1780495512.1520529,32
205291,1780495512.152054,32
205292,1780495512.152055,31
205293,1780495512.152056,33
205294,1780495512.154751,33
205295,1780495512.159363,33
205296,1780495512.1593668,32
205297,1780495512.159368,31
205298,1780495512.159369,30
205299,1780495512.15937,32
205300,1780495512.15937,32
205301,1780495512.159371,32
205302,1780495512.159372,31
205303,1780495512.159373,31
205304,1780495512.159374,33
205305,1780495512.1593752,31
205306,1780495512.161803,33
205307,1780495512.1618052,32
205308,1780495512.161806,32
205309,1780495512.161807,32
205310,1780495512.1618078,31
205311,1780495512.1618078,31
205312,1780495512.161809,32
205313,1780495512.16181,32
205314,1780495512.1618109,32
205315,1780495512.161813,33
205316,1780495512.164385,32
205317,1780495512.164387,32
205318,1780495512.1643882,33
205319,1780495512.1643891,33
205320,1780495512.1643898,32
205321,1780495512.1643898,32
205322,1780495512.1643908,33
205323,1780495512.164392,31
205324,1780495512.164393,31
205325,1780495512.164393,34
205326,1780495512.164395,32
205327,1780495512.166867,31
205328,1780495512.166869,32
205329,1780495512.16687,33
205330,1780495512.166871,32
205331,1780495512.166872,32
205332,1780495512.166873,31
205333,1780495512.1668742,32
205334,1780495512.166875,33
205335,1780495512.166875,32
205336,1780495512.1668758,32
205337,1780495512.166878,32
205338,1780495512.169226,33
205339,1780495512.169228,32
205340,1780495512.169229,32
205341,1780495512.169229,32
205342,1780495512.16923,32
205343,1780495512.1692312,33
205344,1780495512.169232,32
205345,1780495512.1692328,32
205346,1780495512.169234,31
205347,1780495512.169234,32
205348,1780495512.169236,33
205349,1780495512.1722639,32
205350,1780495512.172267,32
205351,1780495512.172268,32
205352,1780495512.172269,31
205353,1780495512.17227,33
205354,1780495512.172271,32
205355,1780495512.1722722,31
205356,1780495512.1722722,32
205357,1780495512.172273,33
205358,1780495512.1722739,32
205359,1780495512.204566,33
205360,1780495512.20457,32
205361,1780495512.2045708,32
205362,1780495512.204572,32
205363,1780495512.204573,33
205364,1780495512.2045739,33
205365,1780495512.2045739,32
205366,1780495512.204575,33
205367,1780495512.204576,31
205368,1780495512.204577,31
205369,1780495512.2045782,32
205370,1780495512.208021,33
205371,1780495512.208023,33
205372,1780495512.208024,31
205373,1780495512.208025,32
205374,1780495512.2080262,31
205375,1780495512.208027,32
205376,1780495512.208027,33
205377,1780495512.2080278,32
205378,1780495512.208029,33
205379,1780495512.20803,33
205380,1780495512.2107189,33
205381,1780495512.21072,32
205382,1780495512.210721,33
205383,1780495512.210722,32
205384,1780495512.2107232,31
205385,1780495512.210724,32
205386,1780495512.210725,32
205387,1780495512.210725,33
205388,1780495512.2107258,32
205389,1780495512.210727,32
205390,1780495512.210728,32
205391,1780495512.243139,31
205392,1780495512.243144,33
205393,1780495512.243145,32
205394,1780495512.243146,32
205395,1780495512.243147,32
205396,1780495512.243148,32
205397,1780495512.243149,33
205398,1780495512.24315,32
205399,1780495512.2431512,32
205400,1780495512.2431512,32
205401,1780495512.2431529,33
205402,1780495512.2455091,32
205403,1780495512.2455099,32
205404,1780495512.2455108,32
205405,1780495512.245512,32
205406,1780495512.245513,32
205407,1780495512.245514,32
205408,1780495512.245515,31
205409,1780495512.245516,31
205410,1780495512.245516,31
205411,1780495512.245518,33
205412,1780495512.2481332,32
205413,1780495512.2481349,32
205414,1780495512.2481349,32
205415,1780495512.248136,33
205416,1780495512.248137,32
205417,1780495512.248138,33
205418,1780495512.248139,32
205419,1780495512.24814,32
205420,1780495512.248141,32
205421,1780495512.248141,32
205422,1780495512.2481432,32
205423,1780495512.250635,31
205424,1780495512.2506392,32
205425,1780495512.2506409,31
205426,1780495512.2506409,31
205427,1780495512.2506418,33
205428,1780495512.250643,32
205429,1780495512.250644,31
205430,1780495512.250645,31
205431,1780495512.250646,32
205432,1780495512.250646,32
205433,1780495512.288361,32
205434,1780495512.2883651,33
205435,1780495512.288366,32
205436,1780495512.288367,32
205437,1780495512.2883682,33
205438,1780495512.288369,32
205439,1780495512.28837,31
205440,1780495512.288372,33
205441,1780495512.288373,32
205442,1780495512.288374,32
205443,1780495512.2883751,32
205444,1780495512.2922492,32
205445,1780495512.2922518,32
205446,1780495512.292254,31
205447,1780495512.292255,32
205448,1780495512.292256,33
205449,1780495512.292256,31
205450,1780495512.292258,32
205451,1780495512.292259,33
205452,1780495512.2922602,32
205453,1780495512.2922611,32
205454,1780495512.2922618,32
205455,1780495512.295605,32
205456,1780495512.295607,32
205457,1780495512.295608,32
205458,1780495512.295609,32
205459,1780495512.2956102,32
205460,1780495512.295611,31
205461,1780495512.2956119,32
205462,1780495512.2956128,31
205463,1780495512.295614,32
205464,1780495512.295615,32
205465,1780495512.295617,32
205466,1780495512.298136,32
205467,1780495512.298141,32
205468,1780495512.298143,31
205469,1780495512.298144,32
205470,1780495512.298145,32
205471,1780495512.298146,31
205472,1780495512.298147,32
205473,1780495512.2981482,32
205474,1780495512.2981498,32
205475,1780495512.2981582,33
205476,1780495512.300679,32
205477,1780495512.300682,32
205478,1780495512.300683,31
205479,1780495512.300684,32
205480,1780495512.3006852,33
205481,1780495512.300687,32
205482,1780495512.3006878,32
205483,1780495512.300689,31
205484,1780495512.30069,34
205485,1780495512.300691,32
205486,1780495512.300693,32
205487,1780495512.339694,33
205488,1780495512.3397,31
205489,1780495512.339703,32
205490,1780495512.339705,33
205491,1780495512.3397062,31
205492,1780495512.3397079,33
205493,1780495512.339709,31
205494,1780495512.339711,31
205495,1780495512.339713,33
205496,1780495512.339714,31
205497,1780495512.3397162,31
205498,1780495512.343105,32
205499,1780495512.3431098,32
205500,1780495512.343112,31
205501,1780495512.343114,32
205502,1780495512.343116,32
205503,1780495512.343117,33
205504,1780495512.3431191,32
205505,1780495512.3431199,32
205506,1780495512.343122,33
205507,1780495512.343124,31
205508,1780495512.345582,32
205509,1780495512.3455858,31
205510,1780495512.345588,31
205511,1780495512.345589,31
205512,1780495512.345591,33
205513,1780495512.345592,31
205514,1780495512.3455942,32
205515,1780495512.345595,31
205516,1780495512.345597,32
205517,1780495512.345598,32
205518,1780495512.345601,32
205519,1780495512.3481479,32
205520,1780495512.34816,33
205521,1780495512.348162,32
205522,1780495512.3481631,32
205523,1780495512.348165,32
205524,1780495512.348167,32
205525,1780495512.348168,30
205526,1780495512.34817,33
205527,1780495512.348172,31
205528,1780495512.3481731,31
205529,1780495512.3481758,32
205530,1780495512.388308,32
205531,1780495512.388318,32
205532,1780495512.388321,32
205533,1780495512.388323,34
205534,1780495512.3883252,32
205535,1780495512.388327,31
205536,1780495512.38833,32
205537,1780495512.388333,32
205538,1780495512.388335,32
205539,1780495512.388339,31
205540,1780495512.3919308,31
205541,1780495512.3919349,32
205542,1780495512.391938,31
205543,1780495512.391941,32
205544,1780495512.391943,32
205545,1780495512.391946,32
205546,1780495512.391948,32
205547,1780495512.3919501,32
205548,1780495512.3919518,33
205549,1780495512.391955,32
205550,1780495512.391958,31
205551,1780495512.39445,32
205552,1780495512.394458,32
205553,1780495512.394461,31
205554,1780495512.394464,32
205555,1780495512.3944662,33
205556,1780495512.394468,32
205557,1780495512.394471,32
205558,1780495512.394473,33
205559,1780495512.394475,31
205560,1780495512.3944771,31
205561,1780495512.394481,33
205562,1780495512.3969018,32
205563,1780495512.3969102,31
205564,1780495512.3969128,32
205565,1780495512.396916,31
205566,1780495512.396919,32
205567,1780495512.396922,31
205568,1780495512.396925,32
205569,1780495512.396928,31
205570,1780495512.3969312,33
205571,1780495512.396935,32
205572,1780495512.399442,32
205573,1780495512.3994482,30
205574,1780495512.3994508,32
205575,1780495512.399453,31
205576,1780495512.399455,33
205577,1780495512.399457,32
205578,1780495512.39946,32
205579,1780495512.399462,33
205580,1780495512.399464,32
205581,1780495512.399467,32
205582,1780495512.39947,32
205583,1780495512.4307232,32
205584,1780495512.430746,33
205585,1780495512.43075,32
205586,1780495512.430754,32
205587,1780495512.430757,32
205588,1780495512.43076,32
205589,1780495512.430764,31
205590,1780495512.430767,33
205591,1780495512.4307709,32
205592,1780495512.430775,32
205593,1780495512.430778,31
205594,1780495512.430795,32
205595,1780495512.432606,32
205596,1780495512.4326122,32
205597,1780495512.432616,32
205598,1780495512.43262,33
205599,1780495512.4326231,32
205600,1780495512.432627,32
205601,1780495512.432632,32
205602,1780495512.432636,32
205603,1780495512.43264,32
205604,1780495512.4363918,32
205605,1780495512.436405,32
205606,1780495512.4364102,33
205607,1780495512.436415,33
205608,1780495512.4364202,32
205609,1780495512.436424,31
205610,1780495512.436429,32
205611,1780495512.436434,31
205612,1780495512.436439,33
205613,1780495512.4364429,32
205614,1780495512.43645,30
205615,1780495512.4394891,32
205616,1780495512.439499,33
205617,1780495512.439504,31
205618,1780495512.439509,32
205619,1780495512.4395132,32
205620,1780495512.439518,32
205621,1780495512.439523,32
205622,1780495512.439528,32
205623,1780495512.439533,32
205624,1780495512.439539,32
205625,1780495512.4465752,31
205626,1780495512.476353,32
205627,1780495512.4763799,32
205628,1780495512.476386,32
205629,1780495512.476392,33
205630,1780495512.476398,32
205631,1780495512.4764018,32
205632,1780495512.4764102,33
205633,1780495512.476415,32
205634,1780495512.4764202,32
205635,1780495512.4764302,32
205636,1780495512.477151,32
205637,1780495512.47716,32
205638,1780495512.477165,32
205639,1780495512.4771688,32
205640,1780495512.477185,31
205641,1780495512.4771898,32
205642,1780495512.477195,31
205643,1780495512.477201,33
205644,1780495512.477205,32
205645,1780495512.477211,32
205646,1780495512.4772182,32
205647,1780495512.4795961,32
205648,1780495512.479611,31
205649,1780495512.479615,32
205650,1780495512.479618,32
205651,1780495512.4796212,30
205652,1780495512.479624,32
205653,1780495512.479627,31
205654,1780495512.47963,30
205655,1780495512.479632,32
205656,1780495512.479635,32
205657,1780495512.479639,31
205658,1780495512.482722,32
205659,1780495512.4827352,32
205660,1780495512.482738,32
205661,1780495512.48274,33
205662,1780495512.482743,31
205663,1780495512.4827452,32
205664,1780495512.482749,32
205665,1780495512.482753,31
205666,1780495512.4827561,32
205667,1780495512.482759,31
205668,1780495512.514912,32
205669,1780495512.514928,31
205670,1780495512.514931,31
205671,1780495512.514934,32
205672,1780495512.514936,31
205673,1780495512.5149388,32
205674,1780495512.514941,32
205675,1780495512.514943,31
205676,1780495512.514946,32
205677,1780495512.5149481,32
205678,1780495512.514952,32
205679,1780495512.517387,32
205680,1780495512.5174,32
205681,1780495512.5174022,33
205682,1780495512.517405,32
205683,1780495512.517408,32
205684,1780495512.51741,32
205685,1780495512.5174122,32
205686,1780495512.5174139,32
205687,1780495512.517417,32
205688,1780495512.517419,33
205689,1780495512.5174232,33
205690,1780495512.518375,32
205691,1780495512.5183842,31
205692,1780495512.518388,33
205693,1780495512.51839,32
205694,1780495512.518392,32
205695,1780495512.518395,32
205696,1780495512.5183969,33
205697,1780495512.518399,32
205698,1780495512.518401,32
205699,1780495512.5184052,32
205700,1780495512.5275168,31
205701,1780495512.527524,31
205702,1780495512.5275269,33
205703,1780495512.52753,33
205704,1780495512.527532,31
205705,1780495512.527534,33
205706,1780495512.5275369,31
205707,1780495512.527539,32
205708,1780495512.527541,31
205709,1780495512.527544,32
205710,1780495512.527547,33
205711,1780495512.569403,32
205712,1780495512.5694091,33
205713,1780495512.56941,33
205714,1780495512.569411,33
205715,1780495512.569412,34
205716,1780495512.5694132,32
205717,1780495512.569414,33
205718,1780495512.5694149,32
205719,1780495512.569416,31
205720,1780495512.569417,32
205721,1780495512.569419,32
205722,1780495512.5717518,31
205723,1780495512.571755,33
205724,1780495512.571757,31
205725,1780495512.571758,32
205726,1780495512.571759,31
205727,1780495512.5717602,32
205728,1780495512.571761,32
205729,1780495512.5717618,33
205730,1780495512.571763,32
205731,1780495512.5717702,32
205732,1780495512.5750778,31
205733,1780495512.575082,32
205734,1780495512.575084,33
205735,1780495512.5750852,31
205736,1780495512.575086,32
205737,1780495512.575087,31
205738,1780495512.575088,33
205739,1780495512.575089,31
205740,1780495512.57509,32
205741,1780495512.575091,33
205742,1780495512.575092,33
205743,1780495512.578381,31
205744,1780495512.578384,33
205745,1780495512.5783849,32
205746,1780495512.5783858,32
205747,1780495512.578387,33
205748,1780495512.578387,31
205749,1780495512.578388,32
205750,1780495512.578389,34
205751,1780495512.5783901,31
205752,1780495512.578391,31
205753,1780495512.580534,32
205754,1780495512.5805361,32
205755,1780495512.580537,32
205756,1780495512.580538,31
205757,1780495512.580539,32
205758,1780495512.58054,33
205759,1780495512.580541,31
205760,1780495512.5805418,33
205761,1780495512.5805418,33
205762,1780495512.580543,31
205763,1780495512.580545,33
205764,1780495512.6095748,31
205765,1780495512.609579,32
205766,1780495512.60958,32
205767,1780495512.609581,33
205768,1780495512.6095822,33
205769,1780495512.6095831,31
205770,1780495512.6095831,32
205771,1780495512.609584,32
205772,1780495512.6095848,32
205773,1780495512.609586,32
205774,1780495512.609587,31
205775,1780495512.614771,33
205776,1780495512.614773,31
205777,1780495512.614774,33
205778,1780495512.614775,33
205779,1780495512.6147761,32
205780,1780495512.6147761,32
205781,1780495512.614777,32
205782,1780495512.614778,32
205783,1780495512.614779,33
205784,1780495512.61478,32
205785,1780495512.614781,31
205786,1780495512.614781,32
205787,1780495512.6147819,32
205788,1780495512.614783,31
205789,1780495512.614784,32
205790,1780495512.614785,32
205791,1780495512.6147861,32
205792,1780495512.614787,33
205793,1780495512.614787,33
205794,1780495512.614788,31
205795,1780495512.61479,31
205796,1780495512.6458209,32
205797,1780495512.645825,32
205798,1780495512.645826,32
205799,1780495512.645827,33
205800,1780495512.645828,34
205801,1780495512.645828,31
205802,1780495512.6458292,32
205803,1780495512.64583,32
205804,1780495512.6458309,32
205805,1780495512.6458309,31
205806,1780495512.645833,33
205807,1780495512.649364,32
205808,1780495512.649366,32
205809,1780495512.649366,32
205810,1780495512.649367,32
205811,1780495512.649368,32
205812,1780495512.649369,32
205813,1780495512.6493702,32
205814,1780495512.6493702,32
205815,1780495512.649371,32
205816,1780495512.6493719,31
205817,1780495512.6493728,32
205818,1780495512.6522791,32
205819,1780495512.652281,32
205820,1780495512.652282,33
205821,1780495512.652283,32
205822,1780495512.652287,33
205823,1780495512.652288,33
205824,1780495512.652289,32
205825,1780495512.65229,32
205826,1780495512.65229,32
205827,1780495512.652292,32
205828,1780495512.6556082,33
205829,1780495512.655612,32
205830,1780495512.655613,33
205831,1780495512.655614,33
205832,1780495512.655615,32
205833,1780495512.655616,32
205834,1780495512.655617,32
205835,1780495512.655617,31
205836,1780495512.655618,33
205837,1780495512.6556191,31
205838,1780495512.65562,32
205839,1780495512.685848,32
205840,1780495512.685853,31
205841,1780495512.685854,32
205842,1780495512.685855,33
205843,1780495512.685856,32
205844,1780495512.685857,32
205845,1780495512.685858,32
205846,1780495512.685859,32
205847,1780495512.685859,32
205848,1780495512.6858602,31
205849,1780495512.6858618,32
205850,1780495512.6892722,32
205851,1780495512.689274,32
205852,1780495512.6892748,32
205853,1780495512.6892748,32
205854,1780495512.689276,32
205855,1780495512.689277,32
205856,1780495512.689278,32
205857,1780495512.689279,31
205858,1780495512.68928,32
205859,1780495512.689281,32
205860,1780495512.691861,33
205861,1780495512.691863,31
205862,1780495512.691864,32
205863,1780495512.691864,31
205864,1780495512.6918652,32
205865,1780495512.6918662,32
205866,1780495512.6918669,32
205867,1780495512.691874,32
205868,1780495512.691874,31
205869,1780495512.691875,32
205870,1780495512.6918762,33
205871,1780495512.7020118,32
205872,1780495512.702015,32
205873,1780495512.702016,32
205874,1780495512.702017,33
205875,1780495512.702018,31
205876,1780495512.702019,31
205877,1780495512.7020202,32
205878,1780495512.7020202,32
205879,1780495512.7020211,31
205880,1780495512.7020218,31
205881,1780495512.702027,32
205882,1780495512.7043421,31
205883,1780495512.704344,32
205884,1780495512.704345,32
205885,1780495512.7043462,32
205886,1780495512.704347,32
205887,1780495512.704347,32
205888,1780495512.7043478,34
205889,1780495512.704349,31
205890,1780495512.70435,32
205891,1780495512.704351,32
205892,1780495512.73713,31
205893,1780495512.737134,32
205894,1780495512.7371361,32
205895,1780495512.7371368,32
205896,1780495512.737138,31
205897,1780495512.737139,31
205898,1780495512.73714,32
205899,1780495512.737141,33
205900,1780495512.737142,32
205901,1780495512.737143,33
205902,1780495512.7371452,33
205903,1780495512.741348,32
205904,1780495512.741351,32
205905,1780495512.7413518,32
205906,1780495512.741353,32
205907,1780495512.741354,32
205908,1780495512.741355,33
205909,1780495512.7413561,32
205910,1780495512.741357,32
205911,1780495512.741361,31
205912,1780495512.7413619,32
205913,1780495512.741363,32
205914,1780495512.747154,32
205915,1780495512.747157,32
205916,1780495512.747158,30
205917,1780495512.747159,33
205918,1780495512.74716,32
205919,1780495512.7471611,32
205920,1780495512.747162,31
205921,1780495512.747164,31
205922,1780495512.747165,32
205923,1780495512.747166,33
205924,1780495512.7494469,31
205925,1780495512.74945,31
205926,1780495512.749451,32
205927,1780495512.749452,32
205928,1780495512.749453,32
205929,1780495512.749454,32
205930,1780495512.7494552,32
205931,1780495512.749456,32
205932,1780495512.749457,32
205933,1780495512.7494578,32
205934,1780495512.74946,32
205935,1780495512.778385,32
205936,1780495512.77839,33
205937,1780495512.7783911,32
205938,1780495512.778393,32
205939,1780495512.7784069,31
205940,1780495512.77841,33
205941,1780495512.778421,32
205942,1780495512.77848,32
205943,1780495512.778511,32
205944,1780495512.778514,32
205945,1780495512.778517,32
205946,1780495512.781842,32
205947,1780495512.781845,31
205948,1780495512.781846,31
205949,1780495512.781848,31
205950,1780495512.7818491,31
205951,1780495512.7818508,33
205952,1780495512.781852,32
205953,1780495512.781854,33
205954,1780495512.7818549,32
205955,1780495512.781857,31
205956,1780495512.78436,32
205957,1780495512.784363,33
205958,1780495512.784364,32
205959,1780495512.7843661,31
205960,1780495512.784367,31
205961,1780495512.784368,32
205962,1780495512.78437,33
205963,1780495512.784371,32
205964,1780495512.7843719,31
205965,1780495512.784374,33
205966,1780495512.7843761,32
205967,1780495512.814593,33
205968,1780495512.814601,32
205969,1780495512.814604,32
205970,1780495512.8146062,33
205971,1780495512.8146079,33
205972,1780495512.8146088,33
205973,1780495512.814611,32
205974,1780495512.814613,32
205975,1780495512.814615,32
205976,1780495512.8146188,31
205977,1780495512.817311,33
205978,1780495512.8193789,31
205979,1780495512.819384,31
205980,1780495512.819386,32
205981,1780495512.819387,33
205982,1780495512.81939,31
205983,1780495512.819391,32
205984,1780495512.819393,32
205985,1780495512.819396,32
205986,1780495512.819398,32
205987,1780495512.8193998,33
205988,1780495512.823186,32
205989,1780495512.82319,31
205990,1780495512.823193,32
205991,1780495512.823195,31
205992,1780495512.823197,31
205993,1780495512.8232,32
205994,1780495512.8232021,33
205995,1780495512.823204,31
205996,1780495512.823206,33
205997,1780495512.8232079,32
205998,1780495512.8232121,32
205999,1780495512.8285959,32
206000,1780495512.8286011,33
206001,1780495512.8286028,31
206002,1780495512.828605,32
206003,1780495512.828608,31
206004,1780495512.82861,32
206005,1780495512.8286238,32
206006,1780495512.828626,32
206007,1780495512.828628,32
206008,1780495512.828631,32
206009,1780495512.828634,31
206010,1780495512.869676,31
206011,1780495512.869708,32
206012,1780495512.869714,31
206013,1780495512.869717,32
206014,1780495512.8697212,32
206015,1780495512.8697238,32
206016,1780495512.869729,31
206017,1780495512.869733,32
206018,1780495512.869737,32
206019,1780495512.8697448,32
206020,1780495512.871957,32
206021,1780495512.871964,32
206022,1780495512.871967,32
206023,1780495512.8719711,33
206024,1780495512.871974,32
206025,1780495512.871978,33
206026,1780495512.8719811,31
206027,1780495512.8719842,33
206028,1780495512.871988,32
206029,1780495512.871992,31
206030,1780495512.8719969,31
206031,1780495512.874351,33
206032,1780495512.874364,31
206033,1780495512.874368,33
206034,1780495512.8743732,32
206035,1780495512.874377,33
206036,1780495512.87438,32
206037,1780495512.874384,32
206038,1780495512.874387,31
206039,1780495512.874391,31
206040,1780495512.8743942,33
206041,1780495512.8744,31
206042,1780495512.876843,32
206043,1780495512.876858,32
206044,1780495512.876864,32
206045,1780495512.87687,31
206046,1780495512.876875,32
206047,1780495512.87688,32
206048,1780495512.876888,32
206049,1780495512.876895,32
206050,1780495512.8769002,32
206051,1780495512.876906,33
206052,1780495512.8802,31
206053,1780495512.8802109,32
206054,1780495512.880214,32
206055,1780495512.880221,32
206056,1780495512.880223,32
206057,1780495512.8802261,32
206058,1780495512.8802292,32
206059,1780495512.880233,33
206060,1780495512.880235,32
206061,1780495512.8802402,31
206062,1780495512.8824582,33
206063,1780495512.9115908,32
206064,1780495512.911613,33
206065,1780495512.911617,31
206066,1780495512.9116201,32
206067,1780495512.9116218,33
206068,1780495512.911625,31
206069,1780495512.911627,33
206070,1780495512.9116302,32
206071,1780495512.9116318,32
206072,1780495512.9116359,33
206073,1780495512.912512,32
206074,1780495512.91581,31
206075,1780495512.915822,33
206076,1780495512.915825,32
206077,1780495512.915838,31
206078,1780495512.915841,32
206079,1780495512.915843,32
206080,1780495512.9158468,31
206081,1780495512.915849,32
206082,1780495512.915851,31
206083,1780495512.9158552,32
206084,1780495512.9189289,33
206085,1780495512.9189389,31
206086,1780495512.918942,31
206087,1780495512.918944,33
206088,1780495512.918946,32
206089,1780495512.9189491,32
206090,1780495512.9189508,33
206091,1780495512.918954,32
206092,1780495512.918956,31
206093,1780495512.9189591,32
206094,1780495512.918962,31
206095,1780495512.921008,32
206096,1780495512.9210129,32
206097,1780495512.921016,31
206098,1780495512.9210181,32
206099,1780495512.921021,32
206100,1780495512.921023,32
206101,1780495512.921025,32
206102,1780495512.9210281,33
206103,1780495512.9210298,32
206104,1780495512.921032,32
206105,1780495512.921036,32
206106,1780495512.955589,32
206107,1780495512.95562,33
206108,1780495512.955625,32
206109,1780495512.955628,33
206110,1780495512.9556322,31
206111,1780495512.9556348,31
206112,1780495512.955641,32
206113,1780495512.955644,31
206114,1780495512.955647,32
206115,1780495512.955652,32
206116,1780495512.959947,31
206117,1780495512.959958,32
206118,1780495512.9599638,32
206119,1780495512.959967,32
206120,1780495512.9599712,33
206121,1780495512.9599738,31
206122,1780495512.959976,33
206123,1780495512.959979,32
206124,1780495512.9599822,32
206125,1780495512.9599848,32
206126,1780495512.959989,33
206127,1780495512.961499,32
206128,1780495512.9615061,33
206129,1780495512.9615092,33
206130,1780495512.9615119,32
206131,1780495512.961515,32
206132,1780495512.961517,32
206133,1780495512.9615202,32
206134,1780495512.961523,32
206135,1780495512.961526,31
206136,1780495512.961529,32
206137,1780495512.963969,32
206138,1780495512.963974,32
206139,1780495512.9639769,31
206140,1780495512.963979,33
206141,1780495512.9639812,33
206142,1780495512.963983,32
206143,1780495512.9639978,33
206144,1780495512.964,32
206145,1780495512.964003,32
206146,1780495512.9640052,32
206147,1780495512.9640079,31
206148,1780495512.993417,32
206149,1780495512.993427,31
206150,1780495512.993429,32
206151,1780495512.993431,32
206152,1780495512.993432,33
206153,1780495512.9934342,32
206154,1780495512.9934359,32
206155,1780495512.9934368,32
206156,1780495512.993439,32
206157,1780495512.993441,32
206158,1780495512.9934442,32
206159,1780495512.996872,32
206160,1780495512.996875,31
206161,1780495512.996877,33
206162,1780495512.9968781,31
206163,1780495512.996879,33
206164,1780495512.996881,32
206165,1780495512.996882,31
206166,1780495512.996883,32
206167,1780495512.996885,31
206168,1780495512.996886,31
206169,1780495512.9968882,31
206170,1780495512.9994009,32
206171,1780495512.999403,32
206172,1780495512.9994051,32
206173,1780495512.999406,31
206174,1780495512.999407,33
206175,1780495512.999409,33
206176,1780495512.99941,31
206177,1780495512.9994109,31
206178,1780495512.999413,32
206179,1780495512.999415,33
206180,1780495513.029558,32
206181,1780495513.029562,33
206182,1780495513.029564,32
206183,1780495513.029564,32
206184,1780495513.0295649,34
206185,1780495513.029566,32
206186,1780495513.029567,32
206187,1780495513.029568,32
206188,1780495513.029569,31
206189,1780495513.02957,33
206190,1780495513.029571,32
206191,1780495513.03307,31
206192,1780495513.033073,31
206193,1780495513.033074,32
206194,1780495513.0330749,32
206195,1780495513.033076,32
206196,1780495513.033076,32
206197,1780495513.033077,32
206198,1780495513.033078,33
206199,1780495513.0330791,33
206200,1780495513.03308,31
206201,1780495513.033081,32
206202,1780495513.0354822,32
206203,1780495513.035485,31
206204,1780495513.035486,31
206205,1780495513.035487,32
206206,1780495513.035487,32
206207,1780495513.035488,32
206208,1780495513.035489,32
206209,1780495513.03549,32
206210,1780495513.035491,32
206211,1780495513.0354922,32
206212,1780495513.038163,33
206213,1780495513.038166,32
206214,1780495513.038166,33
206215,1780495513.038167,33
206216,1780495513.038168,32
206217,1780495513.0381691,32
206218,1780495513.03817,32
206219,1780495513.0381708,32
206220,1780495513.0381708,32
206221,1780495513.038172,32
206222,1780495513.038173,33
206223,1780495513.0695941,32
206224,1780495513.069599,33
206225,1780495513.0696,32
206226,1780495513.069601,32
206227,1780495513.069601,32
206228,1780495513.069602,32
206229,1780495513.069603,32
206230,1780495513.0696042,32
206231,1780495513.069605,33
206232,1780495513.069605,32
206233,1780495513.069607,32
206234,1780495513.075514,32
206235,1780495513.075516,31
206236,1780495513.075517,33
206237,1780495513.075518,33
206238,1780495513.075519,32
206239,1780495513.07552,32
206240,1780495513.075521,32
206241,1780495513.075521,32
206242,1780495513.075522,31
206243,1780495513.075524,32
206244,1780495513.077972,33
206245,1780495513.077973,32
206246,1780495513.077974,33
206247,1780495513.077975,32
206248,1780495513.077976,32
206249,1780495513.0779772,32
206250,1780495513.0779772,32
206251,1780495513.0779781,32
206252,1780495513.0779788,32
206253,1780495513.0779798,32
206254,1780495513.077981,31
206255,1780495513.080648,32
206256,1780495513.08065,31
206257,1780495513.080651,33
206258,1780495513.080652,30
206259,1780495513.080653,32
206260,1780495513.0806541,32
206261,1780495513.0806541,32
206262,1780495513.080655,30
206263,1780495513.0806558,32
206264,1780495513.080657,31
206265,1780495513.080658,32
206266,1780495513.1141021,32
206267,1780495513.1141062,32
206268,1780495513.114107,32
206269,1780495513.1141078,31
206270,1780495513.114109,32
206271,1780495513.11411,32
206272,1780495513.114111,31
206273,1780495513.114111,32
206274,1780495513.114112,32
206275,1780495513.114114,31
206276,1780495513.116897,34
206277,1780495513.116899,33
206278,1780495513.1169002,32
206279,1780495513.1169012,32
206280,1780495513.1169019,32
206281,1780495513.1169028,32
206282,1780495513.1169028,31
206283,1780495513.116904,33
206284,1780495513.116905,32
206285,1780495513.116906,32
206286,1780495513.1169071,31
206287,1780495513.119374,32
206288,1780495513.119376,31
206289,1780495513.119377,32
206290,1780495513.1193779,32
206291,1780495513.119379,31
206292,1780495513.11938,34
206293,1780495513.119381,30
206294,1780495513.119382,32
206295,1780495513.119382,31
206296,1780495513.119383,31
206297,1780495513.1218162,33
206298,1780495513.12182,32
206299,1780495513.121821,31
206300,1780495513.1218219,32
206301,1780495513.1218219,32
206302,1780495513.121823,31
206303,1780495513.121824,31
206304,1780495513.121825,31
206305,1780495513.121826,32
206306,1780495513.1218271,32
206307,1780495513.121828,33
206308,1780495513.168088,32
206309,1780495513.168096,31
206310,1780495513.168098,32
206311,1780495513.1680992,32
206312,1780495513.1681,33
206313,1780495513.168101,32
206314,1780495513.1681018,33
206315,1780495513.168103,32
206316,1780495513.168104,32
206317,1780495513.168105,32
206318,1780495513.168107,31
206319,1780495513.170181,33
206320,1780495513.170183,32
206321,1780495513.1701849,32
206322,1780495513.170186,32
206323,1780495513.170187,32
206324,1780495513.170188,31
206325,1780495513.1701891,33
206326,1780495513.17019,31
206327,1780495513.170191,32
206328,1780495513.1701918,32
206329,1780495513.170193,31
206330,1780495513.174568,31
206331,1780495513.174571,31
206332,1780495513.174572,32
206333,1780495513.174573,31
206334,1780495513.1745741,31
206335,1780495513.174575,31
206336,1780495513.174577,32
206337,1780495513.174578,31
206338,1780495513.174579,32
206339,1780495513.1745799,32
206340,1780495513.176793,31
206341,1780495513.176796,32
206342,1780495513.176797,32
206343,1780495513.176799,33
206344,1780495513.1768,32
206345,1780495513.176801,32
206346,1780495513.1768022,31
206347,1780495513.176803,33
206348,1780495513.176804,32
206349,1780495513.176805,31
206350,1780495513.176807,32
206351,1780495513.178957,32
206352,1780495513.1789591,32
206353,1780495513.1789598,32
206354,1780495513.1789608,32
206355,1780495513.178962,31
206356,1780495513.178963,32
206357,1780495513.178965,32
206358,1780495513.178966,32
206359,1780495513.178967,31
206360,1780495513.178968,32
206361,1780495513.17897,33
206362,1780495513.208409,31
206363,1780495513.208415,32
206364,1780495513.208417,32
206365,1780495513.208419,32
206366,1780495513.20842,33
206367,1780495513.2084212,31
206368,1780495513.208423,32
206369,1780495513.208425,32
206370,1780495513.208426,32
206371,1780495513.208429,32
206372,1780495513.212766,33
206373,1780495513.212769,31
206374,1780495513.21277,31
206375,1780495513.2127721,31
206376,1780495513.212773,31
206377,1780495513.2127738,31
206378,1780495513.212776,32
206379,1780495513.212777,32
206380,1780495513.212778,33
206381,1780495513.21278,32
206382,1780495513.2127821,33
206383,1780495513.214326,32
206384,1780495513.2143319,32
206385,1780495513.214334,32
206386,1780495513.214335,32
206387,1780495513.214337,32
206388,1780495513.214338,32
206389,1780495513.2143402,33
206390,1780495513.2143412,33
206391,1780495513.2143419,33
206392,1780495513.214344,32
206393,1780495513.214346,33
206394,1780495513.217563,32
206395,1780495513.217568,32
206396,1780495513.217569,31
206397,1780495513.217571,33
206398,1780495513.2175722,32
206399,1780495513.217574,33
206400,1780495513.2175748,32
206401,1780495513.217576,32
206402,1780495513.217578,32
206403,1780495513.21758,31
206404,1780495513.255473,32
206405,1780495513.255479,33
206406,1780495513.2554822,32
206407,1780495513.255483,31
206408,1780495513.255486,32
206409,1780495513.255488,32
206410,1780495513.255489,31
206411,1780495513.255491,32
206412,1780495513.2554932,32
206413,1780495513.2554948,32
206414,1780495513.255498,32
206415,1780495513.2598028,32
206416,1780495513.2598069,32
206417,1780495513.25981,33
206418,1780495513.259812,32
206419,1780495513.2598138,32
206420,1780495513.259816,33
206421,1780495513.259819,32
206422,1780495513.259821,33
206423,1780495513.259823,32
206424,1780495513.259826,32
206425,1780495513.25983,32
206426,1780495513.262033,33
206427,1780495513.262037,32
206428,1780495513.262039,32
206429,1780495513.262042,31
206430,1780495513.262044,32
206431,1780495513.2620459,32
206432,1780495513.262048,31
206433,1780495513.262051,32
206434,1780495513.262053,32
206435,1780495513.2620559,33
206436,1780495513.2643,32
206437,1780495513.2643049,33
206438,1780495513.264308,33
206439,1780495513.2643101,32
206440,1780495513.264312,32
206441,1780495513.264315,32
206442,1780495513.264317,32
206443,1780495513.264319,32
206444,1780495513.264321,32
206445,1780495513.264323,32
206446,1780495513.2643268,31
206447,1780495513.294267,31
206448,1780495513.294285,32
206449,1780495513.2942889,32
206450,1780495513.294293,32
206451,1780495513.294296,33
206452,1780495513.2942982,32
206453,1780495513.294301,33
206454,1780495513.294304,33
206455,1780495513.294307,32
206456,1780495513.2943108,32
206457,1780495513.295136,32
206458,1780495513.295143,32
206459,1780495513.300884,33
206460,1780495513.3008971,32
206461,1780495513.3009012,31
206462,1780495513.300904,33
206463,1780495513.300907,32
206464,1780495513.3009112,32
206465,1780495513.3009138,32
206466,1780495513.300918,33
206467,1780495513.3009222,32
206468,1780495513.303052,33
206469,1780495513.303061,31
206470,1780495513.303066,31
206471,1780495513.30307,32
206472,1780495513.3030741,32
206473,1780495513.303078,33
206474,1780495513.303081,33
206475,1780495513.303085,32
206476,1780495513.3030882,33
206477,1780495513.303092,32
206478,1780495513.303097,31
206479,1780495513.305299,32
206480,1780495513.305307,32
206481,1780495513.30531,32
206482,1780495513.305314,32
206483,1780495513.3053179,33
206484,1780495513.305322,32
206485,1780495513.305325,32
206486,1780495513.3053288,33
206487,1780495513.305368,33
206488,1780495513.305372,31
206489,1780495513.305377,31
206490,1780495513.3346329,32
206491,1780495513.334668,32
206492,1780495513.334671,33
206493,1780495513.334674,32
206494,1780495513.334677,33
206495,1780495513.3346791,33
206496,1780495513.3346822,33
206497,1780495513.334686,32
206498,1780495513.334688,33
206499,1780495513.334692,31
206500,1780495513.3381948,32
206501,1780495513.338218,32
206502,1780495513.338221,32
206503,1780495513.3382242,31
206504,1780495513.3382258,32
206505,1780495513.338229,31
206506,1780495513.338231,32
206507,1780495513.338233,32
206508,1780495513.3382359,32
206509,1780495513.338238,33
206510,1780495513.338241,32
206511,1780495513.3413272,34
206512,1780495513.341353,33
206513,1780495513.3413608,31
206514,1780495513.341366,31
206515,1780495513.3413708,32
206516,1780495513.341376,32
206517,1780495513.341381,32
206518,1780495513.341386,32
206519,1780495513.3413901,31
206520,1780495513.341422,32
206521,1780495513.341429,31
206522,1780495513.345854,31
206523,1780495513.345872,32
206524,1780495513.345875,32
206525,1780495513.345877,31
206526,1780495513.34588,31
206527,1780495513.3458822,33
206528,1780495513.345885,31
206529,1780495513.345888,32
206530,1780495513.34589,32
206531,1780495513.3458939,32
206532,1780495513.395893,33
206533,1780495513.395916,32
206534,1780495513.395921,31
206535,1780495513.3959239,32
206536,1780495513.395927,31
206537,1780495513.39593,32
206538,1780495513.395933,31
206539,1780495513.395936,33
206540,1780495513.395939,33
206541,1780495513.395942,32
206542,1780495513.395947,31
206543,1780495513.3993979,31
206544,1780495513.3994088,33
206545,1780495513.399412,33
206546,1780495513.399415,32
206547,1780495513.3994172,31
206548,1780495513.3994188,32
206549,1780495513.399422,31
206550,1780495513.399424,31
206551,1780495513.399426,32
206552,1780495513.399429,33
206553,1780495513.399432,33
206554,1780495513.402286,32
206555,1780495513.402291,33
206556,1780495513.402293,31
206557,1780495513.402296,32
206558,1780495513.402299,32
206559,1780495513.4023008,32
206560,1780495513.402303,31
206561,1780495513.4023051,31
206562,1780495513.402307,32
206563,1780495513.4023108,32
206564,1780495513.405579,32
206565,1780495513.4055831,32
206566,1780495513.4055848,32
206567,1780495513.405588,32
206568,1780495513.40559,33
206569,1780495513.405592,33
206570,1780495513.405594,32
206571,1780495513.405596,33
206572,1780495513.4055989,34
206573,1780495513.405601,32
206574,1780495513.405605,32
206575,1780495513.40817,32
206576,1780495513.408174,32
206577,1780495513.408177,31
206578,1780495513.408179,31
206579,1780495513.408181,32
206580,1780495513.408184,31
206581,1780495513.4081862,32
206582,1780495513.4081879,33
206583,1780495513.408191,32
206584,1780495513.408193,32
206585,1780495513.408195,31
206586,1780495513.4081988,31
206587,1780495513.410521,32
206588,1780495513.410524,31
206589,1780495513.410526,32
206590,1780495513.410528,31
206591,1780495513.41053,32
206592,1780495513.410532,32
206593,1780495513.410534,32
206594,1780495513.410536,33
206595,1780495513.410537,32
206596,1780495513.41054,33
206597,1780495513.4695098,33
206598,1780495513.469513,32
206599,1780495513.469514,31
206600,1780495513.469515,32
206601,1780495513.469516,32
206602,1780495513.469517,32
206603,1780495513.4695182,32
206604,1780495513.4695182,32
206605,1780495513.4695191,31
206606,1780495513.4695208,32
206607,1780495513.473087,33
206608,1780495513.47309,33
206609,1780495513.4730911,32
206610,1780495513.473092,32
206611,1780495513.473092,31
206612,1780495513.473093,32
206613,1780495513.4731011,32
206614,1780495513.473102,32
206615,1780495513.473103,33
206616,1780495513.4731038,32
206617,1780495513.473105,33
206618,1780495513.4754748,32
206619,1780495513.475477,33
206620,1780495513.475478,31
206621,1780495513.4754791,33
206622,1780495513.47548,33
206623,1780495513.47548,31
206624,1780495513.475481,31
206625,1780495513.4754822,32
206626,1780495513.475483,32
206627,1780495513.475484,33
206628,1780495513.478095,33
206629,1780495513.478098,33
206630,1780495513.4780989,32
206631,1780495513.4781,32
206632,1780495513.478101,32
206633,1780495513.478101,32
206634,1780495513.478102,33
206635,1780495513.478103,32
206636,1780495513.478104,32
206637,1780495513.478104,33
206638,1780495513.478106,31
206639,1780495513.480628,31
206640,1780495513.48063,32
206641,1780495513.480631,32
206642,1780495513.480632,32
206643,1780495513.480633,32
206644,1780495513.480633,33
206645,1780495513.4806342,31
206646,1780495513.480635,31
206647,1780495513.480636,33
206648,1780495513.480636,32
206649,1780495513.480638,32
206650,1780495513.4830332,32
206651,1780495513.4830348,32
206652,1780495513.4830358,31
206653,1780495513.483037,32
206654,1780495513.483038,32
206655,1780495513.483038,31
206656,1780495513.483039,32
206657,1780495513.48304,31
206658,1780495513.483041,32
206659,1780495513.483042,33
206660,1780495513.485587,32
206661,1780495513.48559,31
206662,1780495513.485591,32
206663,1780495513.4855921,32
206664,1780495513.4855921,32
206665,1780495513.485593,31
206666,1780495513.485594,34
206667,1780495513.485595,32
206668,1780495513.485596,31
206669,1780495513.485597,32
206670,1780495513.487317,31
206671,1780495513.5271301,32
206672,1780495513.527133,31
206673,1780495513.527134,33
206674,1780495513.527135,33
206675,1780495513.527136,31
206676,1780495513.527137,31
206677,1780495513.527138,32
206678,1780495513.527138,32
206679,1780495513.5271392,32
206680,1780495513.5271401,32
206681,1780495513.527141,32
206682,1780495513.530546,32
206683,1780495513.5305479,33
206684,1780495513.530549,33
206685,1780495513.53055,31
206686,1780495513.530551,32
206687,1780495513.530551,31
206688,1780495513.5305521,33
206689,1780495513.530553,32
206690,1780495513.530554,31
206691,1780495513.5305548,32
206692,1780495513.533067,31
206693,1780495513.5330691,32
206694,1780495513.53307,33
206695,1780495513.533071,32
206696,1780495513.5330718,32
206697,1780495513.5330718,32
206698,1780495513.533073,32
206699,1780495513.533074,31
206700,1780495513.5330749,32
206701,1780495513.533076,32
206702,1780495513.533077,32
206703,1780495513.535535,31
206704,1780495513.535538,32
206705,1780495513.535539,32
206706,1780495513.535539,31
206707,1780495513.5355399,32
206708,1780495513.535541,31
206709,1780495513.535542,32
206710,1780495513.535542,32
206711,1780495513.535543,33
206712,1780495513.5355442,32
206713,1780495513.535545,35
206714,1780495513.5381062,32
206715,1780495513.538107,33
206716,1780495513.5381079,31
206717,1780495513.5381088,32
206718,1780495513.53811,34
206719,1780495513.538111,31
206720,1780495513.538112,32
206721,1780495513.538113,32
206722,1780495513.538113,32
206723,1780495513.538114,32
206724,1780495513.5683908,32
206725,1780495513.568396,32
206726,1780495513.568397,32
206727,1780495513.568397,32
206728,1780495513.5683992,32
206729,1780495513.5684,32
206730,1780495513.5684009,31
206731,1780495513.5684018,32
206732,1780495513.5684018,31
206733,1780495513.568403,30
206734,1780495513.568405,30
206735,1780495513.571771,33
206736,1780495513.571774,32
206737,1780495513.571775,32
206738,1780495513.571776,32
206739,1780495513.571777,32
206740,1780495513.571777,32
206741,1780495513.571785,32
206742,1780495513.571786,33
206743,1780495513.571786,32
206744,1780495513.571787,32
206745,1780495513.571789,33
206746,1780495513.574348,32
206747,1780495513.5743492,32
206748,1780495513.57435,32
206749,1780495513.574351,32
206750,1780495513.5743518,32
206751,1780495513.574353,31
206752,1780495513.574354,33
206753,1780495513.574355,32
206754,1780495513.574355,32
206755,1780495513.574357,33
206756,1780495513.6046138,33
206757,1780495513.604619,33
206758,1780495513.60462,32
206759,1780495513.6046212,32
206760,1780495513.6046221,31
206761,1780495513.604623,32
206762,1780495513.6046238,32
206763,1780495513.604625,31
206764,1780495513.604627,33
206765,1780495513.604628,32
206766,1780495513.604629,33
206767,1780495513.608088,33
206768,1780495513.6080902,31
206769,1780495513.6080909,32
206770,1780495513.6080918,31
206771,1780495513.608093,33
206772,1780495513.608094,32
206773,1780495513.608095,32
206774,1780495513.608096,32
206775,1780495513.608097,31
206776,1780495513.608098,33
206777,1780495513.610997,33
206778,1780495513.610999,32
206779,1780495513.611,32
206780,1780495513.611007,31
206781,1780495513.611008,32
206782,1780495513.6110091,32
206783,1780495513.61101,32
206784,1780495513.611017,33
206785,1780495513.611018,31
206786,1780495513.611019,32
206787,1780495513.61102,31
206788,1780495513.615499,33
206789,1780495513.615502,33
206790,1780495513.615503,32
206791,1780495513.6155038,32
206792,1780495513.615505,32
206793,1780495513.615506,32
206794,1780495513.615507,31
206795,1780495513.615508,33
206796,1780495513.615509,33
206797,1780495513.615511,32
206798,1780495513.6173189,32
206799,1780495513.647082,32
206800,1780495513.647088,31
206801,1780495513.647089,32
206802,1780495513.647091,32
206803,1780495513.6470919,31
206804,1780495513.647094,32
206805,1780495513.647095,31
206806,1780495513.647097,32
206807,1780495513.647098,32
206808,1780495513.6470988,32
206809,1780495513.647101,32
206810,1780495513.650591,32
206811,1780495513.650594,33
206812,1780495513.6505961,33
206813,1780495513.650597,32
206814,1780495513.6505978,32
206815,1780495513.6506,32
206816,1780495513.650601,31
206817,1780495513.650602,32
206818,1780495513.650604,33
206819,1780495513.6506062,31
206820,1780495513.653171,32
206821,1780495513.653174,33
206822,1780495513.653175,32
206823,1780495513.6531782,32
206824,1780495513.65318,32
206825,1780495513.6531808,31
206826,1780495513.653182,31
206827,1780495513.653184,32
206828,1780495513.6531851,33
206829,1780495513.653186,31
206830,1780495513.65324,32
206831,1780495513.683348,33
206832,1780495513.6833558,33
206833,1780495513.683359,33
206834,1780495513.683361,33
206835,1780495513.683363,32
206836,1780495513.683365,31
206837,1780495513.6833658,33
206838,1780495513.683368,32
206839,1780495513.6833699,32
206840,1780495513.683372,33
206841,1780495513.6833751,33
206842,1780495513.686836,33
206843,1780495513.686843,31
206844,1780495513.6868448,32
206845,1780495513.686847,31
206846,1780495513.686849,33
206847,1780495513.686851,32
206848,1780495513.6868532,32
206849,1780495513.6868548,32
206850,1780495513.686856,32
206851,1780495513.686859,32
206852,1780495513.689383,33
206853,1780495513.689387,33
206854,1780495513.6893902,32
206855,1780495513.6893911,32
206856,1780495513.6893928,33
206857,1780495513.689395,32
206858,1780495513.689397,32
206859,1780495513.689399,33
206860,1780495513.6894011,32
206861,1780495513.6894028,33
206862,1780495513.689406,31
206863,1780495513.691909,33
206864,1780495513.691913,31
206865,1780495513.691915,32
206866,1780495513.691917,32
206867,1780495513.691919,32
206868,1780495513.691921,32
206869,1780495513.691923,32
206870,1780495513.691925,32
206871,1780495513.691926,32
206872,1780495513.6919281,31
206873,1780495513.6919308,33
206874,1780495513.7221131,33
206875,1780495513.722134,32
206876,1780495513.722137,31
206877,1780495513.7221398,32
206878,1780495513.722142,31
206879,1780495513.722145,33
206880,1780495513.7221508,32
206881,1780495513.722153,32
206882,1780495513.722156,32
206883,1780495513.72216,33
206884,1780495513.725717,33
206885,1780495513.72573,33
206886,1780495513.725733,32
206887,1780495513.725735,32
206888,1780495513.725738,32
206889,1780495513.72574,31
206890,1780495513.725743,32
206891,1780495513.725745,32
206892,1780495513.725748,32
206893,1780495513.72575,32
206894,1780495513.725753,31
206895,1780495513.728029,31
206896,1780495513.728042,32
206897,1780495513.7280462,32
206898,1780495513.728048,32
206899,1780495513.728051,31
206900,1780495513.728053,33
206901,1780495513.728055,32
206902,1780495513.728058,32
206903,1780495513.72806,33
206904,1780495513.728062,32
206905,1780495513.728065,32
206906,1780495513.7311308,32
206907,1780495513.731146,36
206908,1780495513.7311502,37
206909,1780495513.731153,35
206910,1780495513.7311559,36
206911,1780495513.731159,35
206912,1780495513.7311628,34
206913,1780495513.731165,33
206914,1780495513.731168,32
206915,1780495513.731172,32
206916,1780495513.768437,33
206917,1780495513.768468,32
206918,1780495513.768472,32
206919,1780495513.7684748,32
206920,1780495513.768478,33
206921,1780495513.76848,35
206922,1780495513.7684832,38
206923,1780495513.768485,41
206924,1780495513.768488,44
206925,1780495513.768491,45
206926,1780495513.768495,49
206927,1780495513.771932,49
206928,1780495513.771955,48
206929,1780495513.771959,47
206930,1780495513.7719622,47
206931,1780495513.7719638,45
206932,1780495513.771967,43
206933,1780495513.77197,43
206934,1780495513.7719722,42
206935,1780495513.7719748,41
206936,1780495513.771977,41
206937,1780495513.7743511,39
206938,1780495513.774365,40
206939,1780495513.774368,42
206940,1780495513.7743711,44
206941,1780495513.7743738,44
206942,1780495513.774376,47
206943,1780495513.774379,47
206944,1780495513.774382,53
206945,1780495513.774385,54
206946,1780495513.774387,57
206947,1780495513.774391,56
206948,1780495513.776968,57
206949,1780495513.77698,54
206950,1780495513.776982,53
206951,1780495513.7769852,53
206952,1780495513.7769868,52
206953,1780495513.77699,50
206954,1780495513.776992,50
206955,1780495513.7769952,47
206956,1780495513.776997,48
206957,1780495513.776999,46
206958,1780495513.777003,50
206959,1780495513.807414,47
206960,1780495513.807445,51
206961,1780495513.8074539,51
206962,1780495513.807461,54
206963,1780495513.807468,56
206964,1780495513.807474,58
206965,1780495513.807481,61
206966,1780495513.807486,62
206967,1780495513.807492,64
206968,1780495513.807501,63
206969,1780495513.8099341,62
206970,1780495513.811807,60
206971,1780495513.811816,60
206972,1780495513.811819,60
206973,1780495513.811821,58
206974,1780495513.8118231,58
206975,1780495513.811826,59
206976,1780495513.811829,55
206977,1780495513.811831,57
206978,1780495513.8118331,56
206979,1780495513.811837,58
206980,1780495513.81434,60
206981,1780495513.814348,62
206982,1780495513.8143501,64
206983,1780495513.814353,66
206984,1780495513.814355,67
206985,1780495513.814358,69
206986,1780495513.8143601,72
206987,1780495513.8143628,73
206988,1780495513.814365,72
206989,1780495513.814367,72
206990,1780495513.814371,73
206991,1780495513.816861,68
206992,1780495513.816867,68
206993,1780495513.816869,69
206994,1780495513.816872,67
206995,1780495513.816874,68
206996,1780495513.8168771,68
206997,1780495513.816879,67
206998,1780495513.816881,67
206999,1780495513.816884,68
207000,1780495513.816886,68
207001,1780495513.816889,69
207002,1780495513.847129,72
207003,1780495513.8471382,74
207004,1780495513.847141,78
207005,1780495513.847143,81
207006,1780495513.847144,80
207007,1780495513.847146,82
207008,1780495513.847148,83
207009,1780495513.84715,81
207010,1780495513.8471522,79
207011,1780495513.847154,80
207012,1780495513.847158,79
207013,1780495513.851048,76
207014,1780495513.851053,75
207015,1780495513.8510551,76
207016,1780495513.8510568,77
207017,1780495513.851059,78
207018,1780495513.851061,78
207019,1780495513.851063,77
207020,1780495513.8510652,78
207021,1780495513.851066,80
207022,1780495513.851069,82
207023,1780495513.857301,84
207024,1780495513.85731,89
207025,1780495513.857313,89
207026,1780495513.857315,91
207027,1780495513.8573172,93
207028,1780495513.8573189,90
207029,1780495513.857321,92
207030,1780495513.857323,90
207031,1780495513.857325,89
207032,1780495513.857326,90
207033,1780495513.857329,88
207034,1780495513.859597,88
207035,1780495513.8595998,87
207036,1780495513.859602,85
207037,1780495513.859603,84
207038,1780495513.859605,88
207039,1780495513.859606,88
207040,1780495513.8596082,89
207041,1780495513.85961,91
207042,1780495513.859612,91
207043,1780495513.859614,94
207044,1780495513.89167,96
207045,1780495513.891677,99
207046,1780495513.891679,100
207047,1780495513.89168,100
207048,1780495513.891681,100
207049,1780495513.8916821,99
207050,1780495513.891683,99
207051,1780495513.891684,99
207052,1780495513.891685,98
207053,1780495513.891686,96
207054,1780495513.8916879,95
207055,1780495513.894368,97
207056,1780495513.89437,96
207057,1780495513.894371,93
207058,1780495513.894372,97
207059,1780495513.8943732,97
207060,1780495513.894374,98
207061,1780495513.8943748,99
207062,1780495513.8943748,100
207063,1780495513.894377,102
207064,1780495513.894377,105
207065,1780495513.894378,108
207066,1780495513.89438,111
207067,1780495513.8967261,111
207068,1780495513.8967319,110
207069,1780495513.896733,109
207070,1780495513.896734,113
207071,1780495513.896735,109
207072,1780495513.896736,106
207073,1780495513.896738,105
207074,1780495513.896738,107
207075,1780495513.896739,107
207076,1780495513.8967412,105
207077,1780495513.89907,105
207078,1780495513.8990731,104
207079,1780495513.899074,105
207080,1780495513.899075,108
207081,1780495513.899076,110
207082,1780495513.8990772,112
207083,1780495513.8990772,113
207084,1780495513.899078,115
207085,1780495513.8990788,116
207086,1780495513.89908,120
207087,1780495513.92958,119
207088,1780495513.929587,119
207089,1780495513.929588,118
207090,1780495513.929589,120
207091,1780495513.92959,118
207092,1780495513.929591,115
207093,1780495513.9295921,115
207094,1780495513.9295921,113
207095,1780495513.929593,114
207096,1780495513.929594,115
207097,1780495513.929596,112
207098,1780495513.9330492,115
207099,1780495513.933055,118
207100,1780495513.933056,117
207101,1780495513.933057,120
207102,1780495513.933058,121
207103,1780495513.933059,123
207104,1780495513.9330602,127
207105,1780495513.9330602,124
207106,1780495513.9330611,129
207107,1780495513.933063,127
207108,1780495513.935637,129
207109,1780495513.93564,129
207110,1780495513.935641,128
207111,1780495513.935642,127
207112,1780495513.935642,122
207113,1780495513.935643,124
207114,1780495513.935644,124
207115,1780495513.9356449,127
207116,1780495513.9356449,125
207117,1780495513.935646,124
207118,1780495513.935648,125
207119,1780495513.9658382,126
207120,1780495513.965844,126
207121,1780495513.965845,128
207122,1780495513.965845,129
207123,1780495513.965846,131
207124,1780495513.965847,134
207125,1780495513.965848,135
207126,1780495513.9658492,137
207127,1780495513.9658492,138
207128,1780495513.96585,135
207129,1780495513.965852,134
207130,1780495513.969321,134
207131,1780495513.969323,135
207132,1780495513.969324,133
207133,1780495513.969325,134
207134,1780495513.969326,132
207135,1780495513.9693272,133
207136,1780495513.9693272,133
207137,1780495513.9693282,130
207138,1780495513.9693289,132
207139,1780495513.9693298,132
207140,1780495513.972241,134
207141,1780495513.9722428,135
207142,1780495513.972244,138
207143,1780495513.972245,137
207144,1780495513.972246,141
207145,1780495513.972246,142
207146,1780495513.9722471,144
207147,1780495513.972248,146
207148,1780495513.972249,143
207149,1780495513.972249,143
207150,1780495513.972251,143
207151,1780495513.975626,141
207152,1780495513.9756281,141
207153,1780495513.975629,143
207154,1780495513.975629,143
207155,1780495513.9756422,140
207156,1780495513.9756422,142
207157,1780495513.975643,138
207158,1780495513.9756439,141
207159,1780495513.9756448,141
207160,1780495513.975646,144
207161,1780495513.975647,144
207162,1780495514.00581,151
207163,1780495514.005816,150
207164,1780495514.0058172,154
207165,1780495514.0058181,154
207166,1780495514.0058188,156
207167,1780495514.0058188,159
207168,1780495514.0058198,153
207169,1780495514.005821,155
207170,1780495514.005822,155
207171,1780495514.005824,153
207172,1780495514.009366,155
207173,1780495514.0093682,153
207174,1780495514.0093691,152
207175,1780495514.0093691,149
207176,1780495514.00937,154
207177,1780495514.0093708,152
207178,1780495514.009372,151
207179,1780495514.009373,152
207180,1780495514.009374,152
207181,1780495514.0093749,156
207182,1780495514.009376,153
207183,1780495514.011883,156
207184,1780495514.0118852,157
207185,1780495514.0118861,158
207186,1780495514.011887,159
207187,1780495514.011887,164
207188,1780495514.011888,161
207189,1780495514.011889,159
207190,1780495514.01189,159
207191,1780495514.01189,157
207192,1780495514.011891,155
207193,1780495514.011892,156
207194,1780495514.069613,158
207195,1780495514.06962,158
207196,1780495514.069621,155
207197,1780495514.069622,152
207198,1780495514.069624,154
207199,1780495514.0696251,156
207200,1780495514.0696268,158
207201,1780495514.069628,157
207202,1780495514.069629,159
207203,1780495514.069632,162
207204,1780495514.0730891,161
207205,1780495514.073092,164
207206,1780495514.0730932,164
207207,1780495514.0730948,166
207208,1780495514.073096,166
207209,1780495514.073097,164
207210,1780495514.073098,164
207211,1780495514.0731,162
207212,1780495514.073101,162
207213,1780495514.073102,162
207214,1780495514.073104,160
207215,1780495514.0755389,159
207216,1780495514.075542,157
207217,1780495514.075543,160
207218,1780495514.075551,157
207219,1780495514.075553,160
207220,1780495514.0755541,163
207221,1780495514.075555,161
207222,1780495514.075556,164
207223,1780495514.0755572,164
207224,1780495514.075569,164
207225,1780495514.075571,164
207226,1780495514.077975,168
207227,1780495514.0779781,168
207228,1780495514.0779788,165
207229,1780495514.0779798,168
207230,1780495514.077982,164
207231,1780495514.077983,164
207232,1780495514.077984,163
207233,1780495514.077985,162
207234,1780495514.077986,159
207235,1780495514.0779881,160
207236,1780495514.080605,161
207237,1780495514.080608,159
207238,1780495514.08061,160
207239,1780495514.080611,161
207240,1780495514.0806122,161
207241,1780495514.0806139,162
207242,1780495514.0806148,163
207243,1780495514.080616,164
207244,1780495514.080618,164
207245,1780495514.080619,167
207246,1780495514.080621,167
207247,1780495514.083043,167
207248,1780495514.0830479,168
207249,1780495514.08305,168
207250,1780495514.083051,164
207251,1780495514.083052,164
207252,1780495514.083054,164
207253,1780495514.083055,164
207254,1780495514.0830562,163
207255,1780495514.083057,161
207256,1780495514.0830579,162
207257,1780495514.08306,159
207258,1780495514.085641,160
207259,1780495514.085645,158
207260,1780495514.085647,160
207261,1780495514.0856478,162
207262,1780495514.085649,163
207263,1780495514.08565,165
207264,1780495514.085651,164
207265,1780495514.085653,165
207266,1780495514.085654,168
207267,1780495514.0856562,170
207268,1780495514.0980868,166
207269,1780495514.0980911,166
207270,1780495514.098092,165
207271,1780495514.098093,165
207272,1780495514.0980952,164
207273,1780495514.0980961,163
207274,1780495514.0980968,161
207275,1780495514.098099,159
207276,1780495514.0981,161
207277,1780495514.098102,159
207278,1780495514.0997021,158
207279,1780495514.101825,163
207280,1780495514.101829,161
207281,1780495514.101831,161
207282,1780495514.101832,163
207283,1780495514.101834,162
207284,1780495514.101835,162
207285,1780495514.101836,167
207286,1780495514.101838,166
207287,1780495514.101839,166
207288,1780495514.1018398,169
207289,1780495514.101842,167
207290,1780495514.132977,165
207291,1780495514.132989,164
207292,1780495514.132991,164
207293,1780495514.132993,163
207294,1780495514.1329951,160
207295,1780495514.132997,160
207296,1780495514.132999,160
207297,1780495514.1330009,159
207298,1780495514.133003,160
207299,1780495514.133006,159
207300,1780495514.1366348,160
207301,1780495514.13664,161
207302,1780495514.1366432,162
207303,1780495514.136645,163
207304,1780495514.136647,164
207305,1780495514.136649,163
207306,1780495514.136651,165
207307,1780495514.136653,165
207308,1780495514.136655,165
207309,1780495514.136657,164
207310,1780495514.1366599,163
207311,1780495514.1381152,161
207312,1780495514.138119,161
207313,1780495514.138121,160
207314,1780495514.138124,159
207315,1780495514.138125,155
207316,1780495514.138127,155
207317,1780495514.138129,155
207318,1780495514.138131,156
207319,1780495514.1381319,154
207320,1780495514.138134,158
207321,1780495514.1693509,159
207322,1780495514.1693969,159
207323,1780495514.1694021,159
207324,1780495514.169405,162
207325,1780495514.169408,161
207326,1780495514.16941,163
207327,1780495514.169413,164
207328,1780495514.169417,163
207329,1780495514.169425,160
207330,1780495514.1694279,161
207331,1780495514.1694322,162
207332,1780495514.173749,158
207333,1780495514.173763,157
207334,1780495514.173768,155
207335,1780495514.173773,156
207336,1780495514.1737769,154
207337,1780495514.173781,156
207338,1780495514.173785,155
207339,1780495514.173789,155
207340,1780495514.173792,155
207341,1780495514.173795,158
207342,1780495514.1737988,156
207343,1780495514.175859,158
207344,1780495514.1758661,158
207345,1780495514.175872,162
207346,1780495514.1758752,159
207347,1780495514.175879,162
207348,1780495514.175882,160
207349,1780495514.175885,159
207350,1780495514.1758878,156
207351,1780495514.1758919,153
207352,1780495514.175895,156
207353,1780495514.1758988,152
207354,1780495514.178299,155
207355,1780495514.178306,155
207356,1780495514.1783092,151
207357,1780495514.1783109,151
207358,1780495514.178314,153
207359,1780495514.178317,155
207360,1780495514.178321,153
207361,1780495514.178324,153
207362,1780495514.178355,156
207363,1780495514.178359,155
207364,1780495514.2080052,156
207365,1780495514.2080278,156
207366,1780495514.208033,158
207367,1780495514.2080371,158
207368,1780495514.208041,159
207369,1780495514.2080462,159
207370,1780495514.20805,155
207371,1780495514.208054,153
207372,1780495514.2080588,154
207373,1780495514.208063,154
207374,1780495514.2080698,154
207375,1780495514.211027,149
207376,1780495514.2110348,149
207377,1780495514.2110379,150
207378,1780495514.211041,151
207379,1780495514.211045,150
207380,1780495514.211048,152
207381,1780495514.211051,153
207382,1780495514.211055,153
207383,1780495514.211058,155
207384,1780495514.211062,152
207385,1780495514.211067,158
207386,1780495514.217105,156
207387,1780495514.217111,156
207388,1780495514.2171142,157
207389,1780495514.2171159,157
207390,1780495514.217118,154
207391,1780495514.21712,156
207392,1780495514.217123,150
207393,1780495514.217126,150
207394,1780495514.217129,150
207395,1780495514.217132,149
207396,1780495514.22097,149
207397,1780495514.2209861,146
207398,1780495514.220991,149
207399,1780495514.2209961,150
207400,1780495514.221002,149
207401,1780495514.2210062,150
207402,1780495514.221011,151
207403,1780495514.2210171,154
207404,1780495514.221022,157
207405,1780495514.221028,152
207406,1780495514.2231889,157
207407,1780495514.258562,158
207408,1780495514.258583,158
207409,1780495514.258587,156
207410,1780495514.25859,155
207411,1780495514.258592,154
207412,1780495514.258595,154
207413,1780495514.2585979,151
207414,1780495514.258601,151
207415,1780495514.258604,150
207416,1780495514.2586071,150
207417,1780495514.258611,149
207418,1780495514.26193,151
207419,1780495514.261944,148
207420,1780495514.2619479,150
207421,1780495514.261952,151
207422,1780495514.2619572,152
207423,1780495514.26196,152
207424,1780495514.261964,154
207425,1780495514.261968,156
207426,1780495514.261972,156
207427,1780495514.2619772,157
207428,1780495514.264353,159
207429,1780495514.264359,158
207430,1780495514.264363,154
207431,1780495514.264367,152
207432,1780495514.264371,155
207433,1780495514.264375,153
207434,1780495514.2643788,154
207435,1780495514.264382,151
207436,1780495514.264386,149
207437,1780495514.264389,148
207438,1780495514.264394,150
207439,1780495514.266916,150
207440,1780495514.2669241,152
207441,1780495514.2669282,153
207442,1780495514.266931,155
207443,1780495514.266935,155
207444,1780495514.2669382,157
207445,1780495514.266943,158
207446,1780495514.266946,158
207447,1780495514.2669492,161
207448,1780495514.266952,161
207449,1780495514.266957,161
207450,1780495514.29795,157
207451,1780495514.297961,158
207452,1780495514.297964,154
207453,1780495514.297966,153
207454,1780495514.2979681,154
207455,1780495514.2979698,153
207456,1780495514.297971,153
207457,1780495514.297973,152
207458,1780495514.297975,153
207459,1780495514.2979782,153
207460,1780495514.302239,154
207461,1780495514.302243,157
207462,1780495514.3022451,159
207463,1780495514.3022468,158
207464,1780495514.302249,162
207465,1780495514.30225,163
207466,1780495514.302252,164
207467,1780495514.302253,164
207468,1780495514.3022552,163
207469,1780495514.3022568,164
207470,1780495514.302259,163
207471,1780495514.3067038,163
207472,1780495514.306707,161
207473,1780495514.306709,162
207474,1780495514.306711,159
207475,1780495514.3067122,160
207476,1780495514.306714,157
207477,1780495514.306716,160
207478,1780495514.306717,160
207479,1780495514.306719,161
207480,1780495514.30672,162
207481,1780495514.306723,164
207482,1780495514.308251,162
207483,1780495514.308254,163
207484,1780495514.308256,165
207485,1780495514.308257,166
207486,1780495514.308259,168
207487,1780495514.3082602,169
207488,1780495514.3082619,168
207489,1780495514.308264,167
207490,1780495514.308266,164
207491,1780495514.308268,166
207492,1780495514.375136,165
207493,1780495514.3751428,163
207494,1780495514.375144,165
207495,1780495514.375145,164
207496,1780495514.375146,160
207497,1780495514.375147,163
207498,1780495514.375147,163
207499,1780495514.375148,166
207500,1780495514.375149,164
207501,1780495514.37515,164
207502,1780495514.3751512,167
207503,1780495514.378177,170
207504,1780495514.37818,172
207505,1780495514.3781812,171
207506,1780495514.3781812,173
207507,1780495514.378182,173
207508,1780495514.378183,169
207509,1780495514.3781838,170
207510,1780495514.378185,171
207511,1780495514.378186,169
207512,1780495514.378186,169
207513,1780495514.3781881,167
207514,1780495514.381323,168
207515,1780495514.3813262,165
207516,1780495514.3813272,166
207517,1780495514.3813279,165
207518,1780495514.3813288,167
207519,1780495514.38133,166
207520,1780495514.381331,165
207521,1780495514.381331,168
207522,1780495514.381332,169
207523,1780495514.381334,170
207524,1780495514.384673,171
207525,1780495514.3846772,170
207526,1780495514.384678,173
207527,1780495514.3846788,176
207528,1780495514.3846788,175
207529,1780495514.38468,176
207530,1780495514.384681,174
207531,1780495514.384682,170
207532,1780495514.384682,170
207533,1780495514.384683,170
207534,1780495514.384684,168
207535,1780495514.386842,167
207536,1780495514.386848,168
207537,1780495514.386849,164
207538,1780495514.38685,165
207539,1780495514.386851,166
207540,1780495514.386852,165
207541,1780495514.3868532,164
207542,1780495514.3868532,169
207543,1780495514.386854,173
207544,1780495514.386855,172
207545,1780495514.3868558,173
207546,1780495514.3890529,175
207547,1780495514.389055,176
207548,1780495514.389056,173
207549,1780495514.389057,174
207550,1780495514.389058,170
207551,1780495514.389058,171
207552,1780495514.389059,169
207553,1780495514.38906,171
207554,1780495514.3890612,167
207555,1780495514.389062,166
207556,1780495514.3912342,167
207557,1780495514.391236,164
207558,1780495514.391244,168
207559,1780495514.3912451,167
207560,1780495514.3912451,168
207561,1780495514.391246,169
207562,1780495514.391247,169
207563,1780495514.391248,171
207564,1780495514.391249,173
207565,1780495514.391249,174
207566,1780495514.3912508,175
207567,1780495514.397249,173
207568,1780495514.3972569,176
207569,1780495514.397259,175
207570,1780495514.397259,173
207571,1780495514.39726,169
207572,1780495514.3972611,167
207573,1780495514.397262,168
207574,1780495514.397263,168
207575,1780495514.397263,168
207576,1780495514.3972638,164
207577,1780495514.397265,166
207578,1780495514.403438,166
207579,1780495514.403441,166
207580,1780495514.403441,168
207581,1780495514.403442,167
207582,1780495514.4034429,167
207583,1780495514.403444,172
207584,1780495514.403445,172
207585,1780495514.403445,173
207586,1780495514.403446,174
207587,1780495514.4034472,177
207588,1780495514.440835,174
207589,1780495514.440842,174
207590,1780495514.440844,170
207591,1780495514.440844,172
207592,1780495514.440845,167
207593,1780495514.440846,166
207594,1780495514.4408472,166
207595,1780495514.4408479,166
207596,1780495514.4408488,165
207597,1780495514.44085,165
207598,1780495514.440851,165
207599,1780495514.444252,167
207600,1780495514.4442549,166
207601,1780495514.444256,165
207602,1780495514.444257,166
207603,1780495514.444258,167
207604,1780495514.4442592,169
207605,1780495514.4442601,170
207606,1780495514.4442601,173
207607,1780495514.444261,173
207608,1780495514.4442618,173
207609,1780495514.444263,167
207610,1780495514.446753,170
207611,1780495514.4467552,167
207612,1780495514.4467561,165
207613,1780495514.446757,166
207614,1780495514.4467578,163
207615,1780495514.446759,162
207616,1780495514.446759,161
207617,1780495514.44676,160
207618,1780495514.446761,161
207619,1780495514.446762,160
207620,1780495514.449314,161
207621,1780495514.449325,162
207622,1780495514.449326,162
207623,1780495514.449327,164
207624,1780495514.4493282,164
207625,1780495514.4493282,165
207626,1780495514.449329,167
207627,1780495514.4493299,166
207628,1780495514.449331,165
207629,1780495514.449331,164
207630,1780495514.449333,164
207631,1780495514.464339,162
207632,1780495514.464343,163
207633,1780495514.464345,159
207634,1780495514.464345,160
207635,1780495514.464347,157
207636,1780495514.4643478,155
207637,1780495514.4643478,157
207638,1780495514.464349,156
207639,1780495514.46435,155
207640,1780495514.464351,157
207641,1780495514.464352,158
207642,1780495514.466861,157
207643,1780495514.4668632,159
207644,1780495514.466864,161
207645,1780495514.4668648,163
207646,1780495514.466866,162
207647,1780495514.466867,161
207648,1780495514.466868,161
207649,1780495514.4668689,161
207650,1780495514.46687,156
207651,1780495514.466871,157
207652,1780495514.502164,158
207653,1780495514.5021691,155
207654,1780495514.50217,152
207655,1780495514.5021708,152
207656,1780495514.502172,151
207657,1780495514.502173,151
207658,1780495514.502174,151
207659,1780495514.502175,147
207660,1780495514.502176,149
207661,1780495514.502177,152
207662,1780495514.5021791,153
207663,1780495514.505545,156
207664,1780495514.505549,152
207665,1780495514.505551,159
207666,1780495514.5055518,160
207667,1780495514.505553,159
207668,1780495514.505554,158
207669,1780495514.505555,157
207670,1780495514.505557,155
207671,1780495514.505558,152
207672,1780495514.505559,151
207673,1780495514.5055602,149
207674,1780495514.508062,145
207675,1780495514.508065,148
207676,1780495514.508066,145
207677,1780495514.5080671,145
207678,1780495514.508068,147
207679,1780495514.508069,146
207680,1780495514.50807,148
207681,1780495514.508071,146
207682,1780495514.508072,149
207683,1780495514.5080729,148
207684,1780495514.51212,150
207685,1780495514.5121229,152
207686,1780495514.512125,153
207687,1780495514.512126,154
207688,1780495514.512127,152
207689,1780495514.512128,151
207690,1780495514.512129,151
207691,1780495514.51213,150
207692,1780495514.512131,148
207693,1780495514.5121322,145
207694,1780495514.5121338,143
207695,1780495514.5289059,143
207696,1780495514.5289128,143
207697,1780495514.528915,141
207698,1780495514.528916,144
207699,1780495514.528918,142
207700,1780495514.528919,142
207701,1780495514.5289202,143
207702,1780495514.5289211,146
207703,1780495514.5289228,144
207704,1780495514.528924,147
207705,1780495514.528925,147
207706,1780495514.528926,149
207707,1780495514.528928,149
207708,1780495514.528929,149
207709,1780495514.52893,149
207710,1780495514.5289311,148
207711,1780495514.528932,144
207712,1780495514.528934,146
207713,1780495514.528935,142
207714,1780495514.528936,141
207715,1780495514.528939,136
207716,1780495514.5596611,136
207717,1780495514.559669,137
207718,1780495514.559671,139
207719,1780495514.559672,136
207720,1780495514.559674,139
207721,1780495514.559675,140
207722,1780495514.559677,140
207723,1780495514.5596778,139
207724,1780495514.55968,140
207725,1780495514.559681,143
207726,1780495514.559684,146
207727,1780495514.563076,146
207728,1780495514.5630789,145
207729,1780495514.563081,143
207730,1780495514.563083,141
207731,1780495514.5630841,140
207732,1780495514.563086,141
207733,1780495514.563087,138
207734,1780495514.563089,136
207735,1780495514.5630898,136
207736,1780495514.563092,133
207737,1780495514.563094,134
207738,1780495514.565599,133
207739,1780495514.5656052,132
207740,1780495514.565608,133
207741,1780495514.56561,134
207742,1780495514.565612,134
207743,1780495514.565614,136
207744,1780495514.5656161,136
207745,1780495514.5656168,136
207746,1780495514.565619,137
207747,1780495514.565622,142
207748,1780495514.595884,138
207749,1780495514.5958998,135
207750,1780495514.595902,136
207751,1780495514.595905,134
207752,1780495514.595907,133
207753,1780495514.595909,129
207754,1780495514.595912,130
207755,1780495514.595914,130
207756,1780495514.595916,128
207757,1780495514.5959208,126
207758,1780495514.5984828,126
207759,1780495514.600996,128
207760,1780495514.601001,127
207761,1780495514.6010041,130
207762,1780495514.601006,130
207763,1780495514.6010082,132
207764,1780495514.601011,132
207765,1780495514.601013,131
207766,1780495514.601015,137
207767,1780495514.6010182,136
207768,1780495514.6010199,135
207769,1780495514.601023,131
207770,1780495514.606853,130
207771,1780495514.606858,129
207772,1780495514.60686,129
207773,1780495514.606863,126
207774,1780495514.606865,126
207775,1780495514.606868,124
207776,1780495514.6068711,121
207777,1780495514.606873,120
207778,1780495514.606875,122
207779,1780495514.606879,122
207780,1780495514.6094,123
207781,1780495514.609406,125
207782,1780495514.60941,123
207783,1780495514.6094131,120
207784,1780495514.6094148,126
207785,1780495514.609418,126
207786,1780495514.609421,127
207787,1780495514.6094239,130
207788,1780495514.609426,127
207789,1780495514.609429,125
207790,1780495514.6094332,124
207791,1780495514.6732621,124
207792,1780495514.673289,122
207793,1780495514.673296,120
207794,1780495514.673301,119
207795,1780495514.6733062,117
207796,1780495514.673311,117
207797,1780495514.673316,115
207798,1780495514.673321,114
207799,1780495514.6733272,113
207800,1780495514.673332,116
207801,1780495514.6733398,116
207802,1780495514.67522,117
207803,1780495514.6752279,117
207804,1780495514.675231,120
207805,1780495514.675234,118
207806,1780495514.6752372,123
207807,1780495514.6752388,122
207808,1780495514.675244,124
207809,1780495514.6752472,120
207810,1780495514.675251,118
207811,1780495514.675254,117
207812,1780495514.679633,115
207813,1780495514.6796448,110
207814,1780495514.67965,112
207815,1780495514.6796548,111
207816,1780495514.67966,108
207817,1780495514.6796649,109
207818,1780495514.67967,107
207819,1780495514.6796749,107
207820,1780495514.679679,109
207821,1780495514.6796842,109
207822,1780495514.679709,108
207823,1780495514.681781,108
207824,1780495514.6818051,112
207825,1780495514.681812,111
207826,1780495514.681817,113
207827,1780495514.681822,111
207828,1780495514.681827,111
207829,1780495514.681831,110
207830,1780495514.6818361,108
207831,1780495514.681841,108
207832,1780495514.681846,105
207833,1780495514.6818519,105
207834,1780495514.683264,104
207835,1780495514.683273,101
207836,1780495514.683278,101
207837,1780495514.6832829,101
207838,1780495514.683288,100
207839,1780495514.683292,101
207840,1780495514.683298,100
207841,1780495514.683305,100
207842,1780495514.683309,100
207843,1780495514.683317,102
207844,1780495514.687455,102
207845,1780495514.687478,104
207846,1780495514.6874812,105
207847,1780495514.6874838,107
207848,1780495514.687486,103
207849,1780495514.687489,106
207850,1780495514.6874912,104
207851,1780495514.687493,105
207852,1780495514.687496,100
207853,1780495514.687498,100
207854,1780495514.6875021,98
207855,1780495514.6896908,98
207856,1780495514.689709,99
207857,1780495514.689714,98
207858,1780495514.689718,96
207859,1780495514.689722,97
207860,1780495514.6897259,98
207861,1780495514.689729,97
207862,1780495514.689733,98
207863,1780495514.689736,100
207864,1780495514.68974,100
207865,1780495514.689745,99
207866,1780495514.692311,99
207867,1780495514.6923258,101
207868,1780495514.692331,101
207869,1780495514.6923351,100
207870,1780495514.692338,100
207871,1780495514.692342,98
207872,1780495514.6923468,99
207873,1780495514.6923509,97
207874,1780495514.692356,97
207875,1780495514.6923609,94
207876,1780495514.724681,95
207877,1780495514.7246919,93
207878,1780495514.724695,94
207879,1780495514.724697,93
207880,1780495514.7247,95
207881,1780495514.724702,94
207882,1780495514.724704,93
207883,1780495514.724706,95
207884,1780495514.724708,94
207885,1780495514.72471,96
207886,1780495514.724715,97
207887,1780495514.729002,96
207888,1780495514.729007,95
207889,1780495514.729009,91
207890,1780495514.729012,89
207891,1780495514.729014,89
207892,1780495514.729016,86
207893,1780495514.729019,82
207894,1780495514.7290208,82
207895,1780495514.729023,78
207896,1780495514.7290251,76
207897,1780495514.7290292,72
207898,1780495514.730613,71
207899,1780495514.730618,70
207900,1780495514.73062,68
207901,1780495514.730623,66
207902,1780495514.730625,66
207903,1780495514.730627,65
207904,1780495514.7306292,64
207905,1780495514.7306318,60
207906,1780495514.730634,60
207907,1780495514.730637,58
207908,1780495514.734625,54
207909,1780495514.7346292,50
207910,1780495514.7346308,48
207911,1780495514.734634,43
207912,1780495514.734636,40
207913,1780495514.734638,36
207914,1780495514.7346401,34
207915,1780495514.734642,33
207916,1780495514.7346518,32
207917,1780495514.734653,32
207918,1780495514.734656,32
207919,1780495514.7646122,33
207920,1780495514.764617,32
207921,1780495514.764618,31
207922,1780495514.76462,32
207923,1780495514.764621,33
207924,1780495514.764622,32
207925,1780495514.7646232,31
207926,1780495514.7646239,32
207927,1780495514.764626,32
207928,1780495514.764627,32
207929,1780495514.764628,32
207930,1780495514.76463,32
207931,1780495514.767824,32
207932,1780495514.767827,32
207933,1780495514.767828,32
207934,1780495514.767829,32
207935,1780495514.7678301,33
207936,1780495514.767831,31
207937,1780495514.767833,31
207938,1780495514.7678342,32
207939,1780495514.767835,32
207940,1780495514.770559,34
207941,1780495514.7705631,33
207942,1780495514.770564,31
207943,1780495514.770565,33
207944,1780495514.770566,32
207945,1780495514.770567,33
207946,1780495514.770568,32
207947,1780495514.7705688,32
207948,1780495514.77057,31
207949,1780495514.770571,32
207950,1780495514.770572,33
207951,1780495514.775828,31
207952,1780495514.775831,32
207953,1780495514.7758331,33
207954,1780495514.775834,32
207955,1780495514.7758348,32
207956,1780495514.775836,31
207957,1780495514.775837,32
207958,1780495514.775838,32
207959,1780495514.775839,32
207960,1780495514.77584,32
207961,1780495514.777981,33
207962,1780495514.806978,33
207963,1780495514.8069818,31
207964,1780495514.806983,33
207965,1780495514.806983,32
207966,1780495514.806984,32
207967,1780495514.806985,31
207968,1780495514.806987,33
207969,1780495514.806987,31
207970,1780495514.806988,32
207971,1780495514.8069901,33
207972,1780495514.8122501,32
207973,1780495514.8122518,32
207974,1780495514.812253,32
207975,1780495514.812254,33
207976,1780495514.812255,32
207977,1780495514.812256,31
207978,1780495514.812256,32
207979,1780495514.812257,32
207980,1780495514.812258,33
207981,1780495514.812259,32
207982,1780495514.8122602,31
207983,1780495514.8166678,32
207984,1780495514.81667,32
207985,1780495514.816671,32
207986,1780495514.816671,32
207987,1780495514.816672,33
207988,1780495514.816673,33
207989,1780495514.816674,32
207990,1780495514.8166752,33
207991,1780495514.8166752,31
207992,1780495514.8166761,31
207993,1780495514.816677,33
207994,1780495514.8188422,32
207995,1780495514.8188438,32
207996,1780495514.818845,32
207997,1780495514.818846,32
207998,1780495514.818846,32
207999,1780495514.818847,32
208000,1780495514.818848,32
208001,1780495514.818849,32
208002,1780495514.81885,32
208003,1780495514.818851,32
208004,1780495514.849129,32
208005,1780495514.849131,32
208006,1780495514.849132,32
208007,1780495514.849133,31
208008,1780495514.849133,33
208009,1780495514.849134,33
208010,1780495514.8491352,32
208011,1780495514.849136,32
208012,1780495514.8491368,32
208013,1780495514.8491368,32
208014,1780495514.849139,32
208015,1780495514.852858,32
208016,1780495514.85286,33
208017,1780495514.85286,32
208018,1780495514.852861,31
208019,1780495514.852862,31
208020,1780495514.852863,31
208021,1780495514.852863,33
208022,1780495514.852864,31
208023,1780495514.852865,32
208024,1780495514.852866,31
208025,1780495514.85499,33
208026,1780495514.854992,32
208027,1780495514.8549929,32
208028,1780495514.8549929,31
208029,1780495514.855001,32
208030,1780495514.8550022,32
208031,1780495514.8550029,32
208032,1780495514.8550038,31
208033,1780495514.855005,32
208034,1780495514.855006,32
208035,1780495514.855007,33
208036,1780495514.865636,32
208037,1780495514.8656378,32
208038,1780495514.865639,33
208039,1780495514.86564,32
208040,1780495514.86564,32
208041,1780495514.8656409,34
208042,1780495514.865642,33
208043,1780495514.865642,31
208044,1780495514.865643,31
208045,1780495514.865644,31
208046,1780495514.8656452,32
208047,1780495514.895754,32
208048,1780495514.895756,32
208049,1780495514.895757,32
208050,1780495514.8957582,32
208051,1780495514.895759,32
208052,1780495514.8957598,32
208053,1780495514.895761,31
208054,1780495514.895761,32
208055,1780495514.895762,33
208056,1780495514.895763,31
208057,1780495514.8957639,33
208058,1780495514.899313,31
208059,1780495514.899314,32
208060,1780495514.8993149,31
208061,1780495514.899316,33
208062,1780495514.899317,32
208063,1780495514.899318,32
208064,1780495514.899319,31
208065,1780495514.899319,32
208066,1780495514.8993201,33
208067,1780495514.899321,32
208068,1780495514.902432,32
208069,1780495514.902434,32
208070,1780495514.902435,32
208071,1780495514.902436,32
208072,1780495514.9024372,32
208073,1780495514.9024372,32
208074,1780495514.902438,32
208075,1780495514.9024389,32
208076,1780495514.9024398,32
208077,1780495514.902441,32
208078,1780495514.902442,32
208079,1780495514.902443,33
208080,1780495514.905641,31
208081,1780495514.905643,32
208082,1780495514.905644,33
208083,1780495514.9056451,32
208084,1780495514.905646,32
208085,1780495514.905647,33
208086,1780495514.905647,32
208087,1780495514.9056482,32
208088,1780495514.905649,32
208089,1780495514.90565,31
208090,1780495514.972053,31
208091,1780495514.9720562,32
208092,1780495514.972058,33
208093,1780495514.9720588,32
208094,1780495514.972061,32
208095,1780495514.9720619,33
208096,1780495514.972064,32
208097,1780495514.972065,32
208098,1780495514.9720662,32
208099,1780495514.972068,33
208100,1780495514.975957,32
208101,1780495514.97596,32
208102,1780495514.975961,33
208103,1780495514.9759629,32
208104,1780495514.9759638,31
208105,1780495514.975965,32
208106,1780495514.975967,32
208107,1780495514.975968,32
208108,1780495514.975969,32
208109,1780495514.975971,32
208110,1780495514.9759731,32
208111,1780495514.9806411,32
208112,1780495514.9806468,33
208113,1780495514.980649,33
208114,1780495514.980651,31
208115,1780495514.980652,33
208116,1780495514.980654,32
208117,1780495514.9806552,32
208118,1780495514.9806569,32
208119,1780495514.980659,32
208120,1780495514.98066,33
208121,1780495514.980663,32
208122,1780495514.983026,33
208123,1780495514.983029,33
208124,1780495514.98303,33
208125,1780495514.983032,33
208126,1780495514.9830341,31
208127,1780495514.9830348,34
208128,1780495514.983037,32
208129,1780495514.983039,33
208130,1780495514.98304,32
208131,1780495514.983042,32
208132,1780495514.985579,32
208133,1780495514.985582,32
208134,1780495514.985584,33
208135,1780495514.985585,32
208136,1780495514.985587,32
208137,1780495514.985588,32
208138,1780495514.98559,32
208139,1780495514.985591,32
208140,1780495514.985593,32
208141,1780495514.985594,32
208142,1780495514.985597,31
208143,1780495514.987982,32
208144,1780495514.9879858,33
208145,1780495514.987988,32
208146,1780495514.98799,31
208147,1780495514.987991,32
208148,1780495514.987993,32
208149,1780495514.9879942,32
208150,1780495514.9879959,33
208151,1780495514.9879968,33
208152,1780495514.987999,32
208153,1780495514.988001,32
208154,1780495514.990922,33
208155,1780495514.990926,32
208156,1780495514.990928,33
208157,1780495514.990929,31
208158,1780495514.9909341,31
208159,1780495514.990935,31
208160,1780495514.990937,33
208161,1780495514.990939,32
208162,1780495514.9909408,33
208163,1780495514.990943,32
208164,1780495514.9980621,33
208165,1780495514.998066,31
208166,1780495514.998067,33
208167,1780495514.998069,33
208168,1780495514.998071,31
208169,1780495514.9980721,32
208170,1780495514.998074,32
208171,1780495514.9980748,32
208172,1780495514.998077,32
208173,1780495514.9980779,33
208174,1780495514.998081,32
208175,1780495515.000622,32
208176,1780495515.0006258,32
208177,1780495515.000627,32
208178,1780495515.000629,34
208179,1780495515.000631,32
208180,1780495515.000633,32
208181,1780495515.000635,32
208182,1780495515.0006359,32
208183,1780495515.000638,33
208184,1780495515.00064,33
208185,1780495515.000643,32
208186,1780495515.013151,33
208187,1780495515.013154,33
208188,1780495515.0131562,32
208189,1780495515.0131578,32
208190,1780495515.01316,32
208191,1780495515.013162,32
208192,1780495515.013164,31
208193,1780495515.0131662,32
208194,1780495515.013168,32
208195,1780495515.01317,31
208196,1780495515.013173,32
208197,1780495515.043474,32
208198,1780495515.043495,31
208199,1780495515.043499,31
208200,1780495515.043502,32
208201,1780495515.0435042,31
208202,1780495515.0435069,32
208203,1780495515.04351,32
208204,1780495515.043513,32
208205,1780495515.043516,32
208206,1780495515.043519,31
208207,1780495515.046726,32
208208,1780495515.0467331,33
208209,1780495515.0467358,32
208210,1780495515.046738,31
208211,1780495515.04674,32
208212,1780495515.0467432,33
208213,1780495515.046745,32
208214,1780495515.046747,33
208215,1780495515.04675,32
208216,1780495515.046752,32
208217,1780495515.046755,32
208218,1780495515.049321,32
208219,1780495515.049334,33
208220,1780495515.0493371,33
208221,1780495515.04934,33
208222,1780495515.049342,32
208223,1780495515.049344,32
208224,1780495515.0493472,32
208225,1780495515.0493498,32
208226,1780495515.049353,31
208227,1780495515.049356,32
208228,1780495515.052222,33
208229,1780495515.052227,32
208230,1780495515.05223,32
208231,1780495515.052233,32
208232,1780495515.052236,31
208233,1780495515.0522392,32
208234,1780495515.0522418,33
208235,1780495515.052246,33
208236,1780495515.0522501,32
208237,1780495515.052253,30
208238,1780495515.052256,32
208239,1780495515.084605,32
208240,1780495515.084623,33
208241,1780495515.084627,32
208242,1780495515.084629,32
208243,1780495515.084631,32
208244,1780495515.084634,33
208245,1780495515.084636,31
208246,1780495515.0846379,33
208247,1780495515.084641,32
208248,1780495515.0846431,32
208249,1780495515.08465,32
208250,1780495515.087986,33
208251,1780495515.08799,32
208252,1780495515.0879931,32
208253,1780495515.0879948,33
208254,1780495515.087997,30
208255,1780495515.0879989,32
208256,1780495515.0880032,33
208257,1780495515.088005,32
208258,1780495515.088008,33
208259,1780495515.088011,32
208260,1780495515.090602,32
208261,1780495515.0906072,32
208262,1780495515.09061,32
208263,1780495515.090613,32
208264,1780495515.090615,32
208265,1780495515.0906181,33
208266,1780495515.0906198,32
208267,1780495515.090623,33
208268,1780495515.090625,31
208269,1780495515.090627,31
208270,1780495515.090631,32
208271,1780495515.120969,31
208272,1780495515.120995,32
208273,1780495515.120998,32
208274,1780495515.121001,33
208275,1780495515.121003,33
208276,1780495515.121006,33
208277,1780495515.1210089,33
208278,1780495515.121012,32
208279,1780495515.121015,32
208280,1780495515.121017,32
208281,1780495515.121025,33
208282,1780495515.124353,31
208283,1780495515.124366,31
208284,1780495515.124373,32
208285,1780495515.1243799,32
208286,1780495515.124385,31
208287,1780495515.1243892,31
208288,1780495515.124397,32
208289,1780495515.124403,32
208290,1780495515.124407,32
208291,1780495515.124413,32
208292,1780495515.127313,31
208293,1780495515.127329,32
208294,1780495515.1273339,32
208295,1780495515.127338,31
208296,1780495515.1273432,33
208297,1780495515.127348,33
208298,1780495515.1273532,32
208299,1780495515.127357,31
208300,1780495515.127362,32
208301,1780495515.127367,32
208302,1780495515.127373,32
208303,1780495515.1306791,32
208304,1780495515.130687,32
208305,1780495515.130721,31
208306,1780495515.1307251,32
208307,1780495515.1307268,32
208308,1780495515.13073,33
208309,1780495515.130732,33
208310,1780495515.130734,32
208311,1780495515.1307368,32
208312,1780495515.130739,32
208313,1780495515.130742,33
208314,1780495515.160835,32
208315,1780495515.1608489,33
208316,1780495515.160853,32
208317,1780495515.160856,33
208318,1780495515.1608589,32
208319,1780495515.160862,32
208320,1780495515.160865,32
208321,1780495515.1608682,31
208322,1780495515.1608698,32
208323,1780495515.160875,32
208324,1780495515.1643,32
208325,1780495515.164305,32
208326,1780495515.1643069,33
208327,1780495515.164309,31
208328,1780495515.1643121,31
208329,1780495515.164314,32
208330,1780495515.164317,31
208331,1780495515.164319,33
208332,1780495515.164321,32
208333,1780495515.164323,32
208334,1780495515.164327,31
208335,1780495515.16684,32
208336,1780495515.166844,32
208337,1780495515.166847,32
208338,1780495515.1668491,32
208339,1780495515.166852,31
208340,1780495515.166854,32
208341,1780495515.166856,31
208342,1780495515.166858,32
208343,1780495515.166861,32
208344,1780495515.1668632,33
208345,1780495515.166867,32
208346,1780495515.169281,33
208347,1780495515.169285,33
208348,1780495515.169287,31
208349,1780495515.1692889,33
208350,1780495515.169291,32
208351,1780495515.1692932,31
208352,1780495515.169295,30
208353,1780495515.1692958,33
208354,1780495515.169298,33
208355,1780495515.169301,32
208356,1780495515.201057,31
208357,1780495515.201062,32
208358,1780495515.2010639,32
208359,1780495515.201065,32
208360,1780495515.201066,32
208361,1780495515.201067,32
208362,1780495515.201069,31
208363,1780495515.20107,32
208364,1780495515.201071,31
208365,1780495515.2010722,32
208366,1780495515.201074,32
208367,1780495515.210565,32
208368,1780495515.210567,32
208369,1780495515.210569,32
208370,1780495515.21057,32
208371,1780495515.210571,32
208372,1780495515.210572,32
208373,1780495515.210573,32
208374,1780495515.2105742,33
208375,1780495515.210575,32
208376,1780495515.2105758,31
208377,1780495515.210577,32
208378,1780495515.212981,31
208379,1780495515.212984,31
208380,1780495515.2129862,32
208381,1780495515.212987,32
208382,1780495515.212988,31
208383,1780495515.2129889,31
208384,1780495515.21299,32
208385,1780495515.212991,32
208386,1780495515.212991,31
208387,1780495515.212993,32
208388,1780495515.215963,32
208389,1780495515.215965,33
208390,1780495515.215966,32
208391,1780495515.215967,32
208392,1780495515.215968,32
208393,1780495515.215969,32
208394,1780495515.21597,33
208395,1780495515.215971,32
208396,1780495515.2159722,32
208397,1780495515.2159739,31
208398,1780495515.217364,33
208399,1780495515.274622,32
208400,1780495515.274626,31
208401,1780495515.274627,32
208402,1780495515.274627,32
208403,1780495515.2746282,33
208404,1780495515.274629,32
208405,1780495515.2746298,32
208406,1780495515.274631,32
208407,1780495515.274631,32
208408,1780495515.274633,31
208409,1780495515.280511,33
208410,1780495515.280514,32
208411,1780495515.280515,32
208412,1780495515.2805161,31
208413,1780495515.280517,32
208414,1780495515.2805178,33
208415,1780495515.2805178,32
208416,1780495515.280519,32
208417,1780495515.28052,32
208418,1780495515.280521,33
208419,1780495515.2805219,32
208420,1780495515.282965,32
208421,1780495515.282967,33
208422,1780495515.282968,33
208423,1780495515.282969,32
208424,1780495515.282969,32
208425,1780495515.2829702,32
208426,1780495515.282971,33
208427,1780495515.2829719,33
208428,1780495515.2829719,32
208429,1780495515.2829728,32
208430,1780495515.282974,33
208431,1780495515.285503,32
208432,1780495515.285505,31
208433,1780495515.285506,32
208434,1780495515.285506,31
208435,1780495515.285507,32
208436,1780495515.2855082,32
208437,1780495515.285509,33
208438,1780495515.2855098,32
208439,1780495515.2855098,32
208440,1780495515.2855208,32
208441,1780495515.285523,32
208442,1780495515.292268,32
208443,1780495515.2922702,33
208444,1780495515.2922711,33
208445,1780495515.292272,32
208446,1780495515.2922728,31
208447,1780495515.292274,32
208448,1780495515.292274,32
208449,1780495515.292275,31
208450,1780495515.292276,33
208451,1780495515.292277,31
208452,1780495515.2967281,33
208453,1780495515.296729,32
208454,1780495515.29673,32
208455,1780495515.296731,33
208456,1780495515.296732,32
208457,1780495515.296732,32
208458,1780495515.296733,32
208459,1780495515.2967339,31
208460,1780495515.296735,32
208461,1780495515.296736,32
208462,1780495515.296737,32
208463,1780495515.302405,32
208464,1780495515.3024058,32
208465,1780495515.302407,33
208466,1780495515.302408,31
208467,1780495515.302409,32
208468,1780495515.30241,33
208469,1780495515.30241,33
208470,1780495515.302411,33
208471,1780495515.302412,32
208472,1780495515.302413,32
208473,1780495515.3024142,32
208474,1780495515.305969,32
208475,1780495515.305971,32
208476,1780495515.3059719,32
208477,1780495515.305973,32
208478,1780495515.305974,33
208479,1780495515.305974,33
208480,1780495515.305975,33
208481,1780495515.3059762,33
208482,1780495515.305977,32
208483,1780495515.305978,33
208484,1780495515.3081942,32
208485,1780495515.308196,32
208486,1780495515.308197,31
208487,1780495515.308198,31
208488,1780495515.308199,32
208489,1780495515.3082,32
208490,1780495515.3082,31
208491,1780495515.308201,32
208492,1780495515.308202,33
208493,1780495515.308203,31
208494,1780495515.308204,33
208495,1780495515.340342,32
208496,1780495515.3403451,32
208497,1780495515.340346,32
208498,1780495515.3403468,32
208499,1780495515.340348,33
208500,1780495515.340349,32
208501,1780495515.34035,32
208502,1780495515.3403509,32
208503,1780495515.340352,31
208504,1780495515.340353,31
208505,1780495515.340354,32
208506,1780495515.342704,32
208507,1780495515.342706,31
208508,1780495515.342707,33
208509,1780495515.3427079,32
208510,1780495515.3427079,32
208511,1780495515.342709,31
208512,1780495515.34271,32
208513,1780495515.342711,32
208514,1780495515.3427122,31
208515,1780495515.342714,32
208516,1780495515.347161,32
208517,1780495515.347163,31
208518,1780495515.347164,32
208519,1780495515.3471649,32
208520,1780495515.347166,32
208521,1780495515.347167,31
208522,1780495515.347167,32
208523,1780495515.347168,32
208524,1780495515.347169,32
208525,1780495515.34717,33
208526,1780495515.347171,31
208527,1780495515.377721,32
208528,1780495515.377723,31
208529,1780495515.377725,31
208530,1780495515.3777258,32
208531,1780495515.377727,32
208532,1780495515.377728,33
208533,1780495515.377729,32
208534,1780495515.3777301,33
208535,1780495515.377731,32
208536,1780495515.3777332,32
208537,1780495515.377734,32
208538,1780495515.379244,32
208539,1780495515.3792472,30
208540,1780495515.3792481,32
208541,1780495515.3792489,32
208542,1780495515.3792498,32
208543,1780495515.379251,31
208544,1780495515.379252,32
208545,1780495515.379254,32
208546,1780495515.379255,32
208547,1780495515.379256,31
208548,1780495515.3873641,33
208549,1780495515.387367,32
208550,1780495515.387368,33
208551,1780495515.387369,33
208552,1780495515.3873699,31
208553,1780495515.387372,30
208554,1780495515.387373,31
208555,1780495515.3873742,31
208556,1780495515.387375,32
208557,1780495515.387376,32
208558,1780495515.387378,33
208559,1780495515.389514,33
208560,1780495515.389517,33
208561,1780495515.389518,33
208562,1780495515.3895192,31
208563,1780495515.389521,31
208564,1780495515.3895218,31
208565,1780495515.389523,32
208566,1780495515.3895319,31
208567,1780495515.389533,33
208568,1780495515.389534,32
208569,1780495515.389536,32
208570,1780495515.393167,32
208571,1780495515.3931699,32
208572,1780495515.393172,32
208573,1780495515.393173,32
208574,1780495515.393174,32
208575,1780495515.3931751,32
208576,1780495515.393176,32
208577,1780495515.3931782,33
208578,1780495515.393179,32
208579,1780495515.3931808,32
208580,1780495515.422765,32
208581,1780495515.4227688,32
208582,1780495515.422771,31
208583,1780495515.422773,31
208584,1780495515.422774,31
208585,1780495515.422776,32
208586,1780495515.4227772,31
208587,1780495515.4227788,32
208588,1780495515.422781,32
208589,1780495515.422782,32
208590,1780495515.422785,31
208591,1780495515.427198,31
208592,1780495515.427202,32
208593,1780495515.4272041,32
208594,1780495515.427205,33
208595,1780495515.427207,32
208596,1780495515.427208,32
208597,1780495515.42721,32
208598,1780495515.427211,32
208599,1780495515.427213,33
208600,1780495515.427215,31
208601,1780495515.427217,32
208602,1780495515.431796,32
208603,1780495515.431799,32
208604,1780495515.431801,32
208605,1780495515.431802,32
208606,1780495515.431804,32
208607,1780495515.431805,33
208608,1780495515.431807,32
208609,1780495515.431809,32
208610,1780495515.4318101,32
208611,1780495515.431813,32
208612,1780495515.4609091,32
208613,1780495515.4609149,31
208614,1780495515.460918,31
208615,1780495515.460921,32
208616,1780495515.460923,32
208617,1780495515.4609249,32
208618,1780495515.460928,31
208619,1780495515.46093,31
208620,1780495515.460932,32
208621,1780495515.460934,32
208622,1780495515.460938,32
208623,1780495515.4644349,31
208624,1780495515.46444,31
208625,1780495515.464442,32
208626,1780495515.464444,33
208627,1780495515.464447,32
208628,1780495515.464449,32
208629,1780495515.4644601,32
208630,1780495515.464463,32
208631,1780495515.464465,33
208632,1780495515.464467,32
208633,1780495515.464471,32
208634,1780495515.46668,32
208635,1780495515.466686,32
208636,1780495515.466689,32
208637,1780495515.466691,32
208638,1780495515.4666939,31
208639,1780495515.466696,31
208640,1780495515.466698,32
208641,1780495515.466701,32
208642,1780495515.4667032,32
208643,1780495515.466706,32
208644,1780495515.4908202,32
208645,1780495515.4908538,31
208646,1780495515.490858,32
208647,1780495515.490863,32
208648,1780495515.4908679,32
208649,1780495515.4908721,33
208650,1780495515.490879,32
208651,1780495515.490883,32
208652,1780495515.490887,32
208653,1780495515.49089,32
208654,1780495515.490898,32
208655,1780495515.493106,32
208656,1780495515.493116,32
208657,1780495515.493121,32
208658,1780495515.4931252,32
208659,1780495515.4931278,33
208660,1780495515.493131,32
208661,1780495515.493136,30
208662,1780495515.49314,34
208663,1780495515.493144,33
208664,1780495515.493147,31
208665,1780495515.493153,32
208666,1780495515.495733,31
208667,1780495515.49575,33
208668,1780495515.495753,32
208669,1780495515.495757,31
208670,1780495515.49576,33
208671,1780495515.4957619,32
208672,1780495515.495766,32
208673,1780495515.4957702,32
208674,1780495515.4957728,31
208675,1780495515.4957771,33
208676,1780495515.499385,32
208677,1780495515.499394,32
208678,1780495515.499397,32
208679,1780495515.4994,32
208680,1780495515.499402,33
208681,1780495515.4994051,32
208682,1780495515.4994078,32
208683,1780495515.4994109,34
208684,1780495515.499413,32
208685,1780495515.499417,32
208686,1780495515.567602,32
208687,1780495515.570504,31
208688,1780495515.5705101,32
208689,1780495515.570514,30
208690,1780495515.570517,32
208691,1780495515.570519,32
208692,1780495515.570522,33
208693,1780495515.570525,31
208694,1780495515.570527,32
208695,1780495515.570529,32
208696,1780495515.5705621,32
208697,1780495515.570566,32
208698,1780495515.5729878,33
208699,1780495515.573004,32
208700,1780495515.57301,32
208701,1780495515.5730162,32
208702,1780495515.573021,32
208703,1780495515.573026,31
208704,1780495515.5730329,32
208705,1780495515.573038,32
208706,1780495515.5730429,32
208707,1780495515.573049,31
208708,1780495515.5760262,32
208709,1780495515.5760362,32
208710,1780495515.576041,32
208711,1780495515.576044,33
208712,1780495515.5760481,33
208713,1780495515.576051,32
208714,1780495515.576055,33
208715,1780495515.5760581,32
208716,1780495515.576064,33
208717,1780495515.5760682,33
208718,1780495515.576073,33
208719,1780495515.5871592,32
208720,1780495515.5871859,31
208721,1780495515.58719,32
208722,1780495515.587193,30
208723,1780495515.5871959,32
208724,1780495515.5872,33
208725,1780495515.587202,32
208726,1780495515.5872052,31
208727,1780495515.5872068,33
208728,1780495515.587209,33
208729,1780495515.589264,32
208730,1780495515.58927,32
208731,1780495515.589273,31
208732,1780495515.589275,33
208733,1780495515.589278,31
208734,1780495515.589281,32
208735,1780495515.5892842,33
208736,1780495515.589289,32
208737,1780495515.589293,31
208738,1780495515.5892951,31
208739,1780495515.5893,31
208740,1780495515.592248,32
208741,1780495515.592258,33
208742,1780495515.592266,31
208743,1780495515.592269,32
208744,1780495515.5922718,32
208745,1780495515.592274,32
208746,1780495515.592277,32
208747,1780495515.5922801,33
208748,1780495515.592282,33
208749,1780495515.592285,33
208750,1780495515.5922902,32
208751,1780495515.5955799,32
208752,1780495515.595587,33
208753,1780495515.5955899,32
208754,1780495515.595593,33
208755,1780495515.595596,31
208756,1780495515.5955992,32
208757,1780495515.595602,32
208758,1780495515.595605,33
208759,1780495515.595607,32
208760,1780495515.5956101,31
208761,1780495515.595615,32
208762,1780495515.5979788,33
208763,1780495515.597986,31
208764,1780495515.597989,32
208765,1780495515.597992,32
208766,1780495515.597994,32
208767,1780495515.597996,32
208768,1780495515.597999,31
208769,1780495515.598001,32
208770,1780495515.598003,32
208771,1780495515.598006,32
208772,1780495515.600651,33
208773,1780495515.600659,32
208774,1780495515.600661,32
208775,1780495515.6006641,32
208776,1780495515.600666,33
208777,1780495515.600669,31
208778,1780495515.600671,33
208779,1780495515.600673,32
208780,1780495515.600676,32
208781,1780495515.600678,32
208782,1780495515.600681,32
208783,1780495515.630799,33
208784,1780495515.630806,32
208785,1780495515.630809,32
208786,1780495515.63081,32
208787,1780495515.630812,32
208788,1780495515.6308138,32
208789,1780495515.630815,32
208790,1780495515.630816,32
208791,1780495515.6308181,32
208792,1780495515.630819,32
208793,1780495515.6308212,32
208794,1780495515.6342258,32
208795,1780495515.63423,32
208796,1780495515.634231,32
208797,1780495515.634233,32
208798,1780495515.6342342,32
208799,1780495515.634235,32
208800,1780495515.6342368,32
208801,1780495515.634238,32
208802,1780495515.634239,32
208803,1780495515.634241,32
208804,1780495515.637156,32
208805,1780495515.637161,32
208806,1780495515.637162,32
208807,1780495515.637163,31
208808,1780495515.637165,32
208809,1780495515.637166,32
208810,1780495515.6371672,32
208811,1780495515.6371682,31
208812,1780495515.6371698,32
208813,1780495515.637171,33
208814,1780495515.637173,32
208815,1780495515.642942,32
208816,1780495515.642945,31
208817,1780495515.642946,31
208818,1780495515.6429482,32
208819,1780495515.642949,33
208820,1780495515.6429498,32
208821,1780495515.642951,32
208822,1780495515.642952,32
208823,1780495515.642953,32
208824,1780495515.642955,32
208825,1780495515.644709,32
208826,1780495515.6467881,32
208827,1780495515.6467898,33
208828,1780495515.646791,32
208829,1780495515.646792,32
208830,1780495515.646793,32
208831,1780495515.646794,31
208832,1780495515.646795,33
208833,1780495515.646796,32
208834,1780495515.646805,32
208835,1780495515.646807,32
208836,1780495515.677066,31
208837,1780495515.677069,32
208838,1780495515.6770701,31
208839,1780495515.677071,32
208840,1780495515.677071,32
208841,1780495515.6770718,32
208842,1780495515.677073,31
208843,1780495515.677074,33
208844,1780495515.677074,33
208845,1780495515.677075,32
208846,1780495515.6770759,32
208847,1780495515.6806011,31
208848,1780495515.680604,32
208849,1780495515.680605,33
208850,1780495515.680605,33
208851,1780495515.680606,32
208852,1780495515.680607,32
208853,1780495515.680608,32
208854,1780495515.680609,33
208855,1780495515.68061,32
208856,1780495515.68061,32
208857,1780495515.680612,33
208858,1780495515.685636,33
208859,1780495515.685639,33
208860,1780495515.6856399,32
208861,1780495515.685641,33
208862,1780495515.685642,32
208863,1780495515.685643,32
208864,1780495515.6856441,31
208865,1780495515.6856441,33
208866,1780495515.685645,32
208867,1780495515.685646,32
208868,1780495515.7157161,32
208869,1780495515.715719,31
208870,1780495515.71572,32
208871,1780495515.715721,32
208872,1780495515.715721,32
208873,1780495515.715722,32
208874,1780495515.715723,32
208875,1780495515.715724,31
208876,1780495515.715725,33
208877,1780495515.715725,31
208878,1780495515.715727,32
208879,1780495515.719331,32
208880,1780495515.719334,32
208881,1780495515.719334,32
208882,1780495515.7193348,32
208883,1780495515.719336,31
208884,1780495515.719337,32
208885,1780495515.719338,33
208886,1780495515.719339,31
208887,1780495515.719339,33
208888,1780495515.71934,31
208889,1780495515.719341,32
208890,1780495515.7217002,33
208891,1780495515.7217019,33
208892,1780495515.7217028,32
208893,1780495515.7217028,30
208894,1780495515.721704,31
208895,1780495515.721705,32
208896,1780495515.721706,31
208897,1780495515.721707,32
208898,1780495515.721708,31
208899,1780495515.721709,32
208900,1780495515.724203,32
208901,1780495515.724205,33
208902,1780495515.724205,31
208903,1780495515.724212,31
208904,1780495515.724213,32
208905,1780495515.724213,33
208906,1780495515.724214,32
208907,1780495515.724215,33
208908,1780495515.724216,32
208909,1780495515.7242172,32
208910,1780495515.725976,32
208911,1780495515.759648,31
208912,1780495515.7596512,31
208913,1780495515.7596521,31
208914,1780495515.7596521,32
208915,1780495515.759653,31
208916,1780495515.7596538,33
208917,1780495515.759655,32
208918,1780495515.759656,32
208919,1780495515.759656,32
208920,1780495515.759657,32
208921,1780495515.759659,32
208922,1780495515.763061,31
208923,1780495515.763062,32
208924,1780495515.763063,32
208925,1780495515.7630641,33
208926,1780495515.763065,33
208927,1780495515.763066,32
208928,1780495515.7630668,32
208929,1780495515.7630668,32
208930,1780495515.763068,34
208931,1780495515.763069,32
208932,1780495515.765635,31
208933,1780495515.765644,32
208934,1780495515.765645,33
208935,1780495515.765646,33
208936,1780495515.7656472,33
208937,1780495515.765648,33
208938,1780495515.765648,31
208939,1780495515.7656488,31
208940,1780495515.76565,33
208941,1780495515.765651,32
208942,1780495515.765652,32
208943,1780495515.768144,32
208944,1780495515.768146,31
208945,1780495515.768147,32
208946,1780495515.768147,31
208947,1780495515.768148,32
208948,1780495515.768149,31
208949,1780495515.76815,33
208950,1780495515.768151,32
208951,1780495515.768152,32
208952,1780495515.768152,33
208953,1780495515.7681541,32
208954,1780495515.779413,32
208955,1780495515.7794151,33
208956,1780495515.779416,32
208957,1780495515.779417,32
208958,1780495515.7794182,33
208959,1780495515.779419,32
208960,1780495515.77942,32
208961,1780495515.7794209,32
208962,1780495515.7794209,32
208963,1780495515.779422,32
208964,1780495515.779424,31
208965,1780495515.844503,33
208966,1780495515.844507,33
208967,1780495515.844508,32
208968,1780495515.8445098,31
208969,1780495515.844511,30
208970,1780495515.844512,32
208971,1780495515.8445141,32
208972,1780495515.844515,32
208973,1780495515.844516,32
208974,1780495515.844519,31
208975,1780495515.868128,33
208976,1780495515.868135,31
208977,1780495515.868137,33
208978,1780495515.868139,32
208979,1780495515.8681412,31
208980,1780495515.868143,33
208981,1780495515.868144,32
208982,1780495515.868146,32
208983,1780495515.8681479,32
208984,1780495515.86815,32
208985,1780495515.868153,32
208986,1780495515.870479,31
208987,1780495515.870486,32
208988,1780495515.8704882,33
208989,1780495515.87049,31
208990,1780495515.8704908,32
208991,1780495515.870493,32
208992,1780495515.870495,31
208993,1780495515.870497,32
208994,1780495515.870514,33
208995,1780495515.8705988,32
208996,1780495515.87311,32
208997,1780495515.873114,32
208998,1780495515.873116,32
208999,1780495515.873118,31
209000,1780495515.87312,32
209001,1780495515.873121,32
209002,1780495515.8731232,32
209003,1780495515.873125,32
209004,1780495515.873127,32
209005,1780495515.873129,33
209006,1780495515.873132,31
209007,1780495515.875961,32
209008,1780495515.8759649,32
209009,1780495515.875967,32
209010,1780495515.875969,33
209011,1780495515.875971,33
209012,1780495515.8759732,31
209013,1780495515.875974,32
209014,1780495515.8759758,31
209015,1780495515.875978,32
209016,1780495515.8759801,32
209017,1780495515.875983,32
209018,1780495515.880492,31
209019,1780495515.880496,31
209020,1780495515.880499,32
209021,1780495515.880501,33
209022,1780495515.880502,32
209023,1780495515.8805041,32
209024,1780495515.880506,32
209025,1780495515.880508,31
209026,1780495515.8805099,32
209027,1780495515.880512,32
209028,1780495515.882963,32
209029,1780495515.882968,33
209030,1780495515.88297,32
209031,1780495515.882972,32
209032,1780495515.882974,32
209033,1780495515.8829749,32
209034,1780495515.882977,32
209035,1780495515.8829792,31
209036,1780495515.882981,33
209037,1780495515.8829818,33
209038,1780495515.8829849,33
209039,1780495515.88556,32
209040,1780495515.8855639,31
209041,1780495515.885566,33
209042,1780495515.885568,32
209043,1780495515.885569,32
209044,1780495515.885571,32
209045,1780495515.8855731,33
209046,1780495515.8855748,33
209047,1780495515.885577,33
209048,1780495515.885579,32
209049,1780495515.885581,33
209050,1780495515.8880022,32
209051,1780495515.888007,32
209052,1780495515.888009,32
209053,1780495515.888012,32
209054,1780495515.888014,32
209055,1780495515.888016,33
209056,1780495515.8880188,32
209057,1780495515.888021,32
209058,1780495515.8880231,32
209059,1780495515.888026,32
209060,1780495515.891059,32
209061,1780495515.891063,32
209062,1780495515.891066,32
209063,1780495515.891068,33
209064,1780495515.89107,33
209065,1780495515.891072,31
209066,1780495515.891074,32
209067,1780495515.891077,31
209068,1780495515.891079,31
209069,1780495515.8910809,33
209070,1780495515.891094,32
209071,1780495515.895612,30
209072,1780495515.895617,31
209073,1780495515.8956192,32
209074,1780495515.895621,32
209075,1780495515.895624,32
209076,1780495515.895626,32
209077,1780495515.895628,32
209078,1780495515.8956301,31
209079,1780495515.8956318,32
209080,1780495515.895636,33
209081,1780495515.8984818,33
209082,1780495515.9291918,32
209083,1780495515.929214,32
209084,1780495515.929218,32
209085,1780495515.9292212,31
209086,1780495515.929226,32
209087,1780495515.929229,31
209088,1780495515.929232,33
209089,1780495515.929235,33
209090,1780495515.929238,33
209091,1780495515.9292421,32
209092,1780495515.9335492,31
209093,1780495515.933556,32
209094,1780495515.933559,32
209095,1780495515.933561,32
209096,1780495515.933577,32
209097,1780495515.933579,32
209098,1780495515.933581,32
209099,1780495515.933584,32
209100,1780495515.933586,31
209101,1780495515.933589,31
209102,1780495515.933592,31
209103,1780495515.935928,32
209104,1780495515.9359329,32
209105,1780495515.935936,32
209106,1780495515.9359381,32
209107,1780495515.9359412,32
209108,1780495515.935943,32
209109,1780495515.935945,30
209110,1780495515.935949,32
209111,1780495515.935951,31
209112,1780495515.9359539,32
209113,1780495515.935957,32
209114,1780495515.938137,32
209115,1780495515.938142,32
209116,1780495515.938145,33
209117,1780495515.938148,31
209118,1780495515.93815,32
209119,1780495515.9381518,32
209120,1780495515.9381561,31
209121,1780495515.938163,32
209122,1780495515.938165,33
209123,1780495515.938168,32
209124,1780495515.970731,32
209125,1780495515.970774,31
209126,1780495515.970782,31
209127,1780495515.970788,33
209128,1780495515.970793,32
209129,1780495515.970798,32
209130,1780495515.970803,32
209131,1780495515.970808,32
209132,1780495515.970814,33
209133,1780495515.970819,33
209134,1780495515.970827,31
209135,1780495515.972784,32
209136,1780495515.9727979,32
209137,1780495515.972805,32
209138,1780495515.97281,31
209139,1780495515.972815,32
209140,1780495515.9728189,33
209141,1780495515.972825,31
209142,1780495515.97283,32
209143,1780495515.972835,33
209144,1780495515.9728398,31
209145,1780495515.972847,32
209146,1780495515.976533,33
209147,1780495515.9765491,32
209148,1780495515.976553,32
209149,1780495515.976557,31
209150,1780495515.9765608,31
209151,1780495515.976564,33
209152,1780495515.9765708,33
209153,1780495515.976574,32
209154,1780495515.976578,32
209155,1780495515.976583,31
209156,1780495515.980191,32
209157,1780495515.9802072,32
209158,1780495515.9802098,32
209159,1780495515.980213,31
209160,1780495515.980217,32
209161,1780495515.980219,32
209162,1780495515.980222,32
209163,1780495515.980225,32
209164,1780495515.9802282,32
209165,1780495515.980232,33
209166,1780495515.980237,33
209167,1780495516.011246,33
209168,1780495516.011262,33
209169,1780495516.011265,32
209170,1780495516.0112681,32
209171,1780495516.011271,32
209172,1780495516.011273,33
209173,1780495516.011276,33
209174,1780495516.0112782,32
209175,1780495516.011281,32
209176,1780495516.0112839,32
209177,1780495516.011287,31
209178,1780495516.015527,32
209179,1780495516.015556,32
209180,1780495516.015559,32
209181,1780495516.0155609,32
209182,1780495516.015563,31
209183,1780495516.015566,32
209184,1780495516.015569,32
209185,1780495516.015572,31
209186,1780495516.015575,33
209187,1780495516.015578,32
209188,1780495516.0230641,33
209189,1780495516.023072,31
209190,1780495516.023075,32
209191,1780495516.023078,32
209192,1780495516.023081,31
209193,1780495516.023085,32
209194,1780495516.0230882,31
209195,1780495516.0230908,32
209196,1780495516.023096,33
209197,1780495516.023099,31
209198,1780495516.023103,31
209199,1780495516.025991,31
209200,1780495516.025998,32
209201,1780495516.026002,32
209202,1780495516.026005,32
209203,1780495516.0260081,33
209204,1780495516.026011,32
209205,1780495516.026013,32
209206,1780495516.026015,32
209207,1780495516.0260181,32
209208,1780495516.026022,31
209209,1780495516.027661,32
209210,1780495516.0596118,31
209211,1780495516.059621,33
209212,1780495516.0596218,32
209213,1780495516.059624,32
209214,1780495516.059626,33
209215,1780495516.059628,32
209216,1780495516.0596302,33
209217,1780495516.059631,32
209218,1780495516.0596328,32
209219,1780495516.059637,31
209220,1780495516.063139,32
209221,1780495516.063145,31
209222,1780495516.0631459,32
209223,1780495516.063148,31
209224,1780495516.063149,31
209225,1780495516.0631511,32
209226,1780495516.063152,31
209227,1780495516.063154,31
209228,1780495516.063155,31
209229,1780495516.063156,31
209230,1780495516.063158,32
209231,1780495516.065527,32
209232,1780495516.06553,31
209233,1780495516.065532,32
209234,1780495516.0655339,32
209235,1780495516.065536,32
209236,1780495516.0655518,32
209237,1780495516.065553,32
209238,1780495516.065554,32
209239,1780495516.065556,31
209240,1780495516.065557,32
209241,1780495516.0655591,32
209242,1780495516.068081,32
209243,1780495516.068084,31
209244,1780495516.068085,31
209245,1780495516.068087,31
209246,1780495516.068088,32
209247,1780495516.0680902,32
209248,1780495516.068091,32
209249,1780495516.0680928,32
209250,1780495516.068094,32
209251,1780495516.068096,33
209252,1780495516.099522,33
209253,1780495516.099526,32
209254,1780495516.099527,32
209255,1780495516.0995278,31
209256,1780495516.099529,32
209257,1780495516.09953,32
209258,1780495516.099531,32
209259,1780495516.0995321,32
209260,1780495516.099533,32
209261,1780495516.099534,32
209262,1780495516.099535,32
209263,1780495516.1063948,33
209264,1780495516.106397,33
209265,1780495516.106397,32
209266,1780495516.1063979,33
209267,1780495516.106399,32
209268,1780495516.1064,31
209269,1780495516.106401,32
209270,1780495516.106401,32
209271,1780495516.1064022,32
209272,1780495516.106403,32
209273,1780495516.108889,31
209274,1780495516.1088908,31
209275,1780495516.108892,32
209276,1780495516.108892,32
209277,1780495516.108893,32
209278,1780495516.1088939,32
209279,1780495516.108895,32
209280,1780495516.108896,32
209281,1780495516.108897,32
209282,1780495516.108897,33
209283,1780495516.1088982,31
209284,1780495516.1104598,32
209285,1780495516.110462,31
209286,1780495516.110463,33
209287,1780495516.110464,33
209288,1780495516.110464,33
209289,1780495516.110465,32
209290,1780495516.110466,31
209291,1780495516.110467,31
209292,1780495516.110467,32
209293,1780495516.110469,31
209294,1780495516.112324,31
209295,1780495516.159531,31
209296,1780495516.159534,33
209297,1780495516.159534,32
209298,1780495516.1595352,32
209299,1780495516.1595361,32
209300,1780495516.1595368,32
209301,1780495516.159538,31
209302,1780495516.159538,32
209303,1780495516.159539,32
209304,1780495516.159544,32
209305,1780495516.1595461,32
209306,1780495516.1654909,32
209307,1780495516.165494,31
209308,1780495516.1654952,32
209309,1780495516.165496,33
209310,1780495516.165497,32
209311,1780495516.165497,31
209312,1780495516.165498,32
209313,1780495516.165499,33
209314,1780495516.1655,33
209315,1780495516.1655009,33
209316,1780495516.1680331,31
209317,1780495516.168035,31
209318,1780495516.168035,32
209319,1780495516.168036,32
209320,1780495516.1680372,33
209321,1780495516.168038,32
209322,1780495516.1680388,30
209323,1780495516.1680388,31
209324,1780495516.16804,32
209325,1780495516.168041,32
209326,1780495516.168042,32
209327,1780495516.1704051,32
209328,1780495516.1704068,32
209329,1780495516.170408,33
209330,1780495516.170408,32
209331,1780495516.170409,31
209332,1780495516.17041,33
209333,1780495516.170411,32
209334,1780495516.170412,33
209335,1780495516.170413,31
209336,1780495516.170413,32
209337,1780495516.172933,33
209338,1780495516.172936,32
209339,1780495516.172936,31
209340,1780495516.1729422,32
209341,1780495516.172943,32
209342,1780495516.1729438,32
209343,1780495516.1729438,32
209344,1780495516.1729448,32
209345,1780495516.172946,32
209346,1780495516.172947,31
209347,1780495516.172948,31
209348,1780495516.175997,32
209349,1780495516.175999,33
209350,1780495516.176,33
209351,1780495516.176001,32
209352,1780495516.176001,30
209353,1780495516.176002,32
209354,1780495516.176003,31
209355,1780495516.1760042,31
209356,1780495516.1760051,33
209357,1780495516.1760051,32
209358,1780495516.1760068,33
209359,1780495516.2096388,32
209360,1780495516.209644,31
209361,1780495516.209645,32
209362,1780495516.209646,32
209363,1780495516.2096472,32
209364,1780495516.2096481,32
209365,1780495516.2096488,32
209366,1780495516.2096498,31
209367,1780495516.2096498,32
209368,1780495516.209652,32
209369,1780495516.212269,33
209370,1780495516.215065,31
209371,1780495516.2150679,31
209372,1780495516.2150679,32
209373,1780495516.21507,32
209374,1780495516.21507,31
209375,1780495516.215071,32
209376,1780495516.215072,32
209377,1780495516.215073,32
209378,1780495516.215074,32
209379,1780495516.215075,32
209380,1780495516.21763,33
209381,1780495516.217632,32
209382,1780495516.217633,32
209383,1780495516.217633,31
209384,1780495516.217634,32
209385,1780495516.2176352,33
209386,1780495516.2176461,31
209387,1780495516.2176461,32
209388,1780495516.217647,32
209389,1780495516.217648,32
209390,1780495516.217649,33
209391,1780495516.21765,33
209392,1780495516.2199092,31
209393,1780495516.21991,32
209394,1780495516.2199109,32
209395,1780495516.219912,32
209396,1780495516.219913,32
209397,1780495516.219914,32
209398,1780495516.219915,32
209399,1780495516.219916,33
209400,1780495516.219916,32
209401,1780495516.219918,32
209402,1780495516.226283,31
209403,1780495516.226284,32
209404,1780495516.226285,32
209405,1780495516.2262862,32
209406,1780495516.2262871,32
209407,1780495516.226288,32
209408,1780495516.2262888,32
209409,1780495516.22629,31
209410,1780495516.226291,33
209411,1780495516.226292,31
209412,1780495516.2558742,31
209413,1780495516.255877,32
209414,1780495516.255878,33
209415,1780495516.255879,32
209416,1780495516.255881,32
209417,1780495516.255882,32
209418,1780495516.255883,31
209419,1780495516.255884,32
209420,1780495516.2558851,31
209421,1780495516.255886,32
209422,1780495516.255887,32
209423,1780495516.2592142,32
209424,1780495516.2592168,32
209425,1780495516.259218,33
209426,1780495516.259219,31
209427,1780495516.259221,31
209428,1780495516.259222,33
209429,1780495516.259223,33
209430,1780495516.2592242,31
209431,1780495516.2592251,33
209432,1780495516.259226,33
209433,1780495516.259228,32
209434,1780495516.262995,33
209435,1780495516.262997,32
209436,1780495516.262998,32
209437,1780495516.262999,33
209438,1780495516.2630012,32
209439,1780495516.2630022,32
209440,1780495516.2630029,32
209441,1780495516.263005,33
209442,1780495516.263006,32
209443,1780495516.263008,31
209444,1780495516.292116,32
209445,1780495516.292119,31
209446,1780495516.2921212,31
209447,1780495516.2921221,32
209448,1780495516.2921238,32
209449,1780495516.292125,32
209450,1780495516.292127,31
209451,1780495516.292128,32
209452,1780495516.292129,32
209453,1780495516.2921312,31
209454,1780495516.292133,32
209455,1780495516.295997,32
209456,1780495516.296001,31
209457,1780495516.2960021,31
209458,1780495516.296004,31
209459,1780495516.296006,33
209460,1780495516.296007,32
209461,1780495516.296009,32
209462,1780495516.29601,32
209463,1780495516.296012,32
209464,1780495516.296013,31
209465,1780495516.296016,33
209466,1780495516.300517,33
209467,1780495516.30052,32
209468,1780495516.300522,32
209469,1780495516.300524,31
209470,1780495516.300525,33
209471,1780495516.300527,32
209472,1780495516.300529,32
209473,1780495516.30053,33
209474,1780495516.3005319,31
209475,1780495516.300534,32
209476,1780495516.3031192,32
209477,1780495516.303123,33
209478,1780495516.303124,32
209479,1780495516.303126,33
209480,1780495516.303127,32
209481,1780495516.3031292,32
209482,1780495516.3031301,32
209483,1780495516.3031318,33
209484,1780495516.303133,32
209485,1780495516.303135,32
209486,1780495516.303137,31
209487,1780495516.334104,31
209488,1780495516.334111,32
209489,1780495516.3341131,31
209490,1780495516.334116,32
209491,1780495516.334118,33
209492,1780495516.33412,32
209493,1780495516.334122,33
209494,1780495516.334125,33
209495,1780495516.3341272,33
209496,1780495516.3341298,31
209497,1780495516.335079,32
209498,1780495516.33884,33
209499,1780495516.338845,32
209500,1780495516.338847,31
209501,1780495516.338849,31
209502,1780495516.338851,31
209503,1780495516.3388538,32
209504,1780495516.338857,32
209505,1780495516.338859,33
209506,1780495516.3388622,32
209507,1780495516.3388648,32
209508,1780495516.342182,33
209509,1780495516.342186,32
209510,1780495516.342189,32
209511,1780495516.3421912,31
209512,1780495516.342193,32
209513,1780495516.342195,31
209514,1780495516.3421981,33
209515,1780495516.3422,32
209516,1780495516.3422022,32
209517,1780495516.3422048,32
209518,1780495516.342208,32
209519,1780495516.346734,32
209520,1780495516.346741,32
209521,1780495516.346744,33
209522,1780495516.3467462,32
209523,1780495516.3467479,32
209524,1780495516.346751,32
209525,1780495516.3467531,32
209526,1780495516.346755,31
209527,1780495516.3467572,31
209528,1780495516.3467588,31
209529,1780495516.346763,31
209530,1780495516.37602,32
209531,1780495516.376043,31
209532,1780495516.376048,33
209533,1780495516.376052,32
209534,1780495516.376056,31
209535,1780495516.3760588,33
209536,1780495516.376065,32
209537,1780495516.376068,32
209538,1780495516.376072,32
209539,1780495516.3760781,32
209540,1780495516.380276,32
209541,1780495516.380287,33
209542,1780495516.380291,33
209543,1780495516.3802931,32
209544,1780495516.380296,33
209545,1780495516.380298,31
209546,1780495516.3803,32
209547,1780495516.3803031,31
209548,1780495516.3803048,31
209549,1780495516.380307,32
209550,1780495516.38031,32
209551,1780495516.382405,31
209552,1780495516.38241,32
209553,1780495516.382412,31
209554,1780495516.382414,32
209555,1780495516.382417,32
209556,1780495516.3824189,33
209557,1780495516.382421,31
209558,1780495516.382423,31
209559,1780495516.382426,32
209560,1780495516.382428,33
209561,1780495516.382431,31
209562,1780495516.384696,32
209563,1780495516.3846998,31
209564,1780495516.384702,32
209565,1780495516.384705,32
209566,1780495516.384707,31
209567,1780495516.3847098,32
209568,1780495516.384714,32
209569,1780495516.3847191,32
209570,1780495516.3847208,32
209571,1780495516.384724,32
209572,1780495516.444284,32
209573,1780495516.444309,33
209574,1780495516.444315,31
209575,1780495516.444319,32
209576,1780495516.4443252,32
209577,1780495516.444329,32
209578,1780495516.4443321,31
209579,1780495516.4443362,32
209580,1780495516.44434,32
209581,1780495516.444344,32
209582,1780495516.444352,32
209583,1780495516.446454,33
209584,1780495516.4464629,32
209585,1780495516.446468,31
209586,1780495516.446472,32
209587,1780495516.446476,33
209588,1780495516.446479,32
209589,1780495516.446483,32
209590,1780495516.446486,32
209591,1780495516.446489,32
209592,1780495516.446493,31
209593,1780495516.4464982,33
209594,1780495516.452257,32
209595,1780495516.4522822,32
209596,1780495516.452286,31
209597,1780495516.45229,33
209598,1780495516.4522932,32
209599,1780495516.452298,32
209600,1780495516.4523032,32
209601,1780495516.452306,32
209602,1780495516.45231,32
209603,1780495516.4523149,31
209604,1780495516.4536908,31
209605,1780495516.453697,31
209606,1780495516.453701,32
209607,1780495516.453705,33
209608,1780495516.453708,32
209609,1780495516.453712,32
209610,1780495516.4537148,32
209611,1780495516.4537191,31
209612,1780495516.453723,32
209613,1780495516.453731,32
209614,1780495516.4537652,32
209615,1780495516.456544,32
209616,1780495516.4565911,32
209617,1780495516.456597,32
209618,1780495516.4566011,32
209619,1780495516.456604,32
209620,1780495516.456608,31
209621,1780495516.4566112,32
209622,1780495516.456615,32
209623,1780495516.456618,32
209624,1780495516.4566221,33
209625,1780495516.456628,31
209626,1780495516.458072,33
209627,1780495516.458081,32
209628,1780495516.458085,32
209629,1780495516.4580889,33
209630,1780495516.4580932,32
209631,1780495516.458096,32
209632,1780495516.458101,32
209633,1780495516.458107,32
209634,1780495516.4581099,32
209635,1780495516.458115,33
209636,1780495516.4610949,32
209637,1780495516.4611058,32
209638,1780495516.46111,32
209639,1780495516.4611142,33
209640,1780495516.461117,33
209641,1780495516.46112,32
209642,1780495516.461123,32
209643,1780495516.4611259,32
209644,1780495516.461129,31
209645,1780495516.4611342,31
209646,1780495516.461138,32
209647,1780495516.4945679,32
209648,1780495516.494578,32
209649,1780495516.49458,32
209650,1780495516.494581,32
209651,1780495516.4945831,33
209652,1780495516.494585,33
209653,1780495516.4945862,32
209654,1780495516.494588,32
209655,1780495516.49459,32
209656,1780495516.494591,33
209657,1780495516.494594,32
209658,1780495516.4980302,31
209659,1780495516.498036,31
209660,1780495516.498038,32
209661,1780495516.49804,33
209662,1780495516.498042,32
209663,1780495516.4980428,32
209664,1780495516.498045,32
209665,1780495516.4980469,31
209666,1780495516.498048,31
209667,1780495516.4980512,31
209668,1780495516.500483,32
209669,1780495516.50049,33
209670,1780495516.500492,32
209671,1780495516.500494,32
209672,1780495516.500496,32
209673,1780495516.5004969,32
209674,1780495516.500499,32
209675,1780495516.5005,33
209676,1780495516.500502,32
209677,1780495516.500504,33
209678,1780495516.5005062,33
209679,1780495516.503742,31
209680,1780495516.503745,32
209681,1780495516.503747,30
209682,1780495516.5037491,32
209683,1780495516.5037498,32
209684,1780495516.503752,32
209685,1780495516.503753,32
209686,1780495516.503754,32
209687,1780495516.503756,32
209688,1780495516.5037582,31
209689,1780495516.505982,32
209690,1780495516.539385,32
209691,1780495516.539389,33
209692,1780495516.5393898,32
209693,1780495516.539391,32
209694,1780495516.539392,31
209695,1780495516.539393,32
209696,1780495516.5393941,33
209697,1780495516.539395,32
209698,1780495516.539396,31
209699,1780495516.539397,33
209700,1780495516.542994,32
209701,1780495516.542997,32
209702,1780495516.542998,31
209703,1780495516.542999,32
209704,1780495516.543,33
209705,1780495516.5430012,32
209706,1780495516.5430021,32
209707,1780495516.5430028,33
209708,1780495516.5430028,32
209709,1780495516.5430038,32
209710,1780495516.543006,32
209711,1780495516.54547,32
209712,1780495516.545472,31
209713,1780495516.545473,30
209714,1780495516.545474,32
209715,1780495516.545475,31
209716,1780495516.545475,31
209717,1780495516.5454762,32
209718,1780495516.5454772,32
209719,1780495516.5454779,32
209720,1780495516.5454788,33
209721,1780495516.548059,32
209722,1780495516.548061,32
209723,1780495516.5480618,31
209724,1780495516.548063,33
209725,1780495516.548064,32
209726,1780495516.548065,31
209727,1780495516.5480661,31
209728,1780495516.548067,31
209729,1780495516.548067,32
209730,1780495516.548068,32
209731,1780495516.5480692,32
209732,1780495516.584409,32
209733,1780495516.5844119,32
209734,1780495516.5844128,33
209735,1780495516.584414,33
209736,1780495516.584415,31
209737,1780495516.584416,32
209738,1780495516.584416,32
209739,1780495516.584417,31
209740,1780495516.584418,32
209741,1780495516.584419,31
209742,1780495516.587178,32
209743,1780495516.5892239,33
209744,1780495516.589226,31
209745,1780495516.589227,33
209746,1780495516.589228,31
209747,1780495516.589228,32
209748,1780495516.589229,31
209749,1780495516.58923,32
209750,1780495516.589231,32
209751,1780495516.589231,32
209752,1780495516.5892322,32
209753,1780495516.589233,32
209754,1780495516.591734,31
209755,1780495516.591736,31
209756,1780495516.591737,33
209757,1780495516.5917382,32
209758,1780495516.591739,33
209759,1780495516.591739,32
209760,1780495516.59174,32
209761,1780495516.5917408,32
209762,1780495516.591742,32
209763,1780495516.5917492,32
209764,1780495516.594344,32
209765,1780495516.594346,32
209766,1780495516.594347,32
209767,1780495516.594348,31
209768,1780495516.5943491,33
209769,1780495516.59435,31
209770,1780495516.594351,33
209771,1780495516.594351,33
209772,1780495516.5943522,32
209773,1780495516.594353,32
209774,1780495516.594354,33
209775,1780495516.6006038,33
209776,1780495516.600606,32
209777,1780495516.600607,33
209778,1780495516.600608,33
209779,1780495516.600609,32
209780,1780495516.600609,32
209781,1780495516.60061,31
209782,1780495516.600611,32
209783,1780495516.6006122,32
209784,1780495516.600613,32
209785,1780495516.6006138,31
209786,1780495516.630721,33
209787,1780495516.6307242,33
209788,1780495516.6307251,33
209789,1780495516.6307259,32
209790,1780495516.6307268,32
209791,1780495516.630728,32
209792,1780495516.630728,32
209793,1780495516.630729,32
209794,1780495516.63073,33
209795,1780495516.630731,32
209796,1780495516.634272,31
209797,1780495516.634274,32
209798,1780495516.634275,32
209799,1780495516.6342762,33
209800,1780495516.634277,33
209801,1780495516.6342778,32
209802,1780495516.6342778,32
209803,1780495516.634279,32
209804,1780495516.63428,32
209805,1780495516.634281,32
209806,1780495516.6342819,31
209807,1780495516.636686,33
209808,1780495516.636689,33
209809,1780495516.63669,32
209810,1780495516.63669,31
209811,1780495516.6366909,32
209812,1780495516.636692,33
209813,1780495516.636693,33
209814,1780495516.636694,32
209815,1780495516.636694,31
209816,1780495516.6366951,33
209817,1780495516.636696,32
209818,1780495516.639266,31
209819,1780495516.6392682,32
209820,1780495516.639269,32
209821,1780495516.6392698,32
209822,1780495516.639271,32
209823,1780495516.639276,31
209824,1780495516.639277,32
209825,1780495516.6392782,32
209826,1780495516.6392791,32
209827,1780495516.63928,32
209828,1780495516.671116,31
209829,1780495516.6711192,32
209830,1780495516.67112,32
209831,1780495516.671121,33
209832,1780495516.6711218,33
209833,1780495516.671123,33
209834,1780495516.671124,32
209835,1780495516.671125,31
209836,1780495516.6711261,32
209837,1780495516.671127,31
209838,1780495516.671128,32
209839,1780495516.675612,33
209840,1780495516.675615,32
209841,1780495516.67562,31
209842,1780495516.675621,32
209843,1780495516.675622,31
209844,1780495516.675623,32
209845,1780495516.675624,33
209846,1780495516.6756248,31
209847,1780495516.675626,32
209848,1780495516.675627,32
209849,1780495516.675628,32
209850,1780495516.6780438,33
209851,1780495516.678046,31
209852,1780495516.678047,32
209853,1780495516.678048,33
209854,1780495516.67805,32
209855,1780495516.678051,32
209856,1780495516.6780522,32
209857,1780495516.6780522,31
209858,1780495516.6780539,32
209859,1780495516.6780548,31
209860,1780495516.68431,33
209861,1780495516.684312,31
209862,1780495516.684313,32
209863,1780495516.684314,32
209864,1780495516.684316,33
209865,1780495516.6843169,32
209866,1780495516.684318,32
209867,1780495516.684319,31
209868,1780495516.68432,33
209869,1780495516.68433,32
209870,1780495516.6843321,32
209871,1780495516.750401,32
209872,1780495516.750408,33
209873,1780495516.75041,32
209874,1780495516.750412,31
209875,1780495516.7504141,33
209876,1780495516.7504158,31
209877,1780495516.750418,31
209878,1780495516.7504199,33
209879,1780495516.750421,32
209880,1780495516.750423,33
209881,1780495516.750426,32
209882,1780495516.7525902,33
209883,1780495516.752594,32
209884,1780495516.752596,30
209885,1780495516.752598,32
209886,1780495516.7526,32
209887,1780495516.752602,32
209888,1780495516.752604,32
209889,1780495516.752606,32
209890,1780495516.752608,32
209891,1780495516.7526112,31
209892,1780495516.7564569,33
209893,1780495516.7564611,31
209894,1780495516.756463,31
209895,1780495516.756465,32
209896,1780495516.7564669,33
209897,1780495516.756469,32
209898,1780495516.7564712,32
209899,1780495516.756472,32
209900,1780495516.756474,32
209901,1780495516.756476,31
209902,1780495516.756479,32
209903,1780495516.758026,33
209904,1780495516.7580311,33
209905,1780495516.758035,33
209906,1780495516.758037,32
209907,1780495516.758039,32
209908,1780495516.7580411,32
209909,1780495516.7580428,33
209910,1780495516.758045,31
209911,1780495516.7580469,31
209912,1780495516.758049,32
209913,1780495516.758052,31
209914,1780495516.760923,33
209915,1780495516.760927,32
209916,1780495516.760929,33
209917,1780495516.76093,33
209918,1780495516.7609322,32
209919,1780495516.7609339,32
209920,1780495516.760936,31
209921,1780495516.760938,32
209922,1780495516.76094,32
209923,1780495516.760942,32
209924,1780495516.7694342,32
209925,1780495516.76944,31
209926,1780495516.769442,32
209927,1780495516.769444,32
209928,1780495516.769446,33
209929,1780495516.7694468,33
209930,1780495516.769449,31
209931,1780495516.769451,31
209932,1780495516.769453,32
209933,1780495516.7694552,32
209934,1780495516.7694578,30
209935,1780495516.772667,32
209936,1780495516.772672,33
209937,1780495516.772674,31
209938,1780495516.772676,33
209939,1780495516.7726789,31
209940,1780495516.772681,33
209941,1780495516.772683,34
209942,1780495516.772686,32
209943,1780495516.772688,31
209944,1780495516.7726898,32
209945,1780495516.772693,32
209946,1780495516.7748961,32
209947,1780495516.774901,32
209948,1780495516.774903,32
209949,1780495516.7749052,31
209950,1780495516.7749078,32
209951,1780495516.77491,31
209952,1780495516.774913,32
209953,1780495516.774915,33
209954,1780495516.7749171,32
209955,1780495516.774921,32
209956,1780495516.786844,32
209957,1780495516.78685,32
209958,1780495516.786853,32
209959,1780495516.786856,32
209960,1780495516.786858,32
209961,1780495516.786861,32
209962,1780495516.786863,32
209963,1780495516.786865,32
209964,1780495516.786867,32
209965,1780495516.78687,31
209966,1780495516.788486,31
209967,1780495516.791008,31
209968,1780495516.791014,33
209969,1780495516.791018,33
209970,1780495516.791021,33
209971,1780495516.7910242,32
209972,1780495516.7910268,32
209973,1780495516.79103,31
209974,1780495516.791032,32
209975,1780495516.791036,31
209976,1780495516.791038,32
209977,1780495516.791043,31
209978,1780495516.824682,32
209979,1780495516.824714,32
209980,1780495516.82472,31
209981,1780495516.824726,32
209982,1780495516.8247309,32
209983,1780495516.824735,31
209984,1780495516.8247428,32
209985,1780495516.824747,32
209986,1780495516.8247511,32
209987,1780495516.824758,32
209988,1780495516.8279848,32
209989,1780495516.8279932,32
209990,1780495516.827996,32
209991,1780495516.827998,31
209992,1780495516.828002,33
209993,1780495516.8280041,31
209994,1780495516.8280058,33
209995,1780495516.828009,32
209996,1780495516.828011,31
209997,1780495516.828013,32
209998,1780495516.828016,33
209999,1780495516.831382,31
210000,1780495516.83139,31
210001,1780495516.831392,32
210002,1780495516.8313951,33
210003,1780495516.831397,33
210004,1780495516.831399,32
210005,1780495516.831402,31
210006,1780495516.831404,32
210007,1780495516.831406,32
210008,1780495516.831408,32
210009,1780495516.831411,32
210010,1780495516.833643,34
210011,1780495516.83366,31
210012,1780495516.833663,31
210013,1780495516.833666,32
210014,1780495516.8336692,33
210015,1780495516.833672,33
210016,1780495516.833675,31
210017,1780495516.833678,32
210018,1780495516.833684,31
210019,1780495516.833687,33
210020,1780495516.86565,32
210021,1780495516.865671,32
210022,1780495516.865676,32
210023,1780495516.865681,31
210024,1780495516.8656871,33
210025,1780495516.8657012,32
210026,1780495516.865707,32
210027,1780495516.8657432,31
210028,1780495516.865782,32
210029,1780495516.865798,31
210030,1780495516.8658402,32
210031,1780495516.870684,32
210032,1780495516.8707001,31
210033,1780495516.8707058,32
210034,1780495516.8707101,32
210035,1780495516.8707142,33
210036,1780495516.87072,31
210037,1780495516.8707242,33
210038,1780495516.8707268,31
210039,1780495516.870731,32
210040,1780495516.8707352,31
210041,1780495516.873012,33
210042,1780495516.873021,31
210043,1780495516.873025,32
210044,1780495516.87303,32
210045,1780495516.873033,32
210046,1780495516.873037,32
210047,1780495516.87304,33
210048,1780495516.873048,32
210049,1780495516.873051,32
210050,1780495516.873055,31
210051,1780495516.873059,32
210052,1780495516.8755221,33
210053,1780495516.875531,34
210054,1780495516.875537,32
210055,1780495516.875543,31
210056,1780495516.8755488,31
210057,1780495516.875554,31
210058,1780495516.8755589,33
210059,1780495516.875565,31
210060,1780495516.8755698,31
210061,1780495516.8755782,31
210062,1780495516.877373,33
210063,1780495516.907188,32
210064,1780495516.907198,40
210065,1780495516.907202,43
210066,1780495516.907205,47
210067,1780495516.907208,51
210068,1780495516.907211,55
210069,1780495516.9072142,54
210070,1780495516.9072158,53
210071,1780495516.90722,52
210072,1780495516.907222,50
210073,1780495516.907228,49
210074,1780495516.91094,49
210075,1780495516.9109461,50
210076,1780495516.9109492,48
210077,1780495516.910951,47
210078,1780495516.9109719,47
210079,1780495516.910975,50
210080,1780495516.910978,52
210081,1780495516.91098,53
210082,1780495516.9109828,57
210083,1780495516.910986,57
210084,1780495516.915508,62
210085,1780495516.915513,65
210086,1780495516.915515,68
210087,1780495516.915518,69
210088,1780495516.91552,74
210089,1780495516.915522,72
210090,1780495516.9155252,74
210091,1780495516.9155269,71
210092,1780495516.915529,70
210093,1780495516.915531,68
210094,1780495516.915534,68
210095,1780495516.918078,67
210096,1780495516.918088,68
210097,1780495516.918092,68
210098,1780495516.9180942,68
210099,1780495516.9180968,71
210100,1780495516.918099,73
210101,1780495516.918101,72
210102,1780495516.918103,75
210103,1780495516.918106,79
210104,1780495516.918108,83
210105,1780495516.918111,86
210106,1780495516.948183,89
210107,1780495516.9481862,91
210108,1780495516.9481878,93
210109,1780495516.948189,94
210110,1780495516.94819,94
210111,1780495516.948192,91
210112,1780495516.948193,91
210113,1780495516.948194,91
210114,1780495516.948195,91
210115,1780495516.9481971,90
210116,1780495516.953522,88
210117,1780495516.953526,89
210118,1780495516.953527,89
210119,1780495516.9535282,90
210120,1780495516.9535291,94
210121,1780495516.95353,95
210122,1780495516.9535308,96
210123,1780495516.953532,98
210124,1780495516.953534,102
210125,1780495516.953535,103
210126,1780495516.953536,106
210127,1780495516.955911,108
210128,1780495516.955914,112
210129,1780495516.955915,109
210130,1780495516.955916,109
210131,1780495516.9559171,108
210132,1780495516.955918,107
210133,1780495516.955919,107
210134,1780495516.95592,104
210135,1780495516.955921,104
210136,1780495516.955922,105
210137,1780495516.9559228,103
210138,1780495516.963329,104
210139,1780495516.963331,106
210140,1780495516.9633322,108
210141,1780495516.963339,109
210142,1780495516.96334,111
210143,1780495516.963341,112
210144,1780495516.9633422,116
210145,1780495516.9633431,117
210146,1780495516.9633439,120
210147,1780495516.963346,123
210148,1780495516.9919848,127
210149,1780495516.991988,125
210150,1780495516.991989,123
210151,1780495516.991989,124
210152,1780495516.99199,122
210153,1780495516.991991,119
210154,1780495516.991992,120
210155,1780495516.9919932,119
210156,1780495516.9919941,120
210157,1780495516.9919941,117
210158,1780495516.9919958,120
210159,1780495516.997212,121
210160,1780495516.997215,121
210161,1780495516.997216,123
210162,1780495516.997217,125
210163,1780495516.997217,127
210164,1780495516.9972181,129
210165,1780495516.997219,132
210166,1780495516.997219,134
210167,1780495516.99722,135
210168,1780495516.9972212,137
210169,1780495516.997222,137
210170,1780495516.998776,138
210171,1780495516.998778,134
210172,1780495516.9987788,134
210173,1780495516.99878,133
210174,1780495516.99878,130
210175,1780495516.998781,131
210176,1780495516.998782,131
210177,1780495516.9987829,132
210178,1780495516.9987829,129
210179,1780495516.998785,131
210180,1780495517.0021288,134
210181,1780495517.002132,134
210182,1780495517.002133,133
210183,1780495517.002134,139
210184,1780495517.002134,140
210185,1780495517.002135,143
210186,1780495517.002136,144
210187,1780495517.0021372,145
210188,1780495517.0021372,149
210189,1780495517.0021381,149
210190,1780495517.0021389,148
210191,1780495517.0502348,146
210192,1780495517.050238,145
210193,1780495517.050239,143
210194,1780495517.05024,140
210195,1780495517.050241,140
210196,1780495517.050242,141
210197,1780495517.0502431,140
210198,1780495517.0502431,141
210199,1780495517.050244,139
210200,1780495517.050245,143
210201,1780495517.050246,143
210202,1780495517.050246,145
210203,1780495517.050247,147
210204,1780495517.050248,149
210205,1780495517.0502489,150
210206,1780495517.05025,154
210207,1780495517.05025,155
210208,1780495517.050251,159
210209,1780495517.050252,159
210210,1780495517.0502532,158
210211,1780495517.050255,157
210212,1780495517.054262,153
210213,1780495517.054264,154
210214,1780495517.054265,154
210215,1780495517.054265,153
210216,1780495517.0542662,153
210217,1780495517.054267,151
210218,1780495517.054268,151
210219,1780495517.054268,152
210220,1780495517.0542688,157
210221,1780495517.05427,156
210222,1780495517.054271,159
210223,1780495517.056778,160
210224,1780495517.05678,161
210225,1780495517.056781,165
210226,1780495517.056781,167
210227,1780495517.056782,167
210228,1780495517.0567832,171
210229,1780495517.056784,170
210230,1780495517.0567849,168
210231,1780495517.0567849,168
210232,1780495517.0567858,164
210233,1780495517.056787,164
210234,1780495517.059318,164
210235,1780495517.05932,163
210236,1780495517.05932,165
210237,1780495517.0593212,161
210238,1780495517.059322,164
210239,1780495517.0593228,164
210240,1780495517.0593238,164
210241,1780495517.0593238,165
210242,1780495517.059325,167
210243,1780495517.059326,172
210244,1780495517.091084,173
210245,1780495517.0910861,173
210246,1780495517.091087,177
210247,1780495517.0910878,176
210248,1780495517.091089,181
210249,1780495517.091089,179
210250,1780495517.09109,180
210251,1780495517.091091,180
210252,1780495517.0910919,177
210253,1780495517.091093,171
210254,1780495517.091094,174
210255,1780495517.095534,174
210256,1780495517.0955362,172
210257,1780495517.095537,173
210258,1780495517.095538,171
210259,1780495517.0955389,172
210260,1780495517.09554,174
210261,1780495517.095541,177
210262,1780495517.095542,178
210263,1780495517.095542,177
210264,1780495517.0955431,183
210265,1780495517.0979352,184
210266,1780495517.0979369,185
210267,1780495517.0979378,185
210268,1780495517.097939,190
210269,1780495517.09794,189
210270,1780495517.09794,184
210271,1780495517.097941,188
210272,1780495517.097942,184
210273,1780495517.097943,183
210274,1780495517.097944,184
210275,1780495517.0979462,183
210276,1780495517.100471,181
210277,1780495517.1004732,179
210278,1780495517.100474,176
210279,1780495517.1004748,183
210280,1780495517.1004758,184
210281,1780495517.100477,185
210282,1780495517.100478,186
210283,1780495517.100479,184
210284,1780495517.10048,188
210285,1780495517.100481,189
210286,1780495517.1022668,192
210287,1780495517.1320078,196
210288,1780495517.132011,195
210289,1780495517.132013,196
210290,1780495517.132014,193
210291,1780495517.132015,193
210292,1780495517.1320162,192
210293,1780495517.1320179,192
210294,1780495517.132019,192
210295,1780495517.13202,193
210296,1780495517.132021,190
210297,1780495517.132023,188
210298,1780495517.136089,191
210299,1780495517.136092,190
210300,1780495517.1360939,191
210301,1780495517.136095,194
210302,1780495517.136096,196
210303,1780495517.136097,198
210304,1780495517.1360981,197
210305,1780495517.1361,201
210306,1780495517.136101,203
210307,1780495517.136103,204
210308,1780495517.1404648,203
210309,1780495517.140468,205
210310,1780495517.140469,205
210311,1780495517.14047,206
210312,1780495517.1404722,203
210313,1780495517.1404731,202
210314,1780495517.140474,201
210315,1780495517.1404748,201
210316,1780495517.140476,202
210317,1780495517.140478,201
210318,1780495517.140479,200
210319,1780495517.1430998,202
210320,1780495517.143103,199
210321,1780495517.143104,202
210322,1780495517.143106,204
210323,1780495517.1431072,208
210324,1780495517.1431081,207
210325,1780495517.143109,212
210326,1780495517.1431098,212
210327,1780495517.143111,214
210328,1780495517.143113,216
210329,1780495517.143115,213
210330,1780495517.173301,215
210331,1780495517.173304,209
210332,1780495517.1733062,208
210333,1780495517.173307,210
210334,1780495517.1733088,210
210335,1780495517.173311,207
210336,1780495517.173312,208
210337,1780495517.173314,205
210338,1780495517.173315,206
210339,1780495517.1733172,209
210340,1780495517.1733189,206
210341,1780495517.176724,212
210342,1780495517.176727,210
210343,1780495517.1767292,214
210344,1780495517.1767309,214
210345,1780495517.1767318,218
210346,1780495517.176734,221
210347,1780495517.176735,223
210348,1780495517.176737,223
210349,1780495517.176739,222
210350,1780495517.1767411,223
210351,1780495517.17932,219
210352,1780495517.179324,218
210353,1780495517.1793249,220
210354,1780495517.179327,216
210355,1780495517.179329,214
210356,1780495517.17933,215
210357,1780495517.179332,214
210358,1780495517.1793332,214
210359,1780495517.1793349,218
210360,1780495517.1793358,217
210361,1780495517.179339,222
210362,1780495517.1856089,221
210363,1780495517.1856132,224
210364,1780495517.185615,223
210365,1780495517.185617,228
210366,1780495517.1856189,229
210367,1780495517.185621,230
210368,1780495517.185622,233
210369,1780495517.1856241,230
210370,1780495517.185626,232
210371,1780495517.185629,228
210372,1780495517.215764,233
210373,1780495517.215771,229
210374,1780495517.215774,230
210375,1780495517.215776,227
210376,1780495517.215779,228
210377,1780495517.2157812,224
210378,1780495517.2157829,225
210379,1780495517.215785,226
210380,1780495517.2157881,228
210381,1780495517.21579,229
210382,1780495517.215793,231
210383,1780495517.2192981,232
210384,1780495517.219305,236
210385,1780495517.2193081,238
210386,1780495517.219311,240
210387,1780495517.2193139,239
210388,1780495517.219317,241
210389,1780495517.21932,242
210390,1780495517.219323,242
210391,1780495517.219326,242
210392,1780495517.219329,237
210393,1780495517.2193332,239
210394,1780495517.221783,236
210395,1780495517.221788,235
210396,1780495517.221791,235
210397,1780495517.2217941,235
210398,1780495517.2218099,232
210399,1780495517.221813,236
210400,1780495517.221816,235
210401,1780495517.221819,236
210402,1780495517.221822,238
210403,1780495517.221826,243
210404,1780495517.226024,243
210405,1780495517.22603,242
210406,1780495517.226034,249
210407,1780495517.226037,248
210408,1780495517.226039,247
210409,1780495517.226042,249
210410,1780495517.226045,249
210411,1780495517.226048,245
210412,1780495517.226051,244
210413,1780495517.2260532,243
210414,1780495517.226058,244
210415,1780495517.259821,242
210416,1780495517.259851,242
210417,1780495517.2598588,242
210418,1780495517.259867,241
210419,1780495517.259874,242
210420,1780495517.2598789,244
210421,1780495517.259885,245
210422,1780495517.259892,244
210423,1780495517.259899,248
210424,1780495517.259906,246
210425,1780495517.259917,249
210426,1780495517.263123,249
210427,1780495517.263145,253
210428,1780495517.263148,258
210429,1780495517.263154,252
210430,1780495517.263157,251
210431,1780495517.26316,251
210432,1780495517.2631638,248
210433,1780495517.263166,248
210434,1780495517.263169,245
210435,1780495517.2631721,246
210436,1780495517.265593,243
210437,1780495517.265603,242
210438,1780495517.2656078,241
210439,1780495517.26561,240
210440,1780495517.265614,242
210441,1780495517.265616,243
210442,1780495517.2656178,245
210443,1780495517.26562,245
210444,1780495517.265624,248
210445,1780495517.2656288,251
210446,1780495517.265633,255
210447,1780495517.2983098,257
210448,1780495517.29833,253
210449,1780495517.298334,251
210450,1780495517.298336,251
210451,1780495517.2983391,247
210452,1780495517.298341,250
210453,1780495517.298344,243
210454,1780495517.298346,243
210455,1780495517.298348,244
210456,1780495517.2983549,242
210457,1780495517.3010392,241
210458,1780495517.305494,241
210459,1780495517.305504,241
210460,1780495517.3055072,241
210461,1780495517.3055098,243
210462,1780495517.305512,243
210463,1780495517.305514,243
210464,1780495517.3055182,245
210465,1780495517.305521,246
210466,1780495517.3055239,248
210467,1780495517.305527,252
210468,1780495517.307908,251
210469,1780495517.3079119,252
210470,1780495517.307914,250
210471,1780495517.307916,245
210472,1780495517.307919,244
210473,1780495517.307921,244
210474,1780495517.307924,241
210475,1780495517.307926,238
210476,1780495517.307928,240
210477,1780495517.3079302,237
210478,1780495517.3079329,238
210479,1780495517.310405,237
210480,1780495517.310411,236
210481,1780495517.310414,236
210482,1780495517.310416,238
210483,1780495517.3104188,238
210484,1780495517.310421,242
210485,1780495517.3104231,247
210486,1780495517.310425,246
210487,1780495517.310427,246
210488,1780495517.3104289,250
210489,1780495517.310432,250
210490,1780495517.3128908,245
210491,1780495517.312901,244
210492,1780495517.312903,242
210493,1780495517.312906,242
210494,1780495517.312908,241
210495,1780495517.312911,237
210496,1780495517.312914,235
210497,1780495517.312916,235
210498,1780495517.3129191,235
210499,1780495517.312922,232
210500,1780495517.358017,236
210501,1780495517.3580291,236
210502,1780495517.358032,238
210503,1780495517.3580348,236
210504,1780495517.358038,237
210505,1780495517.35804,242
210506,1780495517.358042,242
210507,1780495517.358043,247
210508,1780495517.3580449,247
210509,1780495517.358047,248
210510,1780495517.358051,244
210511,1780495517.361234,243
210512,1780495517.3612401,240
210513,1780495517.3612428,239
210514,1780495517.361244,238
210515,1780495517.3612459,238
210516,1780495517.361248,234
210517,1780495517.3612502,233
210518,1780495517.361252,235
210519,1780495517.361254,235
210520,1780495517.361256,234
210521,1780495517.361259,238
210522,1780495517.3673,236
210523,1780495517.367305,238
210524,1780495517.367307,240
210525,1780495517.3673081,243
210526,1780495517.36731,242
210527,1780495517.367312,244
210528,1780495517.367313,248
210529,1780495517.367315,247
210530,1780495517.367316,243
210531,1780495517.367319,245
210532,1780495517.369473,239
210533,1780495517.369476,238
210534,1780495517.369478,238
210535,1780495517.36948,234
210536,1780495517.369482,235
210537,1780495517.369483,236
210538,1780495517.3694851,232
210539,1780495517.369486,237
210540,1780495517.3694878,239
210541,1780495517.369489,238
210542,1780495517.369492,237
210543,1780495517.371733,238
210544,1780495517.371736,244
210545,1780495517.3717382,243
210546,1780495517.371739,246
210547,1780495517.3717408,246
210548,1780495517.371742,250
210549,1780495517.371744,247
210550,1780495517.371745,248
210551,1780495517.371746,245
210552,1780495517.371747,245
210553,1780495517.3717499,240
210554,1780495517.383071,241
210555,1780495517.383075,239
210556,1780495517.3830771,236
210557,1780495517.3830779,237
210558,1780495517.3830788,236
210559,1780495517.383096,237
210560,1780495517.3830972,237
210561,1780495517.3830981,238
210562,1780495517.3830998,238
210563,1780495517.383101,241
210564,1780495517.385511,241
210565,1780495517.385514,244
210566,1780495517.385515,248
210567,1780495517.385516,252
210568,1780495517.385518,253
210569,1780495517.385519,252
210570,1780495517.3855202,251
210571,1780495517.385521,252
210572,1780495517.385522,248
210573,1780495517.385524,248
210574,1780495517.385525,244
210575,1780495517.4157681,244
210576,1780495517.415772,243
210577,1780495517.415773,240
210578,1780495517.4157739,240
210579,1780495517.4157739,242
210580,1780495517.415775,244
210581,1780495517.415776,243
210582,1780495517.415777,244
210583,1780495517.4157782,248
210584,1780495517.415779,250
210585,1780495517.41578,251
210586,1780495517.419241,253
210587,1780495517.419244,255
210588,1780495517.419245,258
210589,1780495517.4192462,254
210590,1780495517.4192472,256
210591,1780495517.419248,253
210592,1780495517.4192488,255
210593,1780495517.4192488,252
210594,1780495517.41925,251
210595,1780495517.419251,247
210596,1780495517.422132,248
210597,1780495517.422133,249
210598,1780495517.422134,247
210599,1780495517.422135,248
210600,1780495517.422136,250
210601,1780495517.422136,250
210602,1780495517.422137,251
210603,1780495517.4221382,254
210604,1780495517.422139,256
210605,1780495517.42214,258
210606,1780495517.4221408,260
210607,1780495517.454508,263
210608,1780495517.4545112,262
210609,1780495517.4545121,262
210610,1780495517.4545128,263
210611,1780495517.454514,261
210612,1780495517.454515,259
210613,1780495517.454515,256
210614,1780495517.454516,258
210615,1780495517.454517,256
210616,1780495517.454518,253
210617,1780495517.454519,254
210618,1780495517.457896,252
210619,1780495517.457898,255
210620,1780495517.457899,253
210621,1780495517.4579,257
210622,1780495517.4579,258
210623,1780495517.457901,259
210624,1780495517.4579022,261
210625,1780495517.4579031,259
210626,1780495517.457904,264
210627,1780495517.4579048,267
210628,1780495517.460428,270
210629,1780495517.460431,266
210630,1780495517.4604318,265
210631,1780495517.460433,262
210632,1780495517.460434,263
210633,1780495517.460434,263
210634,1780495517.460435,260
210635,1780495517.4604359,261
210636,1780495517.460437,257
210637,1780495517.460438,254
210638,1780495517.460439,255
210639,1780495517.4630861,257
210640,1780495517.463088,260
210641,1780495517.463089,257
210642,1780495517.463089,255
210643,1780495517.46309,260
210644,1780495517.463091,263
210645,1780495517.4630919,264
210646,1780495517.463093,267
210647,1780495517.463094,266
210648,1780495517.463095,269
210649,1780495517.4630961,266
210650,1780495517.495351,268
210651,1780495517.4953542,265
210652,1780495517.495355,262
210653,1780495517.4953558,262
210654,1780495517.495357,258
210655,1780495517.495357,258
210656,1780495517.495358,260
210657,1780495517.495359,255
210658,1780495517.49536,255
210659,1780495517.495361,255
210660,1780495517.495362,261
210661,1780495517.502051,258
210662,1780495517.502054,258
210663,1780495517.502055,262
210664,1780495517.502056,266
210665,1780495517.502057,265
210666,1780495517.502057,269
210667,1780495517.502058,270
210668,1780495517.502059,269
210669,1780495517.50206,270
210670,1780495517.5020611,270
210671,1780495517.504241,270
210672,1780495517.504243,271
210673,1780495517.5042439,270
210674,1780495517.504245,263
210675,1780495517.504246,266
210676,1780495517.504246,266
210677,1780495517.504247,263
210678,1780495517.5042481,263
210679,1780495517.504249,265
210680,1780495517.50425,260
210681,1780495517.5042508,264
210682,1780495517.505885,269
210683,1780495517.5058858,273
210684,1780495517.505887,273
210685,1780495517.505888,272
210686,1780495517.505889,274
210687,1780495517.5058901,276
210688,1780495517.5058901,279
210689,1780495517.505891,279
210690,1780495517.505892,276
210691,1780495517.5058932,277
210692,1780495517.5357199,271
210693,1780495517.535722,272
210694,1780495517.535723,270
210695,1780495517.535724,269
210696,1780495517.535725,269
210697,1780495517.535726,265
210698,1780495517.535727,268
210699,1780495517.5357282,268
210700,1780495517.535729,270
210701,1780495517.535729,269
210702,1780495517.5357308,273
210703,1780495517.539274,271
210704,1780495517.539277,276
210705,1780495517.539278,274
210706,1780495517.5392792,276
210707,1780495517.53928,281
210708,1780495517.539298,284
210709,1780495517.539299,278
210710,1780495517.5393002,278
210711,1780495517.5393012,278
210712,1780495517.5393019,277
210713,1780495517.539304,274
210714,1780495517.54213,273
210715,1780495517.542131,269
210716,1780495517.542133,272
210717,1780495517.542134,268
210718,1780495517.542134,267
210719,1780495517.542136,270
210720,1780495517.5421371,268
210721,1780495517.542138,272
210722,1780495517.5421388,271
210723,1780495517.54214,273
210724,1780495517.546844,279
210725,1780495517.546846,279
210726,1780495517.5468469,281
210727,1780495517.546848,282
210728,1780495517.546849,285
210729,1780495517.54685,285
210730,1780495517.5468512,282
210731,1780495517.546852,278
210732,1780495517.546853,280
210733,1780495517.5468538,276
210734,1780495517.5497642,276
210735,1780495517.589529,275
210736,1780495517.589532,272
210737,1780495517.5895329,273
210738,1780495517.589535,273
210739,1780495517.589536,274
210740,1780495517.589537,276
210741,1780495517.589539,274
210742,1780495517.58954,278
210743,1780495517.589542,281
210744,1780495517.5895429,279
210745,1780495517.589545,283
210746,1780495517.592963,282
210747,1780495517.5929658,287
210748,1780495517.592968,286
210749,1780495517.592969,287
210750,1780495517.59297,284
210751,1780495517.592972,286
210752,1780495517.592973,284
210753,1780495517.5929751,281
210754,1780495517.5929768,282
210755,1780495517.592979,281
210756,1780495517.59548,279
210757,1780495517.595482,274
210758,1780495517.595484,275
210759,1780495517.595485,276
210760,1780495517.595486,279
210761,1780495517.595488,275
210762,1780495517.595489,278
210763,1780495517.5954912,282
210764,1780495517.5954921,281
210765,1780495517.595493,284
210766,1780495517.595499,286
210767,1780495517.597993,290
210768,1780495517.597996,292
210769,1780495517.597997,290
210770,1780495517.597999,286
210771,1780495517.598,287
210772,1780495517.598002,283
210773,1780495517.598003,282
210774,1780495517.598005,280
210775,1780495517.598006,279
210776,1780495517.598007,278
210777,1780495517.598009,279
210778,1780495517.601006,276
210779,1780495517.601009,277
210780,1780495517.601011,278
210781,1780495517.601013,278
210782,1780495517.601014,279
210783,1780495517.601016,281
210784,1780495517.601017,282
210785,1780495517.601019,285
210786,1780495517.6010199,291
210787,1780495517.601023,288
210788,1780495517.646122,285
210789,1780495517.646131,289
210790,1780495517.646133,287
210791,1780495517.646136,286
210792,1780495517.6461382,283
210793,1780495517.6461399,282
210794,1780495517.646143,281
210795,1780495517.646145,279
210796,1780495517.646147,279
210797,1780495517.6461492,278
210798,1780495517.646153,277
210799,1780495517.6506119,275
210800,1780495517.650618,278
210801,1780495517.650621,280
210802,1780495517.650623,279
210803,1780495517.650625,279
210804,1780495517.6506271,283
210805,1780495517.65063,286
210806,1780495517.650632,286
210807,1780495517.650634,291
210808,1780495517.650652,291
210809,1780495517.652993,289
210810,1780495517.652998,290
210811,1780495517.6529999,290
210812,1780495517.653003,284
210813,1780495517.6530051,285
210814,1780495517.653007,283
210815,1780495517.65301,282
210816,1780495517.653012,281
210817,1780495517.653014,277
210818,1780495517.653016,279
210819,1780495517.65302,277
210820,1780495517.655541,281
210821,1780495517.655545,280
210822,1780495517.6555479,280
210823,1780495517.65555,284
210824,1780495517.655552,285
210825,1780495517.655554,287
210826,1780495517.6555562,286
210827,1780495517.6555579,290
210828,1780495517.655572,295
210829,1780495517.655574,292
210830,1780495517.6555781,289
210831,1780495517.657991,289
210832,1780495517.6579971,287
210833,1780495517.6579998,283
210834,1780495517.658004,283
210835,1780495517.6580071,279
210836,1780495517.65801,281
210837,1780495517.6580129,279
210838,1780495517.658016,278
210839,1780495517.65802,278
210840,1780495517.6580238,275
210841,1780495517.659759,279
210842,1780495517.665652,281
210843,1780495517.665657,282
210844,1780495517.66566,283
210845,1780495517.665663,285
210846,1780495517.665666,290
210847,1780495517.665699,291
210848,1780495517.6657321,288
210849,1780495517.665736,292
210850,1780495517.665739,292
210851,1780495517.665743,291
210852,1780495517.698376,287
210853,1780495517.6984022,285
210854,1780495517.698405,283
210855,1780495517.698408,283
210856,1780495517.698411,281
210857,1780495517.6984131,278
210858,1780495517.6984162,276
210859,1780495517.6984189,282
210860,1780495517.698421,281
210861,1780495517.698424,278
210862,1780495517.698428,282
210863,1780495517.701697,282
210864,1780495517.701704,283
210865,1780495517.701712,284
210866,1780495517.701715,288
210867,1780495517.70172,289
210868,1780495517.7017221,292
210869,1780495517.7017238,292
210870,1780495517.701726,292
210871,1780495517.70173,286
210872,1780495517.7017322,285
210873,1780495517.701735,282
210874,1780495517.7042508,279
210875,1780495517.704261,279
210876,1780495517.704264,279
210877,1780495517.704267,275
210878,1780495517.7042692,274
210879,1780495517.7042718,277
210880,1780495517.704275,279
210881,1780495517.704278,278
210882,1780495517.7042801,278
210883,1780495517.704284,279
210884,1780495517.7072861,284
210885,1780495517.707297,283
210886,1780495517.7073019,289
210887,1780495517.707308,290
210888,1780495517.7073128,292
210889,1780495517.7073169,288
210890,1780495517.7073212,290
210891,1780495517.707325,286
210892,1780495517.707328,287
210893,1780495517.707333,281
210894,1780495517.709793,281
210895,1780495517.74101,281
210896,1780495517.741034,278
210897,1780495517.741041,278
210898,1780495517.741046,275
210899,1780495517.741052,281
210900,1780495517.741057,280
210901,1780495517.741062,280
210902,1780495517.741067,278
210903,1780495517.741072,282
210904,1780495517.7410939,282
210905,1780495517.741102,286
210906,1780495517.744242,288
210907,1780495517.7442508,292
210908,1780495517.7442539,293
210909,1780495517.744256,291
210910,1780495517.744259,287
210911,1780495517.744261,287
210912,1780495517.7442648,286
210913,1780495517.744268,283
210914,1780495517.744271,283
210915,1780495517.744274,282
210916,1780495517.746855,281
210917,1780495517.7468631,281
210918,1780495517.746866,274
210919,1780495517.746868,277
210920,1780495517.746871,276
210921,1780495517.746874,277
210922,1780495517.746877,278
210923,1780495517.7468789,282
210924,1780495517.746882,284
210925,1780495517.746884,286
210926,1780495517.746887,288
210927,1780495517.750966,291
210928,1780495517.750973,292
210929,1780495517.750977,291
210930,1780495517.7509801,291
210931,1780495517.7509818,290
210932,1780495517.750986,289
210933,1780495517.750988,288
210934,1780495517.750991,284
210935,1780495517.750994,282
210936,1780495517.7509959,282
210937,1780495517.7510002,280
210938,1780495517.784652,279
210939,1780495517.7846668,280
210940,1780495517.7846699,282
210941,1780495517.784673,282
210942,1780495517.784676,282
210943,1780495517.784678,284
210944,1780495517.78468,285
210945,1780495517.784683,292
210946,1780495517.7846851,293
210947,1780495517.784687,293
210948,1780495517.7846909,295
210949,1780495517.787953,292
210950,1780495517.787957,291
210951,1780495517.787959,291
210952,1780495517.7879622,289
210953,1780495517.787963,286
210954,1780495517.7879648,284
210955,1780495517.787982,280
210956,1780495517.787984,277
210957,1780495517.787987,279
210958,1780495517.787989,275
210959,1780495517.793037,279
210960,1780495517.793041,276
210961,1780495517.793043,276
210962,1780495517.793045,281
210963,1780495517.793047,283
210964,1780495517.793049,282
210965,1780495517.7930508,286
210966,1780495517.793053,286
210967,1780495517.793055,289
210968,1780495517.793057,291
210969,1780495517.795962,290
210970,1780495517.795966,287
210971,1780495517.795968,285
210972,1780495517.79597,286
210973,1780495517.7959712,282
210974,1780495517.795973,279
210975,1780495517.795975,276
210976,1780495517.7959769,277
210977,1780495517.795979,270
210978,1780495517.7959812,276
210979,1780495517.7959838,272
210980,1780495517.829355,275
210981,1780495517.829359,274
210982,1780495517.8293602,274
210983,1780495517.829361,275
210984,1780495517.829362,277
210985,1780495517.8293629,280
210986,1780495517.829364,280
210987,1780495517.829365,286
210988,1780495517.829366,287
210989,1780495517.829368,285
210990,1780495517.832216,285
210991,1780495517.834124,281
210992,1780495517.8341272,281
210993,1780495517.834128,275
210994,1780495517.8341289,278
210995,1780495517.8341298,273
210996,1780495517.834131,269
210997,1780495517.8341389,270
210998,1780495517.8341398,269
210999,1780495517.834141,271
211000,1780495517.834142,269
211001,1780495517.834144,269
211002,1780495517.836643,268
211003,1780495517.8366451,271
211004,1780495517.8366458,272
211005,1780495517.8366468,273
211006,1780495517.836648,274
211007,1780495517.836649,277
211008,1780495517.83665,278
211009,1780495517.836651,277
211010,1780495517.836652,271
211011,1780495517.836653,272
211012,1780495517.839127,271
211013,1780495517.839129,266
211014,1780495517.8391302,265
211015,1780495517.8391309,262
211016,1780495517.8391318,261
211017,1780495517.8391318,257
211018,1780495517.839133,258
211019,1780495517.839134,257
211020,1780495517.839135,255
211021,1780495517.839137,255
211022,1780495517.8409321,257
211023,1780495517.8488169,256
211024,1780495517.84882,262
211025,1780495517.848821,261
211026,1780495517.848822,259
211027,1780495517.848822,261
211028,1780495517.848823,262
211029,1780495517.848824,260
211030,1780495517.848825,259
211031,1780495517.8488262,255
211032,1780495517.8488262,255
211033,1780495517.8488278,250
211034,1780495517.880836,249
211035,1780495517.880838,247
211036,1780495517.8808389,243
211037,1780495517.8808398,240
211038,1780495517.880841,235
211039,1780495517.880842,241
211040,1780495517.880843,237
211041,1780495517.880844,238
211042,1780495517.880845,237
211043,1780495517.880846,238
211044,1780495517.882907,241
211045,1780495517.882915,239
211046,1780495517.8829162,241
211047,1780495517.8829172,244
211048,1780495517.882918,244
211049,1780495517.882918,243
211050,1780495517.8829188,236
211051,1780495517.88292,237
211052,1780495517.882921,234
211053,1780495517.882922,230
211054,1780495517.8829231,228
211055,1780495517.8844008,225
211056,1780495517.884403,223
211057,1780495517.884404,220
211058,1780495517.884405,218
211059,1780495517.884406,217
211060,1780495517.884406,216
211061,1780495517.884407,217
211062,1780495517.884408,216
211063,1780495517.8844092,217
211064,1780495517.8844092,222
211065,1780495517.8844109,217
211066,1780495517.888017,218
211067,1780495517.8880188,219
211068,1780495517.88802,222
211069,1780495517.888021,217
211070,1780495517.888022,213
211071,1780495517.8880231,212
211072,1780495517.888024,210
211073,1780495517.888024,207
211074,1780495517.888025,201
211075,1780495517.888026,198
211076,1780495517.9472158,197
211077,1780495517.94722,194
211078,1780495517.947221,191
211079,1780495517.947222,192
211080,1780495517.947223,192
211081,1780495517.947223,191
211082,1780495517.9472241,192
211083,1780495517.947225,190
211084,1780495517.947226,190
211085,1780495517.9472268,193
211086,1780495517.947228,193
211087,1780495517.950538,195
211088,1780495517.95054,195
211089,1780495517.950541,195
211090,1780495517.950542,194
211091,1780495517.950542,190
211092,1780495517.9505432,189
211093,1780495517.9505439,187
211094,1780495517.9505448,188
211095,1780495517.950546,182
211096,1780495517.950546,181
211097,1780495517.950548,180
211098,1780495517.952877,178
211099,1780495517.9528801,180
211100,1780495517.9528809,178
211101,1780495517.9528818,175
211102,1780495517.952883,181
211103,1780495517.952884,184
211104,1780495517.952885,181
211105,1780495517.952885,183
211106,1780495517.952886,183
211107,1780495517.952887,187
211108,1780495517.9554439,191
211109,1780495517.955446,188
211110,1780495517.955447,185
211111,1780495517.9554482,183
211112,1780495517.955449,179
211113,1780495517.955449,180
211114,1780495517.95545,177
211115,1780495517.9554508,173
211116,1780495517.955452,170
211117,1780495517.955453,167
211118,1780495517.9554539,164
211119,1780495517.957985,166
211120,1780495517.957988,163
211121,1780495517.95799,164
211122,1780495517.957991,163
211123,1780495517.9579918,163
211124,1780495517.9579918,162
211125,1780495517.957993,163
211126,1780495517.957994,163
211127,1780495517.957995,163
211128,1780495517.9579961,161
211129,1780495517.960991,158
211130,1780495517.960993,159
211131,1780495517.960994,152
211132,1780495517.960995,149
211133,1780495517.960997,144
211134,1780495517.960997,141
211135,1780495517.9609978,135
211136,1780495517.960999,132
211137,1780495517.961,128
211138,1780495517.961001,126
211139,1780495517.9610019,120
211140,1780495517.9654558,122
211141,1780495517.96546,116
211142,1780495517.965461,117
211143,1780495517.965462,114
211144,1780495517.965463,113
211145,1780495517.965464,113
211146,1780495517.965465,113
211147,1780495517.965466,110
211148,1780495517.965466,109
211149,1780495517.965468,103
211150,1780495517.967179,102
211151,1780495517.997026,98
211152,1780495517.997031,92
211153,1780495517.997032,88
211154,1780495517.9970329,82
211155,1780495517.997035,79
211156,1780495517.997036,74
211157,1780495517.9970372,68
211158,1780495517.9970381,65
211159,1780495517.997039,63
211160,1780495517.99704,58
211161,1780495517.997042,59
211162,1780495518.000426,55
211163,1780495518.000428,53
211164,1780495518.0004292,54
211165,1780495518.000431,52
211166,1780495518.000432,51
211167,1780495518.000433,50
211168,1780495518.000434,48
211169,1780495518.0004349,43
211170,1780495518.000436,40
211171,1780495518.000438,35
211172,1780495518.004124,32
211173,1780495518.004129,32
211174,1780495518.0041301,31
211175,1780495518.004131,32
211176,1780495518.004132,32
211177,1780495518.0041332,32
211178,1780495518.004134,32
211179,1780495518.004135,31
211180,1780495518.004137,31
211181,1780495518.004138,32
211182,1780495518.004139,33
211183,1780495518.005976,33
211184,1780495518.005978,32
211185,1780495518.00598,31
211186,1780495518.005981,31
211187,1780495518.005982,31
211188,1780495518.0059829,31
211189,1780495518.005984,32
211190,1780495518.005985,31
211191,1780495518.005986,31
211192,1780495518.0059881,33
211193,1780495518.04211,32
211194,1780495518.042123,32
211195,1780495518.0421262,32
211196,1780495518.0421278,32
211197,1780495518.0421288,31
211198,1780495518.042131,31
211199,1780495518.042132,31
211200,1780495518.042134,30
211201,1780495518.042136,32
211202,1780495518.042138,31
211203,1780495518.042141,31
211204,1780495518.045475,32
211205,1780495518.0454788,32
211206,1780495518.045481,32
211207,1780495518.045482,31
211208,1780495518.045484,31
211209,1780495518.045485,33
211210,1780495518.0454872,33
211211,1780495518.045488,32
211212,1780495518.0454981,32
211213,1780495518.0454998,33
211214,1780495518.045502,32
211215,1780495518.04795,31
211216,1780495518.047956,33
211217,1780495518.047958,33
211218,1780495518.04796,31
211219,1780495518.047961,32
211220,1780495518.047963,32
211221,1780495518.0479639,32
211222,1780495518.047966,31
211223,1780495518.047967,33
211224,1780495518.047969,32
211225,1780495518.0479722,33
211226,1780495518.0509949,32
211227,1780495518.050999,31
211228,1780495518.051,32
211229,1780495518.051002,32
211230,1780495518.051004,31
211231,1780495518.051005,32
211232,1780495518.051007,33
211233,1780495518.051009,32
211234,1780495518.0510101,33
211235,1780495518.0510132,33
211236,1780495518.087083,32
211237,1780495518.087095,31
211238,1780495518.0870981,32
211239,1780495518.087101,31
211240,1780495518.087103,31
211241,1780495518.087105,32
211242,1780495518.0871081,31
211243,1780495518.0871098,31
211244,1780495518.087112,33
211245,1780495518.087114,31
211246,1780495518.0871181,32
211247,1780495518.090563,30
211248,1780495518.0905678,32
211249,1780495518.090571,31
211250,1780495518.090573,32
211251,1780495518.0905752,33
211252,1780495518.090577,32
211253,1780495518.09058,32
211254,1780495518.0905821,32
211255,1780495518.090584,33
211256,1780495518.0905862,33
211257,1780495518.09059,33
211258,1780495518.0929852,31
211259,1780495518.092989,32
211260,1780495518.0929909,34
211261,1780495518.092994,32
211262,1780495518.0929961,32
211263,1780495518.0929978,31
211264,1780495518.093001,32
211265,1780495518.093003,32
211266,1780495518.093005,33
211267,1780495518.0930078,32
211268,1780495518.0959208,33
211269,1780495518.095926,32
211270,1780495518.0959291,32
211271,1780495518.0959308,31
211272,1780495518.0959418,33
211273,1780495518.095944,33
211274,1780495518.095946,32
211275,1780495518.0959492,31
211276,1780495518.0959518,31
211277,1780495518.095954,32
211278,1780495518.095957,32
211279,1780495518.103206,32
211280,1780495518.1032162,32
211281,1780495518.1032178,31
211282,1780495518.103221,32
211283,1780495518.103223,32
211284,1780495518.103225,33
211285,1780495518.103227,32
211286,1780495518.103229,32
211287,1780495518.103232,31
211288,1780495518.103234,31
211289,1780495518.1032379,32
211290,1780495518.133316,32
211291,1780495518.133335,32
211292,1780495518.13334,31
211293,1780495518.133343,32
211294,1780495518.133347,32
211295,1780495518.1333508,31
211296,1780495518.133355,32
211297,1780495518.1333592,32
211298,1780495518.133364,31
211299,1780495518.133367,32
211300,1780495518.133373,31
211301,1780495518.136863,32
211302,1780495518.1368918,34
211303,1780495518.136897,32
211304,1780495518.1369011,32
211305,1780495518.136905,33
211306,1780495518.136909,32
211307,1780495518.1369119,33
211308,1780495518.1369169,32
211309,1780495518.13692,32
211310,1780495518.136925,31
211311,1780495518.142239,31
211312,1780495518.142247,33
211313,1780495518.1422532,32
211314,1780495518.142257,32
211315,1780495518.142261,32
211316,1780495518.142265,32
211317,1780495518.142269,32
211318,1780495518.142315,32
211319,1780495518.142318,32
211320,1780495518.1423218,32
211321,1780495518.142327,32
211322,1780495518.145667,33
211323,1780495518.145684,32
211324,1780495518.1456902,32
211325,1780495518.145695,32
211326,1780495518.1457,31
211327,1780495518.145705,32
211328,1780495518.14571,32
211329,1780495518.145715,33
211330,1780495518.14572,32
211331,1780495518.145727,31
211332,1780495518.176054,31
211333,1780495518.176099,31
211334,1780495518.176105,33
211335,1780495518.1761081,31
211336,1780495518.1761122,32
211337,1780495518.176115,32
211338,1780495518.17612,31
211339,1780495518.1761239,32
211340,1780495518.176127,34
211341,1780495518.176131,31
211342,1780495518.1761332,32
211343,1780495518.1792681,31
211344,1780495518.179279,32
211345,1780495518.179282,32
211346,1780495518.179285,31
211347,1780495518.1792881,32
211348,1780495518.1792908,32
211349,1780495518.1792939,32
211350,1780495518.179296,32
211351,1780495518.1793,33
211352,1780495518.179302,31
211353,1780495518.182276,33
211354,1780495518.1823192,32
211355,1780495518.182326,33
211356,1780495518.1823292,32
211357,1780495518.1823318,32
211358,1780495518.182357,32
211359,1780495518.1823602,32
211360,1780495518.182364,31
211361,1780495518.182367,30
211362,1780495518.182369,32
211363,1780495518.182372,32
211364,1780495518.186157,32
211365,1780495518.18618,33
211366,1780495518.186183,32
211367,1780495518.186186,33
211368,1780495518.1861901,32
211369,1780495518.1861918,31
211370,1780495518.186195,32
211371,1780495518.186198,33
211372,1780495518.186201,33
211373,1780495518.1862059,32
211374,1780495518.192396,32
211375,1780495518.249564,32
211376,1780495518.2495701,31
211377,1780495518.249572,32
211378,1780495518.249574,32
211379,1780495518.249575,31
211380,1780495518.249577,31
211381,1780495518.249579,32
211382,1780495518.2495801,32
211383,1780495518.249582,31
211384,1780495518.249583,32
211385,1780495518.2495859,31
211386,1780495518.2530198,32
211387,1780495518.253023,33
211388,1780495518.253025,31
211389,1780495518.253026,32
211390,1780495518.2530282,32
211391,1780495518.253029,31
211392,1780495518.253031,33
211393,1780495518.253032,32
211394,1780495518.2530339,32
211395,1780495518.253036,33
211396,1780495518.255471,31
211397,1780495518.255477,32
211398,1780495518.255479,33
211399,1780495518.25548,33
211400,1780495518.2554822,33
211401,1780495518.2554839,32
211402,1780495518.2554848,32
211403,1780495518.255487,32
211404,1780495518.255488,31
211405,1780495518.25549,32
211406,1780495518.2554922,32
211407,1780495518.257996,31
211408,1780495518.2579992,32
211409,1780495518.2580009,32
211410,1780495518.2580018,33
211411,1780495518.258004,31
211412,1780495518.258005,32
211413,1780495518.258007,33
211414,1780495518.258008,31
211415,1780495518.2580101,32
211416,1780495518.2580109,33
211417,1780495518.258013,32
211418,1780495518.26094,32
211419,1780495518.2609432,32
211420,1780495518.260944,32
211421,1780495518.2609448,32
211422,1780495518.260946,32
211423,1780495518.2609541,32
211424,1780495518.2609549,32
211425,1780495518.2609558,31
211426,1780495518.260958,32
211427,1780495518.26096,32
211428,1780495518.265507,32
211429,1780495518.265515,32
211430,1780495518.265516,31
211431,1780495518.2655182,32
211432,1780495518.2655191,33
211433,1780495518.26552,31
211434,1780495518.265522,32
211435,1780495518.265523,32
211436,1780495518.265524,32
211437,1780495518.265525,32
211438,1780495518.265527,32
211439,1780495518.2679539,33
211440,1780495518.267957,32
211441,1780495518.267958,32
211442,1780495518.26796,33
211443,1780495518.267961,31
211444,1780495518.2679622,33
211445,1780495518.267963,31
211446,1780495518.267964,33
211447,1780495518.2679648,32
211448,1780495518.267966,32
211449,1780495518.267968,32
211450,1780495518.270536,32
211451,1780495518.270538,32
211452,1780495518.270539,31
211453,1780495518.270541,32
211454,1780495518.2705421,32
211455,1780495518.270543,31
211456,1780495518.2705438,31
211457,1780495518.270545,31
211458,1780495518.270546,33
211459,1780495518.2705479,33
211460,1780495518.305037,32
211461,1780495518.305045,31
211462,1780495518.305046,31
211463,1780495518.305047,31
211464,1780495518.305048,32
211465,1780495518.3050492,30
211466,1780495518.3050501,32
211467,1780495518.3050508,32
211468,1780495518.3050518,32
211469,1780495518.3050518,33
211470,1780495518.305054,33
211471,1780495518.3121989,32
211472,1780495518.312202,32
211473,1780495518.312203,32
211474,1780495518.312203,32
211475,1780495518.3122041,32
211476,1780495518.312205,31
211477,1780495518.312206,32
211478,1780495518.3122072,31
211479,1780495518.312208,32
211480,1780495518.312208,31
211481,1780495518.3122098,31
211482,1780495518.314402,32
211483,1780495518.3144052,32
211484,1780495518.314406,31
211485,1780495518.3144069,32
211486,1780495518.3144078,33
211487,1780495518.3144078,32
211488,1780495518.314409,32
211489,1780495518.31441,32
211490,1780495518.314411,32
211491,1780495518.314412,32
211492,1780495518.3159099,31
211493,1780495518.315913,32
211494,1780495518.315914,33
211495,1780495518.315915,32
211496,1780495518.315916,32
211497,1780495518.315917,32
211498,1780495518.315917,32
211499,1780495518.315918,32
211500,1780495518.3159192,32
211501,1780495518.3159199,32
211502,1780495518.3159208,32
211503,1780495518.370369,32
211504,1780495518.370375,33
211505,1780495518.3703759,32
211506,1780495518.370377,33
211507,1780495518.370378,33
211508,1780495518.370379,32
211509,1780495518.37038,32
211510,1780495518.37038,32
211511,1780495518.370381,31
211512,1780495518.370382,32
211513,1780495518.370384,32
211514,1780495518.372525,32
211515,1780495518.3725271,31
211516,1780495518.372528,32
211517,1780495518.3725288,32
211518,1780495518.37253,31
211519,1780495518.372531,32
211520,1780495518.372531,33
211521,1780495518.372532,32
211522,1780495518.372533,31
211523,1780495518.372534,31
211524,1780495518.37642,31
211525,1780495518.376422,32
211526,1780495518.376423,31
211527,1780495518.3764238,32
211528,1780495518.376425,32
211529,1780495518.376426,31
211530,1780495518.376427,32
211531,1780495518.3764281,33
211532,1780495518.3764281,30
211533,1780495518.376429,32
211534,1780495518.37643,31
211535,1780495518.3785868,31
211536,1780495518.378589,32
211537,1780495518.3785899,32
211538,1780495518.3785899,33
211539,1780495518.378591,32
211540,1780495518.378592,32
211541,1780495518.378593,32
211542,1780495518.3785942,33
211543,1780495518.3785942,33
211544,1780495518.378595,31
211545,1780495518.378596,32
211546,1780495518.382085,31
211547,1780495518.3820858,33
211548,1780495518.382087,32
211549,1780495518.382088,32
211550,1780495518.382089,33
211551,1780495518.38209,32
211552,1780495518.382091,32
211553,1780495518.382092,32
211554,1780495518.382092,32
211555,1780495518.382093,32
211556,1780495518.386548,31
211557,1780495518.38655,32
211558,1780495518.3865511,31
211559,1780495518.386552,32
211560,1780495518.386552,31
211561,1780495518.386553,31
211562,1780495518.386554,32
211563,1780495518.386555,33
211564,1780495518.386556,32
211565,1780495518.386556,32
211566,1780495518.386558,31
211567,1780495518.388771,33
211568,1780495518.3887732,32
211569,1780495518.388774,32
211570,1780495518.3887749,32
211571,1780495518.3887758,32
211572,1780495518.388777,32
211573,1780495518.388777,32
211574,1780495518.388778,32
211575,1780495518.388779,32
211576,1780495518.38878,31
211577,1780495518.388781,33
211578,1780495518.419106,34
211579,1780495518.419112,33
211580,1780495518.419113,32
211581,1780495518.4191139,31
211582,1780495518.419115,32
211583,1780495518.419116,31
211584,1780495518.419117,32
211585,1780495518.4191182,32
211586,1780495518.4191191,32
211587,1780495518.41912,31
211588,1780495518.422763,32
211589,1780495518.4227672,31
211590,1780495518.422768,32
211591,1780495518.4227688,31
211592,1780495518.422771,32
211593,1780495518.422772,32
211594,1780495518.422773,32
211595,1780495518.422774,31
211596,1780495518.422775,31
211597,1780495518.422776,32
211598,1780495518.4227772,32
211599,1780495518.424326,32
211600,1780495518.4243279,32
211601,1780495518.424329,31
211602,1780495518.42433,33
211603,1780495518.424331,31
211604,1780495518.4243321,32
211605,1780495518.424333,33
211606,1780495518.424334,32
211607,1780495518.424335,32
211608,1780495518.424336,32
211609,1780495518.424337,31
211610,1780495518.4358861,32
211611,1780495518.4358919,32
211612,1780495518.435893,32
211613,1780495518.435894,31
211614,1780495518.4358962,32
211615,1780495518.435897,32
211616,1780495518.435898,32
211617,1780495518.4358988,32
211618,1780495518.4359,32
211619,1780495518.4359019,32
211620,1780495518.464571,32
211621,1780495518.464577,32
211622,1780495518.4645782,32
211623,1780495518.46458,32
211624,1780495518.464581,33
211625,1780495518.464583,32
211626,1780495518.4645839,32
211627,1780495518.464585,31
211628,1780495518.464587,31
211629,1780495518.464588,31
211630,1780495518.46459,31
211631,1780495518.468114,31
211632,1780495518.46812,31
211633,1780495518.468122,33
211634,1780495518.468123,32
211635,1780495518.4681249,32
211636,1780495518.468126,32
211637,1780495518.468128,32
211638,1780495518.468129,32
211639,1780495518.46813,31
211640,1780495518.468132,33
211641,1780495518.4681332,31
211642,1780495518.4681358,33
211643,1780495518.4767208,32
211644,1780495518.476724,31
211645,1780495518.476726,33
211646,1780495518.476727,33
211647,1780495518.4767292,32
211648,1780495518.47673,33
211649,1780495518.476732,32
211650,1780495518.476733,32
211651,1780495518.476734,33
211652,1780495518.476737,33
211653,1780495518.479319,32
211654,1780495518.4793222,31
211655,1780495518.4793239,31
211656,1780495518.4793248,32
211657,1780495518.479327,31
211658,1780495518.479328,33
211659,1780495518.479329,32
211660,1780495518.479331,31
211661,1780495518.4793322,32
211662,1780495518.4793339,32
211663,1780495518.545202,31
211664,1780495518.545247,31
211665,1780495518.5452511,33
211666,1780495518.545254,32
211667,1780495518.5452569,32
211668,1780495518.54526,32
211669,1780495518.5452642,31
211670,1780495518.545266,32
211671,1780495518.545269,32
211672,1780495518.5452712,32
211673,1780495518.545275,31
211674,1780495518.551392,33
211675,1780495518.551421,32
211676,1780495518.551424,33
211677,1780495518.5514271,33
211678,1780495518.551429,32
211679,1780495518.551432,33
211680,1780495518.551435,33
211681,1780495518.551438,32
211682,1780495518.551441,31
211683,1780495518.551444,33
211684,1780495518.553697,32
211685,1780495518.553705,33
211686,1780495518.553727,32
211687,1780495518.55373,32
211688,1780495518.553733,32
211689,1780495518.553736,32
211690,1780495518.553739,32
211691,1780495518.5537422,32
211692,1780495518.5537448,33
211693,1780495518.553747,33
211694,1780495518.553751,33
211695,1780495518.555454,31
211696,1780495518.5554602,32
211697,1780495518.5554628,32
211698,1780495518.555466,33
211699,1780495518.555469,32
211700,1780495518.5554712,32
211701,1780495518.5554738,32
211702,1780495518.555476,32
211703,1780495518.55548,31
211704,1780495518.5554821,32
211705,1780495518.555486,32
211706,1780495518.558004,31
211707,1780495518.558016,31
211708,1780495518.558024,32
211709,1780495518.558033,32
211710,1780495518.5580428,33
211711,1780495518.558174,33
211712,1780495518.558183,31
211713,1780495518.558187,32
211714,1780495518.558191,31
211715,1780495518.558196,33
211716,1780495518.560881,32
211717,1780495518.560887,32
211718,1780495518.5608902,33
211719,1780495518.5608928,33
211720,1780495518.560895,32
211721,1780495518.560898,32
211722,1780495518.5609012,31
211723,1780495518.560904,32
211724,1780495518.5609071,32
211725,1780495518.56091,32
211726,1780495518.5609138,33
211727,1780495518.565631,32
211728,1780495518.565656,32
211729,1780495518.565661,32
211730,1780495518.565665,32
211731,1780495518.565669,33
211732,1780495518.5656729,32
211733,1780495518.5656772,33
211734,1780495518.565681,32
211735,1780495518.565684,32
211736,1780495518.5656881,32
211737,1780495518.5656939,32
211738,1780495518.568028,33
211739,1780495518.568039,31
211740,1780495518.568043,32
211741,1780495518.568047,33
211742,1780495518.5680509,33
211743,1780495518.568054,32
211744,1780495518.568064,32
211745,1780495518.5680692,31
211746,1780495518.568073,31
211747,1780495518.568078,32
211748,1780495518.570459,32
211749,1780495518.570467,32
211750,1780495518.5704708,32
211751,1780495518.570475,33
211752,1780495518.5704792,32
211753,1780495518.570483,31
211754,1780495518.570488,32
211755,1780495518.570494,32
211756,1780495518.570498,32
211757,1780495518.570504,32
211758,1780495518.572115,31
211759,1780495518.603111,31
211760,1780495518.6031501,33
211761,1780495518.603157,32
211762,1780495518.603161,31
211763,1780495518.603165,31
211764,1780495518.603168,33
211765,1780495518.603172,33
211766,1780495518.603183,32
211767,1780495518.6031868,31
211768,1780495518.60319,32
211769,1780495518.6031969,34
211770,1780495518.604505,31
211771,1780495518.604512,33
211772,1780495518.604516,33
211773,1780495518.604521,32
211774,1780495518.604525,33
211775,1780495518.6045282,32
211776,1780495518.604534,31
211777,1780495518.6045382,32
211778,1780495518.604543,31
211779,1780495518.604548,32
211780,1780495518.639771,31
211781,1780495518.639811,32
211782,1780495518.639817,31
211783,1780495518.639821,32
211784,1780495518.6398258,33
211785,1780495518.63983,32
211786,1780495518.639835,32
211787,1780495518.639838,32
211788,1780495518.639842,33
211789,1780495518.6398458,33
211790,1780495518.639852,33
211791,1780495518.643014,32
211792,1780495518.643025,31
211793,1780495518.64303,32
211794,1780495518.6430342,33
211795,1780495518.643038,32
211796,1780495518.6430411,32
211797,1780495518.6430452,32
211798,1780495518.643048,33
211799,1780495518.643052,32
211800,1780495518.6430562,31
211801,1780495518.643061,32
211802,1780495518.645509,33
211803,1780495518.645519,32
211804,1780495518.6455228,32
211805,1780495518.6455271,31
211806,1780495518.6455302,31
211807,1780495518.6455328,33
211808,1780495518.6455371,32
211809,1780495518.6455412,31
211810,1780495518.645545,32
211811,1780495518.645549,32
211812,1780495518.6479611,31
211813,1780495518.6479669,32
211814,1780495518.64797,32
211815,1780495518.647973,32
211816,1780495518.647976,32
211817,1780495518.647978,33
211818,1780495518.6479812,31
211819,1780495518.647984,32
211820,1780495518.647987,32
211821,1780495518.647989,32
211822,1780495518.647993,31
211823,1780495518.651186,32
211824,1780495518.651205,33
211825,1780495518.6512089,33
211826,1780495518.651212,32
211827,1780495518.651215,31
211828,1780495518.651218,32
211829,1780495518.651221,32
211830,1780495518.6512241,31
211831,1780495518.651227,32
211832,1780495518.6512299,32
211833,1780495518.6512341,32
211834,1780495518.6606221,30
211835,1780495518.6606321,31
211836,1780495518.660635,31
211837,1780495518.660637,33
211838,1780495518.660639,33
211839,1780495518.660641,32
211840,1780495518.660644,32
211841,1780495518.660647,32
211842,1780495518.660649,32
211843,1780495518.660653,31
211844,1780495518.6907678,32
211845,1780495518.6907752,32
211846,1780495518.690777,32
211847,1780495518.690779,32
211848,1780495518.69078,31
211849,1780495518.6907809,32
211850,1780495518.690783,33
211851,1780495518.690784,33
211852,1780495518.690785,33
211853,1780495518.690787,32
211854,1780495518.6907892,32
211855,1780495518.6942458,32
211856,1780495518.6942499,33
211857,1780495518.694252,32
211858,1780495518.694253,31
211859,1780495518.6942542,31
211860,1780495518.694256,31
211861,1780495518.6942568,33
211862,1780495518.694258,32
211863,1780495518.694259,32
211864,1780495518.69426,32
211865,1780495518.694262,32
211866,1780495518.6971068,32
211867,1780495518.6971111,32
211868,1780495518.697113,32
211869,1780495518.6971142,32
211870,1780495518.697115,32
211871,1780495518.6971169,33
211872,1780495518.697118,31
211873,1780495518.697119,31
211874,1780495518.69712,32
211875,1780495518.697122,33
211876,1780495518.700439,32
211877,1780495518.700445,32
211878,1780495518.700446,32
211879,1780495518.700448,31
211880,1780495518.700449,32
211881,1780495518.70045,31
211882,1780495518.7004511,31
211883,1780495518.700453,33
211884,1780495518.700454,32
211885,1780495518.700456,33
211886,1780495518.7022662,32
211887,1780495518.73186,32
211888,1780495518.731863,32
211889,1780495518.731864,32
211890,1780495518.7318652,31
211891,1780495518.7318661,32
211892,1780495518.7318668,31
211893,1780495518.7318678,32
211894,1780495518.731869,32
211895,1780495518.731869,32
211896,1780495518.731871,32
211897,1780495518.734633,32
211898,1780495518.736716,32
211899,1780495518.7367182,32
211900,1780495518.7367191,32
211901,1780495518.7367198,32
211902,1780495518.7367208,31
211903,1780495518.7367208,32
211904,1780495518.736722,32
211905,1780495518.736723,32
211906,1780495518.736724,32
211907,1780495518.736725,32
211908,1780495518.739244,32
211909,1780495518.7392461,33
211910,1780495518.739247,32
211911,1780495518.739248,31
211912,1780495518.739249,32
211913,1780495518.739249,32
211914,1780495518.73925,32
211915,1780495518.739251,32
211916,1780495518.7392519,32
211917,1780495518.739253,33
211918,1780495518.739254,32
211919,1780495518.742103,32
211920,1780495518.742105,32
211921,1780495518.7421062,31
211922,1780495518.7421062,32
211923,1780495518.742107,32
211924,1780495518.7421079,31
211925,1780495518.7421088,32
211926,1780495518.7421088,32
211927,1780495518.74211,33
211928,1780495518.742111,30
211929,1780495518.742112,32
211930,1780495518.774328,31
211931,1780495518.7743309,31
211932,1780495518.7743318,32
211933,1780495518.774333,31
211934,1780495518.774334,32
211935,1780495518.774334,32
211936,1780495518.774335,32
211937,1780495518.774336,32
211938,1780495518.774337,32
211939,1780495518.774338,32
211940,1780495518.777938,31
211941,1780495518.777941,33
211942,1780495518.777942,32
211943,1780495518.7779431,32
211944,1780495518.7779431,32
211945,1780495518.777944,32
211946,1780495518.777945,32
211947,1780495518.777946,31
211948,1780495518.777947,33
211949,1780495518.777947,32
211950,1780495518.7779489,32
211951,1780495518.780447,32
211952,1780495518.780449,32
211953,1780495518.78045,33
211954,1780495518.780451,32
211955,1780495518.780451,32
211956,1780495518.780452,33
211957,1780495518.7804532,32
211958,1780495518.780454,31
211959,1780495518.7804549,32
211960,1780495518.7804549,31
211961,1780495518.780457,32
211962,1780495518.783063,32
211963,1780495518.783065,31
211964,1780495518.783066,33
211965,1780495518.783066,32
211966,1780495518.783067,31
211967,1780495518.783068,32
211968,1780495518.783069,31
211969,1780495518.7830698,33
211970,1780495518.783071,31
211971,1780495518.783072,33
211972,1780495518.8432481,32
211973,1780495518.843252,31
211974,1780495518.843253,33
211975,1780495518.843254,33
211976,1780495518.843255,32
211977,1780495518.843256,33
211978,1780495518.843256,31
211979,1780495518.8432572,32
211980,1780495518.8432581,32
211981,1780495518.8432589,33
211982,1780495518.8432598,33
211983,1780495518.8471339,33
211984,1780495518.847136,33
211985,1780495518.8471382,32
211986,1780495518.8471382,33
211987,1780495518.8471391,32
211988,1780495518.84714,33
211989,1780495518.847141,33
211990,1780495518.847142,32
211991,1780495518.847143,32
211992,1780495518.847144,33
211993,1780495518.8471448,32
211994,1780495518.8504379,31
211995,1780495518.85044,32
211996,1780495518.85044,33
211997,1780495518.850441,33
211998,1780495518.850442,31
211999,1780495518.8504431,33
212000,1780495518.850444,32
212001,1780495518.850445,32
212002,1780495518.850446,33
212003,1780495518.8504472,31
212004,1780495518.85306,32
212005,1780495518.8530612,31
212006,1780495518.853062,32
212007,1780495518.8530629,31
212008,1780495518.853068,31
212009,1780495518.853069,33
212010,1780495518.85307,32
212011,1780495518.8530712,33
212012,1780495518.8530712,31
212013,1780495518.853072,32
212014,1780495518.8530738,31
212015,1780495518.855495,32
212016,1780495518.855497,31
212017,1780495518.855499,31
212018,1780495518.8555,32
212019,1780495518.8555012,31
212020,1780495518.8555021,33
212021,1780495518.855503,32
212022,1780495518.8555038,31
212023,1780495518.855505,31
212024,1780495518.855506,32
212025,1780495518.855507,32
212026,1780495518.857919,32
212027,1780495518.8579211,33
212028,1780495518.857922,31
212029,1780495518.857923,31
212030,1780495518.857924,32
212031,1780495518.8579252,32
212032,1780495518.857926,34
212033,1780495518.8579268,32
212034,1780495518.857928,32
212035,1780495518.857929,33
212036,1780495518.8609421,32
212037,1780495518.8609438,33
212038,1780495518.860945,31
212039,1780495518.860946,31
212040,1780495518.860947,32
212041,1780495518.860948,32
212042,1780495518.860949,32
212043,1780495518.86095,32
212044,1780495518.860951,32
212045,1780495518.8609521,33
212046,1780495518.860954,33
212047,1780495518.895461,32
212048,1780495518.895464,32
212049,1780495518.895465,32
212050,1780495518.895466,32
212051,1780495518.895467,32
212052,1780495518.895468,31
212053,1780495518.8954701,32
212054,1780495518.895474,31
212055,1780495518.895475,33
212056,1780495518.8954759,32
212057,1780495518.895477,33
212058,1780495518.895479,32
212059,1780495518.8974562,32
212060,1780495518.8974578,32
212061,1780495518.897459,32
212062,1780495518.897461,32
212063,1780495518.8974621,32
212064,1780495518.897463,32
212065,1780495518.897464,32
212066,1780495518.8974662,32
212067,1780495518.897467,32
212068,1780495518.900532,32
212069,1780495518.900536,31
212070,1780495518.9005382,33
212071,1780495518.900539,32
212072,1780495518.9005408,31
212073,1780495518.900542,31
212074,1780495518.900543,32
212075,1780495518.900544,32
212076,1780495518.900546,32
212077,1780495518.900547,32
212078,1780495518.9005492,32
212079,1780495518.9041831,31
212080,1780495518.904187,33
212081,1780495518.9041889,31
212082,1780495518.90419,32
212083,1780495518.904191,31
212084,1780495518.904193,32
212085,1780495518.904194,32
212086,1780495518.904196,32
212087,1780495518.9041972,33
212088,1780495518.904198,32
212089,1780495518.9041998,32
212090,1780495518.936476,31
212091,1780495518.936487,32
212092,1780495518.9364889,31
212093,1780495518.936491,32
212094,1780495518.9364932,32
212095,1780495518.936495,32
212096,1780495518.936497,31
212097,1780495518.9364989,32
212098,1780495518.9365,31
212099,1780495518.936503,32
212100,1780495518.942348,33
212101,1780495518.942354,32
212102,1780495518.9423559,32
212103,1780495518.942358,32
212104,1780495518.9423602,33
212105,1780495518.942362,32
212106,1780495518.942364,32
212107,1780495518.942365,31
212108,1780495518.942367,33
212109,1780495518.942369,32
212110,1780495518.9423711,32
212111,1780495518.944514,33
212112,1780495518.9445179,32
212113,1780495518.94452,33
212114,1780495518.944522,32
212115,1780495518.944524,32
212116,1780495518.9445262,33
212117,1780495518.9445279,33
212118,1780495518.9445288,32
212119,1780495518.944531,31
212120,1780495518.944533,31
212121,1780495518.944536,32
212122,1780495518.9490619,31
212123,1780495518.949067,32
212124,1780495518.949069,31
212125,1780495518.9490712,32
212126,1780495518.9490728,32
212127,1780495518.949075,31
212128,1780495518.949077,33
212129,1780495518.949079,32
212130,1780495518.94908,32
212131,1780495518.9490829,32
212132,1780495518.979649,33
212133,1780495518.97967,32
212134,1780495518.979677,32
212135,1780495518.97968,31
212136,1780495518.979682,32
212137,1780495518.979689,32
212138,1780495518.979692,33
212139,1780495518.9796941,31
212140,1780495518.979696,32
212141,1780495518.979699,32
212142,1780495518.9797068,33
212143,1780495518.9855309,32
212144,1780495518.985547,32
212145,1780495518.9855502,31
212146,1780495518.985554,32
212147,1780495518.985557,32
212148,1780495518.985559,32
212149,1780495518.985562,32
212150,1780495518.985564,32
212151,1780495518.985566,31
212152,1780495518.985568,32
212153,1780495518.985572,33
212154,1780495518.9880478,32
212155,1780495518.988061,32
212156,1780495518.988064,31
212157,1780495518.988071,33
212158,1780495518.9880729,31
212159,1780495518.988076,32
212160,1780495518.98808,32
212161,1780495518.988082,31
212162,1780495518.988084,32
212163,1780495518.988087,32
212164,1780495518.990576,33
212165,1780495518.990587,32
212166,1780495518.990591,33
212167,1780495518.990595,32
212168,1780495518.9905999,32
212169,1780495518.990613,31
212170,1780495518.990617,32
212171,1780495518.99062,31
212172,1780495518.990624,33
212173,1780495518.990627,31
212174,1780495518.9906318,31
212175,1780495519.000669,32
212176,1780495519.0006971,32
212177,1780495519.000701,33
212178,1780495519.000704,32
212179,1780495519.0007071,32
212180,1780495519.000711,33
212181,1780495519.0007129,33
212182,1780495519.000716,32
212183,1780495519.000736,32
212184,1780495519.0007439,32
212185,1780495519.002283,33
212186,1780495519.032018,32
212187,1780495519.032044,32
212188,1780495519.0320482,32
212189,1780495519.03205,33
212190,1780495519.032056,32
212191,1780495519.032059,31
212192,1780495519.032062,31
212193,1780495519.032065,32
212194,1780495519.032067,32
212195,1780495519.0320709,32
212196,1780495519.041234,32
212197,1780495519.041258,31
212198,1780495519.041265,32
212199,1780495519.041271,30
212200,1780495519.041277,32
212201,1780495519.041281,32
212202,1780495519.041286,33
212203,1780495519.04129,32
212204,1780495519.041295,32
212205,1780495519.0413,31
212206,1780495519.041306,32
212207,1780495519.045595,32
212208,1780495519.045611,32
212209,1780495519.0456152,32
212210,1780495519.0456178,34
212211,1780495519.04562,32
212212,1780495519.045623,32
212213,1780495519.045625,32
212214,1780495519.0456278,32
212215,1780495519.04563,32
212216,1780495519.045633,32
212217,1780495519.047998,31
212218,1780495519.0480142,32
212219,1780495519.0480168,32
212220,1780495519.048031,31
212221,1780495519.048034,32
212222,1780495519.048037,32
212223,1780495519.048039,31
212224,1780495519.048042,31
212225,1780495519.0480452,34
212226,1780495519.048047,32
212227,1780495519.04805,31
212228,1780495519.050485,31
212229,1780495519.0505002,32
212230,1780495519.050503,31
212231,1780495519.0505059,33
212232,1780495519.050508,32
212233,1780495519.0505111,32
212234,1780495519.0505128,31
212235,1780495519.050515,33
212236,1780495519.050517,32
212237,1780495519.0505211,32
212238,1780495519.052315,32
212239,1780495519.082176,32
212240,1780495519.082196,31
212241,1780495519.082199,32
212242,1780495519.082201,31
212243,1780495519.0822039,33
212244,1780495519.082207,32
212245,1780495519.08221,32
212246,1780495519.0822122,33
212247,1780495519.0822148,32
212248,1780495519.082217,32
212249,1780495519.082221,33
212250,1780495519.086118,32
212251,1780495519.086138,31
212252,1780495519.0861409,31
212253,1780495519.086144,31
212254,1780495519.086146,31
212255,1780495519.086148,32
212256,1780495519.0861518,32
212257,1780495519.0861561,32
212258,1780495519.086158,31
212259,1780495519.086166,31
212260,1780495519.090625,31
212261,1780495519.0906398,32
212262,1780495519.090644,32
212263,1780495519.090654,32
212264,1780495519.0906591,32
212265,1780495519.090663,32
212266,1780495519.090666,31
212267,1780495519.09067,32
212268,1780495519.090673,33
212269,1780495519.090677,32
212270,1780495519.090681,33
212271,1780495519.0931609,31
212272,1780495519.093173,32
212273,1780495519.093177,31
212274,1780495519.09318,32
212275,1780495519.093184,32
212276,1780495519.0931861,32
212277,1780495519.093189,31
212278,1780495519.0931919,32
212279,1780495519.093195,32
212280,1780495519.093198,31
212281,1780495519.0932019,33
212282,1780495519.141898,33
212283,1780495519.1419039,32
212284,1780495519.141906,32
212285,1780495519.141907,33
212286,1780495519.141908,32
212287,1780495519.14191,32
212288,1780495519.141911,33
212289,1780495519.1419132,31
212290,1780495519.1419141,33
212291,1780495519.1419158,32
212292,1780495519.1459782,33
212293,1780495519.145982,32
212294,1780495519.145984,32
212295,1780495519.1459851,31
212296,1780495519.145986,32
212297,1780495519.145987,33
212298,1780495519.1459892,32
212299,1780495519.14599,32
212300,1780495519.1459908,32
212301,1780495519.145992,33
212302,1780495519.145994,32
212303,1780495519.150493,32
212304,1780495519.150496,31
212305,1780495519.1504982,31
212306,1780495519.150499,32
212307,1780495519.1505,32
212308,1780495519.150501,33
212309,1780495519.150502,32
212310,1780495519.150503,32
212311,1780495519.1505039,33
212312,1780495519.150505,31
212313,1780495519.150507,31
212314,1780495519.1528802,31
212315,1780495519.1528819,32
212316,1780495519.152883,30
212317,1780495519.152884,32
212318,1780495519.152885,33
212319,1780495519.152886,33
212320,1780495519.152887,33
212321,1780495519.152889,33
212322,1780495519.1528902,32
212323,1780495519.152891,32
212324,1780495519.155387,32
212325,1780495519.1553888,31
212326,1780495519.15539,31
212327,1780495519.155391,32
212328,1780495519.155392,32
212329,1780495519.1553931,32
212330,1780495519.155401,32
212331,1780495519.155402,33
212332,1780495519.155403,32
212333,1780495519.155404,32
212334,1780495519.155405,33
212335,1780495519.15788,32
212336,1780495519.1578822,32
212337,1780495519.157883,31
212338,1780495519.157884,32
212339,1780495519.1578848,32
212340,1780495519.157886,33
212341,1780495519.157887,32
212342,1780495519.157888,32
212343,1780495519.1578891,33
212344,1780495519.15789,31
212345,1780495519.159596,32
212346,1780495519.19088,32
212347,1780495519.1908832,32
212348,1780495519.190884,31
212349,1780495519.190884,32
212350,1780495519.190885,31
212351,1780495519.1908858,32
212352,1780495519.190887,32
212353,1780495519.190887,32
212354,1780495519.190888,33
212355,1780495519.190889,32
212356,1780495519.1955252,33
212357,1780495519.1955268,32
212358,1780495519.195528,32
212359,1780495519.195529,32
212360,1780495519.19553,32
212361,1780495519.19553,33
212362,1780495519.195531,32
212363,1780495519.195532,32
212364,1780495519.195533,32
212365,1780495519.195534,32
212366,1780495519.1955352,32
212367,1780495519.1979258,33
212368,1780495519.197927,31
212369,1780495519.197928,33
212370,1780495519.197929,33
212371,1780495519.19793,31
212372,1780495519.197931,33
212373,1780495519.197932,32
212374,1780495519.197932,33
212375,1780495519.197933,31
212376,1780495519.197943,31
212377,1780495519.2005508,31
212378,1780495519.200553,32
212379,1780495519.200554,33
212380,1780495519.200554,31
212381,1780495519.200555,32
212382,1780495519.200556,31
212383,1780495519.200557,33
212384,1780495519.2005582,32
212385,1780495519.2005582,33
212386,1780495519.2005591,32
212387,1780495519.20056,32
212388,1780495519.230701,32
212389,1780495519.230704,33
212390,1780495519.2307048,31
212391,1780495519.230706,31
212392,1780495519.230707,32
212393,1780495519.230707,32
212394,1780495519.230708,32
212395,1780495519.230709,33
212396,1780495519.23071,31
212397,1780495519.23071,32
212398,1780495519.2307122,32
212399,1780495519.234268,32
212400,1780495519.2342699,32
212401,1780495519.234271,32
212402,1780495519.234271,32
212403,1780495519.234272,32
212404,1780495519.234273,31
212405,1780495519.2342741,32
212406,1780495519.234275,32
212407,1780495519.234275,33
212408,1780495519.234276,32
212409,1780495519.234278,31
212410,1780495519.237173,32
212411,1780495519.237175,32
212412,1780495519.2371762,31
212413,1780495519.2371762,32
212414,1780495519.2371771,33
212415,1780495519.237178,32
212416,1780495519.2371788,32
212417,1780495519.23718,33
212418,1780495519.237181,32
212419,1780495519.237182,31
212420,1780495519.2417998,31
212421,1780495519.241802,32
212422,1780495519.241803,33
212423,1780495519.2418041,33
212424,1780495519.2418041,31
212425,1780495519.241805,31
212426,1780495519.241806,32
212427,1780495519.2418072,33
212428,1780495519.2418072,33
212429,1780495519.241808,32
212430,1780495519.2418098,32
212431,1780495519.271968,31
212432,1780495519.27197,32
212433,1780495519.271971,32
212434,1780495519.2719722,32
212435,1780495519.2719722,32
212436,1780495519.2719731,32
212437,1780495519.2719738,33
212438,1780495519.2719748,32
212439,1780495519.271976,32
212440,1780495519.271976,33
212441,1780495519.271977,32
212442,1780495519.27557,33
212443,1780495519.2755709,32
212444,1780495519.275572,32
212445,1780495519.275573,31
212446,1780495519.275574,32
212447,1780495519.275575,32
212448,1780495519.275575,32
212449,1780495519.275576,32
212450,1780495519.275577,31
212451,1780495519.275578,32
212452,1780495519.2809448,33
212453,1780495519.280947,31
212454,1780495519.280948,33
212455,1780495519.280948,33
212456,1780495519.2809489,31
212457,1780495519.28095,33
212458,1780495519.280951,31
212459,1780495519.280952,32
212460,1780495519.2809532,31
212461,1780495519.2809541,32
212462,1780495519.2809548,33
212463,1780495519.285435,32
212464,1780495519.2854369,32
212465,1780495519.285438,34
212466,1780495519.285438,32
212467,1780495519.285439,31
212468,1780495519.28544,32
212469,1780495519.285441,31
212470,1780495519.285442,32
212471,1780495519.285443,32
212472,1780495519.285444,31
212473,1780495519.287282,31
212474,1780495519.3169122,32
212475,1780495519.3169138,34
212476,1780495519.316916,33
212477,1780495519.316917,32
212478,1780495519.3169181,31
212479,1780495519.316919,32
212480,1780495519.31692,33
212481,1780495519.316921,33
212482,1780495519.3169222,30
212483,1780495519.3169239,32
212484,1780495519.320574,31
212485,1780495519.320576,31
212486,1780495519.320577,31
212487,1780495519.320579,33
212488,1780495519.32058,33
212489,1780495519.3205812,31
212490,1780495519.320582,31
212491,1780495519.3205829,32
212492,1780495519.3205838,32
212493,1780495519.320585,32
212494,1780495519.320587,32
212495,1780495519.323016,33
212496,1780495519.323018,33
212497,1780495519.32302,32
212498,1780495519.3230212,31
212499,1780495519.3230221,31
212500,1780495519.323031,32
212501,1780495519.3230321,33
212502,1780495519.323033,31
212503,1780495519.323034,32
212504,1780495519.3230348,32
212505,1780495519.323037,32
212506,1780495519.3260171,32
212507,1780495519.32602,32
212508,1780495519.3260212,32
212509,1780495519.326022,32
212510,1780495519.3260238,32
212511,1780495519.326025,32
212512,1780495519.326026,31
212513,1780495519.326027,33
212514,1780495519.326029,32
212515,1780495519.32603,33
212516,1780495519.359498,33
212517,1780495519.359505,32
212518,1780495519.3595068,31
212519,1780495519.359508,32
212520,1780495519.35951,32
212521,1780495519.359512,31
212522,1780495519.359513,32
212523,1780495519.359515,32
212524,1780495519.359516,31
212525,1780495519.359518,33
212526,1780495519.35952,32
212527,1780495519.363032,33
212528,1780495519.363036,31
212529,1780495519.363038,31
212530,1780495519.363039,31
212531,1780495519.363041,32
212532,1780495519.363043,31
212533,1780495519.363044,32
212534,1780495519.363046,32
212535,1780495519.3630478,32
212536,1780495519.363049,31
212537,1780495519.363057,32
212538,1780495519.365546,32
212539,1780495519.365549,32
212540,1780495519.365551,31
212541,1780495519.365553,32
212542,1780495519.3655539,32
212543,1780495519.365556,32
212544,1780495519.365558,32
212545,1780495519.365559,32
212546,1780495519.365561,31
212547,1780495519.365563,32
212548,1780495519.369333,31
212549,1780495519.369337,33
212550,1780495519.369338,32
212551,1780495519.36934,33
212552,1780495519.369341,33
212553,1780495519.369343,31
212554,1780495519.369344,32
212555,1780495519.3693461,32
212556,1780495519.369348,33
212557,1780495519.36935,33
212558,1780495519.3723829,33
212559,1780495519.40572,31
212560,1780495519.405726,32
212561,1780495519.405729,33
212562,1780495519.405731,32
212563,1780495519.405733,33
212564,1780495519.405736,32
212565,1780495519.4057379,32
212566,1780495519.40574,32
212567,1780495519.4057422,32
212568,1780495519.405746,31
212569,1780495519.408479,32
212570,1780495519.4104881,32
212571,1780495519.410492,32
212572,1780495519.410495,33
212573,1780495519.410497,33
212574,1780495519.410499,32
212575,1780495519.410501,32
212576,1780495519.4105039,32
212577,1780495519.410506,32
212578,1780495519.410508,32
212579,1780495519.410512,33
212580,1780495519.413057,31
212581,1780495519.4130619,33
212582,1780495519.413064,32
212583,1780495519.413066,32
212584,1780495519.413068,31
212585,1780495519.41307,32
212586,1780495519.4130728,31
212587,1780495519.413075,32
212588,1780495519.4130769,33
212589,1780495519.41308,32
212590,1780495519.4130828,32
212591,1780495519.4160058,33
212592,1780495519.416011,31
212593,1780495519.416013,31
212594,1780495519.4160151,32
212595,1780495519.4160168,31
212596,1780495519.41602,33
212597,1780495519.416022,33
212598,1780495519.416033,31
212599,1780495519.4160361,31
212600,1780495519.4160378,31
212601,1780495519.416041,32
212602,1780495519.4545121,33
212603,1780495519.454526,31
212604,1780495519.4545321,32
212605,1780495519.454535,32
212606,1780495519.4545379,31
212607,1780495519.45454,32
212608,1780495519.454543,32
212609,1780495519.454546,31
212610,1780495519.454548,32
212611,1780495519.454551,32
212612,1780495519.4582012,33
212613,1780495519.45822,32
212614,1780495519.458226,32
212615,1780495519.4582322,32
212616,1780495519.458237,32
212617,1780495519.458242,32
212618,1780495519.458246,33
212619,1780495519.458251,32
212620,1780495519.4582558,31
212621,1780495519.458261,32
212622,1780495519.458268,31
212623,1780495519.461028,33
212624,1780495519.46104,32
212625,1780495519.461043,32
212626,1780495519.461045,32
212627,1780495519.4610481,30
212628,1780495519.46105,32
212629,1780495519.461053,32
212630,1780495519.461055,31
212631,1780495519.46106,32
212632,1780495519.461062,33
212633,1780495519.461066,33
212634,1780495519.465547,32
212635,1780495519.465559,32
212636,1780495519.465562,32
212637,1780495519.465565,33
212638,1780495519.465568,32
212639,1780495519.46557,31
212640,1780495519.465573,32
212641,1780495519.465576,33
212642,1780495519.465579,32
212643,1780495519.4655821,32
212644,1780495519.468083,32
212645,1780495519.46809,32
212646,1780495519.4680939,32
212647,1780495519.468097,32
212648,1780495519.468099,32
212649,1780495519.468102,32
212650,1780495519.468104,32
212651,1780495519.468106,32
212652,1780495519.4681249,32
212653,1780495519.468128,32
212654,1780495519.468131,32
212655,1780495519.498424,32
212656,1780495519.4984488,32
212657,1780495519.498454,33
212658,1780495519.4984572,31
212659,1780495519.4984598,33
212660,1780495519.498463,33
212661,1780495519.498466,31
212662,1780495519.498469,32
212663,1780495519.498472,32
212664,1780495519.498475,32
212665,1780495519.4984782,32
212666,1780495519.498482,32
212667,1780495519.5016441,31
212668,1780495519.501651,32
212669,1780495519.501654,32
212670,1780495519.501657,33
212671,1780495519.501659,31
212672,1780495519.501663,32
212673,1780495519.501665,33
212674,1780495519.5016682,32
212675,1780495519.5016708,32
212676,1780495519.504282,32
212677,1780495519.504289,31
212678,1780495519.5042932,31
212679,1780495519.5042949,33
212680,1780495519.5043,32
212681,1780495519.5043032,32
212682,1780495519.5043058,32
212683,1780495519.5043101,33
212684,1780495519.504312,31
212685,1780495519.504315,31
212686,1780495519.504318,33
212687,1780495519.510628,33
212688,1780495519.5106518,33
212689,1780495519.510655,31
212690,1780495519.510658,32
212691,1780495519.5106602,32
212692,1780495519.5106628,32
212693,1780495519.510665,31
212694,1780495519.510668,33
212695,1780495519.5106702,30
212696,1780495519.5106728,32
212697,1780495519.512326,33
212698,1780495519.541993,32
212699,1780495519.542003,32
212700,1780495519.542006,32
212701,1780495519.542009,32
212702,1780495519.5420108,31
212703,1780495519.542013,32
212704,1780495519.542016,32
212705,1780495519.542018,33
212706,1780495519.54202,32
212707,1780495519.5420249,32
212708,1780495519.5455182,32
212709,1780495519.545523,32
212710,1780495519.545525,32
212711,1780495519.5455282,32
212712,1780495519.54553,32
212713,1780495519.545532,33
212714,1780495519.545534,33
212715,1780495519.545536,32
212716,1780495519.545538,32
212717,1780495519.54554,31
212718,1780495519.545544,32
212719,1780495519.5479538,32
212720,1780495519.547959,31
212721,1780495519.547961,32
212722,1780495519.547963,33
212723,1780495519.5479648,31
212724,1780495519.547967,32
212725,1780495519.547969,32
212726,1780495519.547971,32
212727,1780495519.5479732,32
212728,1780495519.5479748,32
212729,1780495519.547978,32
212730,1780495519.550934,32
212731,1780495519.5509381,32
212732,1780495519.5509398,32
212733,1780495519.550942,32
212734,1780495519.550944,32
212735,1780495519.550945,33
212736,1780495519.5509472,30
212737,1780495519.550949,32
212738,1780495519.550951,32
212739,1780495519.5509539,32
212740,1780495519.584378,32
212741,1780495519.584383,30
212742,1780495519.584384,32
212743,1780495519.584385,32
212744,1780495519.584386,32
212745,1780495519.584388,32
212746,1780495519.584395,32
212747,1780495519.5843961,32
212748,1780495519.584397,32
212749,1780495519.584398,32
212750,1780495519.5844,31
212751,1780495519.5878882,33
212752,1780495519.58789,32
212753,1780495519.5878909,32
212754,1780495519.587892,31
212755,1780495519.587893,32
212756,1780495519.587894,32
212757,1780495519.5878952,33
212758,1780495519.587896,33
212759,1780495519.587897,32
212760,1780495519.587898,32
212761,1780495519.590348,32
212762,1780495519.5903502,32
212763,1780495519.590351,33
212764,1780495519.5903518,32
212765,1780495519.590353,32
212766,1780495519.590354,33
212767,1780495519.590355,32
212768,1780495519.590357,32
212769,1780495519.590358,33
212770,1780495519.590359,32
212771,1780495519.5903602,32
212772,1780495519.5929852,32
212773,1780495519.592988,33
212774,1780495519.592989,32
212775,1780495519.59299,32
212776,1780495519.5929909,34
212777,1780495519.592992,32
212778,1780495519.592992,31
212779,1780495519.592993,31
212780,1780495519.592994,33
212781,1780495519.5929952,32
212782,1780495519.592997,32
212783,1780495519.640966,32
212784,1780495519.64097,33
212785,1780495519.640971,32
212786,1780495519.6409721,32
212787,1780495519.6409721,32
212788,1780495519.640973,33
212789,1780495519.640974,32
212790,1780495519.640975,32
212791,1780495519.640976,33
212792,1780495519.640977,33
212793,1780495519.6409779,32
212794,1780495519.645458,32
212795,1780495519.64546,31
212796,1780495519.645461,32
212797,1780495519.645462,31
212798,1780495519.645463,32
212799,1780495519.6454642,32
212800,1780495519.6454651,32
212801,1780495519.6454651,32
212802,1780495519.645466,32
212803,1780495519.6454668,32
212804,1780495519.64796,33
212805,1780495519.647962,32
212806,1780495519.6479628,33
212807,1780495519.6479628,33
212808,1780495519.647964,32
212809,1780495519.647965,32
212810,1780495519.647966,33
212811,1780495519.6479669,32
212812,1780495519.6479669,32
212813,1780495519.647968,32
212814,1780495519.64797,32
212815,1780495519.6504152,32
212816,1780495519.6504169,33
212817,1780495519.6504178,33
212818,1780495519.6504178,32
212819,1780495519.650419,32
212820,1780495519.65042,32
212821,1780495519.650421,33
212822,1780495519.650422,32
212823,1780495519.650422,33
212824,1780495519.650423,32
212825,1780495519.650424,31
212826,1780495519.652993,33
212827,1780495519.652995,31
212828,1780495519.652996,32
212829,1780495519.652997,32
212830,1780495519.652997,31
212831,1780495519.652998,32
212832,1780495519.652999,31
212833,1780495519.6529999,32
212834,1780495519.6529999,33
212835,1780495519.653002,31
212836,1780495519.7008672,32
212837,1780495519.700871,32
212838,1780495519.700872,31
212839,1780495519.700873,32
212840,1780495519.700874,30
212841,1780495519.700875,33
212842,1780495519.700875,33
212843,1780495519.700876,33
212844,1780495519.700877,31
212845,1780495519.700879,31
212846,1780495519.704716,32
212847,1780495519.706697,32
212848,1780495519.706699,32
212849,1780495519.7067,32
212850,1780495519.706701,32
212851,1780495519.706702,31
212852,1780495519.7067032,32
212853,1780495519.7067032,32
212854,1780495519.706704,32
212855,1780495519.7067049,33
212856,1780495519.7067058,32
212857,1780495519.706707,32
212858,1780495519.709195,32
212859,1780495519.709204,31
212860,1780495519.709205,31
212861,1780495519.709205,32
212862,1780495519.709206,32
212863,1780495519.709207,32
212864,1780495519.709208,32
212865,1780495519.709208,32
212866,1780495519.7092092,32
212867,1780495519.7092102,33
212868,1780495519.711818,33
212869,1780495519.7118201,32
212870,1780495519.711821,32
212871,1780495519.711821,32
212872,1780495519.711822,32
212873,1780495519.711823,33
212874,1780495519.711824,31
212875,1780495519.711825,32
212876,1780495519.711825,33
212877,1780495519.7118258,32
212878,1780495519.711827,32
212879,1780495519.7142248,32
212880,1780495519.714226,33
212881,1780495519.714227,33
212882,1780495519.714228,34
212883,1780495519.714229,32
212884,1780495519.71423,32
212885,1780495519.714231,32
212886,1780495519.714232,32
212887,1780495519.7142332,32
212888,1780495519.7142332,31
212889,1780495519.714234,31
212890,1780495519.7175848,32
212891,1780495519.717587,32
212892,1780495519.717588,32
212893,1780495519.717588,32
212894,1780495519.717589,32
212895,1780495519.71759,32
212896,1780495519.717591,31
212897,1780495519.717592,32
212898,1780495519.7175932,33
212899,1780495519.7175941,32
212900,1780495519.75567,31
212901,1780495519.7556741,32
212902,1780495519.7556748,32
212903,1780495519.7556758,32
212904,1780495519.755677,32
212905,1780495519.755678,32
212906,1780495519.755679,32
212907,1780495519.75568,32
212908,1780495519.755681,32
212909,1780495519.7556832,32
212910,1780495519.758305,32
212911,1780495519.7609441,32
212912,1780495519.760947,31
212913,1780495519.760951,33
212914,1780495519.7609532,33
212915,1780495519.7609541,32
212916,1780495519.7609549,31
212917,1780495519.7609558,32
212918,1780495519.760957,32
212919,1780495519.760958,33
212920,1780495519.760959,32
212921,1780495519.76096,32
212922,1780495519.7679849,33
212923,1780495519.767988,32
212924,1780495519.767989,32
212925,1780495519.76799,33
212926,1780495519.767991,33
212927,1780495519.767993,32
212928,1780495519.7679942,31
212929,1780495519.7679949,33
212930,1780495519.7679958,32
212931,1780495519.767998,33
212932,1780495519.770454,32
212933,1780495519.770457,32
212934,1780495519.7704582,33
212935,1780495519.77046,32
212936,1780495519.7704608,31
212937,1780495519.770462,32
212938,1780495519.770464,32
212939,1780495519.7704651,32
212940,1780495519.770466,31
212941,1780495519.770467,31
212942,1780495519.7704692,33
212943,1780495519.7728798,33
212944,1780495519.772883,32
212945,1780495519.772884,31
212946,1780495519.772885,33
212947,1780495519.772886,32
212948,1780495519.772888,32
212949,1780495519.7728891,31
212950,1780495519.77289,32
212951,1780495519.7728908,32
212952,1780495519.772893,33
212953,1780495519.772894,32
212954,1780495519.7758238,32
212955,1780495519.775826,31
212956,1780495519.775828,33
212957,1780495519.775829,32
212958,1780495519.77583,32
212959,1780495519.775831,32
212960,1780495519.7758331,31
212961,1780495519.775834,32
212962,1780495519.7758348,33
212963,1780495519.775837,33
212964,1780495519.8094678,32
212965,1780495519.809471,31
212966,1780495519.809473,31
212967,1780495519.8094752,32
212968,1780495519.8094761,32
212969,1780495519.8094778,32
212970,1780495519.809479,32
212971,1780495519.809481,31
212972,1780495519.809483,32
212973,1780495519.809484,32
212974,1780495519.809487,33
212975,1780495519.812992,31
212976,1780495519.8129961,33
212977,1780495519.8129978,33
212978,1780495519.812999,32
212979,1780495519.813001,31
212980,1780495519.8130019,31
212981,1780495519.813004,32
212982,1780495519.813005,32
212983,1780495519.813007,33
212984,1780495519.8130088,32
212985,1780495519.8154829,31
212986,1780495519.815487,33
212987,1780495519.815489,31
212988,1780495519.81549,33
212989,1780495519.8154922,32
212990,1780495519.8154938,32
212991,1780495519.815496,32
212992,1780495519.8154979,32
212993,1780495519.815499,33
212994,1780495519.815501,33
212995,1780495519.8155038,32
212996,1780495519.8179479,32
212997,1780495519.817952,32
212998,1780495519.817954,32
212999,1780495519.8179562,31
213000,1780495519.8179579,30
213001,1780495519.8179588,31
213002,1780495519.817961,33
213003,1780495519.8179631,31
213004,1780495519.817965,31
213005,1780495519.8179672,33
213006,1780495519.819718,32
213007,1780495519.8510258,31
213008,1780495519.851031,32
213009,1780495519.8510342,31
213010,1780495519.8510358,31
213011,1780495519.851038,32
213012,1780495519.85104,32
213013,1780495519.851042,32
213014,1780495519.8510451,31
213015,1780495519.8510468,32
213016,1780495519.851049,32
213017,1780495519.851052,31
213018,1780495519.8554099,32
213019,1780495519.855415,31
213020,1780495519.855417,32
213021,1780495519.8554199,32
213022,1780495519.855422,32
213023,1780495519.855424,32
213024,1780495519.855426,32
213025,1780495519.8554292,32
213026,1780495519.8554308,33
213027,1780495519.855434,32
213028,1780495519.8579452,32
213029,1780495519.85795,32
213030,1780495519.857953,33
213031,1780495519.8579562,32
213032,1780495519.8579588,32
213033,1780495519.857962,32
213034,1780495519.857965,31
213035,1780495519.8579671,32
213036,1780495519.85797,32
213037,1780495519.857973,30
213038,1780495519.857978,32
213039,1780495519.860566,33
213040,1780495519.8605728,33
213041,1780495519.860575,31
213042,1780495519.860578,32
213043,1780495519.8605819,32
213044,1780495519.860584,33
213045,1780495519.8605871,32
213046,1780495519.86059,32
213047,1780495519.8605928,32
213048,1780495519.860596,32
213049,1780495519.8606,32
213050,1780495519.872011,32
213051,1780495519.872034,32
213052,1780495519.872038,32
213053,1780495519.872041,33
213054,1780495519.872044,32
213055,1780495519.8720498,32
213056,1780495519.872054,31
213057,1780495519.8720582,32
213058,1780495519.872062,32
213059,1780495519.8720691,32
213060,1780495519.90204,33
213061,1780495519.902061,31
213062,1780495519.902064,32
213063,1780495519.902066,32
213064,1780495519.902069,33
213065,1780495519.902071,33
213066,1780495519.9020958,33
213067,1780495519.902099,33
213068,1780495519.902101,32
213069,1780495519.902103,32
213070,1780495519.9021099,33
213071,1780495519.9055831,31
213072,1780495519.905594,32
213073,1780495519.9055989,32
213074,1780495519.9056041,31
213075,1780495519.905609,32
213076,1780495519.9056141,31
213077,1780495519.905619,32
213078,1780495519.905623,32
213079,1780495519.905629,31
213080,1780495519.905633,33
213081,1780495519.905641,31
213082,1780495519.908119,31
213083,1780495519.908128,32
213084,1780495519.908133,33
213085,1780495519.908138,32
213086,1780495519.908143,32
213087,1780495519.908148,32
213088,1780495519.908155,32
213089,1780495519.908164,32
213090,1780495519.908169,32
213091,1780495519.908175,32
213092,1780495519.944584,31
213093,1780495519.94461,32
213094,1780495519.944614,32
213095,1780495519.944617,32
213096,1780495519.944619,32
213097,1780495519.944622,31
213098,1780495519.9446242,34
213099,1780495519.944627,32
213100,1780495519.94463,32
213101,1780495519.944632,32
213102,1780495519.9446359,33
213103,1780495519.947956,32
213104,1780495519.947967,31
213105,1780495519.947971,33
213106,1780495519.947974,33
213107,1780495519.9479759,32
213108,1780495519.947978,32
213109,1780495519.94798,32
213110,1780495519.947983,32
213111,1780495519.947985,33
213112,1780495519.9479868,32
213113,1780495519.9479911,32
213114,1780495519.953182,32
213115,1780495519.953207,32
213116,1780495519.953213,32
213117,1780495519.953218,31
213118,1780495519.953224,32
213119,1780495519.953229,32
213120,1780495519.953235,33
213121,1780495519.9532402,31
213122,1780495519.953245,32
213123,1780495519.953252,32
213124,1780495519.956218,32
213125,1780495519.956258,32
213126,1780495519.956265,32
213127,1780495519.9562712,32
213128,1780495519.956276,33
213129,1780495519.9562812,31
213130,1780495519.956286,31
213131,1780495519.95629,31
213132,1780495519.956295,32
213133,1780495519.9563,33
213134,1780495519.956307,32
213135,1780495519.960643,32
213136,1780495519.960653,32
213137,1780495519.960656,31
213138,1780495519.9606578,31
213139,1780495519.96066,32
213140,1780495519.960663,31
213141,1780495519.960665,32
213142,1780495519.960667,32
213143,1780495519.960669,33
213144,1780495519.960672,33
213145,1780495519.960675,31
213146,1780495519.990678,32
213147,1780495519.990688,32
213148,1780495519.99069,32
213149,1780495519.9906921,31
213150,1780495519.9906938,32
213151,1780495519.990696,33
213152,1780495519.990698,33
213153,1780495519.9907,32
213154,1780495519.9907022,31
213155,1780495519.990706,32
213156,1780495519.9940648,31
213157,1780495519.994071,32
213158,1780495519.9940732,32
213159,1780495519.9940748,32
213160,1780495519.994077,32
213161,1780495519.9940789,32
213162,1780495519.994081,32
213163,1780495519.9940832,32
213164,1780495519.994085,32
213165,1780495519.994087,31
213166,1780495519.99409,33
213167,1780495519.996712,31
213168,1780495519.996715,33
213169,1780495519.9967182,33
213170,1780495519.9967191,32
213171,1780495519.9967208,32
213172,1780495519.996722,32
213173,1780495519.996724,32
213174,1780495519.996725,32
213175,1780495519.996727,31
213176,1780495519.9967291,32
213177,1780495519.9967308,31
213178,1780495519.999252,32
213179,1780495519.9992561,32
213180,1780495519.999258,32
213181,1780495519.99927,32
213182,1780495519.9992719,32
213183,1780495519.999273,33
213184,1780495519.999275,32
213185,1780495519.999277,32
213186,1780495519.999278,33
213187,1780495519.9992802,33
213188,1780495520.045996,32
213189,1780495520.0460002,32
213190,1780495520.046001,32
213191,1780495520.046002,32
213192,1780495520.0460029,31
213193,1780495520.046004,31
213194,1780495520.046005,32
213195,1780495520.046005,31
213196,1780495520.046006,32
213197,1780495520.0460072,33
213198,1780495520.046008,32
213199,1780495520.050454,33
213200,1780495520.050456,32
213201,1780495520.050457,32
213202,1780495520.0504582,32
213203,1780495520.050459,31
213204,1780495520.0504599,31
213205,1780495520.0504608,32
213206,1780495520.0504608,31
213207,1780495520.050462,32
213208,1780495520.050463,33
213209,1780495520.050464,32
213210,1780495520.052914,32
213211,1780495520.052916,32
213212,1780495520.052917,32
213213,1780495520.052917,32
213214,1780495520.052918,33
213215,1780495520.0529191,32
213216,1780495520.05292,32
213217,1780495520.052921,33
213218,1780495520.052922,33
213219,1780495520.052923,33
213220,1780495520.055386,31
213221,1780495520.055388,31
213222,1780495520.055389,30
213223,1780495520.05539,33
213224,1780495520.055391,32
213225,1780495520.055392,33
213226,1780495520.055392,31
213227,1780495520.055393,32
213228,1780495520.055404,32
213229,1780495520.0554051,32
213230,1780495520.055406,32
213231,1780495520.058002,33
213232,1780495520.058004,32
213233,1780495520.058005,32
213234,1780495520.058006,33
213235,1780495520.058006,32
213236,1780495520.058007,31
213237,1780495520.058008,32
213238,1780495520.0580091,33
213239,1780495520.05801,33
213240,1780495520.05801,32
213241,1780495520.0580108,32
213242,1780495520.062123,32
213243,1780495520.062125,31
213244,1780495520.0621262,31
213245,1780495520.062127,31
213246,1780495520.062128,33
213247,1780495520.062128,32
213248,1780495520.0621288,32
213249,1780495520.06213,31
213250,1780495520.062131,32
213251,1780495520.062132,33
213252,1780495520.094411,31
213253,1780495520.094413,32
213254,1780495520.094414,32
213255,1780495520.0944152,32
213256,1780495520.094416,32
213257,1780495520.0944169,31
213258,1780495520.0944169,33
213259,1780495520.0944178,32
213260,1780495520.094419,31
213261,1780495520.09442,32
213262,1780495520.094421,31
213263,1780495520.097879,32
213264,1780495520.097881,32
213265,1780495520.097881,32
213266,1780495520.097882,33
213267,1780495520.097883,31
213268,1780495520.097884,32
213269,1780495520.097885,32
213270,1780495520.097885,32
213271,1780495520.0978858,32
213272,1780495520.097887,31
213273,1780495520.097888,32
213274,1780495520.1005068,32
213275,1780495520.100509,32
213276,1780495520.100509,32
213277,1780495520.10051,33
213278,1780495520.100511,32
213279,1780495520.100512,32
213280,1780495520.100513,32
213281,1780495520.100513,31
213282,1780495520.100514,32
213283,1780495520.1005151,32
213284,1780495520.130604,32
213285,1780495520.1306062,32
213286,1780495520.1306071,33
213287,1780495520.130608,31
213288,1780495520.1306088,33
213289,1780495520.13061,32
213290,1780495520.130611,32
213291,1780495520.130611,33
213292,1780495520.130612,33
213293,1780495520.130614,32
213294,1780495520.133385,33
213295,1780495520.135911,32
213296,1780495520.135913,34
213297,1780495520.135914,32
213298,1780495520.135915,32
213299,1780495520.135915,32
213300,1780495520.135916,31
213301,1780495520.135917,33
213302,1780495520.1359181,32
213303,1780495520.135919,32
213304,1780495520.135919,33
213305,1780495520.135921,31
213306,1780495520.140348,32
213307,1780495520.140349,33
213308,1780495520.1403499,32
213309,1780495520.140351,31
213310,1780495520.140352,33
213311,1780495520.140353,31
213312,1780495520.1403542,33
213313,1780495520.1403542,32
213314,1780495520.140355,31
213315,1780495520.140356,33
213316,1780495520.1430268,33
213317,1780495520.143029,32
213318,1780495520.143029,32
213319,1780495520.14303,32
213320,1780495520.1430311,32
213321,1780495520.143032,32
213322,1780495520.143033,31
213323,1780495520.143033,31
213324,1780495520.1430342,32
213325,1780495520.143035,32
213326,1780495520.143036,33
213327,1780495520.173237,33
213328,1780495520.17324,31
213329,1780495520.1732411,32
213330,1780495520.173242,32
213331,1780495520.1732428,32
213332,1780495520.173244,32
213333,1780495520.173245,33
213334,1780495520.173246,31
213335,1780495520.1732469,32
213336,1780495520.173248,31
213337,1780495520.173249,33
213338,1780495520.176666,31
213339,1780495520.176669,32
213340,1780495520.1766698,33
213341,1780495520.176671,31
213342,1780495520.176672,31
213343,1780495520.176673,32
213344,1780495520.1766741,31
213345,1780495520.176675,32
213346,1780495520.176676,32
213347,1780495520.1766772,32
213348,1780495520.179125,33
213349,1780495520.179127,31
213350,1780495520.1791282,31
213351,1780495520.1791291,32
213352,1780495520.17913,33
213353,1780495520.1791308,32
213354,1780495520.179132,31
213355,1780495520.179133,32
213356,1780495520.179134,32
213357,1780495520.179135,33
213358,1780495520.179137,32
213359,1780495520.182085,33
213360,1780495520.182087,33
213361,1780495520.1820889,31
213362,1780495520.18209,33
213363,1780495520.18209,32
213364,1780495520.182091,33
213365,1780495520.182092,33
213366,1780495520.1820931,31
213367,1780495520.182094,32
213368,1780495520.182095,31
213369,1780495520.182097,32
213370,1780495520.2144341,32
213371,1780495520.214437,32
213372,1780495520.214438,31
213373,1780495520.2144399,33
213374,1780495520.214441,31
213375,1780495520.214442,30
213376,1780495520.214444,32
213377,1780495520.214445,33
213378,1780495520.214447,33
213379,1780495520.214449,32
213380,1780495520.2180202,32
213381,1780495520.2180228,33
213382,1780495520.218025,33
213383,1780495520.218026,32
213384,1780495520.218028,31
213385,1780495520.218029,32
213386,1780495520.21803,31
213387,1780495520.2180321,32
213388,1780495520.218037,31
213389,1780495520.218039,32
213390,1780495520.2180412,32
213391,1780495520.2204401,33
213392,1780495520.2204428,32
213393,1780495520.220445,32
213394,1780495520.2204459,32
213395,1780495520.220447,32
213396,1780495520.220449,32
213397,1780495520.2204502,31
213398,1780495520.220451,33
213399,1780495520.220453,33
213400,1780495520.220454,32
213401,1780495520.220456,32
213402,1780495520.2229671,33
213403,1780495520.22297,32
213404,1780495520.222971,31
213405,1780495520.2229729,34
213406,1780495520.222974,33
213407,1780495520.222975,32
213408,1780495520.222977,32
213409,1780495520.222978,33
213410,1780495520.22298,32
213411,1780495520.222982,32
213412,1780495520.254476,32
213413,1780495520.2544808,33
213414,1780495520.254483,32
213415,1780495520.254485,32
213416,1780495520.254487,31
213417,1780495520.2544892,32
213418,1780495520.2544909,32
213419,1780495520.254493,32
213420,1780495520.254495,32
213421,1780495520.254496,32
213422,1780495520.254499,31
213423,1780495520.257979,32
213424,1780495520.257984,32
213425,1780495520.257986,32
213426,1780495520.2579882,31
213427,1780495520.25799,32
213428,1780495520.257992,33
213429,1780495520.257993,32
213430,1780495520.257995,31
213431,1780495520.257997,32
213432,1780495520.2579992,32
213433,1780495520.2580018,31
213434,1780495520.260552,33
213435,1780495520.260556,32
213436,1780495520.2605581,32
213437,1780495520.2605598,32
213438,1780495520.260562,33
213439,1780495520.2605639,31
213440,1780495520.260565,32
213441,1780495520.260567,32
213442,1780495520.260569,32
213443,1780495520.260572,32
213444,1780495520.290784,32
213445,1780495520.290792,30
213446,1780495520.290795,31
213447,1780495520.2907982,31
213448,1780495520.2908008,31
213449,1780495520.290804,30
213450,1780495520.290807,31
213451,1780495520.2908092,31
213452,1780495520.290812,32
213453,1780495520.290817,33
213454,1780495520.293438,32
213455,1780495520.295576,33
213456,1780495520.295594,33
213457,1780495520.295597,32
213458,1780495520.2956002,31
213459,1780495520.295603,31
213460,1780495520.295605,33
213461,1780495520.295608,31
213462,1780495520.2956128,33
213463,1780495520.295615,33
213464,1780495520.295617,31
213465,1780495520.2956212,32
213466,1780495520.297965,32
213467,1780495520.297975,32
213468,1780495520.2979782,32
213469,1780495520.2979798,32
213470,1780495520.297983,32
213471,1780495520.297985,31
213472,1780495520.2979882,31
213473,1780495520.297992,32
213474,1780495520.297994,32
213475,1780495520.297997,32
213476,1780495520.3009338,32
213477,1780495520.300941,34
213478,1780495520.3009439,31
213479,1780495520.300947,32
213480,1780495520.30095,32
213481,1780495520.3009531,33
213482,1780495520.300956,33
213483,1780495520.300961,32
213484,1780495520.300978,32
213485,1780495520.300981,32
213486,1780495520.3009841,33
213487,1780495520.346852,32
213488,1780495520.3468711,31
213489,1780495520.346876,33
213490,1780495520.346879,32
213491,1780495520.346882,34
213492,1780495520.3468852,34
213493,1780495520.3468878,32
213494,1780495520.346891,32
213495,1780495520.346894,31
213496,1780495520.346896,31
213497,1780495520.346901,32
213498,1780495520.349241,33
213499,1780495520.349257,32
213500,1780495520.34926,32
213501,1780495520.349262,30
213502,1780495520.3492649,32
213503,1780495520.349268,32
213504,1780495520.349277,36
213505,1780495520.34928,41
213506,1780495520.349283,45
213507,1780495520.349288,46
213508,1780495520.351722,50
213509,1780495520.351729,53
213510,1780495520.351732,53
213511,1780495520.351736,54
213512,1780495520.3517382,52
213513,1780495520.3517408,48
213514,1780495520.351743,50
213515,1780495520.351746,48
213516,1780495520.351748,48
213517,1780495520.35175,49
213518,1780495520.351753,47
213519,1780495520.354094,47
213520,1780495520.3541021,51
213521,1780495520.354105,50
213522,1780495520.3541079,55
213523,1780495520.354111,56
213524,1780495520.354113,59
213525,1780495520.3541172,63
213526,1780495520.3541188,67
213527,1780495520.354122,68
213528,1780495520.354124,74
213529,1780495520.3567371,75
213530,1780495520.356744,75
213531,1780495520.356747,73
213532,1780495520.35675,73
213533,1780495520.356752,72
213534,1780495520.356755,74
213535,1780495520.356758,73
213536,1780495520.356763,70
213537,1780495520.356768,71
213538,1780495520.356771,71
213539,1780495520.3567739,72
213540,1780495520.360914,76
213541,1780495520.36092,75
213542,1780495520.3609228,76
213543,1780495520.3609269,79
213544,1780495520.36093,82
213545,1780495520.360933,86
213546,1780495520.360936,89
213547,1780495520.360939,94
213548,1780495520.3609421,97
213549,1780495520.360966,96
213550,1780495520.366195,99
213551,1780495520.395782,99
213552,1780495520.3958058,97
213553,1780495520.395812,96
213554,1780495520.395815,95
213555,1780495520.395819,95
213556,1780495520.395822,93
213557,1780495520.395825,94
213558,1780495520.395828,91
213559,1780495520.395831,91
213560,1780495520.395835,93
213561,1780495520.398386,96
213562,1780495520.400505,96
213563,1780495520.4005198,100
213564,1780495520.400523,103
213565,1780495520.400526,102
213566,1780495520.400529,105
213567,1780495520.400532,108
213568,1780495520.400536,112
213569,1780495520.4005382,116
213570,1780495520.4005408,114
213571,1780495520.400544,114
213572,1780495520.4029708,112
213573,1780495520.402981,111
213574,1780495520.402984,111
213575,1780495520.402987,106
213576,1780495520.4029891,107
213577,1780495520.402991,106
213578,1780495520.402994,104
213579,1780495520.402996,103
213580,1780495520.402999,106
213581,1780495520.403001,107
213582,1780495520.403005,109
213583,1780495520.405644,111
213584,1780495520.405656,112
213585,1780495520.405659,114
213586,1780495520.4056609,116
213587,1780495520.405665,119
213588,1780495520.405668,126
213589,1780495520.40567,126
213590,1780495520.405673,126
213591,1780495520.405675,123
213592,1780495520.405678,122
213593,1780495520.405681,121
213594,1780495520.4357069,120
213595,1780495520.435714,117
213596,1780495520.4357162,117
213597,1780495520.435717,117
213598,1780495520.435719,115
213599,1780495520.435721,114
213600,1780495520.435723,114
213601,1780495520.435724,116
213602,1780495520.4357262,118
213603,1780495520.4357278,119
213604,1780495520.43573,119
213605,1780495520.439175,122
213606,1780495520.4391801,125
213607,1780495520.439182,127
213608,1780495520.439183,132
213609,1780495520.439185,132
213610,1780495520.439187,133
213611,1780495520.439188,131
213612,1780495520.439189,129
213613,1780495520.439191,127
213614,1780495520.439193,128
213615,1780495520.441709,126
213616,1780495520.4417129,122
213617,1780495520.4417138,122
213618,1780495520.441716,119
213619,1780495520.441717,119
213620,1780495520.441719,122
213621,1780495520.44172,123
213622,1780495520.4417222,122
213623,1780495520.4417229,121
213624,1780495520.441725,126
213625,1780495520.441727,129
213626,1780495520.445473,131
213627,1780495520.445475,133
213628,1780495520.445477,135
213629,1780495520.445479,137
213630,1780495520.4454799,137
213631,1780495520.445481,133
213632,1780495520.445483,132
213633,1780495520.445484,132
213634,1780495520.445485,132
213635,1780495520.445487,130
213636,1780495520.4756439,128
213637,1780495520.475647,127
213638,1780495520.475648,127
213639,1780495520.475649,126
213640,1780495520.47565,126
213641,1780495520.475651,129
213642,1780495520.475652,129
213643,1780495520.4756532,131
213644,1780495520.475654,132
213645,1780495520.4756548,132
213646,1780495520.475656,137
213647,1780495520.4791958,138
213648,1780495520.479198,143
213649,1780495520.479199,144
213650,1780495520.4792,142
213651,1780495520.479201,142
213652,1780495520.479202,142
213653,1780495520.479203,138
213654,1780495520.479203,136
213655,1780495520.4792042,136
213656,1780495520.4792051,135
213657,1780495520.4792058,136
213658,1780495520.482089,133
213659,1780495520.482091,133
213660,1780495520.4820921,132
213661,1780495520.482093,134
213662,1780495520.482093,131
213663,1780495520.482094,134
213664,1780495520.482101,139
213665,1780495520.482101,141
213666,1780495520.482102,143
213667,1780495520.482103,147
213668,1780495520.482105,150
213669,1780495520.496612,148
213670,1780495520.496615,150
213671,1780495520.496616,148
213672,1780495520.496617,148
213673,1780495520.496617,148
213674,1780495520.496618,146
213675,1780495520.496619,143
213676,1780495520.49662,141
213677,1780495520.4966211,141
213678,1780495520.496622,141
213679,1780495520.499258,143
213680,1780495520.49926,141
213681,1780495520.499261,142
213682,1780495520.4992619,143
213683,1780495520.499263,146
213684,1780495520.499263,147
213685,1780495520.499264,148
213686,1780495520.499265,150
213687,1780495520.4992661,154
213688,1780495520.4992661,157
213689,1780495520.5306509,159
213690,1780495520.530653,160
213691,1780495520.530654,157
213692,1780495520.530655,157
213693,1780495520.530656,155
213694,1780495520.530657,153
213695,1780495520.530658,152
213696,1780495520.530658,152
213697,1780495520.530659,149
213698,1780495520.5306602,147
213699,1780495520.530661,146
213700,1780495520.5342221,147
213701,1780495520.534223,151
213702,1780495520.5342238,149
213703,1780495520.534225,152
213704,1780495520.534226,153
213705,1780495520.534227,154
213706,1780495520.534227,159
213707,1780495520.534228,162
213708,1780495520.534229,164
213709,1780495520.53423,163
213710,1780495520.534231,163
213711,1780495520.5367382,163
213712,1780495520.5367439,160
213713,1780495520.536745,160
213714,1780495520.536745,156
213715,1780495520.536746,155
213716,1780495520.536747,156
213717,1780495520.536748,155
213718,1780495520.536748,151
213719,1780495520.5367491,152
213720,1780495520.53675,152
213721,1780495520.536751,153
213722,1780495520.566845,154
213723,1780495520.566847,153
213724,1780495520.566848,156
213725,1780495520.566849,155
213726,1780495520.56685,160
213727,1780495520.5668511,160
213728,1780495520.566852,163
213729,1780495520.566853,165
213730,1780495520.566853,163
213731,1780495520.566855,163
213732,1780495520.570979,163
213733,1780495520.570981,161
213734,1780495520.570982,160
213735,1780495520.570983,156
213736,1780495520.570984,155
213737,1780495520.570984,152
213738,1780495520.570985,152
213739,1780495520.570986,152
213740,1780495520.570987,151
213741,1780495520.570988,152
213742,1780495520.5709891,150
213743,1780495520.575443,153
213744,1780495520.575444,155
213745,1780495520.575445,158
213746,1780495520.5754461,160
213747,1780495520.575447,162
213748,1780495520.575447,164
213749,1780495520.575448,164
213750,1780495520.575449,162
213751,1780495520.5754502,162
213752,1780495520.5754502,160
213753,1780495520.5754519,160
213754,1780495520.577952,159
213755,1780495520.577954,155
213756,1780495520.5779588,154
213757,1780495520.5779588,151
213758,1780495520.57796,151
213759,1780495520.577961,152
213760,1780495520.577962,149
213761,1780495520.577963,152
213762,1780495520.577963,152
213763,1780495520.577964,151
213764,1780495520.640692,153
213765,1780495520.640694,153
213766,1780495520.640695,154
213767,1780495520.640697,159
213768,1780495520.6406982,163
213769,1780495520.640699,163
213770,1780495520.6407008,162
213771,1780495520.640702,160
213772,1780495520.640703,158
213773,1780495520.640705,157
213774,1780495520.643332,154
213775,1780495520.645366,153
213776,1780495520.645368,149
213777,1780495520.64537,151
213778,1780495520.645371,148
213779,1780495520.645372,147
213780,1780495520.645374,148
213781,1780495520.645375,148
213782,1780495520.645376,148
213783,1780495520.645377,148
213784,1780495520.645379,151
213785,1780495520.647052,154
213786,1780495520.649119,154
213787,1780495520.649122,153
213788,1780495520.649123,160
213789,1780495520.649125,160
213790,1780495520.6491258,160
213791,1780495520.649127,155
213792,1780495520.649129,156
213793,1780495520.6491299,154
213794,1780495520.649132,153
213795,1780495520.6491342,151
213796,1780495520.651781,151
213797,1780495520.651784,146
213798,1780495520.651786,144
213799,1780495520.651787,142
213800,1780495520.651788,144
213801,1780495520.6517901,144
213802,1780495520.651791,146
213803,1780495520.651793,145
213804,1780495520.651794,151
213805,1780495520.6517959,151
213806,1780495520.651798,154
213807,1780495520.654169,154
213808,1780495520.654172,155
213809,1780495520.6541739,158
213810,1780495520.654175,156
213811,1780495520.654177,156
213812,1780495520.6541781,154
213813,1780495520.654179,152
213814,1780495520.65418,148
213815,1780495520.654182,144
213816,1780495520.654183,146
213817,1780495520.654185,146
213818,1780495520.656624,142
213819,1780495520.656627,143
213820,1780495520.656629,142
213821,1780495520.65663,145
213822,1780495520.656632,143
213823,1780495520.6566331,146
213824,1780495520.656634,146
213825,1780495520.656636,146
213826,1780495520.656637,148
213827,1780495520.6566389,152
213828,1780495520.659141,154
213829,1780495520.659144,156
213830,1780495520.6591449,157
213831,1780495520.659146,157
213832,1780495520.659148,152
213833,1780495520.6591492,151
213834,1780495520.6591501,149
213835,1780495520.6591518,146
213836,1780495520.659153,146
213837,1780495520.659155,143
213838,1780495520.6608782,144
213839,1780495520.6655061,139
213840,1780495520.665508,141
213841,1780495520.66551,140
213842,1780495520.665511,143
213843,1780495520.6655118,146
213844,1780495520.665514,146
213845,1780495520.665515,148
213846,1780495520.6655161,150
213847,1780495520.665518,153
213848,1780495520.665519,155
213849,1780495520.665521,156
213850,1780495520.669274,154
213851,1780495520.669277,154
213852,1780495520.6692789,152
213853,1780495520.66928,149
213854,1780495520.669282,153
213855,1780495520.6692832,145
213856,1780495520.669285,145
213857,1780495520.669287,143
213858,1780495520.6692889,141
213859,1780495520.669291,141
213860,1780495520.699478,142
213861,1780495520.6994848,142
213862,1780495520.699488,142
213863,1780495520.69949,143
213864,1780495520.699492,147
213865,1780495520.6994932,147
213866,1780495520.6994948,150
213867,1780495520.699497,151
213868,1780495520.699499,154
213869,1780495520.699501,157
213870,1780495520.6995041,157
213871,1780495520.702967,151
213872,1780495520.702971,153
213873,1780495520.7029738,150
213874,1780495520.702975,150
213875,1780495520.702977,148
213876,1780495520.702979,146
213877,1780495520.7029812,145
213878,1780495520.702983,142
213879,1780495520.702985,142
213880,1780495520.702987,142
213881,1780495520.70299,143
213882,1780495520.7053308,144
213883,1780495520.7053351,145
213884,1780495520.705337,148
213885,1780495520.705339,151
213886,1780495520.7053409,148
213887,1780495520.705343,151
213888,1780495520.705345,156
213889,1780495520.705347,157
213890,1780495520.705348,154
213891,1780495520.7053509,155
213892,1780495520.754672,153
213893,1780495520.7547038,151
213894,1780495520.75471,149
213895,1780495520.754716,146
213896,1780495520.75472,145
213897,1780495520.754724,144
213898,1780495520.7547278,143
213899,1780495520.754735,141
213900,1780495520.754739,140
213901,1780495520.754743,141
213902,1780495520.754751,144
213903,1780495520.758063,144
213904,1780495520.758079,146
213905,1780495520.758084,147
213906,1780495520.7580879,150
213907,1780495520.758092,154
213908,1780495520.758095,155
213909,1780495520.7581,157
213910,1780495520.7581031,155
213911,1780495520.758107,156
213912,1780495520.75811,155
213913,1780495520.760484,153
213914,1780495520.760494,151
213915,1780495520.7604978,147
213916,1780495520.760502,144
213917,1780495520.7605052,147
213918,1780495520.760509,142
213919,1780495520.760512,142
213920,1780495520.7605171,141
213921,1780495520.7605581,141
213922,1780495520.7605639,143
213923,1780495520.7605681,146
213924,1780495520.763026,147
213925,1780495520.763036,146
213926,1780495520.7630389,150
213927,1780495520.763041,152
213928,1780495520.763044,153
213929,1780495520.7630458,153
213930,1780495520.763049,156
213931,1780495520.763052,154
213932,1780495520.7630541,153
213933,1780495520.763056,148
213934,1780495520.7630599,149
213935,1780495520.7653902,145
213936,1780495520.7653959,147
213937,1780495520.765399,145
213938,1780495520.765402,142
213939,1780495520.765404,142
213940,1780495520.765406,143
213941,1780495520.765409,144
213942,1780495520.7654111,145
213943,1780495520.765413,144
213944,1780495520.765416,145
213945,1780495520.765419,148
213946,1780495520.767841,152
213947,1780495520.7678452,152
213948,1780495520.767848,156
213949,1780495520.76785,156
213950,1780495520.767852,156
213951,1780495520.7678552,155
213952,1780495520.767859,155
213953,1780495520.767861,151
213954,1780495520.767864,149
213955,1780495520.7678678,148
213956,1780495520.776914,147
213957,1780495520.776931,146
213958,1780495520.776936,144
213959,1780495520.77694,143
213960,1780495520.7769442,142
213961,1780495520.776948,143
213962,1780495520.776952,143
213963,1780495520.776955,146
213964,1780495520.776961,149
213965,1780495520.7769651,151
213966,1780495520.77697,151
213967,1780495520.80729,155
213968,1780495520.807342,156
213969,1780495520.80735,158
213970,1780495520.8073559,157
213971,1780495520.8073652,155
213972,1780495520.807371,152
213973,1780495520.807376,152
213974,1780495520.807382,148
213975,1780495520.8073862,152
213976,1780495520.807391,149
213977,1780495520.807403,147
213978,1780495520.811007,147
213979,1780495520.8110201,146
213980,1780495520.811024,147
213981,1780495520.811027,146
213982,1780495520.81103,148
213983,1780495520.811033,148
213984,1780495520.811039,152
213985,1780495520.811043,155
213986,1780495520.811046,155
213987,1780495520.81105,157
213988,1780495520.815584,159
213989,1780495520.815597,162
213990,1780495520.8156002,160
213991,1780495520.815603,163
213992,1780495520.815605,159
213993,1780495520.815608,159
213994,1780495520.815611,156
213995,1780495520.815614,155
213996,1780495520.815616,155
213997,1780495520.8156202,153
213998,1780495520.8156228,152
213999,1780495520.819254,150
214000,1780495520.819262,151
214001,1780495520.819267,150
214002,1780495520.81927,152
214003,1780495520.819273,153
214004,1780495520.819275,153
214005,1780495520.819277,155
214006,1780495520.81928,155
214007,1780495520.8192818,159
214008,1780495520.819285,163
214009,1780495520.848892,164
214010,1780495520.85164,164
214011,1780495520.8516438,162
214012,1780495520.851646,160
214013,1780495520.851648,157
214014,1780495520.851649,159
214015,1780495520.851651,160
214016,1780495520.851653,156
214017,1780495520.851655,155
214018,1780495520.851657,151
214019,1780495520.85166,153
214020,1780495520.854184,153
214021,1780495520.8541892,152
214022,1780495520.854191,155
214023,1780495520.854193,158
214024,1780495520.8541949,157
214025,1780495520.854197,162
214026,1780495520.8542001,164
214027,1780495520.854202,165
214028,1780495520.854204,168
214029,1780495520.8542058,171
214030,1780495520.854209,168
214031,1780495520.856718,168
214032,1780495520.8567219,165
214033,1780495520.856725,166
214034,1780495520.8567271,164
214035,1780495520.856729,161
214036,1780495520.856731,160
214037,1780495520.8567328,162
214038,1780495520.856734,157
214039,1780495520.8567371,157
214040,1780495520.856739,158
214041,1780495520.8567412,160
214042,1780495520.8867662,161
214043,1780495520.8867688,162
214044,1780495520.88677,165
214045,1780495520.886771,165
214046,1780495520.886772,170
214047,1780495520.886773,168
214048,1780495520.886775,175
214049,1780495520.886776,175
214050,1780495520.8867772,173
214051,1780495520.8867788,173
214052,1780495520.890399,173
214053,1780495520.8904011,170
214054,1780495520.890402,168
214055,1780495520.890403,167
214056,1780495520.890404,166
214057,1780495520.8904052,164
214058,1780495520.890406,164
214059,1780495520.8904068,162
214060,1780495520.890408,164
214061,1780495520.890409,164
214062,1780495520.89041,165
214063,1780495520.8928661,165
214064,1780495520.8928692,170
214065,1780495520.89287,169
214066,1780495520.892871,175
214067,1780495520.8928719,177
214068,1780495520.892873,178
214069,1780495520.892874,181
214070,1780495520.892875,180
214071,1780495520.8928761,181
214072,1780495520.892877,179
214073,1780495520.895508,174
214074,1780495520.8955112,176
214075,1780495520.895512,172
214076,1780495520.895513,172
214077,1780495520.895514,173
214078,1780495520.895515,170
214079,1780495520.895516,172
214080,1780495520.8955169,171
214081,1780495520.895518,170
214082,1780495520.895519,173
214083,1780495520.89552,173
214084,1780495520.951933,174
214085,1780495520.951937,176
214086,1780495520.9519382,181
214087,1780495520.951939,183
214088,1780495520.951939,184
214089,1780495520.95194,186
214090,1780495520.951941,186
214091,1780495520.951942,186
214092,1780495520.951943,184
214093,1780495520.951943,182
214094,1780495520.951945,183
214095,1780495520.9553869,180
214096,1780495520.955389,180
214097,1780495520.95539,175
214098,1780495520.955391,177
214099,1780495520.955392,175
214100,1780495520.955393,176
214101,1780495520.955393,178
214102,1780495520.955394,180
214103,1780495520.955395,183
214104,1780495520.9553962,182
214105,1780495520.9553971,185
214106,1780495520.957856,186
214107,1780495520.957858,191
214108,1780495520.957859,190
214109,1780495520.95786,193
214110,1780495520.95786,192
214111,1780495520.9578612,193
214112,1780495520.957862,192
214113,1780495520.9578629,192
214114,1780495520.957864,189
214115,1780495520.957865,187
214116,1780495520.9608629,186
214117,1780495520.960865,185
214118,1780495520.960866,184
214119,1780495520.9608672,182
214120,1780495520.9608672,183
214121,1780495520.9608681,186
214122,1780495520.960869,187
214123,1780495520.9608698,187
214124,1780495520.960871,191
214125,1780495520.960871,194
214126,1780495520.960873,194
214127,1780495520.9766881,194
214128,1780495520.9766898,197
214129,1780495520.976691,203
214130,1780495520.976692,201
214131,1780495520.976693,196
214132,1780495520.976694,197
214133,1780495520.976694,198
214134,1780495520.976695,200
214135,1780495520.976696,194
214136,1780495520.9766972,194
214137,1780495520.9766982,195
214138,1780495520.9790561,194
214139,1780495520.979058,192
214140,1780495520.979059,194
214141,1780495520.97906,192
214142,1780495520.979061,195
214143,1780495520.979061,195
214144,1780495520.979062,197
214145,1780495520.979063,200
214146,1780495520.979064,206
214147,1780495520.9790652,202
214148,1780495520.9816902,208
214149,1780495520.9816918,211
214150,1780495520.981693,209
214151,1780495520.981694,209
214152,1780495520.981695,207
214153,1780495520.981696,205
214154,1780495520.981697,202
214155,1780495520.981697,204
214156,1780495520.981698,203
214157,1780495520.981699,199
214158,1780495520.9817002,199
214159,1780495520.984273,197
214160,1780495520.9842749,199
214161,1780495520.984277,199
214162,1780495520.984277,203
214163,1780495520.984278,204
214164,1780495520.9842792,204
214165,1780495520.98428,206
214166,1780495520.98428,210
214167,1780495520.984281,211
214168,1780495520.984282,215
214169,1780495520.984283,215
214170,1780495521.0143628,215
214171,1780495521.014365,220
214172,1780495521.014366,215
214173,1780495521.0143669,212
214174,1780495521.014368,211
214175,1780495521.014369,211
214176,1780495521.01437,210
214177,1780495521.0143712,210
214178,1780495521.0143712,206
214179,1780495521.014373,206
214180,1780495521.018029,207
214181,1780495521.0180311,208
214182,1780495521.018032,209
214183,1780495521.0180328,210
214184,1780495521.018034,211
214185,1780495521.018034,214
214186,1780495521.018035,217
214187,1780495521.018036,218
214188,1780495521.018037,223
214189,1780495521.018038,226
214190,1780495521.018039,225
214191,1780495521.020939,224
214192,1780495521.020941,221
214193,1780495521.020947,220
214194,1780495521.020947,219
214195,1780495521.020948,218
214196,1780495521.020949,216
214197,1780495521.02095,216
214198,1780495521.020951,211
214199,1780495521.020952,212
214200,1780495521.020952,212
214201,1780495521.0209541,214
214202,1780495521.0255191,217
214203,1780495521.0255208,216
214204,1780495521.025522,219
214205,1780495521.025523,226
214206,1780495521.025524,226
214207,1780495521.025525,224
214208,1780495521.025526,228
214209,1780495521.025526,230
214210,1780495521.025527,229
214211,1780495521.025534,228
214212,1780495521.055691,225
214213,1780495521.0556931,225
214214,1780495521.055694,222
214215,1780495521.055695,221
214216,1780495521.0556958,221
214217,1780495521.055697,217
214218,1780495521.0556989,219
214219,1780495521.0557,220
214220,1780495521.055701,218
214221,1780495521.055702,218
214222,1780495521.058382,222
214223,1780495521.0604842,224
214224,1780495521.0604868,224
214225,1780495521.060488,223
214226,1780495521.060489,229
214227,1780495521.06049,229
214228,1780495521.060491,234
214229,1780495521.060492,234
214230,1780495521.060493,233
214231,1780495521.0604942,236
214232,1780495521.0604951,235
214233,1780495521.0604968,228
214234,1780495521.0628889,229
214235,1780495521.062891,229
214236,1780495521.062892,226
214237,1780495521.0628932,224
214238,1780495521.062894,222
214239,1780495521.0628989,223
214240,1780495521.0629,221
214241,1780495521.062901,222
214242,1780495521.062902,222
214243,1780495521.062903,227
214244,1780495521.065536,228
214245,1780495521.065538,229
214246,1780495521.06554,229
214247,1780495521.065541,231
214248,1780495521.065542,234
214249,1780495521.065543,234
214250,1780495521.065544,235
214251,1780495521.065546,236
214252,1780495521.065547,233
214253,1780495521.065548,230
214254,1780495521.06555,230
214255,1780495521.095736,229
214256,1780495521.095739,227
214257,1780495521.095741,229
214258,1780495521.095742,227
214259,1780495521.095744,223
214260,1780495521.095745,225
214261,1780495521.095747,227
214262,1780495521.0957482,227
214263,1780495521.0957491,229
214264,1780495521.0957508,230
214265,1780495521.095753,230
214266,1780495521.099103,235
214267,1780495521.099106,235
214268,1780495521.099108,239
214269,1780495521.09911,241
214270,1780495521.0991108,243
214271,1780495521.099113,241
214272,1780495521.099114,240
214273,1780495521.099116,238
214274,1780495521.099117,237
214275,1780495521.0991201,233
214276,1780495521.1017349,231
214277,1780495521.101738,232
214278,1780495521.1017401,230
214279,1780495521.101741,229
214280,1780495521.1017432,230
214281,1780495521.1017442,231
214282,1780495521.1017458,231
214283,1780495521.101747,230
214284,1780495521.101749,234
214285,1780495521.101751,234
214286,1780495521.101753,240
214287,1780495521.1155672,244
214288,1780495521.115571,245
214289,1780495521.115572,246
214290,1780495521.1155741,246
214291,1780495521.115576,246
214292,1780495521.1155782,242
214293,1780495521.1155798,244
214294,1780495521.115581,244
214295,1780495521.115583,239
214296,1780495521.115585,240
214297,1780495521.1155882,239
214298,1780495521.1193001,236
214299,1780495521.119304,234
214300,1780495521.119306,238
214301,1780495521.119308,235
214302,1780495521.1193101,238
214303,1780495521.1193118,241
214304,1780495521.119314,239
214305,1780495521.119315,239
214306,1780495521.119317,242
214307,1780495521.1193202,248
214308,1780495521.149421,250
214309,1780495521.149427,253
214310,1780495521.149429,250
214311,1780495521.1494322,249
214312,1780495521.149434,246
214313,1780495521.149436,248
214314,1780495521.149438,249
214315,1780495521.14944,245
214316,1780495521.1494431,245
214317,1780495521.149445,244
214318,1780495521.149448,240
214319,1780495521.153007,239
214320,1780495521.153013,241
214321,1780495521.153016,242
214322,1780495521.153018,242
214323,1780495521.15302,244
214324,1780495521.153022,249
214325,1780495521.153024,252
214326,1780495521.153027,250
214327,1780495521.1530292,251
214328,1780495521.1530309,256
214329,1780495521.153035,258
214330,1780495521.155926,258
214331,1780495521.155932,254
214332,1780495521.155936,254
214333,1780495521.155939,252
214334,1780495521.155942,251
214335,1780495521.155945,249
214336,1780495521.155949,249
214337,1780495521.155951,248
214338,1780495521.1559548,246
214339,1780495521.1559591,245
214340,1780495521.1630878,245
214341,1780495521.163105,249
214342,1780495521.163109,246
214343,1780495521.163111,250
214344,1780495521.163114,252
214345,1780495521.163116,253
214346,1780495521.163119,254
214347,1780495521.163121,258
214348,1780495521.163124,259
214349,1780495521.163126,261
214350,1780495521.163129,262
214351,1780495521.19355,261
214352,1780495521.193578,260
214353,1780495521.193585,260
214354,1780495521.193591,258
214355,1780495521.1935968,256
214356,1780495521.193603,254
214357,1780495521.1936069,252
214358,1780495521.193613,252
214359,1780495521.193619,249
214360,1780495521.193625,249
214361,1780495521.19363,251
214362,1780495521.193643,250
214363,1780495521.1967008,254
214364,1780495521.196714,254
214365,1780495521.196717,257
214366,1780495521.1967201,260
214367,1780495521.196723,260
214368,1780495521.196726,266
214369,1780495521.1967301,266
214370,1780495521.196733,265
214371,1780495521.196736,267
214372,1780495521.199289,266
214373,1780495521.1992981,259
214374,1780495521.199301,261
214375,1780495521.199303,259
214376,1780495521.199306,256
214377,1780495521.199309,255
214378,1780495521.199313,252
214379,1780495521.1993148,252
214380,1780495521.199318,254
214381,1780495521.19932,254
214382,1780495521.199324,253
214383,1780495521.205645,255
214384,1780495521.205659,257
214385,1780495521.205664,257
214386,1780495521.205666,259
214387,1780495521.2056699,265
214388,1780495521.205673,268
214389,1780495521.2056751,268
214390,1780495521.205677,267
214391,1780495521.2056808,267
214392,1780495521.205683,267
214393,1780495521.205687,264
214394,1780495521.244513,262
214395,1780495521.244535,260
214396,1780495521.2445388,262
214397,1780495521.244542,259
214398,1780495521.244544,258
214399,1780495521.2445471,253
214400,1780495521.244565,255
214401,1780495521.2445672,252
214402,1780495521.24457,254
214403,1780495521.244574,256
214404,1780495521.2504902,260
214405,1780495521.2505028,259
214406,1780495521.250506,262
214407,1780495521.250508,267
214408,1780495521.25051,268
214409,1780495521.250512,268
214410,1780495521.250515,270
214411,1780495521.250517,272
214412,1780495521.25052,268
214413,1780495521.2505221,266
214414,1780495521.250525,262
214415,1780495521.253001,261
214416,1780495521.253006,263
214417,1780495521.2530088,259
214418,1780495521.253012,255
214419,1780495521.253014,254
214420,1780495521.253016,257
214421,1780495521.2530189,260
214422,1780495521.253021,260
214423,1780495521.253023,259
214424,1780495521.253027,261
214425,1780495521.2530298,261
214426,1780495521.253033,264
214427,1780495521.255428,265
214428,1780495521.2554471,268
214429,1780495521.255452,271
214430,1780495521.255456,271
214431,1780495521.255459,269
214432,1780495521.2554681,268
214433,1780495521.2554722,265
214434,1780495521.255476,266
214435,1780495521.25548,260
214436,1780495521.258233,258
214437,1780495521.258244,261
214438,1780495521.2582479,257
214439,1780495521.2582521,254
214440,1780495521.258256,257
214441,1780495521.258259,259
214442,1780495521.258261,258
214443,1780495521.258264,261
214444,1780495521.258267,260
214445,1780495521.25827,260
214446,1780495521.258274,265
214447,1780495521.2944589,266
214448,1780495521.294467,267
214449,1780495521.2944698,267
214450,1780495521.294472,267
214451,1780495521.294474,267
214452,1780495521.294476,268
214453,1780495521.2944782,265
214454,1780495521.2944798,259
214455,1780495521.294482,263
214456,1780495521.294484,259
214457,1780495521.2944891,257
214458,1780495521.29793,255
214459,1780495521.297934,254
214460,1780495521.297936,257
214461,1780495521.2979379,255
214462,1780495521.29794,259
214463,1780495521.297941,256
214464,1780495521.297943,258
214465,1780495521.297945,259
214466,1780495521.297947,264
214467,1780495521.29795,265
214468,1780495521.300481,266
214469,1780495521.3004851,268
214470,1780495521.3004868,267
214471,1780495521.300488,267
214472,1780495521.30049,263
214473,1780495521.300492,262
214474,1780495521.300493,259
214475,1780495521.3004951,261
214476,1780495521.3004968,258
214477,1780495521.300498,253
214478,1780495521.300501,252
214479,1780495521.302853,253
214480,1780495521.302856,254
214481,1780495521.302857,250
214482,1780495521.302859,254
214483,1780495521.302861,253
214484,1780495521.3028622,254
214485,1780495521.3028638,258
214486,1780495521.302866,259
214487,1780495521.302868,259
214488,1780495521.30287,264
214489,1780495521.3046541,266
214490,1780495521.335799,266
214491,1780495521.335802,261
214492,1780495521.3358028,259
214493,1780495521.335804,259
214494,1780495521.335805,260
214495,1780495521.335806,255
214496,1780495521.335807,251
214497,1780495521.335808,252
214498,1780495521.335809,251
214499,1780495521.33581,249
214500,1780495521.340375,249
214501,1780495521.3403761,251
214502,1780495521.340377,248
214503,1780495521.340378,253
214504,1780495521.3403788,255
214505,1780495521.34038,255
214506,1780495521.340381,258
214507,1780495521.3403819,256
214508,1780495521.3403819,260
214509,1780495521.340383,262
214510,1780495521.340385,260
214511,1780495521.342918,262
214512,1780495521.342921,259
214513,1780495521.342922,257
214514,1780495521.342923,255
214515,1780495521.342924,254
214516,1780495521.342925,249
214517,1780495521.342926,250
214518,1780495521.342926,249
214519,1780495521.3429272,247
214520,1780495521.342928,245
214521,1780495521.342929,248
214522,1780495521.345461,247
214523,1780495521.345463,248
214524,1780495521.345464,251
214525,1780495521.3454652,252
214526,1780495521.3454652,252
214527,1780495521.3454661,256
214528,1780495521.3454669,256
214529,1780495521.3454678,260
214530,1780495521.345469,257
214531,1780495521.34547,257
214532,1780495521.375665,255
214533,1780495521.3756669,252
214534,1780495521.375668,252
214535,1780495521.375669,252
214536,1780495521.37567,247
214537,1780495521.3756711,247
214538,1780495521.375672,247
214539,1780495521.375672,246
214540,1780495521.375673,245
214541,1780495521.375674,243
214542,1780495521.375675,243
214543,1780495521.3791301,247
214544,1780495521.3791318,249
214545,1780495521.379133,251
214546,1780495521.379133,252
214547,1780495521.379134,257
214548,1780495521.379135,257
214549,1780495521.379136,262
214550,1780495521.379137,262
214551,1780495521.379143,261
214552,1780495521.379144,257
214553,1780495521.379146,255
214554,1780495521.382122,254
214555,1780495521.382124,251
214556,1780495521.382124,249
214557,1780495521.3821251,247
214558,1780495521.382126,248
214559,1780495521.382127,243
214560,1780495521.3821282,246
214561,1780495521.3821282,247
214562,1780495521.382129,248
214563,1780495521.3821309,250
214564,1780495521.385474,251
214565,1780495521.3854752,249
214566,1780495521.385476,251
214567,1780495521.385477,254
214568,1780495521.3854778,254
214569,1780495521.385479,257
214570,1780495521.38548,257
214571,1780495521.3854809,257
214572,1780495521.3854809,254
214573,1780495521.385482,253
214574,1780495521.385484,250
214575,1780495521.4181252,247
214576,1780495521.418129,246
214577,1780495521.41813,244
214578,1780495521.41813,245
214579,1780495521.418132,241
214580,1780495521.418132,244
214581,1780495521.418133,242
214582,1780495521.418134,246
214583,1780495521.418135,244
214584,1780495521.4181361,245
214585,1780495521.418137,249
214586,1780495521.4216378,247
214587,1780495521.42164,252
214588,1780495521.4216409,253
214589,1780495521.4216409,255
214590,1780495521.421642,252
214591,1780495521.421643,254
214592,1780495521.421644,254
214593,1780495521.4216452,252
214594,1780495521.421646,250
214595,1780495521.421647,245
214596,1780495521.424153,244
214597,1780495521.424155,243
214598,1780495521.424156,241
214599,1780495521.424156,241
214600,1780495521.424157,241
214601,1780495521.4241579,238
214602,1780495521.424159,240
214603,1780495521.42416,240
214604,1780495521.42416,240
214605,1780495521.424161,243
214606,1780495521.4241621,247
214607,1780495521.42709,250
214608,1780495521.427092,250
214609,1780495521.427093,251
214610,1780495521.427094,251
214611,1780495521.427095,246
214612,1780495521.427095,248
214613,1780495521.4270961,246
214614,1780495521.427097,243
214615,1780495521.427098,238
214616,1780495521.427099,240
214617,1780495521.4271,238
214618,1780495521.463125,236
214619,1780495521.463129,235
214620,1780495521.46313,234
214621,1780495521.463131,236
214622,1780495521.463132,236
214623,1780495521.4631329,238
214624,1780495521.463134,238
214625,1780495521.463135,241
214626,1780495521.463135,243
214627,1780495521.463137,245
214628,1780495521.466738,249
214629,1780495521.466741,248
214630,1780495521.466742,247
214631,1780495521.466743,251
214632,1780495521.466744,246
214633,1780495521.4667451,239
214634,1780495521.466746,240
214635,1780495521.4667468,239
214636,1780495521.466748,238
214637,1780495521.466749,235
214638,1780495521.46675,232
214639,1780495521.469171,231
214640,1780495521.469173,230
214641,1780495521.469175,231
214642,1780495521.469176,233
214643,1780495521.469177,231
214644,1780495521.4691782,234
214645,1780495521.4691782,238
214646,1780495521.469179,234
214647,1780495521.4691799,239
214648,1780495521.4691808,244
214649,1780495521.469182,243
214650,1780495521.4721222,245
214651,1780495521.472123,241
214652,1780495521.4721239,242
214653,1780495521.472136,239
214654,1780495521.472137,234
214655,1780495521.472138,232
214656,1780495521.4721391,229
214657,1780495521.47214,233
214658,1780495521.47214,229
214659,1780495521.472142,228
214660,1780495521.504558,226
214661,1780495521.504561,224
214662,1780495521.504562,227
214663,1780495521.504564,227
214664,1780495521.504565,226
214665,1780495521.504566,229
214666,1780495521.504568,232
214667,1780495521.504569,234
214668,1780495521.50457,237
214669,1780495521.504571,237
214670,1780495521.5045729,234
214671,1780495521.507888,239
214672,1780495521.50789,235
214673,1780495521.507891,231
214674,1780495521.507893,230
214675,1780495521.507894,229
214676,1780495521.507896,229
214677,1780495521.5078971,228
214678,1780495521.5078988,222
214679,1780495521.5079,221
214680,1780495521.507901,221
214681,1780495521.510371,222
214682,1780495521.5103738,224
214683,1780495521.510375,226
214684,1780495521.510376,225
214685,1780495521.510378,226
214686,1780495521.510379,230
214687,1780495521.51038,230
214688,1780495521.5103822,231
214689,1780495521.5103831,233
214690,1780495521.510384,233
214691,1780495521.510386,232
214692,1780495521.512908,230
214693,1780495521.512911,229
214694,1780495521.5129118,229
214695,1780495521.512914,223
214696,1780495521.512915,223
214697,1780495521.5129158,222
214698,1780495521.512917,222
214699,1780495521.512922,219
214700,1780495521.5129228,219
214701,1780495521.512925,219
214702,1780495521.514699,213
214703,1780495521.555734,219
214704,1780495521.5557382,220
214705,1780495521.5557399,224
214706,1780495521.555742,225
214707,1780495521.555744,226
214708,1780495521.555746,228
214709,1780495521.555748,229
214710,1780495521.55575,228
214711,1780495521.555752,229
214712,1780495521.555753,229
214713,1780495521.555756,228
214714,1780495521.559121,224
214715,1780495521.559124,223
214716,1780495521.559126,221
214717,1780495521.559131,220
214718,1780495521.5591328,218
214719,1780495521.559135,219
214720,1780495521.559137,217
214721,1780495521.559139,217
214722,1780495521.5591412,220
214723,1780495521.5591428,220
214724,1780495521.562088,222
214725,1780495521.562092,223
214726,1780495521.562094,225
214727,1780495521.562096,225
214728,1780495521.562098,229
214729,1780495521.562099,229
214730,1780495521.562101,228
214731,1780495521.562103,228
214732,1780495521.5621052,228
214733,1780495521.5621061,227
214734,1780495521.562109,225
214735,1780495521.565484,220
214736,1780495521.565488,219
214737,1780495521.56549,220
214738,1780495521.565492,217
214739,1780495521.565494,214
214740,1780495521.565496,217
214741,1780495521.565498,215
214742,1780495521.5655,214
214743,1780495521.565501,215
214744,1780495521.565503,216
214745,1780495521.565506,217
214746,1780495521.568026,219
214747,1780495521.5680299,220
214748,1780495521.568032,223
214749,1780495521.568034,225
214750,1780495521.5680351,225
214751,1780495521.568037,223
214752,1780495521.568039,220
214753,1780495521.5680408,216
214754,1780495521.568043,215
214755,1780495521.568046,212
214756,1780495521.598264,213
214757,1780495521.598271,209
214758,1780495521.5982752,207
214759,1780495521.5982778,205
214760,1780495521.598281,202
214761,1780495521.598284,205
214762,1780495521.598287,201
214763,1780495521.598289,204
214764,1780495521.5982919,205
214765,1780495521.598295,206
214766,1780495521.598298,205
214767,1780495521.598302,207
214768,1780495521.60164,208
214769,1780495521.6016471,212
214770,1780495521.60165,211
214771,1780495521.601653,206
214772,1780495521.601656,206
214773,1780495521.6016588,203
214774,1780495521.601662,198
214775,1780495521.601664,196
214776,1780495521.6016672,196
214777,1780495521.601671,191
214778,1780495521.6043708,191
214779,1780495521.60439,186
214780,1780495521.604397,185
214781,1780495521.6044002,186
214782,1780495521.604403,185
214783,1780495521.604409,186
214784,1780495521.604414,186
214785,1780495521.604417,185
214786,1780495521.604419,186
214787,1780495521.604427,187
214788,1780495521.610396,189
214789,1780495521.6104052,188
214790,1780495521.610409,184
214791,1780495521.610413,186
214792,1780495521.610417,184
214793,1780495521.610421,181
214794,1780495521.610427,177
214795,1780495521.610431,175
214796,1780495521.6104362,169
214797,1780495521.610441,167
214798,1780495521.612171,167
214799,1780495521.6445189,163
214800,1780495521.6445382,162
214801,1780495521.644542,161
214802,1780495521.644544,161
214803,1780495521.6445482,160
214804,1780495521.644552,164
214805,1780495521.644555,160
214806,1780495521.644557,163
214807,1780495521.6445599,165
214808,1780495521.644562,165
214809,1780495521.644568,165
214810,1780495521.647914,165
214811,1780495521.647926,164
214812,1780495521.6479292,161
214813,1780495521.6479318,159
214814,1780495521.6479669,155
214815,1780495521.6479712,153
214816,1780495521.647976,148
214817,1780495521.64798,144
214818,1780495521.647984,141
214819,1780495521.647989,139
214820,1780495521.6508522,136
214821,1780495521.6508648,135
214822,1780495521.650868,133
214823,1780495521.650871,134
214824,1780495521.6508732,137
214825,1780495521.6508758,133
214826,1780495521.650878,134
214827,1780495521.650881,136
214828,1780495521.650883,134
214829,1780495521.6508858,138
214830,1780495521.650893,136
214831,1780495521.655488,133
214832,1780495521.655495,132
214833,1780495521.655498,126
214834,1780495521.6555011,121
214835,1780495521.655504,116
214836,1780495521.6555068,111
214837,1780495521.6555111,106
214838,1780495521.655515,105
214839,1780495521.655518,102
214840,1780495521.655521,99
214841,1780495521.6555252,96
214842,1780495521.664277,98
214843,1780495521.664288,96
214844,1780495521.6642911,95
214845,1780495521.664293,95
214846,1780495521.664296,94
214847,1780495521.664299,94
214848,1780495521.664302,94
214849,1780495521.664304,97
214850,1780495521.6643069,94
214851,1780495521.664311,92
214852,1780495521.696178,86
214853,1780495521.696207,82
214854,1780495521.6962109,81
214855,1780495521.696214,75
214856,1780495521.696218,71
214857,1780495521.6962209,68
214858,1780495521.696224,66
214859,1780495521.696227,63
214860,1780495521.696231,61
214861,1780495521.696234,59
214862,1780495521.696239,59
214863,1780495521.700499,57
214864,1780495521.7005088,61
214865,1780495521.700512,61
214866,1780495521.700515,60
214867,1780495521.700518,61
214868,1780495521.70052,63
214869,1780495521.700523,66
214870,1780495521.700526,63
214871,1780495521.7005289,62
214872,1780495521.700531,59
214873,1780495521.700535,54
214874,1780495521.702997,51
214875,1780495521.703011,48
214876,1780495521.7030149,46
214877,1780495521.70302,43
214878,1780495521.7030232,39
214879,1780495521.703028,36
214880,1780495521.703032,35
214881,1780495521.7030358,34
214882,1780495521.70304,35
214883,1780495521.7030451,35
214884,1780495521.705463,33
214885,1780495521.705468,33
214886,1780495521.705471,36
214887,1780495521.7054741,35
214888,1780495521.7054772,36
214889,1780495521.705481,35
214890,1780495521.705485,33
214891,1780495521.705488,32
214892,1780495521.7054908,31
214893,1780495521.705493,32
214894,1780495521.705496,33
214895,1780495521.735754,32
214896,1780495521.735762,33
214897,1780495521.735764,32
214898,1780495521.735766,32
214899,1780495521.735768,33
214900,1780495521.7357702,32
214901,1780495521.735772,31
214902,1780495521.735774,31
214903,1780495521.735776,31
214904,1780495521.7357771,33
214905,1780495521.7357812,33
214906,1780495521.739139,33
214907,1780495521.7391438,32
214908,1780495521.739146,32
214909,1780495521.739147,32
214910,1780495521.739149,32
214911,1780495521.739151,31
214912,1780495521.739153,32
214913,1780495521.739155,32
214914,1780495521.739156,33
214915,1780495521.739159,31
214916,1780495521.742042,32
214917,1780495521.7420459,33
214918,1780495521.742047,33
214919,1780495521.742049,32
214920,1780495521.7420511,31
214921,1780495521.742053,31
214922,1780495521.742054,31
214923,1780495521.742056,33
214924,1780495521.742058,33
214925,1780495521.742059,32
214926,1780495521.742062,32
214927,1780495521.746763,31
214928,1780495521.746766,33
214929,1780495521.746794,32
214930,1780495521.7467961,32
214931,1780495521.746797,32
214932,1780495521.746798,31
214933,1780495521.7468002,32
214934,1780495521.746801,32
214935,1780495521.7468019,32
214936,1780495521.746804,32
214937,1780495521.746806,32
214938,1780495521.776818,33
214939,1780495521.776821,32
214940,1780495521.776822,32
214941,1780495521.776824,33
214942,1780495521.776824,32
214943,1780495521.7768252,32
214944,1780495521.7768261,32
214945,1780495521.7768269,32
214946,1780495521.7768278,33
214947,1780495521.77683,32
214948,1780495521.780403,32
214949,1780495521.780405,31
214950,1780495521.780406,32
214951,1780495521.780407,32
214952,1780495521.7804081,31
214953,1780495521.780409,32
214954,1780495521.780409,32
214955,1780495521.78041,31
214956,1780495521.7804108,32
214957,1780495521.780412,32
214958,1780495521.780413,32
214959,1780495521.7828312,31
214960,1780495521.7828329,32
214961,1780495521.7828338,33
214962,1780495521.782835,33
214963,1780495521.782836,31
214964,1780495521.782837,32
214965,1780495521.782837,32
214966,1780495521.782838,32
214967,1780495521.782839,32
214968,1780495521.78284,33
214969,1780495521.7828412,33
214970,1780495521.7904792,33
214971,1780495521.7904809,32
214972,1780495521.7904818,32
214973,1780495521.790483,32
214974,1780495521.790483,32
214975,1780495521.790484,32
214976,1780495521.790485,31
214977,1780495521.790486,32
214978,1780495521.790487,32
214979,1780495521.790488,32
214980,1780495521.844674,32
214981,1780495521.8446789,32
214982,1780495521.8446798,32
214983,1780495521.844681,32
214984,1780495521.844682,32
214985,1780495521.844682,32
214986,1780495521.844683,32
214987,1780495521.8446841,31
214988,1780495521.844685,33
214989,1780495521.844686,32
214990,1780495521.844687,34
214991,1780495521.850463,31
214992,1780495521.8504682,32
214993,1780495521.850469,33
214994,1780495521.850469,32
214995,1780495521.8504698,32
214996,1780495521.850471,33
214997,1780495521.850472,31
214998,1780495521.850473,32
214999,1780495521.8504739,32
215000,1780495521.8504739,32
215001,1780495521.850476,32
215002,1780495521.852802,32
215003,1780495521.8528042,32
215004,1780495521.8528051,31
215005,1780495521.8528059,32
215006,1780495521.8528068,32
215007,1780495521.852808,32
215008,1780495521.852809,32
215009,1780495521.85281,31
215010,1780495521.852811,31
215011,1780495521.852812,32
215012,1780495521.855422,32
215013,1780495521.855424,32
215014,1780495521.8554251,32
215015,1780495521.855426,32
215016,1780495521.855427,32
215017,1780495521.855428,32
215018,1780495521.8554292,33
215019,1780495521.85543,33
215020,1780495521.85543,31
215021,1780495521.8554308,32
215022,1780495521.855433,31
215023,1780495521.857885,32
215024,1780495521.857888,33
215025,1780495521.857889,32
215026,1780495521.8578901,32
215027,1780495521.857891,32
215028,1780495521.857891,31
215029,1780495521.857892,32
215030,1780495521.8578932,32
215031,1780495521.857894,33
215032,1780495521.857895,31
215033,1780495521.8578959,32
215034,1780495521.860906,32
215035,1780495521.860907,31
215036,1780495521.860908,32
215037,1780495521.860909,32
215038,1780495521.8609102,32
215039,1780495521.8609111,32
215040,1780495521.860912,31
215041,1780495521.8609128,32
215042,1780495521.8609128,32
215043,1780495521.860915,33
215044,1780495521.8679879,33
215045,1780495521.86799,32
215046,1780495521.867991,32
215047,1780495521.8679922,32
215048,1780495521.867993,32
215049,1780495521.867994,32
215050,1780495521.8679948,33
215051,1780495521.867996,32
215052,1780495521.867997,32
215053,1780495521.867997,31
215054,1780495521.867999,32
215055,1780495521.8981252,32
215056,1780495521.8981278,32
215057,1780495521.898129,32
215058,1780495521.89813,32
215059,1780495521.898131,31
215060,1780495521.898132,33
215061,1780495521.898133,32
215062,1780495521.898134,33
215063,1780495521.898134,32
215064,1780495521.8981361,32
215065,1780495521.900918,31
215066,1780495521.902844,32
215067,1780495521.9028459,33
215068,1780495521.902847,33
215069,1780495521.902847,32
215070,1780495521.902848,33
215071,1780495521.902849,33
215072,1780495521.9028502,31
215073,1780495521.902851,32
215074,1780495521.902852,31
215075,1780495521.902857,32
215076,1780495521.905853,32
215077,1780495521.905855,32
215078,1780495521.905856,33
215079,1780495521.905857,32
215080,1780495521.905858,33
215081,1780495521.905859,31
215082,1780495521.9058602,32
215083,1780495521.9058611,32
215084,1780495521.9058619,32
215085,1780495521.9058628,32
215086,1780495521.905864,32
215087,1780495521.91054,32
215088,1780495521.9105432,32
215089,1780495521.910544,31
215090,1780495521.9105449,31
215091,1780495521.9105458,30
215092,1780495521.910547,33
215093,1780495521.910548,33
215094,1780495521.910549,32
215095,1780495521.91055,32
215096,1780495521.91055,32
215097,1780495521.910552,33
215098,1780495521.940578,33
215099,1780495521.940581,32
215100,1780495521.9405818,32
215101,1780495521.940583,32
215102,1780495521.940584,32
215103,1780495521.940585,32
215104,1780495521.940586,32
215105,1780495521.940588,31
215106,1780495521.940589,31
215107,1780495521.940591,31
215108,1780495521.944191,31
215109,1780495521.944194,31
215110,1780495521.944195,32
215111,1780495521.944196,32
215112,1780495521.9441972,32
215113,1780495521.944198,32
215114,1780495521.9442,32
215115,1780495521.944201,32
215116,1780495521.944202,32
215117,1780495521.944203,32
215118,1780495521.944205,31
215119,1780495521.9466062,31
215120,1780495521.9466088,32
215121,1780495521.94661,32
215122,1780495521.946612,32
215123,1780495521.946613,32
215124,1780495521.946614,32
215125,1780495521.9466162,31
215126,1780495521.9466171,32
215127,1780495521.946618,32
215128,1780495521.9466188,32
215129,1780495521.946621,32
215130,1780495521.949239,32
215131,1780495521.9492412,32
215132,1780495521.9492428,32
215133,1780495521.949244,32
215134,1780495521.949245,32
215135,1780495521.949246,32
215136,1780495521.9492521,31
215137,1780495521.9492538,32
215138,1780495521.949255,32
215139,1780495521.949257,32
215140,1780495521.980917,32
215141,1780495521.980921,31
215142,1780495521.980923,32
215143,1780495521.9809248,32
215144,1780495521.980927,33
215145,1780495521.980928,31
215146,1780495521.98093,32
215147,1780495521.980931,32
215148,1780495521.9809332,32
215149,1780495521.9809349,32
215150,1780495521.980937,32
215151,1780495521.9853592,33
215152,1780495521.985363,31
215153,1780495521.985366,33
215154,1780495521.985367,32
215155,1780495521.9853692,32
215156,1780495521.9853702,31
215157,1780495521.9853718,31
215158,1780495521.985374,32
215159,1780495521.985376,33
215160,1780495521.985377,32
215161,1780495521.9853802,33
215162,1780495521.987736,32
215163,1780495521.9877388,32
215164,1780495521.987741,32
215165,1780495521.987742,31
215166,1780495521.987744,32
215167,1780495521.987745,31
215168,1780495521.987747,32
215169,1780495521.987749,32
215170,1780495521.9877498,32
215171,1780495521.987753,31
215172,1780495521.991754,32
215173,1780495521.991759,33
215174,1780495521.991761,31
215175,1780495521.9917629,31
215176,1780495521.991765,31
215177,1780495521.991766,32
215178,1780495521.9917681,32
215179,1780495521.99177,33
215180,1780495521.991772,32
215181,1780495521.991775,32
215182,1780495521.9946969,31
215183,1780495522.005606,32
215184,1780495522.005611,33
215185,1780495522.005613,33
215186,1780495522.005615,30
215187,1780495522.005617,32
215188,1780495522.005619,32
215189,1780495522.005621,31
215190,1780495522.005623,33
215191,1780495522.005625,32
215192,1780495522.005627,31
215193,1780495522.0056288,32
215194,1780495522.035653,31
215195,1780495522.03566,33
215196,1780495522.0356631,31
215197,1780495522.0356648,32
215198,1780495522.035667,33
215199,1780495522.035669,33
215200,1780495522.035672,32
215201,1780495522.035674,33
215202,1780495522.035676,31
215203,1780495522.03568,32
215204,1780495522.039296,33
215205,1780495522.039318,32
215206,1780495522.0393221,33
215207,1780495522.039325,32
215208,1780495522.039327,32
215209,1780495522.039333,33
215210,1780495522.039336,32
215211,1780495522.039339,32
215212,1780495522.039341,32
215213,1780495522.039343,33
215214,1780495522.039348,32
215215,1780495522.042119,33
215216,1780495522.042134,32
215217,1780495522.042138,32
215218,1780495522.042142,33
215219,1780495522.042145,32
215220,1780495522.042148,32
215221,1780495522.042152,32
215222,1780495522.042155,32
215223,1780495522.0421581,32
215224,1780495522.042161,32
215225,1780495522.048085,32
215226,1780495522.048099,32
215227,1780495522.048104,31
215228,1780495522.048107,32
215229,1780495522.0481112,32
215230,1780495522.0481138,32
215231,1780495522.048117,31
215232,1780495522.0481222,33
215233,1780495522.048125,32
215234,1780495522.048129,33
215235,1780495522.0481331,32
215236,1780495522.078233,33
215237,1780495522.0782511,32
215238,1780495522.0782552,32
215239,1780495522.0782568,32
215240,1780495522.07826,32
215241,1780495522.078263,31
215242,1780495522.0782652,32
215243,1780495522.0782678,32
215244,1780495522.078272,32
215245,1780495522.0782762,32
215246,1780495522.0809941,32
215247,1780495522.084097,33
215248,1780495522.084105,31
215249,1780495522.084109,31
215250,1780495522.084113,32
215251,1780495522.084117,32
215252,1780495522.084119,33
215253,1780495522.084123,32
215254,1780495522.084126,32
215255,1780495522.08413,31
215256,1780495522.0841331,32
215257,1780495522.0858781,32
215258,1780495522.090354,33
215259,1780495522.0903602,33
215260,1780495522.090365,32
215261,1780495522.090368,32
215262,1780495522.0903711,33
215263,1780495522.090374,32
215264,1780495522.0903769,32
215265,1780495522.090382,32
215266,1780495522.0903838,32
215267,1780495522.0903869,32
215268,1780495522.0929668,33
215269,1780495522.092978,33
215270,1780495522.092981,33
215271,1780495522.092984,31
215272,1780495522.0929868,32
215273,1780495522.09299,32
215274,1780495522.092993,32
215275,1780495522.0929961,33
215276,1780495522.092999,31
215277,1780495522.093002,33
215278,1780495522.0930061,32
215279,1780495522.1445608,32
215280,1780495522.144588,32
215281,1780495522.144594,32
215282,1780495522.144597,33
215283,1780495522.1446002,32
215284,1780495522.1446028,31
215285,1780495522.144607,31
215286,1780495522.144609,32
215287,1780495522.144613,31
215288,1780495522.144616,33
215289,1780495522.1446242,33
215290,1780495522.150551,32
215291,1780495522.150576,33
215292,1780495522.150581,30
215293,1780495522.1505852,32
215294,1780495522.1505868,31
215295,1780495522.15059,32
215296,1780495522.150594,32
215297,1780495522.150597,32
215298,1780495522.1506,33
215299,1780495522.150605,32
215300,1780495522.1529632,30
215301,1780495522.15297,32
215302,1780495522.1529732,31
215303,1780495522.1529758,32
215304,1780495522.1529799,31
215305,1780495522.152983,32
215306,1780495522.152986,32
215307,1780495522.152992,32
215308,1780495522.152995,31
215309,1780495522.152998,33
215310,1780495522.153003,33
215311,1780495522.155443,31
215312,1780495522.15545,32
215313,1780495522.155453,31
215314,1780495522.155456,32
215315,1780495522.1554592,32
215316,1780495522.1554618,30
215317,1780495522.155465,32
215318,1780495522.155467,32
215319,1780495522.1554701,32
215320,1780495522.155473,32
215321,1780495522.155478,32
215322,1780495522.160836,32
215323,1780495522.16084,32
215324,1780495522.160843,31
215325,1780495522.160845,30
215326,1780495522.1608472,33
215327,1780495522.1608498,32
215328,1780495522.160852,30
215329,1780495522.160855,33
215330,1780495522.1608572,32
215331,1780495522.1608598,31
215332,1780495522.1654289,31
215333,1780495522.1654348,33
215334,1780495522.165437,31
215335,1780495522.165439,32
215336,1780495522.165441,31
215337,1780495522.1654432,32
215338,1780495522.1654441,32
215339,1780495522.1654458,33
215340,1780495522.165448,32
215341,1780495522.165451,33
215342,1780495522.167153,32
215343,1780495522.1691499,32
215344,1780495522.169157,31
215345,1780495522.16916,32
215346,1780495522.169162,32
215347,1780495522.169164,32
215348,1780495522.169166,31
215349,1780495522.1691678,33
215350,1780495522.169169,31
215351,1780495522.1691709,32
215352,1780495522.169174,31
215353,1780495522.170816,31
215354,1780495522.174214,31
215355,1780495522.174218,32
215356,1780495522.17422,32
215357,1780495522.174222,32
215358,1780495522.174224,32
215359,1780495522.1742258,32
215360,1780495522.174229,32
215361,1780495522.174231,31
215362,1780495522.1742332,32
215363,1780495522.1742358,33
215364,1780495522.205927,31
215365,1780495522.20593,32
215366,1780495522.205931,32
215367,1780495522.205933,32
215368,1780495522.205934,32
215369,1780495522.205935,32
215370,1780495522.2059362,31
215371,1780495522.205937,32
215372,1780495522.2059379,32
215373,1780495522.205939,31
215374,1780495522.205941,31
215375,1780495522.2103722,32
215376,1780495522.2103739,32
215377,1780495522.2103748,33
215378,1780495522.210376,32
215379,1780495522.210377,33
215380,1780495522.210378,34
215381,1780495522.2103791,32
215382,1780495522.21038,31
215383,1780495522.210381,32
215384,1780495522.210382,31
215385,1780495522.210384,32
215386,1780495522.212849,33
215387,1780495522.212852,32
215388,1780495522.212853,31
215389,1780495522.212854,31
215390,1780495522.212866,32
215391,1780495522.2128692,31
215392,1780495522.21287,32
215393,1780495522.2128708,31
215394,1780495522.212873,32
215395,1780495522.212875,32
215396,1780495522.215484,32
215397,1780495522.2154849,32
215398,1780495522.215487,31
215399,1780495522.215488,32
215400,1780495522.215488,33
215401,1780495522.215489,32
215402,1780495522.21549,33
215403,1780495522.215491,32
215404,1780495522.215492,32
215405,1780495522.2154932,31
215406,1780495522.215494,32
215407,1780495522.284387,33
215408,1780495522.284391,32
215409,1780495522.2843919,33
215410,1780495522.284393,31
215411,1780495522.284393,33
215412,1780495522.284394,31
215413,1780495522.284395,32
215414,1780495522.284396,32
215415,1780495522.2843971,32
215416,1780495522.284398,32
215417,1780495522.284399,32
215418,1780495522.2878468,32
215419,1780495522.287849,32
215420,1780495522.28785,33
215421,1780495522.287851,32
215422,1780495522.287852,32
215423,1780495522.287852,33
215424,1780495522.287853,33
215425,1780495522.2878542,32
215426,1780495522.2878551,32
215427,1780495522.287856,32
215428,1780495522.2904031,32
215429,1780495522.290405,33
215430,1780495522.290406,31
215431,1780495522.290407,31
215432,1780495522.290408,32
215433,1780495522.2904088,31
215434,1780495522.29041,32
215435,1780495522.290411,32
215436,1780495522.290412,32
215437,1780495522.290412,32
215438,1780495522.290414,32
215439,1780495522.2929542,32
215440,1780495522.2929559,32
215441,1780495522.2929568,32
215442,1780495522.292958,33
215443,1780495522.292958,33
215444,1780495522.292959,32
215445,1780495522.29296,32
215446,1780495522.2929611,31
215447,1780495522.292962,33
215448,1780495522.292963,32
215449,1780495522.292964,32
215450,1780495522.295935,32
215451,1780495522.295937,31
215452,1780495522.295938,33
215453,1780495522.295946,32
215454,1780495522.295947,32
215455,1780495522.295948,33
215456,1780495522.295949,32
215457,1780495522.2959502,32
215458,1780495522.2959511,32
215459,1780495522.2959518,31
215460,1780495522.300427,31
215461,1780495522.300429,31
215462,1780495522.30043,32
215463,1780495522.300431,32
215464,1780495522.300432,31
215465,1780495522.300433,32
215466,1780495522.3004339,33
215467,1780495522.3004339,31
215468,1780495522.3004348,32
215469,1780495522.300436,32
215470,1780495522.300437,32
215471,1780495522.302806,32
215472,1780495522.302807,32
215473,1780495522.302808,32
215474,1780495522.302809,32
215475,1780495522.3028102,32
215476,1780495522.302811,31
215477,1780495522.302811,32
215478,1780495522.3028119,31
215479,1780495522.3028128,33
215480,1780495522.302814,32
215481,1780495522.302815,31
215482,1780495522.305453,32
215483,1780495522.3054552,32
215484,1780495522.3054562,32
215485,1780495522.3054569,32
215486,1780495522.3054569,31
215487,1780495522.3054578,32
215488,1780495522.305459,30
215489,1780495522.30546,31
215490,1780495522.305461,31
215491,1780495522.3054621,32
215492,1780495522.3356109,33
215493,1780495522.335614,32
215494,1780495522.335615,32
215495,1780495522.335616,32
215496,1780495522.335617,32
215497,1780495522.335618,32
215498,1780495522.335619,31
215499,1780495522.3356202,31
215500,1780495522.335621,32
215501,1780495522.3356218,33
215502,1780495522.338325,32
215503,1780495522.340917,31
215504,1780495522.340922,31
215505,1780495522.3409228,32
215506,1780495522.3409238,33
215507,1780495522.340925,31
215508,1780495522.340926,32
215509,1780495522.340926,33
215510,1780495522.340927,32
215511,1780495522.340928,32
215512,1780495522.340929,32
215513,1780495522.3409312,31
215514,1780495522.345412,32
215515,1780495522.345414,31
215516,1780495522.3454149,33
215517,1780495522.3454158,32
215518,1780495522.345417,31
215519,1780495522.345417,32
215520,1780495522.345419,31
215521,1780495522.3454201,33
215522,1780495522.345421,33
215523,1780495522.345422,31
215524,1780495522.347858,32
215525,1780495522.3478599,31
215526,1780495522.347861,32
215527,1780495522.347862,31
215528,1780495522.347863,33
215529,1780495522.3478642,32
215530,1780495522.347865,32
215531,1780495522.347866,32
215532,1780495522.3478668,33
215533,1780495522.347868,33
215534,1780495522.349565,31
215535,1780495522.379358,31
215536,1780495522.379361,32
215537,1780495522.379362,32
215538,1780495522.379364,32
215539,1780495522.3793652,32
215540,1780495522.379366,32
215541,1780495522.3793669,32
215542,1780495522.3793678,33
215543,1780495522.379369,31
215544,1780495522.379371,32
215545,1780495522.382078,30
215546,1780495522.384129,33
215547,1780495522.3841321,32
215548,1780495522.384133,31
215549,1780495522.3841338,31
215550,1780495522.384136,33
215551,1780495522.384137,30
215552,1780495522.3841379,31
215553,1780495522.384139,32
215554,1780495522.384141,32
215555,1780495522.3841422,32
215556,1780495522.387109,31
215557,1780495522.387111,32
215558,1780495522.3871129,32
215559,1780495522.387118,33
215560,1780495522.3871202,33
215561,1780495522.387121,31
215562,1780495522.387122,32
215563,1780495522.387124,32
215564,1780495522.387125,31
215565,1780495522.387126,32
215566,1780495522.387128,33
215567,1780495522.390336,32
215568,1780495522.390338,33
215569,1780495522.3903391,31
215570,1780495522.39034,32
215571,1780495522.390342,31
215572,1780495522.390348,32
215573,1780495522.39035,31
215574,1780495522.390351,33
215575,1780495522.3903518,32
215576,1780495522.390354,32
215577,1780495522.392106,31
215578,1780495522.421943,33
215579,1780495522.421966,31
215580,1780495522.421968,32
215581,1780495522.42197,32
215582,1780495522.421972,32
215583,1780495522.421973,33
215584,1780495522.4219751,32
215585,1780495522.421977,32
215586,1780495522.421978,31
215587,1780495522.4219809,33
215588,1780495522.425536,33
215589,1780495522.425539,32
215590,1780495522.4255412,32
215591,1780495522.4255428,32
215592,1780495522.425545,32
215593,1780495522.4255471,31
215594,1780495522.425548,32
215595,1780495522.42555,32
215596,1780495522.425552,31
215597,1780495522.4255528,33
215598,1780495522.425556,31
215599,1780495522.427891,31
215600,1780495522.427894,32
215601,1780495522.427896,31
215602,1780495522.4278982,32
215603,1780495522.427899,32
215604,1780495522.427901,32
215605,1780495522.427903,32
215606,1780495522.427904,33
215607,1780495522.427906,32
215608,1780495522.427907,32
215609,1780495522.4309702,32
215610,1780495522.430974,32
215611,1780495522.430976,32
215612,1780495522.430978,33
215613,1780495522.4309802,33
215614,1780495522.4309819,32
215615,1780495522.430984,32
215616,1780495522.430986,32
215617,1780495522.4309871,33
215618,1780495522.430989,32
215619,1780495522.430999,32
215620,1780495522.464459,31
215621,1780495522.4644659,32
215622,1780495522.464469,32
215623,1780495522.464471,32
215624,1780495522.464473,33
215625,1780495522.464475,30
215626,1780495522.464478,32
215627,1780495522.46448,31
215628,1780495522.464482,33
215629,1780495522.4644842,32
215630,1780495522.464488,32
215631,1780495522.467935,32
215632,1780495522.46794,32
215633,1780495522.467943,32
215634,1780495522.4679449,32
215635,1780495522.467947,31
215636,1780495522.4679492,31
215637,1780495522.467952,33
215638,1780495522.467954,32
215639,1780495522.467956,33
215640,1780495522.467958,32
215641,1780495522.467962,31
215642,1780495522.470446,31
215643,1780495522.470453,33
215644,1780495522.4704561,32
215645,1780495522.470459,32
215646,1780495522.4704618,33
215647,1780495522.470465,32
215648,1780495522.470468,32
215649,1780495522.470471,33
215650,1780495522.470474,32
215651,1780495522.470478,32
215652,1780495522.472975,33
215653,1780495522.472981,32
215654,1780495522.472984,32
215655,1780495522.472987,31
215656,1780495522.47299,31
215657,1780495522.472992,31
215658,1780495522.472995,32
215659,1780495522.472998,34
215660,1780495522.473001,33
215661,1780495522.473005,33
215662,1780495522.4747531,31
215663,1780495522.509789,32
215664,1780495522.509841,31
215665,1780495522.509853,32
215666,1780495522.509859,31
215667,1780495522.509865,33
215668,1780495522.509871,32
215669,1780495522.509877,32
215670,1780495522.509883,31
215671,1780495522.509888,32
215672,1780495522.5098932,31
215673,1780495522.509898,31
215674,1780495522.509908,32
215675,1780495522.512851,30
215676,1780495522.512861,32
215677,1780495522.512864,31
215678,1780495522.512867,31
215679,1780495522.5128698,32
215680,1780495522.512873,32
215681,1780495522.512876,32
215682,1780495522.5128782,32
215683,1780495522.5128808,32
215684,1780495522.515429,32
215685,1780495522.515435,31
215686,1780495522.515438,31
215687,1780495522.5154402,31
215688,1780495522.5154428,31
215689,1780495522.515446,32
215690,1780495522.515448,31
215691,1780495522.515451,32
215692,1780495522.515454,31
215693,1780495522.515457,33
215694,1780495522.51546,34
215695,1780495522.517859,32
215696,1780495522.517866,30
215697,1780495522.517868,32
215698,1780495522.517872,32
215699,1780495522.517875,31
215700,1780495522.517877,33
215701,1780495522.517879,33
215702,1780495522.517882,32
215703,1780495522.517884,32
215704,1780495522.5178869,32
215705,1780495522.51967,32
215706,1780495522.580971,32
215707,1780495522.580988,32
215708,1780495522.580991,32
215709,1780495522.580993,32
215710,1780495522.580996,32
215711,1780495522.580998,33
215712,1780495522.581001,33
215713,1780495522.581005,32
215714,1780495522.581007,32
215715,1780495522.581011,32
215716,1780495522.58553,31
215717,1780495522.585541,33
215718,1780495522.585546,32
215719,1780495522.58555,32
215720,1780495522.585553,32
215721,1780495522.5855548,32
215722,1780495522.585558,32
215723,1780495522.58556,31
215724,1780495522.585563,32
215725,1780495522.5855649,31
215726,1780495522.585568,32
215727,1780495522.587902,32
215728,1780495522.587908,31
215729,1780495522.587911,31
215730,1780495522.587913,31
215731,1780495522.587915,31
215732,1780495522.587918,32
215733,1780495522.587921,31
215734,1780495522.587923,32
215735,1780495522.587926,31
215736,1780495522.587929,31
215737,1780495522.5879319,32
215738,1780495522.5903418,32
215739,1780495522.590349,32
215740,1780495522.5903518,32
215741,1780495522.590355,32
215742,1780495522.590357,32
215743,1780495522.5903602,31
215744,1780495522.590364,32
215745,1780495522.590366,33
215746,1780495522.590368,33
215747,1780495522.5903711,32
215748,1780495522.5929952,31
215749,1780495522.593004,32
215750,1780495522.593007,32
215751,1780495522.59301,31
215752,1780495522.593013,33
215753,1780495522.5930161,32
215754,1780495522.5930188,32
215755,1780495522.593021,31
215756,1780495522.593024,32
215757,1780495522.593027,32
215758,1780495522.593032,31
215759,1780495522.5958982,31
215760,1780495522.5959182,32
215761,1780495522.5959198,32
215762,1780495522.595923,31
215763,1780495522.595925,31
215764,1780495522.595927,32
215765,1780495522.5959291,32
215766,1780495522.595932,32
215767,1780495522.595934,33
215768,1780495522.5959501,32
215769,1780495522.602905,33
215770,1780495522.60291,32
215771,1780495522.6029131,31
215772,1780495522.602916,31
215773,1780495522.602918,32
215774,1780495522.6029198,32
215775,1780495522.602923,31
215776,1780495522.602926,34
215777,1780495522.6029289,31
215778,1780495522.602931,30
215779,1780495522.6029341,31
215780,1780495522.605361,31
215781,1780495522.605366,31
215782,1780495522.6053681,33
215783,1780495522.60537,31
215784,1780495522.605372,32
215785,1780495522.6053739,31
215786,1780495522.605376,31
215787,1780495522.6053782,31
215788,1780495522.60538,32
215789,1780495522.605383,33
215790,1780495522.60715,32
215791,1780495522.6192708,32
215792,1780495522.619276,31
215793,1780495522.6192782,32
215794,1780495522.6192799,33
215795,1780495522.6192808,32
215796,1780495522.619283,31
215797,1780495522.619285,31
215798,1780495522.619287,33
215799,1780495522.619288,32
215800,1780495522.61929,33
215801,1780495522.619293,32
215802,1780495522.622935,33
215803,1780495522.6229389,33
215804,1780495522.6229398,32
215805,1780495522.622942,32
215806,1780495522.622943,32
215807,1780495522.622945,33
215808,1780495522.622947,32
215809,1780495522.6229491,31
215810,1780495522.6229498,33
215811,1780495522.622953,31
215812,1780495522.654407,32
215813,1780495522.654411,32
215814,1780495522.654412,31
215815,1780495522.654413,31
215816,1780495522.6544142,32
215817,1780495522.6544151,32
215818,1780495522.6544158,32
215819,1780495522.6544168,33
215820,1780495522.654418,32
215821,1780495522.654418,31
215822,1780495522.654419,32
215823,1780495522.6602921,33
215824,1780495522.6602938,32
215825,1780495522.660295,32
215826,1780495522.660296,32
215827,1780495522.660296,31
215828,1780495522.660297,32
215829,1780495522.6602979,31
215830,1780495522.660299,30
215831,1780495522.6603,32
215832,1780495522.660301,32
215833,1780495522.6603022,32
215834,1780495522.662708,32
215835,1780495522.662712,31
215836,1780495522.662713,31
215837,1780495522.662713,33
215838,1780495522.662714,32
215839,1780495522.662715,32
215840,1780495522.662716,31
215841,1780495522.6627169,31
215842,1780495522.662718,31
215843,1780495522.662719,32
215844,1780495522.6654332,33
215845,1780495522.6654341,33
215846,1780495522.6654348,31
215847,1780495522.6654358,33
215848,1780495522.665437,32
215849,1780495522.665437,31
215850,1780495522.665438,32
215851,1780495522.665439,30
215852,1780495522.66544,32
215853,1780495522.665441,33
215854,1780495522.665442,33
215855,1780495522.695648,33
215856,1780495522.695651,33
215857,1780495522.695652,32
215858,1780495522.6956532,33
215859,1780495522.695654,32
215860,1780495522.6956549,32
215861,1780495522.6956558,32
215862,1780495522.6956558,32
215863,1780495522.695657,32
215864,1780495522.695658,32
215865,1780495522.695659,31
215866,1780495522.699104,32
215867,1780495522.699106,32
215868,1780495522.6991072,31
215869,1780495522.6991081,32
215870,1780495522.699109,32
215871,1780495522.699109,32
215872,1780495522.6991098,31
215873,1780495522.699111,33
215874,1780495522.699116,32
215875,1780495522.699117,32
215876,1780495522.701986,34
215877,1780495522.701987,31
215878,1780495522.701988,32
215879,1780495522.7019892,31
215880,1780495522.70199,33
215881,1780495522.7019908,32
215882,1780495522.7019908,32
215883,1780495522.701992,32
215884,1780495522.701993,32
215885,1780495522.701994,33
215886,1780495522.701995,32
215887,1780495522.707941,32
215888,1780495522.7079418,33
215889,1780495522.707943,32
215890,1780495522.707944,33
215891,1780495522.7079449,33
215892,1780495522.707946,31
215893,1780495522.707946,32
215894,1780495522.707947,33
215895,1780495522.707948,33
215896,1780495522.7079492,32
215897,1780495522.70795,32
215898,1780495522.738095,32
215899,1780495522.738098,33
215900,1780495522.7380989,32
215901,1780495522.7381,33
215902,1780495522.738101,33
215903,1780495522.738101,33
215904,1780495522.738102,32
215905,1780495522.7381032,32
215906,1780495522.738104,31
215907,1780495522.738104,32
215908,1780495522.738106,31
215909,1780495522.7415922,31
215910,1780495522.741594,31
215911,1780495522.7415948,32
215912,1780495522.741596,32
215913,1780495522.741597,32
215914,1780495522.741597,33
215915,1780495522.741598,32
215916,1780495522.741599,32
215917,1780495522.7416,32
215918,1780495522.741601,32
215919,1780495522.744194,32
215920,1780495522.7441962,32
215921,1780495522.7441971,32
215922,1780495522.7441978,32
215923,1780495522.7441978,33
215924,1780495522.7441988,32
215925,1780495522.7442,32
215926,1780495522.744201,32
215927,1780495522.744202,31
215928,1780495522.744202,32
215929,1780495522.744204,31
215930,1780495522.75047,32
215931,1780495522.750487,32
215932,1780495522.750488,32
215933,1780495522.750489,32
215934,1780495522.7504902,32
215935,1780495522.750491,32
215936,1780495522.7504919,31
215937,1780495522.7504919,32
215938,1780495522.7504928,32
215939,1780495522.750495,32
215940,1780495522.78201,31
215941,1780495522.782012,32
215942,1780495522.782013,32
215943,1780495522.782014,31
215944,1780495522.782015,31
215945,1780495522.782016,32
215946,1780495522.782017,31
215947,1780495522.782018,34
215948,1780495522.7820191,32
215949,1780495522.78202,32
215950,1780495522.782021,33
215951,1780495522.785463,31
215952,1780495522.785465,33
215953,1780495522.7854662,32
215954,1780495522.785467,32
215955,1780495522.7854679,32
215956,1780495522.7854688,31
215957,1780495522.78547,33
215958,1780495522.785471,33
215959,1780495522.785472,32
215960,1780495522.785473,32
215961,1780495522.785474,33
215962,1780495522.788016,32
215963,1780495522.788018,32
215964,1780495522.788019,31
215965,1780495522.78802,32
215966,1780495522.788021,32
215967,1780495522.788022,32
215968,1780495522.788023,31
215969,1780495522.788024,32
215970,1780495522.7880251,32
215971,1780495522.788026,31
215972,1780495522.798031,32
215973,1780495522.798033,32
215974,1780495522.798034,31
215975,1780495522.798035,32
215976,1780495522.7980359,31
215977,1780495522.798037,31
215978,1780495522.798038,32
215979,1780495522.798039,32
215980,1780495522.7980402,33
215981,1780495522.798041,31
215982,1780495522.7980428,31
215983,1780495522.87826,32
215984,1780495522.878264,33
215985,1780495522.878266,32
215986,1780495522.878268,32
215987,1780495522.87827,32
215988,1780495522.8782709,31
215989,1780495522.878273,31
215990,1780495522.8782752,33
215991,1780495522.878277,33
215992,1780495522.878279,32
215993,1780495522.8821561,32
215994,1780495522.8821602,31
215995,1780495522.8821619,32
215996,1780495522.882164,33
215997,1780495522.882166,33
215998,1780495522.882168,32
215999,1780495522.8821702,32
216000,1780495522.8821719,33
216001,1780495522.882174,33
216002,1780495522.882176,32
216003,1780495522.882179,32
216004,1780495522.885492,32
216005,1780495522.8854961,32
216006,1780495522.8854988,31
216007,1780495522.885501,32
216008,1780495522.885503,31
216009,1780495522.8855062,33
216010,1780495522.885508,32
216011,1780495522.885511,31
216012,1780495522.885513,33
216013,1780495522.885515,32
216014,1780495522.885519,33
216015,1780495522.88785,32
216016,1780495522.887854,32
216017,1780495522.8878562,31
216018,1780495522.8878589,33
216019,1780495522.887861,32
216020,1780495522.8878632,31
216021,1780495522.887865,30
216022,1780495522.887867,33
216023,1780495522.8878698,33
216024,1780495522.887872,33
216025,1780495522.887875,32
216026,1780495522.890313,33
216027,1780495522.890317,31
216028,1780495522.8903198,31
216029,1780495522.890322,32
216030,1780495522.8903239,32
216031,1780495522.890326,32
216032,1780495522.8903391,32
216033,1780495522.8903491,31
216034,1780495522.890352,32
216035,1780495522.8903549,31
216036,1780495522.8928692,32
216037,1780495522.892875,32
216038,1780495522.892878,31
216039,1780495522.89288,32
216040,1780495522.8928819,32
216041,1780495522.892884,32
216042,1780495522.892887,33
216043,1780495522.892889,32
216044,1780495522.892891,32
216045,1780495522.8928928,31
216046,1780495522.8928971,32
216047,1780495522.895832,32
216048,1780495522.8958359,31
216049,1780495522.895839,31
216050,1780495522.8958411,33
216051,1780495522.895843,34
216052,1780495522.8958452,33
216053,1780495522.8958468,32
216054,1780495522.89585,32
216055,1780495522.895852,33
216056,1780495522.895854,33
216057,1780495522.8958569,32
216058,1780495522.900384,32
216059,1780495522.90039,33
216060,1780495522.9003918,32
216061,1780495522.900395,32
216062,1780495522.900397,33
216063,1780495522.9003992,32
216064,1780495522.9004018,31
216065,1780495522.900404,33
216066,1780495522.9004061,32
216067,1780495522.900409,32
216068,1780495522.90282,31
216069,1780495522.902824,31
216070,1780495522.902826,32
216071,1780495522.9028292,31
216072,1780495522.902831,32
216073,1780495522.9028401,32
216074,1780495522.902843,32
216075,1780495522.902845,32
216076,1780495522.902847,33
216077,1780495522.902849,31
216078,1780495522.902853,32
216079,1780495522.9055202,32
216080,1780495522.905526,31
216081,1780495522.905529,32
216082,1780495522.905531,32
216083,1780495522.905545,31
216084,1780495522.905547,31
216085,1780495522.90555,31
216086,1780495522.9055529,32
216087,1780495522.905556,31
216088,1780495522.905559,32
216089,1780495522.9055629,32
216090,1780495522.908014,31
216091,1780495522.9080188,32
216092,1780495522.908022,32
216093,1780495522.908025,31
216094,1780495522.908028,32
216095,1780495522.90803,32
216096,1780495522.9080331,32
216097,1780495522.908036,33
216098,1780495522.9080389,33
216099,1780495522.908043,32
216100,1780495522.939637,32
216101,1780495522.939661,32
216102,1780495522.939666,31
216103,1780495522.93967,32
216104,1780495522.9396741,32
216105,1780495522.939678,31
216106,1780495522.939682,33
216107,1780495522.9396858,32
216108,1780495522.9396899,31
216109,1780495522.9396968,34
216110,1780495522.9397042,31
216111,1780495522.9454641,32
216112,1780495522.945477,32
216113,1780495522.945481,33
216114,1780495522.945483,32
216115,1780495522.945486,32
216116,1780495522.945488,32
216117,1780495522.9454908,32
216118,1780495522.945493,31
216119,1780495522.945496,32
216120,1780495522.9454982,33
216121,1780495522.9455009,32
216122,1780495522.947927,32
216123,1780495522.947937,31
216124,1780495522.94794,32
216125,1780495522.947943,32
216126,1780495522.947947,32
216127,1780495522.9479501,31
216128,1780495522.947954,30
216129,1780495522.947957,33
216130,1780495522.947959,33
216131,1780495522.9479628,33
216132,1780495522.950497,31
216133,1780495522.950505,33
216134,1780495522.950508,32
216135,1780495522.9505112,31
216136,1780495522.950513,32
216137,1780495522.950515,31
216138,1780495522.9505181,33
216139,1780495522.95052,32
216140,1780495522.9505222,33
216141,1780495522.9505239,31
216142,1780495522.950527,33
216143,1780495522.982055,32
216144,1780495522.982073,31
216145,1780495522.982076,32
216146,1780495522.982079,32
216147,1780495522.982081,32
216148,1780495522.982084,32
216149,1780495522.982086,31
216150,1780495522.982089,32
216151,1780495522.982091,33
216152,1780495522.982094,32
216153,1780495522.9820979,32
216154,1780495522.985889,33
216155,1780495522.985899,32
216156,1780495522.985902,32
216157,1780495522.985905,33
216158,1780495522.9859068,31
216159,1780495522.985909,32
216160,1780495522.985915,33
216161,1780495522.985919,32
216162,1780495522.985921,32
216163,1780495522.9859252,32
216164,1780495522.993077,32
216165,1780495522.993088,32
216166,1780495522.993094,33
216167,1780495522.9931,32
216168,1780495522.993105,33
216169,1780495522.99311,31
216170,1780495522.993114,33
216171,1780495522.993119,32
216172,1780495522.993124,31
216173,1780495522.99313,31
216174,1780495522.993139,31
216175,1780495522.99554,33
216176,1780495522.995549,30
216177,1780495522.9955552,33
216178,1780495522.995559,32
216179,1780495522.995564,33
216180,1780495522.995569,32
216181,1780495522.995573,32
216182,1780495522.995578,32
216183,1780495522.995583,32
216184,1780495522.995587,32
216185,1780495522.995594,33
216186,1780495523.025696,32
216187,1780495523.025706,31
216188,1780495523.0257092,33
216189,1780495523.025712,33
216190,1780495523.025714,32
216191,1780495523.025716,32
216192,1780495523.0257201,33
216193,1780495523.025722,33
216194,1780495523.0257401,32
216195,1780495523.025745,31
216196,1780495523.029253,32
216197,1780495523.029258,33
216198,1780495523.02926,32
216199,1780495523.029262,32
216200,1780495523.029265,32
216201,1780495523.0292668,32
216202,1780495523.029269,32
216203,1780495523.0292711,32
216204,1780495523.029273,32
216205,1780495523.029276,32
216206,1780495523.029278,31
216207,1780495523.0292811,33
216208,1780495523.032128,32
216209,1780495523.032136,32
216210,1780495523.0321379,32
216211,1780495523.032141,32
216212,1780495523.032143,33
216213,1780495523.0321448,32
216214,1780495523.032147,31
216215,1780495523.032149,31
216216,1780495523.0321522,33
216217,1780495523.0321548,32
216218,1780495523.03672,32
216219,1780495523.036725,32
216220,1780495523.036727,33
216221,1780495523.036729,33
216222,1780495523.0367308,31
216223,1780495523.036733,32
216224,1780495523.0367339,32
216225,1780495523.036736,32
216226,1780495523.0367382,33
216227,1780495523.036741,32
216228,1780495523.0668821,33
216229,1780495523.066889,31
216230,1780495523.06689,32
216231,1780495523.0668921,31
216232,1780495523.066893,32
216233,1780495523.066894,31
216234,1780495523.066896,32
216235,1780495523.066897,32
216236,1780495523.0668979,31
216237,1780495523.0669,32
216238,1780495523.066902,33
216239,1780495523.070391,33
216240,1780495523.070394,30
216241,1780495523.070395,31
216242,1780495523.070396,31
216243,1780495523.070397,32
216244,1780495523.0703979,32
216245,1780495523.070399,32
216246,1780495523.0704,32
216247,1780495523.070401,31
216248,1780495523.070403,32
216249,1780495523.070404,32
216250,1780495523.072959,32
216251,1780495523.072962,32
216252,1780495523.072963,33
216253,1780495523.0729642,32
216254,1780495523.0729651,32
216255,1780495523.0729659,32
216256,1780495523.0729668,31
216257,1780495523.072968,32
216258,1780495523.072969,32
216259,1780495523.07297,31
216260,1780495523.104338,32
216261,1780495523.104341,32
216262,1780495523.104342,32
216263,1780495523.104343,32
216264,1780495523.1043441,31
216265,1780495523.1043441,32
216266,1780495523.104345,33
216267,1780495523.104346,32
216268,1780495523.104347,32
216269,1780495523.104348,32
216270,1780495523.107339,32
216271,1780495523.110386,33
216272,1780495523.110388,32
216273,1780495523.110389,31
216274,1780495523.11039,32
216275,1780495523.11039,31
216276,1780495523.1103911,32
216277,1780495523.110392,33
216278,1780495523.110393,31
216279,1780495523.110394,33
216280,1780495523.110394,34
216281,1780495523.110396,31
216282,1780495523.112869,31
216283,1780495523.112871,32
216284,1780495523.112872,31
216285,1780495523.112872,32
216286,1780495523.112873,30
216287,1780495523.112874,33
216288,1780495523.112875,32
216289,1780495523.112876,32
216290,1780495523.112876,32
216291,1780495523.112878,32
216292,1780495523.1154518,33
216293,1780495523.115454,32
216294,1780495523.115455,32
216295,1780495523.115455,32
216296,1780495523.115456,34
216297,1780495523.115457,32
216298,1780495523.115458,32
216299,1780495523.115459,32
216300,1780495523.115459,31
216301,1780495523.1154602,32
216302,1780495523.115461,32
216303,1780495523.177948,32
216304,1780495523.177956,32
216305,1780495523.177957,31
216306,1780495523.1779578,31
216307,1780495523.177959,33
216308,1780495523.17796,32
216309,1780495523.1779609,32
216310,1780495523.177962,31
216311,1780495523.177962,32
216312,1780495523.177964,32
216313,1780495523.1795971,32
216314,1780495523.182016,32
216315,1780495523.182018,33
216316,1780495523.182019,32
216317,1780495523.1820202,31
216318,1780495523.1820211,32
216319,1780495523.1820211,32
216320,1780495523.1820219,32
216321,1780495523.1820228,33
216322,1780495523.182024,33
216323,1780495523.182025,31
216324,1780495523.1879969,31
216325,1780495523.187998,32
216326,1780495523.187999,32
216327,1780495523.188,31
216328,1780495523.188001,32
216329,1780495523.188002,32
216330,1780495523.188003,32
216331,1780495523.188003,31
216332,1780495523.188004,32
216333,1780495523.1880052,32
216334,1780495523.188006,32
216335,1780495523.1903172,32
216336,1780495523.19032,32
216337,1780495523.190321,31
216338,1780495523.190322,33
216339,1780495523.1903229,33
216340,1780495523.190324,32
216341,1780495523.190324,32
216342,1780495523.190325,32
216343,1780495523.190326,33
216344,1780495523.190327,34
216345,1780495523.1903281,33
216346,1780495523.1928241,32
216347,1780495523.192827,32
216348,1780495523.192827,32
216349,1780495523.192828,32
216350,1780495523.192829,31
216351,1780495523.1928298,32
216352,1780495523.192831,32
216353,1780495523.192832,32
216354,1780495523.192833,32
216355,1780495523.1928341,31
216356,1780495523.195849,33
216357,1780495523.195851,31
216358,1780495523.195852,32
216359,1780495523.195852,32
216360,1780495523.195853,32
216361,1780495523.1958542,33
216362,1780495523.1958551,33
216363,1780495523.1958559,32
216364,1780495523.1958559,31
216365,1780495523.1958568,32
216366,1780495523.195858,31
216367,1780495523.200348,33
216368,1780495523.20035,32
216369,1780495523.200351,32
216370,1780495523.200351,32
216371,1780495523.200352,31
216372,1780495523.200353,33
216373,1780495523.200354,32
216374,1780495523.200354,32
216375,1780495523.200355,31
216376,1780495523.200356,32
216377,1780495523.202052,32
216378,1780495523.204174,32
216379,1780495523.204175,30
216380,1780495523.204176,32
216381,1780495523.204177,33
216382,1780495523.2041779,31
216383,1780495523.204179,32
216384,1780495523.20418,33
216385,1780495523.20418,32
216386,1780495523.204181,32
216387,1780495523.204183,32
216388,1780495523.207935,32
216389,1780495523.207937,32
216390,1780495523.207938,32
216391,1780495523.2079391,32
216392,1780495523.20794,32
216393,1780495523.20794,33
216394,1780495523.207941,32
216395,1780495523.2079418,31
216396,1780495523.207943,32
216397,1780495523.207944,33
216398,1780495523.211002,32
216399,1780495523.2444,32
216400,1780495523.244403,32
216401,1780495523.244404,32
216402,1780495523.244405,32
216403,1780495523.244406,31
216404,1780495523.244407,32
216405,1780495523.2444081,31
216406,1780495523.24441,31
216407,1780495523.244411,32
216408,1780495523.244412,33
216409,1780495523.244413,31
216410,1780495523.2478871,32
216411,1780495523.2478888,30
216412,1780495523.24789,33
216413,1780495523.247891,31
216414,1780495523.247892,32
216415,1780495523.247893,32
216416,1780495523.247895,32
216417,1780495523.247896,32
216418,1780495523.2478971,32
216419,1780495523.247898,32
216420,1780495523.250441,32
216421,1780495523.250444,32
216422,1780495523.2504451,32
216423,1780495523.250446,32
216424,1780495523.250447,32
216425,1780495523.250448,31
216426,1780495523.250449,32
216427,1780495523.25045,33
216428,1780495523.2504508,32
216429,1780495523.250452,33
216430,1780495523.250454,33
216431,1780495523.253027,32
216432,1780495523.2530298,32
216433,1780495523.253031,31
216434,1780495523.253032,32
216435,1780495523.253033,33
216436,1780495523.2530339,31
216437,1780495523.253035,33
216438,1780495523.253036,32
216439,1780495523.253037,32
216440,1780495523.2530382,32
216441,1780495523.25304,32
216442,1780495523.284349,32
216443,1780495523.2843509,32
216444,1780495523.284353,32
216445,1780495523.284354,33
216446,1780495523.284356,33
216447,1780495523.284357,32
216448,1780495523.284359,32
216449,1780495523.28436,32
216450,1780495523.284362,32
216451,1780495523.284364,32
216452,1780495523.2904162,31
216453,1780495523.29042,31
216454,1780495523.290421,33
216455,1780495523.2904232,33
216456,1780495523.290425,31
216457,1780495523.290426,32
216458,1780495523.290428,33
216459,1780495523.2904289,31
216460,1780495523.290431,34
216461,1780495523.2904372,32
216462,1780495523.290439,33
216463,1780495523.2928908,32
216464,1780495523.292894,33
216465,1780495523.292896,31
216466,1780495523.292898,33
216467,1780495523.2928991,31
216468,1780495523.292901,31
216469,1780495523.292902,32
216470,1780495523.292904,32
216471,1780495523.2929049,31
216472,1780495523.292907,31
216473,1780495523.2929091,31
216474,1780495523.2954938,33
216475,1780495523.295497,33
216476,1780495523.295499,33
216477,1780495523.2955,31
216478,1780495523.2955022,34
216479,1780495523.2955031,33
216480,1780495523.2955048,32
216481,1780495523.295506,33
216482,1780495523.295508,32
216483,1780495523.29551,33
216484,1780495523.325761,32
216485,1780495523.3257658,31
216486,1780495523.325769,33
216487,1780495523.325771,32
216488,1780495523.325773,32
216489,1780495523.3257751,32
216490,1780495523.3257768,32
216491,1780495523.32578,32
216492,1780495523.325783,32
216493,1780495523.3257852,32
216494,1780495523.325788,32
216495,1780495523.329195,33
216496,1780495523.329199,33
216497,1780495523.329202,33
216498,1780495523.329204,33
216499,1780495523.329207,31
216500,1780495523.329209,32
216501,1780495523.329211,33
216502,1780495523.329213,32
216503,1780495523.329215,31
216504,1780495523.3292181,31
216505,1780495523.329221,33
216506,1780495523.332109,31
216507,1780495523.3321128,32
216508,1780495523.332115,32
216509,1780495523.332118,32
216510,1780495523.3321202,32
216511,1780495523.332122,32
216512,1780495523.332124,32
216513,1780495523.332127,32
216514,1780495523.332129,31
216515,1780495523.332132,32
216516,1780495523.335451,31
216517,1780495523.335456,32
216518,1780495523.335459,31
216519,1780495523.3354611,32
216520,1780495523.3354628,32
216521,1780495523.335465,33
216522,1780495523.335467,34
216523,1780495523.33547,33
216524,1780495523.335472,32
216525,1780495523.335474,32
216526,1780495523.335478,32
216527,1780495523.365691,31
216528,1780495523.36571,33
216529,1780495523.3657138,32
216530,1780495523.365717,33
216531,1780495523.365719,32
216532,1780495523.3657222,32
216533,1780495523.3657238,32
216534,1780495523.365727,32
216535,1780495523.365729,33
216536,1780495523.365731,32
216537,1780495523.3657348,31
216538,1780495523.369087,31
216539,1780495523.369098,31
216540,1780495523.3691132,33
216541,1780495523.369118,33
216542,1780495523.369121,32
216543,1780495523.3691258,31
216544,1780495523.36913,33
216545,1780495523.369136,31
216546,1780495523.36914,33
216547,1780495523.3691452,33
216548,1780495523.371754,32
216549,1780495523.3717608,33
216550,1780495523.371765,33
216551,1780495523.371768,32
216552,1780495523.3717718,32
216553,1780495523.371776,32
216554,1780495523.371779,31
216555,1780495523.371783,32
216556,1780495523.371787,31
216557,1780495523.3717902,32
216558,1780495523.371795,32
216559,1780495523.381712,32
216560,1780495523.381728,32
216561,1780495523.381732,32
216562,1780495523.3817348,32
216563,1780495523.381738,32
216564,1780495523.38174,32
216565,1780495523.3817441,32
216566,1780495523.3817458,32
216567,1780495523.3817759,33
216568,1780495523.38178,33
216569,1780495523.3833652,33
216570,1780495523.413266,31
216571,1780495523.4132879,31
216572,1780495523.413291,33
216573,1780495523.413294,31
216574,1780495523.413297,32
216575,1780495523.413301,33
216576,1780495523.413304,31
216577,1780495523.413307,32
216578,1780495523.4133089,31
216579,1780495523.413313,33
216580,1780495523.416728,32
216581,1780495523.416746,32
216582,1780495523.416749,32
216583,1780495523.416752,32
216584,1780495523.416754,32
216585,1780495523.416768,33
216586,1780495523.4167712,32
216587,1780495523.416773,32
216588,1780495523.416776,32
216589,1780495523.416778,32
216590,1780495523.4167821,32
216591,1780495523.419094,31
216592,1780495523.419102,32
216593,1780495523.419105,32
216594,1780495523.419107,32
216595,1780495523.4191098,31
216596,1780495523.419113,33
216597,1780495523.419115,31
216598,1780495523.4191182,32
216599,1780495523.41912,33
216600,1780495523.419122,31
216601,1780495523.422168,32
216602,1780495523.4221802,32
216603,1780495523.422186,31
216604,1780495523.4221911,32
216605,1780495523.422196,32
216606,1780495523.422202,33
216607,1780495523.422206,32
216608,1780495523.422216,33
216609,1780495523.4222238,32
216610,1780495523.4222279,31
216611,1780495523.4222348,32
216612,1780495523.4810271,31
216613,1780495523.481038,31
216614,1780495523.481042,33
216615,1780495523.481044,33
216616,1780495523.481048,32
216617,1780495523.48105,31
216618,1780495523.4810529,32
216619,1780495523.481056,33
216620,1780495523.481059,31
216621,1780495523.4810638,33
216622,1780495523.482406,32
216623,1780495523.511036,32
216624,1780495523.511044,33
216625,1780495523.511046,32
216626,1780495523.5110478,32
216627,1780495523.511049,32
216628,1780495523.511051,32
216629,1780495523.5110521,32
216630,1780495523.511053,32
216631,1780495523.511055,32
216632,1780495523.511056,32
216633,1780495523.511059,32
216634,1780495523.5153909,31
216635,1780495523.5153952,33
216636,1780495523.515397,32
216637,1780495523.515399,33
216638,1780495523.5154,31
216639,1780495523.515402,33
216640,1780495523.515404,33
216641,1780495523.515405,32
216642,1780495523.515407,32
216643,1780495523.515409,33
216644,1780495523.5178869,32
216645,1780495523.51789,32
216646,1780495523.5178921,31
216647,1780495523.517893,32
216648,1780495523.5178938,32
216649,1780495523.517896,31
216650,1780495523.517897,31
216651,1780495523.517898,33
216652,1780495523.517899,32
216653,1780495523.517901,33
216654,1780495523.517903,31
216655,1780495523.5203662,33
216656,1780495523.520372,31
216657,1780495523.520373,31
216658,1780495523.520375,32
216659,1780495523.520378,32
216660,1780495523.5203788,31
216661,1780495523.520385,33
216662,1780495523.520386,31
216663,1780495523.520389,31
216664,1780495523.5203898,32
216665,1780495523.520393,33
216666,1780495523.522828,31
216667,1780495523.5228312,33
216668,1780495523.522832,32
216669,1780495523.5228338,32
216670,1780495523.522835,31
216671,1780495523.522836,31
216672,1780495523.522838,32
216673,1780495523.522839,33
216674,1780495523.52284,33
216675,1780495523.5228422,33
216676,1780495523.525818,31
216677,1780495523.52582,32
216678,1780495523.525822,32
216679,1780495523.5258229,32
216680,1780495523.525824,32
216681,1780495523.525825,32
216682,1780495523.525826,32
216683,1780495523.5258272,32
216684,1780495523.5258281,32
216685,1780495523.525829,33
216686,1780495523.525831,31
216687,1780495523.534136,33
216688,1780495523.5341382,32
216689,1780495523.5341399,33
216690,1780495523.5341408,33
216691,1780495523.534142,32
216692,1780495523.534143,31
216693,1780495523.534144,31
216694,1780495523.534145,32
216695,1780495523.534146,32
216696,1780495523.534147,32
216697,1780495523.534148,32
216698,1780495523.536536,32
216699,1780495523.5365381,32
216700,1780495523.5365388,32
216701,1780495523.5365398,32
216702,1780495523.536541,32
216703,1780495523.536542,31
216704,1780495523.536543,33
216705,1780495523.536544,31
216706,1780495523.536545,32
216707,1780495523.536546,32
216708,1780495523.5390232,31
216709,1780495523.539026,33
216710,1780495523.539027,33
216711,1780495523.539028,33
216712,1780495523.539029,32
216713,1780495523.53903,32
216714,1780495523.539031,31
216715,1780495523.539032,32
216716,1780495523.5390332,31
216717,1780495523.5390341,31
216718,1780495523.54071,32
216719,1780495523.545386,32
216720,1780495523.545388,31
216721,1780495523.545389,32
216722,1780495523.5453901,32
216723,1780495523.5453959,31
216724,1780495523.545397,32
216725,1780495523.545398,32
216726,1780495523.545399,32
216727,1780495523.5454001,31
216728,1780495523.545401,32
216729,1780495523.545402,31
216730,1780495523.547969,33
216731,1780495523.5479722,32
216732,1780495523.5479732,31
216733,1780495523.5479739,32
216734,1780495523.5479748,32
216735,1780495523.5479748,32
216736,1780495523.547976,31
216737,1780495523.547977,32
216738,1780495523.547978,32
216739,1780495523.547979,32
216740,1780495523.560436,34
216741,1780495523.560438,32
216742,1780495523.560439,32
216743,1780495523.56044,32
216744,1780495523.560441,33
216745,1780495523.5604422,32
216746,1780495523.5604422,32
216747,1780495523.560443,32
216748,1780495523.5604439,32
216749,1780495523.5604448,32
216750,1780495523.560446,32
216751,1780495523.5931442,30
216752,1780495523.593146,31
216753,1780495523.5931468,31
216754,1780495523.593148,31
216755,1780495523.593149,32
216756,1780495523.593149,31
216757,1780495523.59315,33
216758,1780495523.593151,32
216759,1780495523.593152,32
216760,1780495523.593153,31
216761,1780495523.593154,32
216762,1780495523.596596,31
216763,1780495523.596598,33
216764,1780495523.596599,31
216765,1780495523.5966,33
216766,1780495523.5966,32
216767,1780495523.596601,32
216768,1780495523.5966022,32
216769,1780495523.596603,32
216770,1780495523.5966039,32
216771,1780495523.5966048,32
216772,1780495523.5991879,32
216773,1780495523.599189,33
216774,1780495523.59919,32
216775,1780495523.599191,31
216776,1780495523.5991979,32
216777,1780495523.599199,31
216778,1780495523.5992,32
216779,1780495523.5992,33
216780,1780495523.599201,33
216781,1780495523.5992022,31
216782,1780495523.599203,31
216783,1780495523.6020322,32
216784,1780495523.6020339,33
216785,1780495523.602035,32
216786,1780495523.602035,32
216787,1780495523.602036,32
216788,1780495523.602037,32
216789,1780495523.602038,33
216790,1780495523.602038,31
216791,1780495523.602039,32
216792,1780495523.60204,31
216793,1780495523.602041,32
216794,1780495523.6342888,32
216795,1780495523.634292,32
216796,1780495523.634293,31
216797,1780495523.634293,31
216798,1780495523.634294,33
216799,1780495523.634295,32
216800,1780495523.634302,31
216801,1780495523.634303,31
216802,1780495523.634304,33
216803,1780495523.634305,33
216804,1780495523.637857,32
216805,1780495523.637859,34
216806,1780495523.63786,32
216807,1780495523.637861,32
216808,1780495523.637861,32
216809,1780495523.637862,31
216810,1780495523.637863,32
216811,1780495523.6378639,32
216812,1780495523.6378639,33
216813,1780495523.637865,32
216814,1780495523.637866,32
216815,1780495523.640415,32
216816,1780495523.640417,33
216817,1780495523.640418,32
216818,1780495523.640419,32
216819,1780495523.6404202,32
216820,1780495523.6404212,31
216821,1780495523.6404212,32
216822,1780495523.6404219,31
216823,1780495523.6404228,33
216824,1780495523.640424,32
216825,1780495523.640425,32
216826,1780495523.644164,32
216827,1780495523.644165,33
216828,1780495523.644166,32
216829,1780495523.644167,33
216830,1780495523.644168,32
216831,1780495523.6441689,32
216832,1780495523.64417,31
216833,1780495523.64417,33
216834,1780495523.644171,31
216835,1780495523.644172,32
216836,1780495523.6758568,32
216837,1780495523.675859,32
216838,1780495523.67586,31
216839,1780495523.675861,32
216840,1780495523.675862,32
216841,1780495523.675863,32
216842,1780495523.675864,32
216843,1780495523.6758652,33
216844,1780495523.6758661,31
216845,1780495523.6758668,32
216846,1780495523.6758678,32
216847,1780495523.6804328,32
216848,1780495523.680435,31
216849,1780495523.680436,33
216850,1780495523.680437,31
216851,1780495523.680438,33
216852,1780495523.680439,32
216853,1780495523.68044,32
216854,1780495523.6804411,29
216855,1780495523.680442,32
216856,1780495523.6804428,32
216857,1780495523.682682,33
216858,1780495523.682684,32
216859,1780495523.6826859,32
216860,1780495523.682687,32
216861,1780495523.682688,32
216862,1780495523.682689,31
216863,1780495523.6826901,32
216864,1780495523.682691,32
216865,1780495523.682692,32
216866,1780495523.682693,32
216867,1780495523.682694,32
216868,1780495523.6867561,32
216869,1780495523.6867578,31
216870,1780495523.686759,32
216871,1780495523.68676,32
216872,1780495523.686761,32
216873,1780495523.686762,32
216874,1780495523.686763,32
216875,1780495523.686764,33
216876,1780495523.686765,33
216877,1780495523.686767,30
216878,1780495523.689709,33
216879,1780495523.7243662,32
216880,1780495523.7243688,32
216881,1780495523.724371,32
216882,1780495523.724372,33
216883,1780495523.724374,32
216884,1780495523.7243788,31
216885,1780495523.72438,31
216886,1780495523.724382,32
216887,1780495523.7243829,32
216888,1780495523.724384,31
216889,1780495523.724386,32
216890,1780495523.7278578,33
216891,1780495523.727861,32
216892,1780495523.727863,31
216893,1780495523.727864,32
216894,1780495523.727865,32
216895,1780495523.7278662,32
216896,1780495523.7278678,33
216897,1780495523.727869,32
216898,1780495523.727871,32
216899,1780495523.727873,32
216900,1780495523.730495,32
216901,1780495523.730498,32
216902,1780495523.730499,32
216903,1780495523.7305012,32
216904,1780495523.730502,32
216905,1780495523.7305028,33
216906,1780495523.730505,31
216907,1780495523.730506,32
216908,1780495523.730508,32
216909,1780495523.730509,31
216910,1780495523.73051,32
216911,1780495523.730512,31
216912,1780495523.7329369,32
216913,1780495523.73294,33
216914,1780495523.7329412,32
216915,1780495523.732942,31
216916,1780495523.7329438,33
216917,1780495523.732945,33
216918,1780495523.732946,31
216919,1780495523.732948,32
216920,1780495523.732949,33
216921,1780495523.732951,33
216922,1780495523.7781792,32
216923,1780495523.778185,32
216924,1780495523.778187,32
216925,1780495523.7781901,32
216926,1780495523.7781918,32
216927,1780495523.778194,32
216928,1780495523.778197,32
216929,1780495523.778199,32
216930,1780495523.778201,32
216931,1780495523.778205,32
216932,1780495523.782058,30
216933,1780495523.782063,32
216934,1780495523.782065,31
216935,1780495523.782068,33
216936,1780495523.78207,31
216937,1780495523.782072,34
216938,1780495523.7820742,32
216939,1780495523.782076,32
216940,1780495523.782079,32
216941,1780495523.7820811,32
216942,1780495523.782084,32
216943,1780495523.7854002,32
216944,1780495523.785404,31
216945,1780495523.785413,33
216946,1780495523.785416,32
216947,1780495523.785419,32
216948,1780495523.7854211,32
216949,1780495523.785423,32
216950,1780495523.785425,32
216951,1780495523.785428,32
216952,1780495523.78543,33
216953,1780495523.785434,31
216954,1780495523.787829,31
216955,1780495523.7878342,33
216956,1780495523.7878358,32
216957,1780495523.787838,32
216958,1780495523.787841,30
216959,1780495523.787843,32
216960,1780495523.7878468,32
216961,1780495523.78786,32
216962,1780495523.787862,32
216963,1780495523.7878652,32
216964,1780495523.790449,31
216965,1780495523.790454,30
216966,1780495523.790456,32
216967,1780495523.790459,32
216968,1780495523.7904608,33
216969,1780495523.790463,32
216970,1780495523.790466,32
216971,1780495523.790468,32
216972,1780495523.7904708,31
216973,1780495523.790473,32
216974,1780495523.790476,31
216975,1780495523.794246,33
216976,1780495523.794253,32
216977,1780495523.794256,32
216978,1780495523.7942588,32
216979,1780495523.794262,32
216980,1780495523.794264,33
216981,1780495523.794267,32
216982,1780495523.79427,31
216983,1780495523.7942731,33
216984,1780495523.794275,31
216985,1780495523.79428,32
216986,1780495523.8260128,31
216987,1780495523.8262799,33
216988,1780495523.826286,32
216989,1780495523.826289,31
216990,1780495523.826299,32
216991,1780495523.8263009,32
216992,1780495523.826307,32
216993,1780495523.826321,33
216994,1780495523.826336,32
216995,1780495523.826346,31
216996,1780495523.8305988,32
216997,1780495523.8306181,32
216998,1780495523.830622,33
216999,1780495523.830626,32
217000,1780495523.8306282,31
217001,1780495523.830631,32
217002,1780495523.8306339,32
217003,1780495523.830637,32
217004,1780495523.8306408,31
217005,1780495523.830643,32
217006,1780495523.83065,32
217007,1780495523.8329291,31
217008,1780495523.8329432,32
217009,1780495523.832947,32
217010,1780495523.832949,32
217011,1780495523.832952,32
217012,1780495523.8329542,32
217013,1780495523.832957,31
217014,1780495523.832959,32
217015,1780495523.832962,33
217016,1780495523.8329642,31
217017,1780495523.835432,31
217018,1780495523.8354392,32
217019,1780495523.835443,32
217020,1780495523.8354461,32
217021,1780495523.8354518,32
217022,1780495523.835454,32
217023,1780495523.835457,31
217024,1780495523.8354602,32
217025,1780495523.8354628,31
217026,1780495523.835466,33
217027,1780495523.835469,33
217028,1780495523.874582,33
217029,1780495523.874628,33
217030,1780495523.874632,32
217031,1780495523.874635,32
217032,1780495523.874638,33
217033,1780495523.87464,32
217034,1780495523.874642,32
217035,1780495523.874646,31
217036,1780495523.874649,32
217037,1780495523.874651,33
217038,1780495523.874658,33
217039,1780495523.877862,32
217040,1780495523.877874,33
217041,1780495523.877878,31
217042,1780495523.877881,32
217043,1780495523.877884,32
217044,1780495523.877887,33
217045,1780495523.87789,32
217046,1780495523.877894,33
217047,1780495523.877897,33
217048,1780495523.8779001,32
217049,1780495523.877905,32
217050,1780495523.880498,32
217051,1780495523.880518,32
217052,1780495523.880522,33
217053,1780495523.880525,32
217054,1780495523.880528,32
217055,1780495523.8805308,32
217056,1780495523.8805351,33
217057,1780495523.880539,33
217058,1780495523.880542,32
217059,1780495523.880546,33
217060,1780495523.883019,32
217061,1780495523.88303,32
217062,1780495523.883033,33
217063,1780495523.883035,33
217064,1780495523.883038,32
217065,1780495523.883041,32
217066,1780495523.883043,33
217067,1780495523.883046,33
217068,1780495523.8830478,31
217069,1780495523.883051,32
217070,1780495523.883054,32
217071,1780495523.920674,32
217072,1780495523.920686,33
217073,1780495523.9206898,32
217074,1780495523.920692,33
217075,1780495523.920694,32
217076,1780495523.920697,32
217077,1780495523.9206998,31
217078,1780495523.920702,33
217079,1780495523.920704,32
217080,1780495523.9207091,33
217081,1780495523.923357,32
217082,1780495523.925351,31
217083,1780495523.925355,31
217084,1780495523.925357,32
217085,1780495523.925359,32
217086,1780495523.925361,32
217087,1780495523.9253619,31
217088,1780495523.925364,32
217089,1780495523.925366,31
217090,1780495523.925368,31
217091,1780495523.925384,32
217092,1780495523.92788,32
217093,1780495523.927885,32
217094,1780495523.9278872,32
217095,1780495523.9278889,32
217096,1780495523.927891,30
217097,1780495523.927893,32
217098,1780495523.927895,31
217099,1780495523.927897,32
217100,1780495523.9278982,32
217101,1780495523.9278998,32
217102,1780495523.927903,31
217103,1780495523.93089,33
217104,1780495523.9308941,31
217105,1780495523.9308958,33
217106,1780495523.930898,33
217107,1780495523.9308999,32
217108,1780495523.930902,32
217109,1780495523.930903,32
217110,1780495523.930905,32
217111,1780495523.9309068,32
217112,1780495523.930909,33
217113,1780495523.930911,31
217114,1780495523.935502,32
217115,1780495523.9355059,32
217116,1780495523.935508,31
217117,1780495523.935509,31
217118,1780495523.935511,31
217119,1780495523.935513,33
217120,1780495523.935515,32
217121,1780495523.9355159,32
217122,1780495523.935518,31
217123,1780495523.93552,32
217124,1780495523.969394,33
217125,1780495523.969399,31
217126,1780495523.9694002,32
217127,1780495523.9694011,31
217128,1780495523.969402,33
217129,1780495523.9694028,32
217130,1780495523.969404,32
217131,1780495523.969405,33
217132,1780495523.969406,32
217133,1780495523.969407,31
217134,1780495523.969409,32
217135,1780495523.972872,31
217136,1780495523.972874,32
217137,1780495523.972875,33
217138,1780495523.972876,31
217139,1780495523.972877,32
217140,1780495523.972878,32
217141,1780495523.9728792,32
217142,1780495523.9728792,33
217143,1780495523.97288,33
217144,1780495523.9728808,32
217145,1780495523.972883,32
217146,1780495523.9757419,32
217147,1780495523.975744,32
217148,1780495523.975745,32
217149,1780495523.9757462,32
217150,1780495523.975747,31
217151,1780495523.975748,33
217152,1780495523.975749,32
217153,1780495523.97575,32
217154,1780495523.975759,31
217155,1780495523.97576,32
217156,1780495523.980414,31
217157,1780495523.980416,31
217158,1780495523.980417,33
217159,1780495523.980418,32
217160,1780495523.9804192,32
217161,1780495523.98042,34
217162,1780495523.980421,32
217163,1780495523.9804218,31
217164,1780495523.9804218,31
217165,1780495523.980423,32
217166,1780495523.980425,33
217167,1780495524.010628,32
217168,1780495524.010632,31
217169,1780495524.010633,33
217170,1780495524.010634,31
217171,1780495524.010634,32
217172,1780495524.010635,33
217173,1780495524.010636,32
217174,1780495524.010637,32
217175,1780495524.010638,32
217176,1780495524.010638,32
217177,1780495524.01064,32
217178,1780495524.0141041,31
217179,1780495524.014107,32
217180,1780495524.014108,32
217181,1780495524.014108,32
217182,1780495524.014109,32
217183,1780495524.0141098,31
217184,1780495524.014111,33
217185,1780495524.014112,32
217186,1780495524.014112,33
217187,1780495524.0141141,32
217188,1780495524.0166972,31
217189,1780495524.0166988,32
217190,1780495524.0166998,32
217191,1780495524.016701,33
217192,1780495524.016702,32
217193,1780495524.016703,32
217194,1780495524.016703,33
217195,1780495524.016704,32
217196,1780495524.016705,32
217197,1780495524.016706,32
217198,1780495524.0167072,33
217199,1780495524.019074,33
217200,1780495524.019076,33
217201,1780495524.019077,33
217202,1780495524.0190778,31
217203,1780495524.0190778,31
217204,1780495524.019079,31
217205,1780495524.01908,31
217206,1780495524.0190861,31
217207,1780495524.0190861,32
217208,1780495524.0190878,32
217209,1780495524.020768,32
217210,1780495524.0792341,32
217211,1780495524.0792372,32
217212,1780495524.079238,32
217213,1780495524.079239,32
217214,1780495524.0792398,32
217215,1780495524.079241,31
217216,1780495524.079242,33
217217,1780495524.079242,31
217218,1780495524.079243,31
217219,1780495524.0792441,32
217220,1780495524.082175,33
217221,1780495524.082177,33
217222,1780495524.082177,31
217223,1780495524.082178,33
217224,1780495524.082179,33
217225,1780495524.08218,33
217226,1780495524.0821812,31
217227,1780495524.0821812,33
217228,1780495524.082182,32
217229,1780495524.082183,32
217230,1780495524.0821838,33
217231,1780495524.0855098,33
217232,1780495524.085511,31
217233,1780495524.085512,33
217234,1780495524.0855129,33
217235,1780495524.085514,32
217236,1780495524.085515,32
217237,1780495524.085516,32
217238,1780495524.085516,31
217239,1780495524.0855172,32
217240,1780495524.0855181,31
217241,1780495524.085519,32
217242,1780495524.087862,30
217243,1780495524.0878642,31
217244,1780495524.087865,32
217245,1780495524.087865,33
217246,1780495524.087866,32
217247,1780495524.0878668,31
217248,1780495524.087868,31
217249,1780495524.087869,31
217250,1780495524.087869,33
217251,1780495524.087871,32
217252,1780495524.090385,32
217253,1780495524.0903869,32
217254,1780495524.0903869,32
217255,1780495524.090388,32
217256,1780495524.090389,32
217257,1780495524.09039,32
217258,1780495524.0903912,34
217259,1780495524.090392,32
217260,1780495524.090396,31
217261,1780495524.090397,31
217262,1780495524.0903978,32
217263,1780495524.0929449,32
217264,1780495524.092947,31
217265,1780495524.092948,32
217266,1780495524.092948,32
217267,1780495524.092949,31
217268,1780495524.09295,32
217269,1780495524.092951,32
217270,1780495524.092952,30
217271,1780495524.0929532,31
217272,1780495524.0929532,32
217273,1780495524.0929549,32
217274,1780495524.0958169,33
217275,1780495524.095819,31
217276,1780495524.09582,31
217277,1780495524.09582,33
217278,1780495524.0958211,33
217279,1780495524.095822,32
217280,1780495524.095823,33
217281,1780495524.0958238,31
217282,1780495524.095825,32
217283,1780495524.095826,31
217284,1780495524.105555,32
217285,1780495524.105557,32
217286,1780495524.105559,32
217287,1780495524.10556,32
217288,1780495524.105561,33
217289,1780495524.1055622,32
217290,1780495524.105563,33
217291,1780495524.105563,32
217292,1780495524.1055639,31
217293,1780495524.1055648,31
217294,1780495524.105567,31
217295,1780495524.135668,31
217296,1780495524.1356711,33
217297,1780495524.135672,33
217298,1780495524.135673,32
217299,1780495524.135674,32
217300,1780495524.135675,33
217301,1780495524.1356769,31
217302,1780495524.135678,32
217303,1780495524.135679,33
217304,1780495524.13568,33
217305,1780495524.135681,33
217306,1780495524.135683,32
217307,1780495524.1390562,34
217308,1780495524.1390579,31
217309,1780495524.1390588,31
217310,1780495524.139061,32
217311,1780495524.139062,33
217312,1780495524.1390631,34
217313,1780495524.139064,33
217314,1780495524.139065,32
217315,1780495524.139067,32
217316,1780495524.142037,31
217317,1780495524.142039,31
217318,1780495524.1420412,32
217319,1780495524.1420422,32
217320,1780495524.1420429,31
217321,1780495524.1420522,32
217322,1780495524.1420531,31
217323,1780495524.1420538,31
217324,1780495524.1420548,32
217325,1780495524.142057,33
217326,1780495524.142059,32
217327,1780495524.14671,32
217328,1780495524.146712,33
217329,1780495524.1467142,32
217330,1780495524.1467159,32
217331,1780495524.1467168,31
217332,1780495524.146718,32
217333,1780495524.146719,33
217334,1780495524.14672,32
217335,1780495524.146722,32
217336,1780495524.146724,32
217337,1780495524.149698,32
217338,1780495524.179397,33
217339,1780495524.179401,32
217340,1780495524.179403,32
217341,1780495524.179405,32
217342,1780495524.1794062,32
217343,1780495524.1794078,32
217344,1780495524.17941,32
217345,1780495524.179411,32
217346,1780495524.179413,31
217347,1780495524.179415,31
217348,1780495524.1829078,32
217349,1780495524.182911,32
217350,1780495524.182913,32
217351,1780495524.182915,32
217352,1780495524.1829162,32
217353,1780495524.1829178,31
217354,1780495524.182919,32
217355,1780495524.182921,32
217356,1780495524.182922,31
217357,1780495524.182924,32
217358,1780495524.1829262,32
217359,1780495524.185854,32
217360,1780495524.185858,32
217361,1780495524.1858602,31
217362,1780495524.185861,33
217363,1780495524.185863,32
217364,1780495524.185864,33
217365,1780495524.1858659,33
217366,1780495524.185867,31
217367,1780495524.185869,32
217368,1780495524.1858711,32
217369,1780495524.1858728,32
217370,1780495524.190345,32
217371,1780495524.1903481,33
217372,1780495524.190351,32
217373,1780495524.190353,32
217374,1780495524.190355,33
217375,1780495524.190357,32
217376,1780495524.190358,31
217377,1780495524.19036,33
217378,1780495524.1903622,32
217379,1780495524.1903648,32
217380,1780495524.1979892,33
217381,1780495524.197993,31
217382,1780495524.197995,32
217383,1780495524.197997,32
217384,1780495524.197999,33
217385,1780495524.198001,31
217386,1780495524.198003,33
217387,1780495524.198005,33
217388,1780495524.198007,32
217389,1780495524.198008,32
217390,1780495524.198011,32
217391,1780495524.229457,32
217392,1780495524.2294662,33
217393,1780495524.2294688,32
217394,1780495524.229472,32
217395,1780495524.229475,33
217396,1780495524.229478,32
217397,1780495524.229481,32
217398,1780495524.229483,32
217399,1780495524.229486,32
217400,1780495524.2294888,32
217401,1780495524.235451,32
217402,1780495524.235457,32
217403,1780495524.23546,32
217404,1780495524.2354639,31
217405,1780495524.235467,32
217406,1780495524.23547,32
217407,1780495524.235473,32
217408,1780495524.235476,32
217409,1780495524.235479,32
217410,1780495524.2354822,32
217411,1780495524.235486,32
217412,1780495524.2380102,32
217413,1780495524.2380228,33
217414,1780495524.238026,31
217415,1780495524.238029,32
217416,1780495524.2380319,32
217417,1780495524.238035,31
217418,1780495524.238039,31
217419,1780495524.2380412,32
217420,1780495524.2380438,32
217421,1780495524.238046,32
217422,1780495524.2380512,33
217423,1780495524.245894,32
217424,1780495524.245909,32
217425,1780495524.245912,31
217426,1780495524.245915,32
217427,1780495524.245918,33
217428,1780495524.24592,32
217429,1780495524.245922,31
217430,1780495524.2459252,31
217431,1780495524.245928,31
217432,1780495524.245931,32
217433,1780495524.245934,31
217434,1780495524.279552,32
217435,1780495524.279573,33
217436,1780495524.279577,31
217437,1780495524.279579,32
217438,1780495524.279582,33
217439,1780495524.279584,32
217440,1780495524.279587,33
217441,1780495524.2795908,33
217442,1780495524.279593,32
217443,1780495524.279597,33
217444,1780495524.282868,33
217445,1780495524.2828732,34
217446,1780495524.2828748,32
217447,1780495524.282877,32
217448,1780495524.28288,31
217449,1780495524.282882,32
217450,1780495524.2828841,32
217451,1780495524.282887,33
217452,1780495524.282889,31
217453,1780495524.282891,32
217454,1780495524.2828941,33
217455,1780495524.285302,32
217456,1780495524.285308,32
217457,1780495524.2853131,32
217458,1780495524.285316,32
217459,1780495524.285318,31
217460,1780495524.285321,32
217461,1780495524.285323,32
217462,1780495524.285325,31
217463,1780495524.2853272,32
217464,1780495524.2853289,33
217465,1780495524.285333,32
217466,1780495524.2880168,32
217467,1780495524.288026,33
217468,1780495524.2880309,31
217469,1780495524.288105,32
217470,1780495524.28811,32
217471,1780495524.288115,33
217472,1780495524.288121,32
217473,1780495524.288126,32
217474,1780495524.288131,32
217475,1780495524.288137,33
217476,1780495524.327683,31
217477,1780495524.3277109,32
217478,1780495524.327714,31
217479,1780495524.327717,33
217480,1780495524.327719,32
217481,1780495524.327722,32
217482,1780495524.3277252,31
217483,1780495524.327727,33
217484,1780495524.327729,33
217485,1780495524.327733,32
217486,1780495524.3297,31
217487,1780495524.3317251,33
217488,1780495524.331736,32
217489,1780495524.331739,32
217490,1780495524.331742,32
217491,1780495524.331744,32
217492,1780495524.3317509,32
217493,1780495524.331754,32
217494,1780495524.331756,32
217495,1780495524.331758,32
217496,1780495524.331761,32
217497,1780495524.3317661,31
217498,1780495524.3341172,33
217499,1780495524.334122,33
217500,1780495524.334124,33
217501,1780495524.334126,31
217502,1780495524.3341281,32
217503,1780495524.334131,32
217504,1780495524.3341382,31
217505,1780495524.334141,32
217506,1780495524.334144,32
217507,1780495524.3341482,32
217508,1780495524.337048,31
217509,1780495524.337054,33
217510,1780495524.337057,32
217511,1780495524.337059,32
217512,1780495524.337062,32
217513,1780495524.337064,31
217514,1780495524.337066,32
217515,1780495524.337069,32
217516,1780495524.3370712,32
217517,1780495524.3370738,32
217518,1780495524.337077,32
217519,1780495524.3404748,32
217520,1780495524.3404832,32
217521,1780495524.340487,32
217522,1780495524.340491,31
217523,1780495524.340495,32
217524,1780495524.340498,32
217525,1780495524.340501,32
217526,1780495524.3405051,33
217527,1780495524.340508,32
217528,1780495524.34055,32
217529,1780495524.340555,32
217530,1780495524.3844118,32
217531,1780495524.3844202,31
217532,1780495524.3844218,32
217533,1780495524.384424,32
217534,1780495524.384425,32
217535,1780495524.384427,33
217536,1780495524.384428,31
217537,1780495524.3844302,31
217538,1780495524.3844311,32
217539,1780495524.384434,32
217540,1780495524.387875,32
217541,1780495524.387878,32
217542,1780495524.387879,31
217543,1780495524.387881,31
217544,1780495524.387882,33
217545,1780495524.387883,33
217546,1780495524.387885,33
217547,1780495524.387886,31
217548,1780495524.3878882,32
217549,1780495524.3878899,32
217550,1780495524.387892,33
217551,1780495524.39029,33
217552,1780495524.390293,32
217553,1780495524.390294,32
217554,1780495524.390295,32
217555,1780495524.390296,33
217556,1780495524.3902972,32
217557,1780495524.3902981,32
217558,1780495524.3902998,32
217559,1780495524.390301,31
217560,1780495524.390302,32
217561,1780495524.390304,31
217562,1780495524.392807,31
217563,1780495524.3928099,33
217564,1780495524.392811,31
217565,1780495524.392813,33
217566,1780495524.3928142,32
217567,1780495524.392815,32
217568,1780495524.3928168,32
217569,1780495524.392818,32
217570,1780495524.392819,32
217571,1780495524.392821,32
217572,1780495524.3958862,31
217573,1780495524.3958888,32
217574,1780495524.395901,32
217575,1780495524.395902,32
217576,1780495524.3959029,32
217577,1780495524.395905,32
217578,1780495524.395906,32
217579,1780495524.3959072,31
217580,1780495524.395908,32
217581,1780495524.395909,32
217582,1780495524.395911,31
217583,1780495524.4065971,32
217584,1780495524.4066,32
217585,1780495524.406601,33
217586,1780495524.406602,32
217587,1780495524.406603,31
217588,1780495524.406604,32
217589,1780495524.406605,32
217590,1780495524.4066062,32
217591,1780495524.4066072,31
217592,1780495524.4066088,32
217593,1780495524.408415,32
217594,1780495524.439303,31
217595,1780495524.439307,32
217596,1780495524.439308,32
217597,1780495524.4393091,31
217598,1780495524.43931,32
217599,1780495524.43931,33
217600,1780495524.439311,32
217601,1780495524.439312,31
217602,1780495524.439313,32
217603,1780495524.439314,32
217604,1780495524.4454389,33
217605,1780495524.445441,32
217606,1780495524.445442,31
217607,1780495524.4454432,31
217608,1780495524.445444,33
217609,1780495524.445445,31
217610,1780495524.445445,32
217611,1780495524.4454458,32
217612,1780495524.445447,32
217613,1780495524.445448,31
217614,1780495524.4454489,31
217615,1780495524.447864,33
217616,1780495524.4478662,33
217617,1780495524.447867,31
217618,1780495524.447867,33
217619,1780495524.4478679,32
217620,1780495524.4478688,32
217621,1780495524.44787,32
217622,1780495524.44787,31
217623,1780495524.447871,32
217624,1780495524.447872,33
217625,1780495524.4503858,31
217626,1780495524.450388,33
217627,1780495524.450389,32
217628,1780495524.45039,32
217629,1780495524.450391,33
217630,1780495524.450391,31
217631,1780495524.450392,31
217632,1780495524.4503932,33
217633,1780495524.4503942,32
217634,1780495524.4503949,31
217635,1780495524.4503958,32
217636,1780495524.454206,32
217637,1780495524.454208,33
217638,1780495524.454218,32
217639,1780495524.454219,33
217640,1780495524.454219,31
217641,1780495524.45422,32
217642,1780495524.454221,32
217643,1780495524.454222,32
217644,1780495524.454222,32
217645,1780495524.4542239,33
217646,1780495524.457314,33
217647,1780495524.489215,32
217648,1780495524.4892192,32
217649,1780495524.4892201,31
217650,1780495524.4892201,31
217651,1780495524.489221,32
217652,1780495524.4892218,32
217653,1780495524.489223,32
217654,1780495524.489224,32
217655,1780495524.489225,31
217656,1780495524.489226,33
217657,1780495524.4920819,32
217658,1780495524.494032,31
217659,1780495524.4940329,32
217660,1780495524.4940338,31
217661,1780495524.494035,32
217662,1780495524.494036,31
217663,1780495524.494037,32
217664,1780495524.494038,33
217665,1780495524.494038,32
217666,1780495524.494039,32
217667,1780495524.49404,31
217668,1780495524.496594,30
217669,1780495524.496597,32
217670,1780495524.496598,33
217671,1780495524.496598,32
217672,1780495524.496599,32
217673,1780495524.4966002,32
217674,1780495524.496601,32
217675,1780495524.496602,32
217676,1780495524.496602,33
217677,1780495524.4966028,32
217678,1780495524.496604,31
217679,1780495524.4992058,31
217680,1780495524.499207,32
217681,1780495524.499208,33
217682,1780495524.499209,32
217683,1780495524.49921,32
217684,1780495524.49921,32
217685,1780495524.499211,32
217686,1780495524.499212,31
217687,1780495524.499213,32
217688,1780495524.499213,31
217689,1780495524.4992151,33
217690,1780495524.534407,33
217691,1780495524.53441,31
217692,1780495524.534411,32
217693,1780495524.534411,32
217694,1780495524.5344121,33
217695,1780495524.534413,32
217696,1780495524.534414,31
217697,1780495524.534415,31
217698,1780495524.534416,32
217699,1780495524.534417,32
217700,1780495524.5344179,32
217701,1780495524.5378802,31
217702,1780495524.537882,32
217703,1780495524.5378828,31
217704,1780495524.537884,33
217705,1780495524.537884,32
217706,1780495524.537885,33
217707,1780495524.537886,32
217708,1780495524.5378869,31
217709,1780495524.537888,32
217710,1780495524.537889,31
217711,1780495524.540409,32
217712,1780495524.540412,32
217713,1780495524.540413,31
217714,1780495524.5404139,33
217715,1780495524.540415,32
217716,1780495524.540415,32
217717,1780495524.540416,33
217718,1780495524.540417,31
217719,1780495524.5404181,31
217720,1780495524.540419,32
217721,1780495524.540421,32
217722,1780495524.5430138,31
217723,1780495524.543016,31
217724,1780495524.543017,32
217725,1780495524.543018,33
217726,1780495524.543019,31
217727,1780495524.54302,32
217728,1780495524.543021,33
217729,1780495524.5430222,32
217730,1780495524.543023,32
217731,1780495524.543024,32
217732,1780495524.5567849,32
217733,1780495524.556787,30
217734,1780495524.556788,31
217735,1780495524.556789,33
217736,1780495524.55679,32
217737,1780495524.556791,32
217738,1780495524.556792,33
217739,1780495524.556793,32
217740,1780495524.5567942,32
217741,1780495524.556795,32
217742,1780495524.556797,32
217743,1780495524.5869381,32
217744,1780495524.5869398,31
217745,1780495524.586942,32
217746,1780495524.586943,31
217747,1780495524.586944,31
217748,1780495524.586945,32
217749,1780495524.586946,32
217750,1780495524.5869482,31
217751,1780495524.586949,31
217752,1780495524.5869498,31
217753,1780495524.586952,32
217754,1780495524.590921,34
217755,1780495524.590925,32
217756,1780495524.5909262,31
217757,1780495524.5909271,33
217758,1780495524.5909288,32
217759,1780495524.59093,32
217760,1780495524.590932,32
217761,1780495524.590933,31
217762,1780495524.590934,32
217763,1780495524.590936,31
217764,1780495524.595386,32
217765,1780495524.595389,32
217766,1780495524.5953898,30
217767,1780495524.595392,33
217768,1780495524.595393,31
217769,1780495524.5953941,32
217770,1780495524.595396,32
217771,1780495524.5953972,31
217772,1780495524.595398,31
217773,1780495524.5953999,31
217774,1780495524.595402,32
217775,1780495524.597909,33
217776,1780495524.597912,31
217777,1780495524.5979142,31
217778,1780495524.597915,32
217779,1780495524.597926,31
217780,1780495524.597928,31
217781,1780495524.59793,31
217782,1780495524.597931,32
217783,1780495524.597932,32
217784,1780495524.597939,31
217785,1780495524.597965,33
217786,1780495524.6280708,33
217787,1780495524.628076,32
217788,1780495524.6280792,33
217789,1780495524.6280801,33
217790,1780495524.628082,31
217791,1780495524.628084,33
217792,1780495524.628086,32
217793,1780495524.628088,33
217794,1780495524.6280901,32
217795,1780495524.6280918,31
217796,1780495524.6316009,32
217797,1780495524.631604,32
217798,1780495524.631606,32
217799,1780495524.631608,32
217800,1780495524.6316102,32
217801,1780495524.6316118,32
217802,1780495524.631614,32
217803,1780495524.631615,32
217804,1780495524.631617,32
217805,1780495524.6316202,32
217806,1780495524.633334,32
217807,1780495524.635919,33
217808,1780495524.6359308,32
217809,1780495524.635933,32
217810,1780495524.635935,33
217811,1780495524.635937,31
217812,1780495524.6359391,32
217813,1780495524.63594,30
217814,1780495524.635942,33
217815,1780495524.635944,32
217816,1780495524.635946,33
217817,1780495524.635948,34
217818,1780495524.640439,32
217819,1780495524.6404421,33
217820,1780495524.6404438,32
217821,1780495524.640446,32
217822,1780495524.640448,31
217823,1780495524.640449,31
217824,1780495524.640451,32
217825,1780495524.640453,32
217826,1780495524.640455,31
217827,1780495524.6404579,32
217828,1780495524.6845078,32
217829,1780495524.6845329,33
217830,1780495524.6845372,32
217831,1780495524.6845398,32
217832,1780495524.684543,32
217833,1780495524.6845472,31
217834,1780495524.684551,32
217835,1780495524.684554,31
217836,1780495524.684557,32
217837,1780495524.684562,31
217838,1780495524.687148,31
217839,1780495524.689211,32
217840,1780495524.6892228,31
217841,1780495524.689228,32
217842,1780495524.6892328,32
217843,1780495524.6892369,32
217844,1780495524.6892412,32
217845,1780495524.689245,33
217846,1780495524.689248,31
217847,1780495524.6892521,33
217848,1780495524.689255,32
217849,1780495524.691666,32
217850,1780495524.691676,31
217851,1780495524.691681,31
217852,1780495524.6916852,33
217853,1780495524.6916878,32
217854,1780495524.691692,32
217855,1780495524.6916952,32
217856,1780495524.691703,32
217857,1780495524.6917062,31
217858,1780495524.691709,31
217859,1780495524.691714,33
217860,1780495524.694052,33
217861,1780495524.694057,32
217862,1780495524.69406,33
217863,1780495524.694067,31
217864,1780495524.69407,33
217865,1780495524.6940732,32
217866,1780495524.6940749,32
217867,1780495524.694077,33
217868,1780495524.69408,31
217869,1780495524.694082,32
217870,1780495524.6940851,32
217871,1780495524.697024,33
217872,1780495524.6970382,31
217873,1780495524.6970408,33
217874,1780495524.697044,32
217875,1780495524.697046,33
217876,1780495524.697048,32
217877,1780495524.6970508,31
217878,1780495524.697054,32
217879,1780495524.697056,31
217880,1780495524.69706,33
217881,1780495524.702091,31
217882,1780495524.704247,31
217883,1780495524.704258,32
217884,1780495524.704261,33
217885,1780495524.704264,31
217886,1780495524.704267,33
217887,1780495524.7042692,32
217888,1780495524.7042718,32
217889,1780495524.704275,32
217890,1780495524.704278,33
217891,1780495524.704282,32
217892,1780495524.734484,33
217893,1780495524.7345018,31
217894,1780495524.734505,31
217895,1780495524.734508,32
217896,1780495524.7345111,33
217897,1780495524.734514,31
217898,1780495524.734517,31
217899,1780495524.734519,32
217900,1780495524.734522,33
217901,1780495524.734526,31
217902,1780495524.7371771,33
217903,1780495524.73915,32
217904,1780495524.739158,31
217905,1780495524.739163,32
217906,1780495524.739166,32
217907,1780495524.7391691,32
217908,1780495524.739172,33
217909,1780495524.7391748,32
217910,1780495524.739178,32
217911,1780495524.739181,33
217912,1780495524.7391832,33
217913,1780495524.7391858,33
217914,1780495524.741965,32
217915,1780495524.7419698,32
217916,1780495524.741973,32
217917,1780495524.741975,32
217918,1780495524.741977,32
217919,1780495524.7419798,33
217920,1780495524.741984,32
217921,1780495524.741987,32
217922,1780495524.7419891,32
217923,1780495524.741992,30
217924,1780495524.7711182,32
217925,1780495524.771143,31
217926,1780495524.771147,33
217927,1780495524.771153,32
217928,1780495524.7711549,33
217929,1780495524.771158,31
217930,1780495524.771161,32
217931,1780495524.7711658,31
217932,1780495524.771169,32
217933,1780495524.771172,31
217934,1780495524.7711759,33
217935,1780495524.775419,32
217936,1780495524.77543,33
217937,1780495524.775434,32
217938,1780495524.775436,32
217939,1780495524.77544,32
217940,1780495524.775442,31
217941,1780495524.775445,32
217942,1780495524.7754471,32
217943,1780495524.7754502,33
217944,1780495524.775452,32
217945,1780495524.775455,32
217946,1780495524.777876,33
217947,1780495524.777885,31
217948,1780495524.777888,32
217949,1780495524.7778912,32
217950,1780495524.7778938,33
217951,1780495524.777896,32
217952,1780495524.7779,32
217953,1780495524.7779331,32
217954,1780495524.777936,33
217955,1780495524.77794,32
217956,1780495524.780544,32
217957,1780495524.7805529,32
217958,1780495524.780555,31
217959,1780495524.780558,32
217960,1780495524.7805598,33
217961,1780495524.780562,32
217962,1780495524.780565,32
217963,1780495524.7805681,33
217964,1780495524.78057,32
217965,1780495524.780572,31
217966,1780495524.780575,31
217967,1780495524.810713,32
217968,1780495524.81072,31
217969,1780495524.810723,32
217970,1780495524.8107252,34
217971,1780495524.810726,32
217972,1780495524.8107278,32
217973,1780495524.81073,31
217974,1780495524.8107321,33
217975,1780495524.810734,31
217976,1780495524.8107362,33
217977,1780495524.810739,31
217978,1780495524.814124,31
217979,1780495524.8141282,32
217980,1780495524.8141298,32
217981,1780495524.814131,32
217982,1780495524.814133,32
217983,1780495524.814135,31
217984,1780495524.814136,33
217985,1780495524.8141382,32
217986,1780495524.814139,33
217987,1780495524.814142,32
217988,1780495524.817038,33
217989,1780495524.817041,32
217990,1780495524.8170428,32
217991,1780495524.817045,33
217992,1780495524.817046,32
217993,1780495524.817048,33
217994,1780495524.817049,32
217995,1780495524.817051,32
217996,1780495524.817052,33
217997,1780495524.817054,31
217998,1780495524.817056,31
217999,1780495524.820415,31
218000,1780495524.820419,32
218001,1780495524.82042,32
218002,1780495524.820422,32
218003,1780495524.8204238,31
218004,1780495524.820425,32
218005,1780495524.820427,32
218006,1780495524.820429,32
218007,1780495524.82043,32
218008,1780495524.820432,33
218009,1780495524.8204339,32
218010,1780495524.850519,32
218011,1780495524.850525,33
218012,1780495524.8505259,31
218013,1780495524.850527,32
218014,1780495524.850528,32
218015,1780495524.850529,32
218016,1780495524.850531,32
218017,1780495524.850532,32
218018,1780495524.850533,32
218019,1780495524.850534,31
218020,1780495524.854097,32
218021,1780495524.854099,32
218022,1780495524.8541,31
218023,1780495524.8541,31
218024,1780495524.854101,31
218025,1780495524.8541021,32
218026,1780495524.854103,32
218027,1780495524.854104,33
218028,1780495524.854105,31
218029,1780495524.854105,33
218030,1780495524.854107,32
218031,1780495524.856564,33
218032,1780495524.856566,31
218033,1780495524.8565671,32
218034,1780495524.856568,33
218035,1780495524.856569,32
218036,1780495524.856569,33
218037,1780495524.85657,32
218038,1780495524.856571,31
218039,1780495524.856572,31
218040,1780495524.8565729,32
218041,1780495524.856574,31
218042,1780495524.8591201,32
218043,1780495524.8591208,31
218044,1780495524.859122,33
218045,1780495524.859123,33
218046,1780495524.859124,33
218047,1780495524.859125,33
218048,1780495524.859125,32
218049,1780495524.859126,31
218050,1780495524.859127,32
218051,1780495524.859128,32
218052,1780495524.894374,33
218053,1780495524.894377,31
218054,1780495524.894378,33
218055,1780495524.894379,31
218056,1780495524.894379,32
218057,1780495524.89438,33
218058,1780495524.894381,32
218059,1780495524.894382,31
218060,1780495524.894382,33
218061,1780495524.8943832,32
218062,1780495524.8943849,32
218063,1780495524.900428,33
218064,1780495524.90043,32
218065,1780495524.9004312,33
218066,1780495524.9004319,31
218067,1780495524.9004328,32
218068,1780495524.900434,32
218069,1780495524.900434,31
218070,1780495524.900435,32
218071,1780495524.900436,31
218072,1780495524.9004369,32
218073,1780495524.900438,33
218074,1780495524.902737,31
218075,1780495524.902739,32
218076,1780495524.90274,32
218077,1780495524.902741,31
218078,1780495524.902741,32
218079,1780495524.902742,32
218080,1780495524.902743,33
218081,1780495524.902744,31
218082,1780495524.902745,33
218083,1780495524.9027462,32
218084,1780495524.9253461,32
218085,1780495524.925348,33
218086,1780495524.9253492,32
218087,1780495524.92535,33
218088,1780495524.925351,31
218089,1780495524.9253519,31
218090,1780495524.9253519,32
218091,1780495524.925353,32
218092,1780495524.925354,32
218093,1780495524.925355,33
218094,1780495524.927068,32
218095,1780495524.929179,32
218096,1780495524.92918,32
218097,1780495524.9291809,32
218098,1780495524.929182,31
218099,1780495524.929183,31
218100,1780495524.929184,32
218101,1780495524.929185,30
218102,1780495524.929185,32
218103,1780495524.9291909,32
218104,1780495524.9291918,32
218105,1780495524.929193,31
218106,1780495524.9315891,31
218107,1780495524.9315898,32
218108,1780495524.9315908,31
218109,1780495524.931592,31
218110,1780495524.931593,32
218111,1780495524.931593,32
218112,1780495524.931594,32
218113,1780495524.931595,32
218114,1780495524.931596,33
218115,1780495524.931597,33
218116,1780495524.934171,33
218117,1780495524.9341729,31
218118,1780495524.934174,32
218119,1780495524.934175,31
218120,1780495524.934176,32
218121,1780495524.934176,32
218122,1780495524.934177,32
218123,1780495524.934178,32
218124,1780495524.934179,31
218125,1780495524.934179,31
218126,1780495524.9341812,33
218127,1780495524.982188,32
218128,1780495524.982192,32
218129,1780495524.982193,32
218130,1780495524.982194,33
218131,1780495524.982195,33
218132,1780495524.9821959,32
218133,1780495524.982197,32
218134,1780495524.982198,32
218135,1780495524.982199,32
218136,1780495524.9822001,32
218137,1780495524.982201,32
218138,1780495524.9853928,32
218139,1780495524.985395,32
218140,1780495524.985396,32
218141,1780495524.985397,32
218142,1780495524.985398,32
218143,1780495524.985399,32
218144,1780495524.9854,32
218145,1780495524.9854012,32
218146,1780495524.985402,31
218147,1780495524.985404,32
218148,1780495524.98789,32
218149,1780495524.987892,32
218150,1780495524.987893,32
218151,1780495524.987894,32
218152,1780495524.987895,31
218153,1780495524.987896,33
218154,1780495524.9878972,31
218155,1780495524.987898,31
218156,1780495524.987898,32
218157,1780495524.9878988,33
218158,1780495524.987901,31
218159,1780495524.990271,33
218160,1780495524.990274,32
218161,1780495524.9902751,32
218162,1780495524.990293,32
218163,1780495524.990294,32
218164,1780495524.990295,32
218165,1780495524.990295,32
218166,1780495524.9902961,33
218167,1780495524.990297,31
218168,1780495524.990298,31
218169,1780495524.9928849,33
218170,1780495524.992888,33
218171,1780495524.9928892,30
218172,1780495524.9928901,32
218173,1780495524.9928908,32
218174,1780495524.9928918,32
218175,1780495524.992893,32
218176,1780495524.992894,32
218177,1780495524.992895,31
218178,1780495524.992896,33
218179,1780495524.992898,32
218180,1780495525.000473,32
218181,1780495525.000475,33
218182,1780495525.000476,32
218183,1780495525.0004768,32
218184,1780495525.000478,32
218185,1780495525.000478,31
218186,1780495525.000479,32
218187,1780495525.00048,31
218188,1780495525.0004811,32
218189,1780495525.000482,32
218190,1780495525.000484,33
218191,1780495525.030658,33
218192,1780495525.030661,32
218193,1780495525.0306618,31
218194,1780495525.030663,32
218195,1780495525.030664,32
218196,1780495525.0306659,32
218197,1780495525.030667,33
218198,1780495525.030668,32
218199,1780495525.0306702,32
218200,1780495525.0306711,33
218201,1780495525.0306728,33
218202,1780495525.034167,33
218203,1780495525.0341702,32
218204,1780495525.0341709,32
218205,1780495525.0341718,32
218206,1780495525.034173,33
218207,1780495525.034175,32
218208,1780495525.034176,33
218209,1780495525.034177,32
218210,1780495525.034178,32
218211,1780495525.0341802,31
218212,1780495525.036713,32
218213,1780495525.036716,32
218214,1780495525.036717,32
218215,1780495525.0367181,32
218216,1780495525.03672,31
218217,1780495525.036721,32
218218,1780495525.036726,32
218219,1780495525.0367281,33
218220,1780495525.036729,32
218221,1780495525.03673,32
218222,1780495525.036732,32
218223,1780495525.045504,31
218224,1780495525.045507,33
218225,1780495525.045509,32
218226,1780495525.0455098,32
218227,1780495525.045512,33
218228,1780495525.045513,32
218229,1780495525.0455139,33
218230,1780495525.045516,31
218231,1780495525.045517,31
218232,1780495525.0455182,32
218233,1780495525.0455198,32
218234,1780495525.076878,31
218235,1780495525.076882,32
218236,1780495525.076884,32
218237,1780495525.076886,32
218238,1780495525.076888,31
218239,1780495525.076889,31
218240,1780495525.076891,31
218241,1780495525.0768929,32
218242,1780495525.076895,33
218243,1780495525.076898,31
218244,1780495525.080427,32
218245,1780495525.0804312,32
218246,1780495525.080433,32
218247,1780495525.0804338,32
218248,1780495525.080436,32
218249,1780495525.080438,32
218250,1780495525.08044,32
218251,1780495525.0804422,31
218252,1780495525.080443,33
218253,1780495525.0804448,32
218254,1780495525.080448,32
218255,1780495525.082888,32
218256,1780495525.082892,33
218257,1780495525.082894,31
218258,1780495525.082895,33
218259,1780495525.082897,32
218260,1780495525.0828989,33
218261,1780495525.082901,31
218262,1780495525.0829031,32
218263,1780495525.082904,32
218264,1780495525.082906,33
218265,1780495525.0829089,32
218266,1780495525.085909,33
218267,1780495525.0859132,31
218268,1780495525.0859258,31
218269,1780495525.085928,32
218270,1780495525.0859299,31
218271,1780495525.085933,31
218272,1780495525.085935,33
218273,1780495525.0859368,32
218274,1780495525.08594,31
218275,1780495525.085943,32
218276,1780495525.119512,31
218277,1780495525.1195269,33
218278,1780495525.119531,32
218279,1780495525.119533,32
218280,1780495525.1195362,32
218281,1780495525.1195378,32
218282,1780495525.11954,32
218283,1780495525.1195421,32
218284,1780495525.119544,32
218285,1780495525.119547,33
218286,1780495525.11955,32
218287,1780495525.1230001,31
218288,1780495525.123007,32
218289,1780495525.123011,32
218290,1780495525.123015,31
218291,1780495525.123018,33
218292,1780495525.1230211,31
218293,1780495525.123024,33
218294,1780495525.1230268,31
218295,1780495525.12303,31
218296,1780495525.123032,33
218297,1780495525.123035,33
218298,1780495525.123039,32
218299,1780495525.125325,31
218300,1780495525.12533,31
218301,1780495525.125333,31
218302,1780495525.1253362,32
218303,1780495525.125338,32
218304,1780495525.125343,32
218305,1780495525.125346,32
218306,1780495525.125348,32
218307,1780495525.125352,32
218308,1780495525.1276622,33
218309,1780495525.127667,31
218310,1780495525.12767,32
218311,1780495525.1276731,32
218312,1780495525.127676,32
218313,1780495525.1276789,31
218314,1780495525.1276832,32
218315,1780495525.127685,33
218316,1780495525.127688,33
218317,1780495525.127692,32
218318,1780495525.129638,31
218319,1780495525.161328,33
218320,1780495525.1613572,32
218321,1780495525.161361,31
218322,1780495525.161365,31
218323,1780495525.1613681,32
218324,1780495525.161372,32
218325,1780495525.161375,31
218326,1780495525.1613781,33
218327,1780495525.161381,32
218328,1780495525.1613839,31
218329,1780495525.161387,32
218330,1780495525.161391,33
218331,1780495525.165499,32
218332,1780495525.16552,31
218333,1780495525.165523,31
218334,1780495525.165526,31
218335,1780495525.165528,32
218336,1780495525.165531,32
218337,1780495525.165534,32
218338,1780495525.165537,33
218339,1780495525.16554,32
218340,1780495525.16784,32
218341,1780495525.167844,32
218342,1780495525.167847,32
218343,1780495525.167849,31
218344,1780495525.167851,32
218345,1780495525.167853,32
218346,1780495525.1678562,32
218347,1780495525.1678588,32
218348,1780495525.1678772,31
218349,1780495525.1678789,32
218350,1780495525.167883,32
218351,1780495525.1704,32
218352,1780495525.1704059,33
218353,1780495525.170411,32
218354,1780495525.170413,32
218355,1780495525.1704152,32
218356,1780495525.170418,32
218357,1780495525.170421,32
218358,1780495525.170423,31
218359,1780495525.1704252,32
218360,1780495525.1704268,32
218361,1780495525.17043,32
218362,1780495525.201834,32
218363,1780495525.201874,32
218364,1780495525.201878,32
218365,1780495525.20188,32
218366,1780495525.2018821,31
218367,1780495525.201885,32
218368,1780495525.20189,33
218369,1780495525.201893,32
218370,1780495525.201896,31
218371,1780495525.201901,32
218372,1780495525.2040331,32
218373,1780495525.204038,32
218374,1780495525.204041,32
218375,1780495525.204043,31
218376,1780495525.204046,33
218377,1780495525.204048,32
218378,1780495525.2040498,32
218379,1780495525.204053,32
218380,1780495525.204055,31
218381,1780495525.204057,32
218382,1780495525.204061,32
218383,1780495525.207018,33
218384,1780495525.207027,33
218385,1780495525.20703,32
218386,1780495525.207032,32
218387,1780495525.2070348,32
218388,1780495525.207037,32
218389,1780495525.2070389,32
218390,1780495525.207041,31
218391,1780495525.2070441,32
218392,1780495525.2070458,31
218393,1780495525.207049,32
218394,1780495525.211791,32
218395,1780495525.211801,30
218396,1780495525.211804,32
218397,1780495525.211807,32
218398,1780495525.21181,32
218399,1780495525.211812,33
218400,1780495525.211817,33
218401,1780495525.211821,33
218402,1780495525.2118242,32
218403,1780495525.211828,31
218404,1780495525.235926,31
218405,1780495525.235936,32
218406,1780495525.235939,33
218407,1780495525.2359412,32
218408,1780495525.235944,32
218409,1780495525.235946,32
218410,1780495525.235948,32
218411,1780495525.2359512,32
218412,1780495525.2359529,32
218413,1780495525.235955,32
218414,1780495525.235959,33
218415,1780495525.240381,32
218416,1780495525.240385,31
218417,1780495525.240387,32
218418,1780495525.240389,32
218419,1780495525.240391,31
218420,1780495525.240393,32
218421,1780495525.2403939,33
218422,1780495525.240396,32
218423,1780495525.2403982,33
218424,1780495525.2403998,33
218425,1780495525.2404218,32
218426,1780495525.24294,32
218427,1780495525.242943,32
218428,1780495525.242945,32
218429,1780495525.242947,32
218430,1780495525.242949,32
218431,1780495525.242951,31
218432,1780495525.242953,32
218433,1780495525.242954,33
218434,1780495525.242956,31
218435,1780495525.242959,33
218436,1780495525.2893288,32
218437,1780495525.289334,32
218438,1780495525.289336,32
218439,1780495525.2893372,31
218440,1780495525.289338,33
218441,1780495525.2893388,32
218442,1780495525.2893388,32
218443,1780495525.28934,31
218444,1780495525.289341,31
218445,1780495525.289342,32
218446,1780495525.289344,33
218447,1780495525.292883,31
218448,1780495525.292885,32
218449,1780495525.292886,32
218450,1780495525.292887,31
218451,1780495525.2928882,32
218452,1780495525.292889,31
218453,1780495525.29289,33
218454,1780495525.2928908,32
218455,1780495525.2928908,31
218456,1780495525.292892,33
218457,1780495525.292894,32
218458,1780495525.2957902,32
218459,1780495525.295792,32
218460,1780495525.2957928,33
218461,1780495525.2957928,32
218462,1780495525.295794,32
218463,1780495525.295795,32
218464,1780495525.295796,32
218465,1780495525.295797,33
218466,1780495525.295798,31
218467,1780495525.295799,32
218468,1780495525.300305,31
218469,1780495525.300308,32
218470,1780495525.300309,31
218471,1780495525.3003101,32
218472,1780495525.3003101,33
218473,1780495525.300311,33
218474,1780495525.300312,31
218475,1780495525.300313,32
218476,1780495525.3003142,33
218477,1780495525.300319,33
218478,1780495525.300321,32
218479,1780495525.3028638,32
218480,1780495525.3028648,32
218481,1780495525.302866,32
218482,1780495525.302867,31
218483,1780495525.302868,31
218484,1780495525.302868,33
218485,1780495525.302869,32
218486,1780495525.30287,32
218487,1780495525.302871,32
218488,1780495525.3028722,32
218489,1780495525.3046222,32
218490,1780495525.33429,32
218491,1780495525.334294,32
218492,1780495525.334295,33
218493,1780495525.334295,32
218494,1780495525.334296,32
218495,1780495525.3342972,30
218496,1780495525.3342981,32
218497,1780495525.3342988,31
218498,1780495525.3342988,32
218499,1780495525.334301,32
218500,1780495525.3378718,32
218501,1780495525.337874,32
218502,1780495525.337875,32
218503,1780495525.337875,33
218504,1780495525.337876,32
218505,1780495525.337877,31
218506,1780495525.337878,32
218507,1780495525.337878,31
218508,1780495525.337879,32
218509,1780495525.3378801,32
218510,1780495525.337881,32
218511,1780495525.340808,31
218512,1780495525.34081,32
218513,1780495525.34081,32
218514,1780495525.340811,32
218515,1780495525.340812,32
218516,1780495525.3408132,32
218517,1780495525.340814,32
218518,1780495525.340815,32
218519,1780495525.340815,32
218520,1780495525.3408158,32
218521,1780495525.340818,31
218522,1780495525.347863,32
218523,1780495525.3478668,33
218524,1780495525.347868,32
218525,1780495525.347869,32
218526,1780495525.3478699,32
218527,1780495525.3478699,32
218528,1780495525.347871,33
218529,1780495525.347872,33
218530,1780495525.347873,33
218531,1780495525.3478742,33
218532,1780495525.350423,31
218533,1780495525.350425,34
218534,1780495525.3504262,31
218535,1780495525.3504262,32
218536,1780495525.350427,32
218537,1780495525.3504279,32
218538,1780495525.3504288,32
218539,1780495525.35043,31
218540,1780495525.350434,33
218541,1780495525.350435,31
218542,1780495525.3504362,32
218543,1780495525.3805802,32
218544,1780495525.380585,33
218545,1780495525.380586,32
218546,1780495525.380587,32
218547,1780495525.380587,32
218548,1780495525.380588,33
218549,1780495525.380589,33
218550,1780495525.38059,32
218551,1780495525.38059,31
218552,1780495525.3805912,32
218553,1780495525.3805928,32
218554,1780495525.384625,32
218555,1780495525.384628,32
218556,1780495525.384629,32
218557,1780495525.38463,31
218558,1780495525.3846312,33
218559,1780495525.3846312,32
218560,1780495525.384632,31
218561,1780495525.384633,32
218562,1780495525.384634,31
218563,1780495525.384635,32
218564,1780495525.3903842,32
218565,1780495525.3903859,31
218566,1780495525.390387,33
218567,1780495525.390388,31
218568,1780495525.390389,32
218569,1780495525.390389,31
218570,1780495525.39039,32
218571,1780495525.390391,32
218572,1780495525.390392,32
218573,1780495525.390392,32
218574,1780495525.3903942,33
218575,1780495525.392894,33
218576,1780495525.3928971,32
218577,1780495525.392898,33
218578,1780495525.392898,31
218579,1780495525.392899,32
218580,1780495525.3929,32
218581,1780495525.3929012,31
218582,1780495525.392902,32
218583,1780495525.392902,33
218584,1780495525.3929029,32
218585,1780495525.392905,32
218586,1780495525.4230359,32
218587,1780495525.423039,32
218588,1780495525.42304,31
218589,1780495525.423041,33
218590,1780495525.423041,32
218591,1780495525.423042,31
218592,1780495525.423043,32
218593,1780495525.4230442,31
218594,1780495525.4230452,33
218595,1780495525.4230468,33
218596,1780495525.426548,31
218597,1780495525.42655,32
218598,1780495525.426551,32
218599,1780495525.426552,32
218600,1780495525.426553,31
218601,1780495525.4265542,32
218602,1780495525.426555,30
218603,1780495525.4265559,31
218604,1780495525.4265568,32
218605,1780495525.4265568,32
218606,1780495525.426559,32
218607,1780495525.4292061,32
218608,1780495525.429208,32
218609,1780495525.429209,32
218610,1780495525.4292102,32
218611,1780495525.429211,32
218612,1780495525.429211,33
218613,1780495525.4292119,31
218614,1780495525.429213,32
218615,1780495525.429214,32
218616,1780495525.429215,32
218617,1780495525.429217,33
218618,1780495525.460804,32
218619,1780495525.460808,33
218620,1780495525.460809,32
218621,1780495525.46081,33
218622,1780495525.460812,33
218623,1780495525.460813,31
218624,1780495525.460814,32
218625,1780495525.4608152,33
218626,1780495525.460816,32
218627,1780495525.4608178,33
218628,1780495525.465417,32
218629,1780495525.46542,32
218630,1780495525.465421,32
218631,1780495525.4654222,32
218632,1780495525.465423,31
218633,1780495525.465425,32
218634,1780495525.465426,30
218635,1780495525.465427,31
218636,1780495525.4654279,32
218637,1780495525.465429,32
218638,1780495525.465431,31
218639,1780495525.467826,31
218640,1780495525.467829,32
218641,1780495525.46783,31
218642,1780495525.4678311,31
218643,1780495525.467833,32
218644,1780495525.467834,32
218645,1780495525.467835,32
218646,1780495525.467839,30
218647,1780495525.467841,31
218648,1780495525.467842,31
218649,1780495525.470337,33
218650,1780495525.470339,32
218651,1780495525.47034,33
218652,1780495525.470342,32
218653,1780495525.4703429,32
218654,1780495525.4703438,32
218655,1780495525.470346,32
218656,1780495525.470347,31
218657,1780495525.4703481,32
218658,1780495525.470349,32
218659,1780495525.4703512,32
218660,1780495525.504323,32
218661,1780495525.5043259,33
218662,1780495525.504328,32
218663,1780495525.504329,33
218664,1780495525.504331,33
218665,1780495525.504332,33
218666,1780495525.504334,31
218667,1780495525.5043359,33
218668,1780495525.5043368,31
218669,1780495525.50434,32
218670,1780495525.507309,32
218671,1780495525.5103621,33
218672,1780495525.510366,31
218673,1780495525.510368,32
218674,1780495525.51037,33
218675,1780495525.5103722,32
218676,1780495525.510373,31
218677,1780495525.510375,33
218678,1780495525.510377,32
218679,1780495525.510379,32
218680,1780495525.510381,32
218681,1780495525.5103831,33
218682,1780495525.5128472,31
218683,1780495525.512851,32
218684,1780495525.512853,33
218685,1780495525.512855,32
218686,1780495525.5128572,32
218687,1780495525.5128589,31
218688,1780495525.512861,32
218689,1780495525.512862,31
218690,1780495525.512864,31
218691,1780495525.512867,32
218692,1780495525.516726,32
218693,1780495525.51673,32
218694,1780495525.516732,32
218695,1780495525.516734,32
218696,1780495525.516735,31
218697,1780495525.516737,32
218698,1780495525.5167391,32
218699,1780495525.516741,32
218700,1780495525.516743,31
218701,1780495525.5167491,32
218702,1780495525.5167518,32
218703,1780495525.578376,33
218704,1780495525.5784,33
218705,1780495525.5784051,34
218706,1780495525.578409,32
218707,1780495525.578414,32
218708,1780495525.578418,32
218709,1780495525.578422,33
218710,1780495525.5784261,31
218711,1780495525.57843,32
218712,1780495525.578433,32
218713,1780495525.578437,32
218714,1780495525.578443,32
218715,1780495525.582041,32
218716,1780495525.58205,32
218717,1780495525.582054,32
218718,1780495525.582058,32
218719,1780495525.582062,32
218720,1780495525.5820658,33
218721,1780495525.582071,32
218722,1780495525.5820749,33
218723,1780495525.58208,33
218724,1780495525.585461,32
218725,1780495525.585469,32
218726,1780495525.585474,33
218727,1780495525.585479,32
218728,1780495525.585485,31
218729,1780495525.58549,31
218730,1780495525.585495,33
218731,1780495525.5854988,33
218732,1780495525.585505,32
218733,1780495525.585509,31
218734,1780495525.585516,32
218735,1780495525.588005,30
218736,1780495525.588021,32
218737,1780495525.588029,32
218738,1780495525.5880342,33
218739,1780495525.588039,33
218740,1780495525.58805,32
218741,1780495525.5880551,32
218742,1780495525.58806,33
218743,1780495525.588065,33
218744,1780495525.5880692,33
218745,1780495525.588076,31
218746,1780495525.590406,33
218747,1780495525.590462,33
218748,1780495525.590467,32
218749,1780495525.590471,32
218750,1780495525.590476,31
218751,1780495525.5904808,33
218752,1780495525.590488,33
218753,1780495525.590492,31
218754,1780495525.590497,32
218755,1780495525.590503,32
218756,1780495525.593014,33
218757,1780495525.593028,33
218758,1780495525.593033,32
218759,1780495525.593038,31
218760,1780495525.5930429,34
218761,1780495525.5930471,32
218762,1780495525.593052,31
218763,1780495525.593057,32
218764,1780495525.5930612,32
218765,1780495525.593066,32
218766,1780495525.593073,34
218767,1780495525.5959291,32
218768,1780495525.595941,32
218769,1780495525.595944,32
218770,1780495525.595947,32
218771,1780495525.5959492,32
218772,1780495525.595951,32
218773,1780495525.595954,32
218774,1780495525.595956,32
218775,1780495525.595958,32
218776,1780495525.595962,32
218777,1780495525.597236,32
218778,1780495525.600526,32
218779,1780495525.600538,31
218780,1780495525.60054,32
218781,1780495525.600543,31
218782,1780495525.600545,32
218783,1780495525.600547,33
218784,1780495525.60055,32
218785,1780495525.600554,31
218786,1780495525.6005561,31
218787,1780495525.600559,32
218788,1780495525.630641,31
218789,1780495525.630673,33
218790,1780495525.630676,32
218791,1780495525.630678,32
218792,1780495525.630681,32
218793,1780495525.6307042,32
218794,1780495525.630707,31
218795,1780495525.6307101,32
218796,1780495525.630712,31
218797,1780495525.630715,32
218798,1780495525.630719,33
218799,1780495525.63408,32
218800,1780495525.634089,32
218801,1780495525.634093,32
218802,1780495525.6340952,32
218803,1780495525.6340978,32
218804,1780495525.6341,32
218805,1780495525.634103,31
218806,1780495525.6341052,32
218807,1780495525.6341078,32
218808,1780495525.63411,32
218809,1780495525.634113,32
218810,1780495525.636642,32
218811,1780495525.636657,31
218812,1780495525.636659,32
218813,1780495525.636662,32
218814,1780495525.6366642,32
218815,1780495525.6366668,31
218816,1780495525.6366699,32
218817,1780495525.636673,32
218818,1780495525.6366751,32
218819,1780495525.636679,32
218820,1780495525.6392162,32
218821,1780495525.6392279,32
218822,1780495525.639233,31
218823,1780495525.6392379,32
218824,1780495525.639244,33
218825,1780495525.6392488,33
218826,1780495525.639255,32
218827,1780495525.639261,33
218828,1780495525.639266,32
218829,1780495525.639273,31
218830,1780495525.640915,32
218831,1780495525.674528,32
218832,1780495525.6745422,31
218833,1780495525.6745448,31
218834,1780495525.674548,33
218835,1780495525.67455,32
218836,1780495525.6745532,32
218837,1780495525.6745548,32
218838,1780495525.674558,32
218839,1780495525.67456,32
218840,1780495525.674562,31
218841,1780495525.674567,32
218842,1780495525.677824,32
218843,1780495525.677829,33
218844,1780495525.677832,32
218845,1780495525.677834,32
218846,1780495525.677836,32
218847,1780495525.677838,33
218848,1780495525.677841,32
218849,1780495525.6778429,31
218850,1780495525.677846,32
218851,1780495525.677849,32
218852,1780495525.680434,33
218853,1780495525.680439,32
218854,1780495525.6804411,33
218855,1780495525.680444,33
218856,1780495525.680446,33
218857,1780495525.680448,33
218858,1780495525.68045,32
218859,1780495525.680453,33
218860,1780495525.680455,31
218861,1780495525.6804569,32
218862,1780495525.68046,32
218863,1780495525.682948,32
218864,1780495525.682952,31
218865,1780495525.682954,32
218866,1780495525.682956,32
218867,1780495525.6829581,32
218868,1780495525.6829598,32
218869,1780495525.682962,33
218870,1780495525.682964,32
218871,1780495525.682965,32
218872,1780495525.682967,32
218873,1780495525.68297,31
218874,1780495525.714298,31
218875,1780495525.714303,32
218876,1780495525.714304,33
218877,1780495525.714305,32
218878,1780495525.714306,31
218879,1780495525.714307,33
218880,1780495525.7143092,31
218881,1780495525.71431,31
218882,1780495525.714311,32
218883,1780495525.7143118,32
218884,1780495525.714313,31
218885,1780495525.720308,32
218886,1780495525.720311,33
218887,1780495525.720312,33
218888,1780495525.720313,32
218889,1780495525.720314,33
218890,1780495525.720315,32
218891,1780495525.720316,32
218892,1780495525.720317,33
218893,1780495525.7203178,32
218894,1780495525.720319,32
218895,1780495525.722807,32
218896,1780495525.72281,32
218897,1780495525.722811,31
218898,1780495525.722812,30
218899,1780495525.722813,33
218900,1780495525.7228138,33
218901,1780495525.722815,32
218902,1780495525.722816,31
218903,1780495525.722817,32
218904,1780495525.7228181,31
218905,1780495525.722819,31
218906,1780495525.7253828,31
218907,1780495525.725385,32
218908,1780495525.7253919,31
218909,1780495525.7253928,32
218910,1780495525.725394,33
218911,1780495525.725395,32
218912,1780495525.725396,32
218913,1780495525.725397,32
218914,1780495525.725398,31
218915,1780495525.725399,32
218916,1780495525.755521,31
218917,1780495525.7555242,33
218918,1780495525.755525,33
218919,1780495525.7555258,32
218920,1780495525.755527,32
218921,1780495525.755528,32
218922,1780495525.755529,32
218923,1780495525.755529,33
218924,1780495525.7555299,31
218925,1780495525.755531,32
218926,1780495525.755532,33
218927,1780495525.759139,32
218928,1780495525.7591412,31
218929,1780495525.759142,33
218930,1780495525.7591429,32
218931,1780495525.7591438,32
218932,1780495525.759145,32
218933,1780495525.759145,32
218934,1780495525.759146,32
218935,1780495525.759147,33
218936,1780495525.7591481,32
218937,1780495525.759149,33
218938,1780495525.7620459,32
218939,1780495525.762048,33
218940,1780495525.762048,33
218941,1780495525.762049,32
218942,1780495525.7620502,32
218943,1780495525.762051,31
218944,1780495525.762052,33
218945,1780495525.762052,32
218946,1780495525.762053,32
218947,1780495525.762054,32
218948,1780495525.766709,32
218949,1780495525.766711,31
218950,1780495525.766712,33
218951,1780495525.766712,31
218952,1780495525.7667131,31
218953,1780495525.766714,31
218954,1780495525.7667148,31
218955,1780495525.766716,31
218956,1780495525.766716,33
218957,1780495525.766717,33
218958,1780495525.769637,33
218959,1780495525.8004968,32
218960,1780495525.8005,32
218961,1780495525.800502,32
218962,1780495525.800502,32
218963,1780495525.800503,33
218964,1780495525.800504,32
218965,1780495525.8005052,32
218966,1780495525.800506,32
218967,1780495525.800506,32
218968,1780495525.8005068,33
218969,1780495525.800508,32
218970,1780495525.802177,31
218971,1780495525.80218,32
218972,1780495525.802181,31
218973,1780495525.802181,30
218974,1780495525.802182,32
218975,1780495525.802183,32
218976,1780495525.8021839,32
218977,1780495525.802185,31
218978,1780495525.802186,32
218979,1780495525.802187,32
218980,1780495525.805931,33
218981,1780495525.805932,33
218982,1780495525.805933,31
218983,1780495525.8059342,32
218984,1780495525.8059351,32
218985,1780495525.805936,32
218986,1780495525.8059368,32
218987,1780495525.8059368,31
218988,1780495525.805938,33
218989,1780495525.805939,32
218990,1780495525.80594,32
218991,1780495525.8480792,32
218992,1780495525.8480818,31
218993,1780495525.848083,32
218994,1780495525.848084,33
218995,1780495525.848084,32
218996,1780495525.848085,32
218997,1780495525.848086,32
218998,1780495525.848087,32
218999,1780495525.848088,33
219000,1780495525.848089,33
219001,1780495525.850894,31
219002,1780495525.855472,32
219003,1780495525.855475,33
219004,1780495525.855476,32
219005,1780495525.855477,32
219006,1780495525.855478,33
219007,1780495525.855479,32
219008,1780495525.85548,31
219009,1780495525.8554811,32
219010,1780495525.855482,33
219011,1780495525.8554828,32
219012,1780495525.8577752,32
219013,1780495525.8577769,32
219014,1780495525.8577778,32
219015,1780495525.857779,33
219016,1780495525.857779,33
219017,1780495525.85778,32
219018,1780495525.857781,33
219019,1780495525.8577821,32
219020,1780495525.857783,33
219021,1780495525.857784,32
219022,1780495525.857785,32
219023,1780495525.860414,32
219024,1780495525.860416,31
219025,1780495525.8604171,32
219026,1780495525.860418,32
219027,1780495525.860419,32
219028,1780495525.86042,32
219029,1780495525.8604212,31
219030,1780495525.860422,33
219031,1780495525.8604228,33
219032,1780495525.8604228,32
219033,1780495525.862782,32
219034,1780495525.862784,32
219035,1780495525.862785,32
219036,1780495525.862786,32
219037,1780495525.862787,31
219038,1780495525.8627882,31
219039,1780495525.8627892,31
219040,1780495525.8627899,32
219041,1780495525.8627908,32
219042,1780495525.862792,32
219043,1780495525.862793,32
219044,1780495525.865872,33
219045,1780495525.8658738,32
219046,1780495525.865878,33
219047,1780495525.865879,32
219048,1780495525.86588,32
219049,1780495525.8658812,33
219050,1780495525.8658822,32
219051,1780495525.8658829,31
219052,1780495525.8658838,33
219053,1780495525.865885,32
219054,1780495525.869681,32
219055,1780495525.8993332,32
219056,1780495525.8993359,32
219057,1780495525.899338,32
219058,1780495525.899339,33
219059,1780495525.89934,32
219060,1780495525.899341,31
219061,1780495525.899343,32
219062,1780495525.899344,31
219063,1780495525.899345,32
219064,1780495525.8993459,31
219065,1780495525.899348,33
219066,1780495525.902865,32
219067,1780495525.9028668,32
219068,1780495525.902868,32
219069,1780495525.90287,33
219070,1780495525.9028711,32
219071,1780495525.902872,33
219072,1780495525.902874,32
219073,1780495525.902875,32
219074,1780495525.902876,32
219075,1780495525.902878,32
219076,1780495525.905379,32
219077,1780495525.905382,32
219078,1780495525.9053829,32
219079,1780495525.9053838,31
219080,1780495525.905386,31
219081,1780495525.905387,32
219082,1780495525.905388,32
219083,1780495525.905389,32
219084,1780495525.9053912,33
219085,1780495525.9053922,33
219086,1780495525.9053938,32
219087,1780495525.9078898,33
219088,1780495525.907893,31
219089,1780495525.9078941,31
219090,1780495525.907895,30
219091,1780495525.907896,33
219092,1780495525.9078982,31
219093,1780495525.907899,31
219094,1780495525.9078999,32
219095,1780495525.9079008,33
219096,1780495525.907903,33
219097,1780495525.907905,31
219098,1780495525.9393768,31
219099,1780495525.939382,32
219100,1780495525.939384,32
219101,1780495525.9393861,32
219102,1780495525.9393868,32
219103,1780495525.939389,32
219104,1780495525.939391,32
219105,1780495525.939392,33
219106,1780495525.939394,32
219107,1780495525.9393961,31
219108,1780495525.945336,32
219109,1780495525.94534,32
219110,1780495525.9453409,32
219111,1780495525.945343,32
219112,1780495525.945345,32
219113,1780495525.945346,32
219114,1780495525.945348,31
219115,1780495525.945353,30
219116,1780495525.945355,32
219117,1780495525.9453561,32
219118,1780495525.945359,33
219119,1780495525.947836,32
219120,1780495525.947839,33
219121,1780495525.947841,32
219122,1780495525.9478421,32
219123,1780495525.947844,33
219124,1780495525.9478452,33
219125,1780495525.947847,31
219126,1780495525.9478478,32
219127,1780495525.94785,31
219128,1780495525.947851,32
219129,1780495525.947854,31
219130,1780495525.9502609,32
219131,1780495525.950264,32
219132,1780495525.9502661,31
219133,1780495525.9502678,32
219134,1780495525.95027,32
219135,1780495525.950272,32
219136,1780495525.950274,31
219137,1780495525.9502752,31
219138,1780495525.950277,31
219139,1780495525.95028,31
219140,1780495525.975577,33
219141,1780495525.975583,32
219142,1780495525.975586,33
219143,1780495525.975588,32
219144,1780495525.97559,31
219145,1780495525.975592,33
219146,1780495525.975595,32
219147,1780495525.9755971,33
219148,1780495525.975599,32
219149,1780495525.975601,32
219150,1780495525.975606,32
219151,1780495525.978389,31
219152,1780495525.978394,32
219153,1780495525.978397,31
219154,1780495525.978399,33
219155,1780495525.978401,31
219156,1780495525.978404,32
219157,1780495525.978406,32
219158,1780495525.9784079,33
219159,1780495525.97841,32
219160,1780495525.978412,31
219161,1780495525.9784162,31
219162,1780495526.019587,32
219163,1780495526.019616,33
219164,1780495526.019624,32
219165,1780495526.019627,31
219166,1780495526.0196302,32
219167,1780495526.019632,31
219168,1780495526.01964,32
219169,1780495526.019644,31
219170,1780495526.019647,31
219171,1780495526.019655,33
219172,1780495526.023077,31
219173,1780495526.023102,32
219174,1780495526.023107,32
219175,1780495526.0231109,32
219176,1780495526.023114,31
219177,1780495526.023118,32
219178,1780495526.0231209,32
219179,1780495526.023125,33
219180,1780495526.023128,31
219181,1780495526.0231318,32
219182,1780495526.023137,33
219183,1780495526.025514,32
219184,1780495526.025523,33
219185,1780495526.025527,32
219186,1780495526.02553,33
219187,1780495526.025533,32
219188,1780495526.025536,32
219189,1780495526.0255392,33
219190,1780495526.025541,32
219191,1780495526.025544,32
219192,1780495526.025547,31
219193,1780495526.0276759,31
219194,1780495526.027683,32
219195,1780495526.0276859,32
219196,1780495526.027688,32
219197,1780495526.0276911,32
219198,1780495526.027693,33
219199,1780495526.0276952,33
219200,1780495526.0276978,33
219201,1780495526.0277,32
219202,1780495526.027702,32
219203,1780495526.0277052,32
219204,1780495526.030862,33
219205,1780495526.030875,33
219206,1780495526.030878,31
219207,1780495526.030881,33
219208,1780495526.030884,33
219209,1780495526.030887,32
219210,1780495526.030889,32
219211,1780495526.030893,33
219212,1780495526.0308962,33
219213,1780495526.0308979,32
219214,1780495526.030902,34
219215,1780495526.0392609,32
219216,1780495526.039278,33
219217,1780495526.0392818,33
219218,1780495526.039286,32
219219,1780495526.0392902,32
219220,1780495526.0392928,33
219221,1780495526.039297,33
219222,1780495526.0393002,32
219223,1780495526.039304,32
219224,1780495526.039307,32
219225,1780495526.0393128,31
219226,1780495526.041729,34
219227,1780495526.041736,33
219228,1780495526.041739,32
219229,1780495526.0417411,32
219230,1780495526.041745,33
219231,1780495526.0417469,33
219232,1780495526.041752,33
219233,1780495526.041756,32
219234,1780495526.041759,32
219235,1780495526.041762,32
219236,1780495526.076132,33
219237,1780495526.076162,32
219238,1780495526.076169,31
219239,1780495526.076174,32
219240,1780495526.076179,31
219241,1780495526.076184,32
219242,1780495526.076189,33
219243,1780495526.076194,32
219244,1780495526.0761988,32
219245,1780495526.076203,31
219246,1780495526.076215,32
219247,1780495526.080439,32
219248,1780495526.08045,32
219249,1780495526.0804539,32
219250,1780495526.080456,32
219251,1780495526.080459,32
219252,1780495526.080461,32
219253,1780495526.080464,31
219254,1780495526.080467,32
219255,1780495526.080469,32
219256,1780495526.080472,31
219257,1780495526.0804749,32
219258,1780495526.082797,31
219259,1780495526.0828018,32
219260,1780495526.082805,33
219261,1780495526.082807,33
219262,1780495526.082809,32
219263,1780495526.0828118,32
219264,1780495526.082815,30
219265,1780495526.082835,33
219266,1780495526.082838,31
219267,1780495526.082857,33
219268,1780495526.0853848,32
219269,1780495526.085396,32
219270,1780495526.085398,33
219271,1780495526.085401,33
219272,1780495526.085403,32
219273,1780495526.0854049,32
219274,1780495526.085407,32
219275,1780495526.08541,31
219276,1780495526.085429,32
219277,1780495526.085432,31
219278,1780495526.0854359,32
219279,1780495526.145684,33
219280,1780495526.1456902,33
219281,1780495526.1456919,31
219282,1780495526.1456928,31
219283,1780495526.145694,33
219284,1780495526.145695,32
219285,1780495526.145697,33
219286,1780495526.145698,32
219287,1780495526.145699,32
219288,1780495526.1457,33
219289,1780495526.145702,32
219290,1780495526.149038,31
219291,1780495526.1490402,31
219292,1780495526.149042,33
219293,1780495526.1490428,33
219294,1780495526.149044,32
219295,1780495526.149045,33
219296,1780495526.1490471,32
219297,1780495526.149048,32
219298,1780495526.149049,31
219299,1780495526.149051,33
219300,1780495526.151946,33
219301,1780495526.151948,30
219302,1780495526.1519501,32
219303,1780495526.151951,31
219304,1780495526.1519518,33
219305,1780495526.151953,32
219306,1780495526.151954,32
219307,1780495526.151955,32
219308,1780495526.151956,32
219309,1780495526.151957,32
219310,1780495526.151959,33
219311,1780495526.1552918,32
219312,1780495526.155295,32
219313,1780495526.155296,33
219314,1780495526.155297,32
219315,1780495526.155298,33
219316,1780495526.1552992,32
219317,1780495526.1553001,32
219318,1780495526.155301,32
219319,1780495526.1553018,32
219320,1780495526.1553018,32
219321,1780495526.155304,32
219322,1780495526.1577752,32
219323,1780495526.1577768,32
219324,1780495526.157778,33
219325,1780495526.157779,32
219326,1780495526.15778,32
219327,1780495526.157781,31
219328,1780495526.157782,32
219329,1780495526.157783,32
219330,1780495526.157784,32
219331,1780495526.1577861,32
219332,1780495526.1603782,32
219333,1780495526.16038,32
219334,1780495526.1603808,33
219335,1780495526.160382,32
219336,1780495526.160383,32
219337,1780495526.160384,32
219338,1780495526.1603851,31
219339,1780495526.160386,32
219340,1780495526.160387,31
219341,1780495526.160388,32
219342,1780495526.16039,32
219343,1780495526.162931,33
219344,1780495526.162934,31
219345,1780495526.162935,33
219346,1780495526.162936,31
219347,1780495526.1629372,31
219348,1780495526.162938,33
219349,1780495526.1629388,31
219350,1780495526.1629398,31
219351,1780495526.162941,32
219352,1780495526.162941,32
219353,1780495526.162943,32
219354,1780495526.194282,32
219355,1780495526.1942852,33
219356,1780495526.194286,30
219357,1780495526.194287,33
219358,1780495526.194288,32
219359,1780495526.194288,32
219360,1780495526.194289,32
219361,1780495526.19429,32
219362,1780495526.1942909,30
219363,1780495526.194292,32
219364,1780495526.200414,32
219365,1780495526.200416,32
219366,1780495526.200417,32
219367,1780495526.200418,31
219368,1780495526.200418,32
219369,1780495526.2004192,32
219370,1780495526.2004201,31
219371,1780495526.200421,32
219372,1780495526.200421,31
219373,1780495526.2004218,32
219374,1780495526.200423,32
219375,1780495526.2028108,32
219376,1780495526.202813,32
219377,1780495526.202813,32
219378,1780495526.2028139,31
219379,1780495526.202815,32
219380,1780495526.202816,32
219381,1780495526.202816,31
219382,1780495526.202817,32
219383,1780495526.2028182,32
219384,1780495526.202819,32
219385,1780495526.20282,32
219386,1780495526.2054,31
219387,1780495526.2054021,33
219388,1780495526.2054021,32
219389,1780495526.2054029,31
219390,1780495526.2054038,32
219391,1780495526.205411,31
219392,1780495526.2054121,32
219393,1780495526.205413,32
219394,1780495526.205413,32
219395,1780495526.205415,32
219396,1780495526.2355862,33
219397,1780495526.235588,32
219398,1780495526.235589,32
219399,1780495526.23559,31
219400,1780495526.235591,33
219401,1780495526.235591,32
219402,1780495526.235592,32
219403,1780495526.2355928,32
219404,1780495526.235594,31
219405,1780495526.235595,32
219406,1780495526.235595,31
219407,1780495526.2355971,32
219408,1780495526.239011,31
219409,1780495526.2390132,33
219410,1780495526.239014,33
219411,1780495526.2390149,33
219412,1780495526.2390158,32
219413,1780495526.239017,32
219414,1780495526.239018,32
219415,1780495526.239019,33
219416,1780495526.239019,31
219417,1780495526.242026,31
219418,1780495526.242027,33
219419,1780495526.242028,31
219420,1780495526.242029,32
219421,1780495526.2420301,32
219422,1780495526.242031,32
219423,1780495526.242031,33
219424,1780495526.242032,32
219425,1780495526.242033,31
219426,1780495526.242034,32
219427,1780495526.242035,33
219428,1780495526.246722,32
219429,1780495526.2467241,32
219430,1780495526.246725,31
219431,1780495526.2467258,32
219432,1780495526.246727,32
219433,1780495526.246727,32
219434,1780495526.246728,32
219435,1780495526.246729,31
219436,1780495526.24673,33
219437,1780495526.246731,33
219438,1780495526.2496488,32
219439,1780495526.279288,32
219440,1780495526.2792902,31
219441,1780495526.279291,31
219442,1780495526.2792919,32
219443,1780495526.2792928,33
219444,1780495526.279294,33
219445,1780495526.279295,31
219446,1780495526.279296,33
219447,1780495526.279296,33
219448,1780495526.279297,31
219449,1780495526.279298,32
219450,1780495526.282837,33
219451,1780495526.282839,32
219452,1780495526.28284,32
219453,1780495526.2828412,32
219454,1780495526.2828422,32
219455,1780495526.2828422,32
219456,1780495526.2828429,32
219457,1780495526.2828438,32
219458,1780495526.282845,32
219459,1780495526.282846,32
219460,1780495526.2858071,32
219461,1780495526.285808,31
219462,1780495526.2858088,31
219463,1780495526.28581,32
219464,1780495526.285811,32
219465,1780495526.285812,31
219466,1780495526.285813,31
219467,1780495526.285814,31
219468,1780495526.285815,32
219469,1780495526.285816,31
219470,1780495526.2858171,33
219471,1780495526.290468,31
219472,1780495526.29047,32
219473,1780495526.2904708,32
219474,1780495526.290472,31
219475,1780495526.290473,31
219476,1780495526.290474,32
219477,1780495526.290474,32
219478,1780495526.290475,32
219479,1780495526.290476,32
219480,1780495526.290477,33
219481,1780495526.290478,32
219482,1780495526.323751,32
219483,1780495526.3237529,30
219484,1780495526.323754,32
219485,1780495526.323756,32
219486,1780495526.3237572,32
219487,1780495526.3237581,33
219488,1780495526.323759,33
219489,1780495526.32376,32
219490,1780495526.323761,32
219491,1780495526.323762,32
219492,1780495526.327818,32
219493,1780495526.32782,32
219494,1780495526.327821,31
219495,1780495526.3278232,33
219496,1780495526.3278239,32
219497,1780495526.3278248,31
219498,1780495526.327826,32
219499,1780495526.327827,32
219500,1780495526.327828,33
219501,1780495526.327829,32
219502,1780495526.327831,33
219503,1780495526.3308642,32
219504,1780495526.3308659,33
219505,1780495526.330867,33
219506,1780495526.330869,32
219507,1780495526.33087,33
219508,1780495526.330871,33
219509,1780495526.330872,31
219510,1780495526.330873,32
219511,1780495526.330875,33
219512,1780495526.3308759,32
219513,1780495526.335445,31
219514,1780495526.335447,33
219515,1780495526.335448,33
219516,1780495526.335449,32
219517,1780495526.335451,32
219518,1780495526.3354518,32
219519,1780495526.335453,32
219520,1780495526.335454,32
219521,1780495526.335455,32
219522,1780495526.335457,32
219523,1780495526.335458,31
219524,1780495526.36554,32
219525,1780495526.365543,32
219526,1780495526.365545,32
219527,1780495526.365547,32
219528,1780495526.3655481,31
219529,1780495526.36555,31
219530,1780495526.3655522,31
219531,1780495526.365553,33
219532,1780495526.365555,32
219533,1780495526.365557,31
219534,1780495526.368309,31
219535,1780495526.370381,32
219536,1780495526.370385,31
219537,1780495526.370386,32
219538,1780495526.370388,30
219539,1780495526.37039,32
219540,1780495526.3703911,32
219541,1780495526.370393,33
219542,1780495526.3703942,31
219543,1780495526.370396,32
219544,1780495526.3703969,32
219545,1780495526.370399,32
219546,1780495526.372882,33
219547,1780495526.372885,32
219548,1780495526.372894,32
219549,1780495526.372896,33
219550,1780495526.372897,32
219551,1780495526.3729012,32
219552,1780495526.3729038,32
219553,1780495526.372905,31
219554,1780495526.372907,32
219555,1780495526.372909,32
219556,1780495526.377033,33
219557,1780495526.377036,31
219558,1780495526.377037,32
219559,1780495526.3770392,32
219560,1780495526.37704,31
219561,1780495526.3770418,32
219562,1780495526.377043,31
219563,1780495526.377045,32
219564,1780495526.377047,31
219565,1780495526.377048,32
219566,1780495526.3770502,32
219567,1780495526.444478,33
219568,1780495526.444501,32
219569,1780495526.4445062,32
219570,1780495526.4445078,32
219571,1780495526.444511,32
219572,1780495526.444513,33
219573,1780495526.4445162,32
219574,1780495526.4445179,32
219575,1780495526.444521,32
219576,1780495526.444523,32
219577,1780495526.4445262,32
219578,1780495526.447855,31
219579,1780495526.447863,32
219580,1780495526.447865,33
219581,1780495526.4478679,32
219582,1780495526.44787,32
219583,1780495526.447872,32
219584,1780495526.447875,32
219585,1780495526.4478772,31
219586,1780495526.4478788,33
219587,1780495526.447951,32
219588,1780495526.4508538,32
219589,1780495526.450869,30
219590,1780495526.450871,31
219591,1780495526.450874,33
219592,1780495526.450877,31
219593,1780495526.4508789,31
219594,1780495526.450881,32
219595,1780495526.450884,30
219596,1780495526.4508858,31
219597,1780495526.4508889,32
219598,1780495526.4509141,32
219599,1780495526.457887,31
219600,1780495526.457896,32
219601,1780495526.457901,31
219602,1780495526.4579048,32
219603,1780495526.457909,33
219604,1780495526.4579132,32
219605,1780495526.457918,31
219606,1780495526.457922,33
219607,1780495526.457925,32
219608,1780495526.457929,32
219609,1780495526.4579341,32
219610,1780495526.460372,32
219611,1780495526.460382,32
219612,1780495526.460386,32
219613,1780495526.460392,32
219614,1780495526.4604008,32
219615,1780495526.460406,32
219616,1780495526.460414,32
219617,1780495526.460421,32
219618,1780495526.460426,32
219619,1780495526.4604318,31
219620,1780495526.4629009,32
219621,1780495526.462911,33
219622,1780495526.462914,31
219623,1780495526.4629161,33
219624,1780495526.462919,33
219625,1780495526.462921,30
219626,1780495526.462923,32
219627,1780495526.4629261,32
219628,1780495526.4629278,31
219629,1780495526.46293,32
219630,1780495526.462934,32
219631,1780495526.465775,32
219632,1780495526.465791,32
219633,1780495526.4657972,32
219634,1780495526.4658072,31
219635,1780495526.465822,32
219636,1780495526.465826,31
219637,1780495526.4658282,31
219638,1780495526.4658298,32
219639,1780495526.465833,32
219640,1780495526.465835,32
219641,1780495526.4658382,33
219642,1780495526.470401,31
219643,1780495526.470409,30
219644,1780495526.470412,33
219645,1780495526.470415,32
219646,1780495526.4704168,32
219647,1780495526.470419,28
219648,1780495526.470423,32
219649,1780495526.470426,32
219650,1780495526.470429,32
219651,1780495526.470432,32
219652,1780495526.472874,31
219653,1780495526.472883,32
219654,1780495526.4729228,33
219655,1780495526.472929,33
219656,1780495526.4729338,30
219657,1780495526.472938,31
219658,1780495526.472944,32
219659,1780495526.472948,31
219660,1780495526.472953,32
219661,1780495526.472959,31
219662,1780495526.474645,32
219663,1780495526.504544,32
219664,1780495526.5045729,33
219665,1780495526.504576,31
219666,1780495526.504578,32
219667,1780495526.5045812,32
219668,1780495526.5045838,32
219669,1780495526.504586,31
219670,1780495526.5045881,32
219671,1780495526.50459,31
219672,1780495526.504593,32
219673,1780495526.504598,32
219674,1780495526.507888,32
219675,1780495526.507896,33
219676,1780495526.507902,31
219677,1780495526.507909,31
219678,1780495526.507914,32
219679,1780495526.5079181,31
219680,1780495526.507924,32
219681,1780495526.507931,31
219682,1780495526.507936,32
219683,1780495526.507942,31
219684,1780495526.510795,32
219685,1780495526.5108008,31
219686,1780495526.510803,33
219687,1780495526.510806,33
219688,1780495526.510808,33
219689,1780495526.5108101,32
219690,1780495526.510813,32
219691,1780495526.510816,33
219692,1780495526.510818,33
219693,1780495526.5108202,32
219694,1780495526.510823,32
219695,1780495526.515459,32
219696,1780495526.5154681,32
219697,1780495526.515472,31
219698,1780495526.5154738,32
219699,1780495526.515477,31
219700,1780495526.515479,32
219701,1780495526.5154822,32
219702,1780495526.5154839,32
219703,1780495526.515487,32
219704,1780495526.515489,31
219705,1780495526.5154922,32
219706,1780495526.545572,33
219707,1780495526.545587,32
219708,1780495526.54559,31
219709,1780495526.545593,33
219710,1780495526.545595,33
219711,1780495526.5455968,31
219712,1780495526.5456,32
219713,1780495526.545603,32
219714,1780495526.5456052,31
219715,1780495526.545608,32
219716,1780495526.549149,32
219717,1780495526.549154,33
219718,1780495526.5491562,32
219719,1780495526.5491588,32
219720,1780495526.549161,32
219721,1780495526.549163,30
219722,1780495526.549165,32
219723,1780495526.549206,33
219724,1780495526.5492249,32
219725,1780495526.549236,33
219726,1780495526.54924,32
219727,1780495526.5515468,32
219728,1780495526.551553,32
219729,1780495526.5515552,32
219730,1780495526.551557,33
219731,1780495526.5515578,31
219732,1780495526.55156,32
219733,1780495526.551562,32
219734,1780495526.551564,31
219735,1780495526.5515661,32
219736,1780495526.5515678,33
219737,1780495526.554163,32
219738,1780495526.554167,32
219739,1780495526.5541692,33
219740,1780495526.5541701,31
219741,1780495526.5541718,32
219742,1780495526.554174,33
219743,1780495526.554191,33
219744,1780495526.5541928,33
219745,1780495526.554195,31
219746,1780495526.554197,32
219747,1780495526.5542002,31
219748,1780495526.585872,33
219749,1780495526.585875,32
219750,1780495526.585876,33
219751,1780495526.585877,32
219752,1780495526.5858781,33
219753,1780495526.58588,31
219754,1780495526.585881,32
219755,1780495526.5858822,33
219756,1780495526.585883,32
219757,1780495526.5858839,31
219758,1780495526.585886,31
219759,1780495526.5903192,33
219760,1780495526.5903208,32
219761,1780495526.590323,32
219762,1780495526.590324,33
219763,1780495526.5903249,32
219764,1780495526.590326,32
219765,1780495526.590326,32
219766,1780495526.590327,32
219767,1780495526.590328,33
219768,1780495526.5903292,31
219769,1780495526.5903308,32
219770,1780495526.592918,32
219771,1780495526.59292,33
219772,1780495526.592921,32
219773,1780495526.5929222,32
219774,1780495526.592923,32
219775,1780495526.5929239,31
219776,1780495526.5929248,32
219777,1780495526.592926,31
219778,1780495526.592927,33
219779,1780495526.592928,31
219780,1780495526.6007621,32
219781,1780495526.6007638,32
219782,1780495526.600765,32
219783,1780495526.600766,32
219784,1780495526.600767,33
219785,1780495526.600768,32
219786,1780495526.600769,32
219787,1780495526.60077,31
219788,1780495526.60077,31
219789,1780495526.6007712,31
219790,1780495526.6007721,32
219791,1780495526.611657,30
219792,1780495526.611659,32
219793,1780495526.61166,32
219794,1780495526.611661,33
219795,1780495526.6116621,32
219796,1780495526.6116621,31
219797,1780495526.611663,32
219798,1780495526.6116638,31
219799,1780495526.611665,31
219800,1780495526.611666,31
219801,1780495526.611666,33
219802,1780495526.6116679,32
219803,1780495526.641695,32
219804,1780495526.641697,31
219805,1780495526.6416981,30
219806,1780495526.641699,32
219807,1780495526.6417,31
219808,1780495526.6417012,33
219809,1780495526.641702,33
219810,1780495526.641703,31
219811,1780495526.6417038,32
219812,1780495526.6458418,32
219813,1780495526.645844,32
219814,1780495526.645845,33
219815,1780495526.6458461,32
219816,1780495526.645847,32
219817,1780495526.645848,32
219818,1780495526.645848,32
219819,1780495526.645849,31
219820,1780495526.6458502,32
219821,1780495526.6458502,31
219822,1780495526.6458519,33
219823,1780495526.650374,32
219824,1780495526.650375,33
219825,1780495526.6503758,32
219826,1780495526.650377,32
219827,1780495526.650378,31
219828,1780495526.650379,32
219829,1780495526.650379,33
219830,1780495526.6503801,32
219831,1780495526.650381,33
219832,1780495526.650382,32
219833,1780495526.650383,32
219834,1780495526.6529,32
219835,1780495526.652902,32
219836,1780495526.6529028,32
219837,1780495526.652904,31
219838,1780495526.652905,32
219839,1780495526.652906,32
219840,1780495526.652906,32
219841,1780495526.652907,32
219842,1780495526.652908,31
219843,1780495526.652909,31
219844,1780495526.683059,31
219845,1780495526.683062,32
219846,1780495526.683062,33
219847,1780495526.683063,32
219848,1780495526.683064,32
219849,1780495526.6830652,33
219850,1780495526.6830661,32
219851,1780495526.6830661,32
219852,1780495526.6830668,32
219853,1780495526.6830678,33
219854,1780495526.683069,32
219855,1780495526.686579,32
219856,1780495526.686591,32
219857,1780495526.686591,31
219858,1780495526.686592,33
219859,1780495526.686593,33
219860,1780495526.686603,32
219861,1780495526.686605,32
219862,1780495526.6866062,31
219863,1780495526.6866071,31
219864,1780495526.6866071,33
219865,1780495526.6866078,32
219866,1780495526.689107,32
219867,1780495526.689109,33
219868,1780495526.68911,32
219869,1780495526.68911,32
219870,1780495526.689111,33
219871,1780495526.689112,33
219872,1780495526.6891131,32
219873,1780495526.689114,32
219874,1780495526.6891148,31
219875,1780495526.689116,32
219876,1780495526.6965709,32
219877,1780495526.696576,32
219878,1780495526.696577,33
219879,1780495526.696578,32
219880,1780495526.696579,32
219881,1780495526.6965802,32
219882,1780495526.6965802,32
219883,1780495526.6965811,32
219884,1780495526.6965818,33
219885,1780495526.6965828,31
219886,1780495526.6982348,30
219887,1780495526.745584,31
219888,1780495526.7455869,33
219889,1780495526.745588,31
219890,1780495526.745589,32
219891,1780495526.74559,32
219892,1780495526.745591,32
219893,1780495526.745592,33
219894,1780495526.745592,32
219895,1780495526.745593,31
219896,1780495526.745595,30
219897,1780495526.7483468,32
219898,1780495526.75068,32
219899,1780495526.750682,32
219900,1780495526.7506828,31
219901,1780495526.750684,32
219902,1780495526.750685,32
219903,1780495526.750686,32
219904,1780495526.750687,32
219905,1780495526.750688,32
219906,1780495526.750689,31
219907,1780495526.75069,33
219908,1780495526.7553222,46
219909,1780495526.755324,44
219910,1780495526.755326,45
219911,1780495526.755327,48
219912,1780495526.755328,47
219913,1780495526.755328,46
219914,1780495526.7553291,48
219915,1780495526.75533,45
219916,1780495526.755331,44
219917,1780495526.755332,44
219918,1780495526.755334,41
219919,1780495526.7579288,42
219920,1780495526.757931,40
219921,1780495526.7579331,40
219922,1780495526.757934,41
219923,1780495526.757935,43
219924,1780495526.7579362,43
219925,1780495526.757937,45
219926,1780495526.757938,46
219927,1780495526.7579389,50
219928,1780495526.75794,53
219929,1780495526.757942,55
219930,1780495526.760353,57
219931,1780495526.760355,59
219932,1780495526.7603571,59
219933,1780495526.7603579,56
219934,1780495526.7603588,55
219935,1780495526.76036,55
219936,1780495526.760361,54
219937,1780495526.760362,52
219938,1780495526.760363,50
219939,1780495526.760365,52
219940,1780495526.762881,49
219941,1780495526.7628832,49
219942,1780495526.7628841,51
219943,1780495526.7628858,51
219944,1780495526.762887,55
219945,1780495526.762888,56
219946,1780495526.762889,57
219947,1780495526.76289,59
219948,1780495526.762891,63
219949,1780495526.762892,64
219950,1780495526.7628942,70
219951,1780495526.794359,72
219952,1780495526.794362,70
219953,1780495526.7943628,69
219954,1780495526.794365,68
219955,1780495526.794366,69
219956,1780495526.794367,68
219957,1780495526.794369,65
219958,1780495526.79437,66
219959,1780495526.794372,64
219960,1780495526.794373,61
219961,1780495526.794375,60
219962,1780495526.8003619,60
219963,1780495526.800365,59
219964,1780495526.8003662,60
219965,1780495526.800368,58
219966,1780495526.8003688,62
219967,1780495526.80037,60
219968,1780495526.800372,64
219969,1780495526.800378,64
219970,1780495526.80038,69
219971,1780495526.800382,68
219972,1780495526.802835,67
219973,1780495526.802838,65
219974,1780495526.80284,65
219975,1780495526.8028412,64
219976,1780495526.8028429,58
219977,1780495526.802845,54
219978,1780495526.802846,55
219979,1780495526.802848,53
219980,1780495526.802849,51
219981,1780495526.802851,47
219982,1780495526.802853,47
219983,1780495526.8053918,46
219984,1780495526.805395,46
219985,1780495526.805397,47
219986,1780495526.805398,47
219987,1780495526.8054001,50
219988,1780495526.805402,51
219989,1780495526.805403,53
219990,1780495526.805405,57
219991,1780495526.8054059,56
219992,1780495526.805408,52
219993,1780495526.8054101,51
219994,1780495526.835572,47
219995,1780495526.835575,46
219996,1780495526.835577,42
219997,1780495526.835579,40
219998,1780495526.8355808,38
219999,1780495526.835583,34
220000,1780495526.835585,33
220001,1780495526.835587,32
220002,1780495526.835588,33
220003,1780495526.8355908,31
220004,1780495526.8391218,33
220005,1780495526.839126,32
220006,1780495526.839129,32
220007,1780495526.8391309,32
220008,1780495526.839133,32
220009,1780495526.839135,31
220010,1780495526.839137,32
220011,1780495526.8391402,31
220012,1780495526.8391418,32
220013,1780495526.839144,32
220014,1780495526.839147,32
220015,1780495526.84204,32
220016,1780495526.8420448,31
220017,1780495526.842048,33
220018,1780495526.84205,33
220019,1780495526.8420532,32
220020,1780495526.8420548,33
220021,1780495526.842057,32
220022,1780495526.842059,32
220023,1780495526.842062,33
220024,1780495526.842064,32
220025,1780495526.842067,32
220026,1780495526.8454359,31
220027,1780495526.84544,32
220028,1780495526.845443,32
220029,1780495526.8454452,33
220030,1780495526.8454468,32
220031,1780495526.845449,32
220032,1780495526.845452,32
220033,1780495526.845454,33
220034,1780495526.845456,32
220035,1780495526.84546,32
220036,1780495526.875734,31
220037,1780495526.8757482,33
220038,1780495526.875751,32
220039,1780495526.8757539,32
220040,1780495526.875757,32
220041,1780495526.87576,32
220042,1780495526.875763,32
220043,1780495526.875765,32
220044,1780495526.875768,32
220045,1780495526.8757708,31
220046,1780495526.875774,33
220047,1780495526.875778,32
220048,1780495526.8792162,32
220049,1780495526.87923,33
220050,1780495526.879234,32
220051,1780495526.8792372,32
220052,1780495526.8792388,32
220053,1780495526.879242,33
220054,1780495526.879244,33
220055,1780495526.879255,31
220056,1780495526.8792572,33
220057,1780495526.879261,32
220058,1780495526.88163,31
220059,1780495526.8816361,32
220060,1780495526.881639,31
220061,1780495526.881642,32
220062,1780495526.881645,32
220063,1780495526.881647,32
220064,1780495526.88165,32
220065,1780495526.881653,31
220066,1780495526.881655,34
220067,1780495526.881658,31
220068,1780495526.885834,32
220069,1780495526.885838,33
220070,1780495526.885841,34
220071,1780495526.885843,32
220072,1780495526.885845,33
220073,1780495526.885848,32
220074,1780495526.8858502,32
220075,1780495526.8858519,33
220076,1780495526.885854,32
220077,1780495526.885857,32
220078,1780495526.889628,31
220079,1780495526.923032,33
220080,1780495526.92309,31
220081,1780495526.9230988,32
220082,1780495526.923104,32
220083,1780495526.9231098,33
220084,1780495526.923115,33
220085,1780495526.92312,32
220086,1780495526.923125,31
220087,1780495526.92313,32
220088,1780495526.923135,32
220089,1780495526.923146,32
220090,1780495526.924299,32
220091,1780495526.9243221,32
220092,1780495526.924329,32
220093,1780495526.924335,31
220094,1780495526.92434,31
220095,1780495526.924345,32
220096,1780495526.924352,32
220097,1780495526.924356,32
220098,1780495526.924361,32
220099,1780495526.924368,32
220100,1780495526.9298298,32
220101,1780495526.9298549,32
220102,1780495526.929858,31
220103,1780495526.929861,33
220104,1780495526.929864,30
220105,1780495526.929866,32
220106,1780495526.9298692,33
220107,1780495526.9298718,32
220108,1780495526.929874,33
220109,1780495526.929877,32
220110,1780495526.929891,32
220111,1780495526.931993,33
220112,1780495526.931998,32
220113,1780495526.932001,33
220114,1780495526.9320042,32
220115,1780495526.932006,32
220116,1780495526.932008,32
220117,1780495526.932011,31
220118,1780495526.932013,32
220119,1780495526.9320152,33
220120,1780495526.9320168,31
220121,1780495526.93202,33
220122,1780495526.965364,32
220123,1780495526.9653928,32
220124,1780495526.965398,31
220125,1780495526.9654012,31
220126,1780495526.9654038,31
220127,1780495526.965406,33
220128,1780495526.96541,32
220129,1780495526.9654138,31
220130,1780495526.965416,32
220131,1780495526.965419,31
220132,1780495526.965423,31
220133,1780495526.9674282,33
220134,1780495526.967436,32
220135,1780495526.9674392,32
220136,1780495526.967442,32
220137,1780495526.967445,31
220138,1780495526.967447,32
220139,1780495526.9674501,32
220140,1780495526.9674518,31
220141,1780495526.967454,33
220142,1780495526.967457,33
220143,1780495526.97123,32
220144,1780495526.9712372,33
220145,1780495526.971241,33
220146,1780495526.971244,32
220147,1780495526.971246,33
220148,1780495526.9712489,31
220149,1780495526.971252,32
220150,1780495526.971254,31
220151,1780495526.971257,33
220152,1780495526.9712589,31
220153,1780495526.971262,31
220154,1780495526.973081,31
220155,1780495526.973085,33
220156,1780495526.973087,32
220157,1780495526.97309,33
220158,1780495526.973092,31
220159,1780495526.973095,32
220160,1780495526.973099,33
220161,1780495526.9731011,33
220162,1780495526.973103,32
220163,1780495526.9731069,32
220164,1780495526.985952,31
220165,1780495526.985963,32
220166,1780495526.985966,33
220167,1780495526.985968,32
220168,1780495526.985971,32
220169,1780495526.985973,32
220170,1780495526.985975,32
220171,1780495526.9859772,31
220172,1780495526.9859788,33
220173,1780495526.985982,32
220174,1780495526.985986,33
220175,1780495527.0719419,32
220176,1780495527.071948,32
220177,1780495527.0719502,32
220178,1780495527.0719502,34
220179,1780495527.0719512,31
220180,1780495527.0719519,31
220181,1780495527.0719528,33
220182,1780495527.071954,31
220183,1780495527.071954,32
220184,1780495527.071955,32
220185,1780495527.071956,31
220186,1780495527.0719569,31
220187,1780495527.075198,31
220188,1780495527.075201,32
220189,1780495527.075202,32
220190,1780495527.0752032,33
220191,1780495527.0752032,32
220192,1780495527.075205,32
220193,1780495527.075205,33
220194,1780495527.0752058,34
220195,1780495527.075207,31
220196,1780495527.077833,33
220197,1780495527.077835,32
220198,1780495527.077836,32
220199,1780495527.077837,32
220200,1780495527.0778382,31
220201,1780495527.0778391,32
220202,1780495527.0778391,32
220203,1780495527.0778399,32
220204,1780495527.0778408,33
220205,1780495527.077842,33
220206,1780495527.077843,33
220207,1780495527.080838,32
220208,1780495527.0808399,33
220209,1780495527.080841,32
220210,1780495527.080842,31
220211,1780495527.080842,33
220212,1780495527.080843,32
220213,1780495527.080844,32
220214,1780495527.080845,32
220215,1780495527.080845,32
220216,1780495527.080846,32
220217,1780495527.080847,32
220218,1780495527.087821,32
220219,1780495527.0878239,33
220220,1780495527.0878248,33
220221,1780495527.087826,33
220222,1780495527.087827,31
220223,1780495527.087827,33
220224,1780495527.087828,33
220225,1780495527.0878289,31
220226,1780495527.08783,32
220227,1780495527.087831,32
220228,1780495527.0903108,32
220229,1780495527.090313,31
220230,1780495527.090314,32
220231,1780495527.090314,32
220232,1780495527.090315,32
220233,1780495527.090316,33
220234,1780495527.090317,32
220235,1780495527.090317,31
220236,1780495527.090318,32
220237,1780495527.0903192,32
220238,1780495527.0903199,32
220239,1780495527.092881,32
220240,1780495527.092889,33
220241,1780495527.092889,32
220242,1780495527.09289,32
220243,1780495527.092891,32
220244,1780495527.092892,32
220245,1780495527.092893,32
220246,1780495527.092893,32
220247,1780495527.0928938,32
220248,1780495527.092895,32
220249,1780495527.092896,32
220250,1780495527.0958312,32
220251,1780495527.095833,33
220252,1780495527.095834,32
220253,1780495527.095835,32
220254,1780495527.095835,32
220255,1780495527.095836,32
220256,1780495527.0958369,32
220257,1780495527.095838,32
220258,1780495527.095839,32
220259,1780495527.09584,33
220260,1780495527.100353,32
220261,1780495527.100357,32
220262,1780495527.1003578,32
220263,1780495527.100359,32
220264,1780495527.100359,31
220265,1780495527.10036,32
220266,1780495527.1003609,32
220267,1780495527.100362,32
220268,1780495527.100363,31
220269,1780495527.100363,33
220270,1780495527.1003652,31
220271,1780495527.1027808,32
220272,1780495527.102784,32
220273,1780495527.102784,32
220274,1780495527.102785,32
220275,1780495527.102786,31
220276,1780495527.102787,32
220277,1780495527.102787,32
220278,1780495527.1027882,32
220279,1780495527.1027892,31
220280,1780495527.1027899,33
220281,1780495527.1027908,32
220282,1780495527.105363,32
220283,1780495527.105365,31
220284,1780495527.105366,32
220285,1780495527.105367,32
220286,1780495527.1053681,32
220287,1780495527.1053681,32
220288,1780495527.105372,31
220289,1780495527.105373,32
220290,1780495527.1053739,32
220291,1780495527.105375,32
220292,1780495527.109186,32
220293,1780495527.1091871,32
220294,1780495527.109188,31
220295,1780495527.109189,32
220296,1780495527.10919,33
220297,1780495527.10919,31
220298,1780495527.109191,32
220299,1780495527.109192,32
220300,1780495527.1091928,32
220301,1780495527.109194,31
220302,1780495527.112294,31
220303,1780495527.1444101,31
220304,1780495527.144414,32
220305,1780495527.144415,33
220306,1780495527.144416,32
220307,1780495527.144417,33
220308,1780495527.144417,32
220309,1780495527.144418,32
220310,1780495527.144419,33
220311,1780495527.1444201,32
220312,1780495527.144421,32
220313,1780495527.1444218,32
220314,1780495527.147844,33
220315,1780495527.147846,32
220316,1780495527.147847,31
220317,1780495527.147848,33
220318,1780495527.147848,32
220319,1780495527.1478488,32
220320,1780495527.14785,32
220321,1780495527.147851,32
220322,1780495527.147851,33
220323,1780495527.1478531,33
220324,1780495527.152907,31
220325,1780495527.152909,32
220326,1780495527.15291,33
220327,1780495527.15291,32
220328,1780495527.1529112,32
220329,1780495527.152912,31
220330,1780495527.1529129,32
220331,1780495527.1529138,32
220332,1780495527.1529138,32
220333,1780495527.152915,31
220334,1780495527.152916,32
220335,1780495527.15585,32
220336,1780495527.155852,31
220337,1780495527.155853,31
220338,1780495527.155854,31
220339,1780495527.155854,33
220340,1780495527.1558552,31
220341,1780495527.155856,31
220342,1780495527.1558568,31
220343,1780495527.1558568,30
220344,1780495527.1558578,32
220345,1780495527.155859,32
220346,1780495527.189326,32
220347,1780495527.189328,32
220348,1780495527.1893299,32
220349,1780495527.189331,32
220350,1780495527.189332,33
220351,1780495527.189333,32
220352,1780495527.189334,31
220353,1780495527.189335,32
220354,1780495527.189336,32
220355,1780495527.189337,33
220356,1780495527.192867,32
220357,1780495527.19287,33
220358,1780495527.1928709,32
220359,1780495527.192872,32
220360,1780495527.192873,32
220361,1780495527.192874,31
220362,1780495527.192875,32
220363,1780495527.192876,32
220364,1780495527.192877,32
220365,1780495527.192878,32
220366,1780495527.1928802,32
220367,1780495527.195315,32
220368,1780495527.195317,33
220369,1780495527.195318,32
220370,1780495527.195319,32
220371,1780495527.1953201,33
220372,1780495527.195321,31
220373,1780495527.195322,31
220374,1780495527.195323,32
220375,1780495527.195324,33
220376,1780495527.195325,32
220377,1780495527.1953259,32
220378,1780495527.1979232,34
220379,1780495527.197925,32
220380,1780495527.197927,32
220381,1780495527.197928,33
220382,1780495527.197929,31
220383,1780495527.19793,31
220384,1780495527.197931,32
220385,1780495527.197932,32
220386,1780495527.197933,32
220387,1780495527.197935,33
220388,1780495527.229334,33
220389,1780495527.229337,31
220390,1780495527.229339,32
220391,1780495527.2293398,31
220392,1780495527.229341,31
220393,1780495527.229343,33
220394,1780495527.229344,32
220395,1780495527.229345,32
220396,1780495527.229347,33
220397,1780495527.2293482,32
220398,1780495527.2293499,32
220399,1780495527.2354329,32
220400,1780495527.235436,32
220401,1780495527.2354372,32
220402,1780495527.235439,33
220403,1780495527.23544,33
220404,1780495527.235441,32
220405,1780495527.2354429,33
220406,1780495527.235444,31
220407,1780495527.235445,33
220408,1780495527.235447,32
220409,1780495527.2354481,32
220410,1780495527.237819,32
220411,1780495527.237822,33
220412,1780495527.237824,32
220413,1780495527.237825,31
220414,1780495527.237826,31
220415,1780495527.237828,33
220416,1780495527.2378292,30
220417,1780495527.23783,32
220418,1780495527.2378318,31
220419,1780495527.237833,32
220420,1780495527.240414,32
220421,1780495527.240416,31
220422,1780495527.240418,33
220423,1780495527.2404191,33
220424,1780495527.24042,32
220425,1780495527.2404218,32
220426,1780495527.240423,32
220427,1780495527.2404249,33
220428,1780495527.240426,32
220429,1780495527.240428,33
220430,1780495527.24043,33
220431,1780495527.270667,31
220432,1780495527.2706711,31
220433,1780495527.2706728,32
220434,1780495527.270675,32
220435,1780495527.270677,32
220436,1780495527.270679,32
220437,1780495527.2706811,33
220438,1780495527.2706828,33
220439,1780495527.270684,32
220440,1780495527.270686,32
220441,1780495527.270688,33
220442,1780495527.2706912,32
220443,1780495527.274011,31
220444,1780495527.274015,32
220445,1780495527.274017,32
220446,1780495527.274019,31
220447,1780495527.2740202,32
220448,1780495527.2740228,31
220449,1780495527.274025,33
220450,1780495527.274026,32
220451,1780495527.274029,32
220452,1780495527.276992,33
220453,1780495527.2769961,31
220454,1780495527.2769978,31
220455,1780495527.277,33
220456,1780495527.277001,33
220457,1780495527.277003,31
220458,1780495527.277005,32
220459,1780495527.277007,31
220460,1780495527.2770078,32
220461,1780495527.27701,32
220462,1780495527.277013,32
220463,1780495527.281706,32
220464,1780495527.281711,32
220465,1780495527.281713,32
220466,1780495527.281715,32
220467,1780495527.281717,32
220468,1780495527.2817202,32
220469,1780495527.281722,32
220470,1780495527.281724,31
220471,1780495527.281726,31
220472,1780495527.28173,32
220473,1780495527.2846,32
220474,1780495527.3482912,32
220475,1780495527.3483179,31
220476,1780495527.348325,31
220477,1780495527.34833,33
220478,1780495527.348335,32
220479,1780495527.34834,32
220480,1780495527.348345,31
220481,1780495527.34835,33
220482,1780495527.348355,31
220483,1780495527.348362,32
220484,1780495527.3520699,33
220485,1780495527.3520792,33
220486,1780495527.3520849,32
220487,1780495527.3520901,31
220488,1780495527.352095,33
220489,1780495527.3521001,31
220490,1780495527.352106,32
220491,1780495527.352112,31
220492,1780495527.352119,32
220493,1780495527.352124,32
220494,1780495527.35213,33
220495,1780495527.371907,32
220496,1780495527.371958,31
220497,1780495527.371962,31
220498,1780495527.371964,32
220499,1780495527.371967,33
220500,1780495527.371969,33
220501,1780495527.371973,32
220502,1780495527.371975,31
220503,1780495527.371978,33
220504,1780495527.37198,31
220505,1780495527.371986,32
220506,1780495527.374039,32
220507,1780495527.374045,32
220508,1780495527.374047,32
220509,1780495527.3740501,32
220510,1780495527.374052,33
220511,1780495527.374055,32
220512,1780495527.374058,31
220513,1780495527.374061,32
220514,1780495527.374063,31
220515,1780495527.3740668,33
220516,1780495527.376673,32
220517,1780495527.3766851,31
220518,1780495527.37669,32
220519,1780495527.376694,32
220520,1780495527.376698,32
220521,1780495527.376702,31
220522,1780495527.3767061,31
220523,1780495527.376711,31
220524,1780495527.376715,32
220525,1780495527.376718,33
220526,1780495527.376723,32
220527,1780495527.379166,32
220528,1780495527.379178,32
220529,1780495527.3791811,31
220530,1780495527.3791842,32
220531,1780495527.379186,31
220532,1780495527.379188,32
220533,1780495527.379191,32
220534,1780495527.379193,31
220535,1780495527.379195,32
220536,1780495527.3791978,32
220537,1780495527.379203,31
220538,1780495527.3820539,32
220539,1780495527.382061,33
220540,1780495527.382064,32
220541,1780495527.382066,32
220542,1780495527.382069,33
220543,1780495527.382071,33
220544,1780495527.382074,32
220545,1780495527.382077,32
220546,1780495527.382079,33
220547,1780495527.382082,32
220548,1780495527.3853152,32
220549,1780495527.385319,32
220550,1780495527.385321,32
220551,1780495527.385323,32
220552,1780495527.3853261,32
220553,1780495527.385328,32
220554,1780495527.38533,32
220555,1780495527.385386,32
220556,1780495527.385389,32
220557,1780495527.385391,33
220558,1780495527.385398,32
220559,1780495527.387872,32
220560,1780495527.387883,32
220561,1780495527.3878882,32
220562,1780495527.387893,32
220563,1780495527.3878982,33
220564,1780495527.387904,32
220565,1780495527.3879092,32
220566,1780495527.387914,32
220567,1780495527.3879192,32
220568,1780495527.387924,32
220569,1780495527.3879309,33
220570,1780495527.390475,32
220571,1780495527.3904839,32
220572,1780495527.39049,31
220573,1780495527.3904939,33
220574,1780495527.3905,31
220575,1780495527.390504,33
220576,1780495527.390514,33
220577,1780495527.390521,31
220578,1780495527.390526,31
220579,1780495527.390532,31
220580,1780495527.420628,31
220581,1780495527.4206421,30
220582,1780495527.4206452,31
220583,1780495527.420647,31
220584,1780495527.42065,32
220585,1780495527.4206522,33
220586,1780495527.420654,31
220587,1780495527.4206562,32
220588,1780495527.4206579,32
220589,1780495527.420661,33
220590,1780495527.420664,32
220591,1780495527.424106,32
220592,1780495527.424112,33
220593,1780495527.424115,33
220594,1780495527.424118,31
220595,1780495527.42412,32
220596,1780495527.424122,31
220597,1780495527.424124,31
220598,1780495527.4241269,33
220599,1780495527.424129,31
220600,1780495527.4241312,32
220601,1780495527.4270358,32
220602,1780495527.4270458,32
220603,1780495527.427049,32
220604,1780495527.427051,32
220605,1780495527.427053,32
220606,1780495527.427056,32
220607,1780495527.427058,32
220608,1780495527.42706,32
220609,1780495527.427062,32
220610,1780495527.4270651,33
220611,1780495527.427068,32
220612,1780495527.43047,33
220613,1780495527.430479,31
220614,1780495527.430481,35
220615,1780495527.4304829,33
220616,1780495527.430485,32
220617,1780495527.4304872,33
220618,1780495527.430489,33
220619,1780495527.430491,32
220620,1780495527.430492,32
220621,1780495527.430494,30
220622,1780495527.430497,32
220623,1780495527.460573,32
220624,1780495527.4605792,32
220625,1780495527.460581,32
220626,1780495527.4605818,32
220627,1780495527.460584,44
220628,1780495527.4605849,40
220629,1780495527.460586,45
220630,1780495527.460587,50
220631,1780495527.4605892,52
220632,1780495527.4605901,51
220633,1780495527.460592,51
220634,1780495527.464067,50
220635,1780495527.464072,48
220636,1780495527.464073,48
220637,1780495527.464074,46
220638,1780495527.464075,46
220639,1780495527.464076,44
220640,1780495527.464077,41
220641,1780495527.4640782,41
220642,1780495527.4640799,43
220643,1780495527.4640808,46
220644,1780495527.4666429,47
220645,1780495527.466646,48
220646,1780495527.4666471,50
220647,1780495527.466648,52
220648,1780495527.466649,56
220649,1780495527.46665,58
220650,1780495527.466651,60
220651,1780495527.4666529,64
220652,1780495527.466654,63
220653,1780495527.466655,59
220654,1780495527.466656,60
220655,1780495527.496789,59
220656,1780495527.4967942,57
220657,1780495527.496795,55
220658,1780495527.496795,54
220659,1780495527.496796,51
220660,1780495527.4967968,49
220661,1780495527.496798,51
220662,1780495527.4968011,51
220663,1780495527.496802,51
220664,1780495527.496802,53
220665,1780495527.496804,54
220666,1780495527.500802,55
220667,1780495527.5008059,59
220668,1780495527.5008068,61
220669,1780495527.500808,64
220670,1780495527.500808,66
220671,1780495527.500809,67
220672,1780495527.50081,66
220673,1780495527.500811,65
220674,1780495527.500812,62
220675,1780495527.500813,60
220676,1780495527.505295,59
220677,1780495527.505297,54
220678,1780495527.505298,52
220679,1780495527.5052989,52
220680,1780495527.5052989,49
220681,1780495527.5053,49
220682,1780495527.505301,47
220683,1780495527.505302,50
220684,1780495527.505302,51
220685,1780495527.5053031,52
220686,1780495527.505304,53
220687,1780495527.507734,56
220688,1780495527.507736,58
220689,1780495527.5077372,61
220690,1780495527.507738,61
220691,1780495527.5077388,64
220692,1780495527.5077388,62
220693,1780495527.50774,60
220694,1780495527.507741,58
220695,1780495527.507742,57
220696,1780495527.507743,55
220697,1780495527.5095859,52
220698,1780495527.540492,49
220699,1780495527.5404959,49
220700,1780495527.5404968,45
220701,1780495527.540498,44
220702,1780495527.540499,43
220703,1780495527.5405,44
220704,1780495527.5405009,47
220705,1780495527.540502,45
220706,1780495527.540502,47
220707,1780495527.540504,51
220708,1780495527.544866,50
220709,1780495527.5448692,52
220710,1780495527.54487,56
220711,1780495527.5448709,57
220712,1780495527.5448709,54
220713,1780495527.544872,53
220714,1780495527.544873,50
220715,1780495527.544874,45
220716,1780495527.544875,45
220717,1780495527.544875,41
220718,1780495527.544877,36
220719,1780495527.546925,37
220720,1780495527.5469272,35
220721,1780495527.5469282,34
220722,1780495527.546929,34
220723,1780495527.5469298,35
220724,1780495527.546931,37
220725,1780495527.546932,36
220726,1780495527.546933,38
220727,1780495527.546933,37
220728,1780495527.5469341,42
220729,1780495527.546935,45
220730,1780495527.546936,47
220731,1780495527.555136,49
220732,1780495527.555137,46
220733,1780495527.555138,45
220734,1780495527.555139,43
220735,1780495527.55514,41
220736,1780495527.5551412,38
220737,1780495527.5551412,35
220738,1780495527.555142,34
220739,1780495527.5551429,33
220740,1780495527.557757,33
220741,1780495527.557759,33
220742,1780495527.557759,33
220743,1780495527.55776,33
220744,1780495527.557761,31
220745,1780495527.5577621,39
220746,1780495527.557763,37
220747,1780495527.557763,39
220748,1780495527.557764,42
220749,1780495527.557765,45
220750,1780495527.557766,51
220751,1780495527.5894232,53
220752,1780495527.589427,48
220753,1780495527.589428,48
220754,1780495527.589429,46
220755,1780495527.58943,44
220756,1780495527.58943,41
220757,1780495527.589431,41
220758,1780495527.589432,39
220759,1780495527.5894332,36
220760,1780495527.5894332,36
220761,1780495527.5894349,36
220762,1780495527.5953019,36
220763,1780495527.595304,39
220764,1780495527.595305,43
220765,1780495527.595305,43
220766,1780495527.595306,47
220767,1780495527.595307,50
220768,1780495527.595308,55
220769,1780495527.595309,56
220770,1780495527.59531,60
220771,1780495527.5953112,62
220772,1780495527.597829,58
220773,1780495527.597831,56
220774,1780495527.597832,53
220775,1780495527.597832,49
220776,1780495527.597833,45
220777,1780495527.5978339,43
220778,1780495527.597835,41
220779,1780495527.597836,39
220780,1780495527.597837,36
220781,1780495527.597837,33
220782,1780495527.597839,34
220783,1780495527.6003578,36
220784,1780495527.60036,36
220785,1780495527.6003609,35
220786,1780495527.600362,38
220787,1780495527.600363,39
220788,1780495527.6003652,42
220789,1780495527.600366,43
220790,1780495527.600367,48
220791,1780495527.600368,50
220792,1780495527.600369,50
220793,1780495527.60037,46
220794,1780495527.646775,39
220795,1780495527.646781,36
220796,1780495527.6467829,36
220797,1780495527.646784,33
220798,1780495527.646785,31
220799,1780495527.6467872,33
220800,1780495527.6467881,31
220801,1780495527.646789,32
220802,1780495527.6467898,32
220803,1780495527.646792,32
220804,1780495527.650826,32
220805,1780495527.650832,33
220806,1780495527.650833,32
220807,1780495527.650835,33
220808,1780495527.650836,33
220809,1780495527.650837,31
220810,1780495527.650839,32
220811,1780495527.65084,34
220812,1780495527.650841,34
220813,1780495527.6508422,33
220814,1780495527.6508439,31
220815,1780495527.6552808,32
220816,1780495527.655286,31
220817,1780495527.6552908,33
220818,1780495527.655293,33
220819,1780495527.655294,33
220820,1780495527.655295,32
220821,1780495527.655296,32
220822,1780495527.655297,31
220823,1780495527.655298,31
220824,1780495527.6553001,33
220825,1780495527.6553018,33
220826,1780495527.6577542,32
220827,1780495527.657757,32
220828,1780495527.657758,32
220829,1780495527.657759,31
220830,1780495527.657762,32
220831,1780495527.657763,32
220832,1780495527.6577652,33
220833,1780495527.6577659,32
220834,1780495527.6577668,33
220835,1780495527.657769,31
220836,1780495527.660352,32
220837,1780495527.6603599,31
220838,1780495527.660361,32
220839,1780495527.660362,31
220840,1780495527.6603642,32
220841,1780495527.660365,33
220842,1780495527.660366,32
220843,1780495527.660367,33
220844,1780495527.660368,33
220845,1780495527.6603699,32
220846,1780495527.6603708,32
220847,1780495527.6641269,33
220848,1780495527.66413,32
220849,1780495527.6641312,32
220850,1780495527.664133,32
220851,1780495527.6641338,32
220852,1780495527.664136,32
220853,1780495527.664138,33
220854,1780495527.664139,34
220855,1780495527.66414,32
220856,1780495527.664143,32
220857,1780495527.666162,33
220858,1780495527.6993191,32
220859,1780495527.69933,31
220860,1780495527.699332,32
220861,1780495527.699334,32
220862,1780495527.699336,33
220863,1780495527.699338,32
220864,1780495527.69934,32
220865,1780495527.699342,32
220866,1780495527.699344,31
220867,1780495527.699347,32
220868,1780495527.702828,33
220869,1780495527.7028348,33
220870,1780495527.702864,33
220871,1780495527.702867,48
220872,1780495527.702871,43
220873,1780495527.702873,43
220874,1780495527.702875,40
220875,1780495527.702877,38
220876,1780495527.702878,37
220877,1780495527.70288,37
220878,1780495527.702883,37
220879,1780495527.705322,35
220880,1780495527.705329,36
220881,1780495527.7053308,33
220882,1780495527.705333,36
220883,1780495527.7053351,38
220884,1780495527.705336,40
220885,1780495527.705338,42
220886,1780495527.7053409,44
220887,1780495527.705342,47
220888,1780495527.705344,51
220889,1780495527.705347,55
220890,1780495527.707905,61
220891,1780495527.707913,62
220892,1780495527.707916,62
220893,1780495527.7079182,61
220894,1780495527.7079191,62
220895,1780495527.7079208,60
220896,1780495527.707923,63
220897,1780495527.707925,62
220898,1780495527.707927,63
220899,1780495527.70793,65
220900,1780495527.744502,66
220901,1780495527.7445261,67
220902,1780495527.74453,67
220903,1780495527.744533,71
220904,1780495527.7445388,74
220905,1780495527.744542,79
220906,1780495527.744545,83
220907,1780495527.744548,87
220908,1780495527.74455,91
220909,1780495527.744555,97
220910,1780495527.744559,101
220911,1780495527.7478771,105
220912,1780495527.747888,106
220913,1780495527.747892,107
220914,1780495527.7479,109
220915,1780495527.7479029,106
220916,1780495527.747905,108
220917,1780495527.747908,111
220918,1780495527.7479098,113
220919,1780495527.747912,113
220920,1780495527.747915,116
220921,1780495527.7479181,118
220922,1780495527.7503219,117
220923,1780495527.750329,121
220924,1780495527.750331,124
220925,1780495527.750334,129
220926,1780495527.750336,132
220927,1780495527.750339,138
220928,1780495527.750342,143
220929,1780495527.750345,146
220930,1780495527.750347,154
220931,1780495527.75035,156
220932,1780495527.752874,157
220933,1780495527.752885,160
220934,1780495527.752888,160
220935,1780495527.75289,160
220936,1780495527.752892,161
220937,1780495527.7528949,164
220938,1780495527.752897,164
220939,1780495527.7529001,165
220940,1780495527.752903,167
220941,1780495527.752906,169
220942,1780495527.7545578,171
220943,1780495527.786029,175
220944,1780495527.7860749,179
220945,1780495527.786078,181
220946,1780495527.786081,186
220947,1780495527.7860842,191
220948,1780495527.7860858,197
220949,1780495527.786089,197
220950,1780495527.786091,203
220951,1780495527.7860942,209
220952,1780495527.786096,211
220953,1780495527.786099,213
220954,1780495527.7904158,213
220955,1780495527.790433,217
220956,1780495527.7904372,217
220957,1780495527.7904398,218
220958,1780495527.790443,220
220959,1780495527.790446,222
220960,1780495527.7904499,223
220961,1780495527.790453,224
220962,1780495527.790456,228
220963,1780495527.790459,232
220964,1780495527.792863,232
220965,1780495527.792872,235
220966,1780495527.7928782,239
220967,1780495527.7928839,243
220968,1780495527.79289,247
220969,1780495527.792895,253
220970,1780495527.7928991,258
220971,1780495527.792904,262
220972,1780495527.7929091,266
220973,1780495527.792913,263
220974,1780495527.7929192,263
220975,1780495527.795412,265
220976,1780495527.7954218,269
220977,1780495527.795425,268
220978,1780495527.7954519,270
220979,1780495527.795455,271
220980,1780495527.795458,269
220981,1780495527.7954612,272
220982,1780495527.7954628,271
220983,1780495527.795466,274
220984,1780495527.795469,273
220985,1780495527.795472,274
220986,1780495527.825878,278
220987,1780495527.825912,277
220988,1780495527.825918,280
220989,1780495527.825923,281
220990,1780495527.825929,284
220991,1780495527.825933,286
220992,1780495527.825939,286
220993,1780495527.825944,282
220994,1780495527.825949,283
220995,1780495527.82596,282
220996,1780495527.829176,281
220997,1780495527.829192,277
220998,1780495527.829195,274
220999,1780495527.8291972,275
221000,1780495527.8291998,274
221001,1780495527.829203,275
221002,1780495527.829206,270
221003,1780495527.82921,269
221004,1780495527.829213,272
221005,1780495527.829216,270
221006,1780495527.82922,271
221007,1780495527.83201,272
221008,1780495527.8320189,268
221009,1780495527.832022,272
221010,1780495527.832024,271
221011,1780495527.832027,275
221012,1780495527.8320289,270
221013,1780495527.832031,268
221014,1780495527.832034,267
221015,1780495527.832036,264
221016,1780495527.832038,263
221017,1780495527.832042,261
221018,1780495527.835437,258
221019,1780495527.835445,261
221020,1780495527.835448,256
221021,1780495527.835451,253
221022,1780495527.835455,255
221023,1780495527.835457,253
221024,1780495527.8354628,250
221025,1780495527.835468,252
221026,1780495527.83547,248
221027,1780495527.835474,246
221028,1780495527.865686,250
221029,1780495527.865695,248
221030,1780495527.865697,250
221031,1780495527.865699,250
221032,1780495527.8657012,245
221033,1780495527.8657029,243
221034,1780495527.865705,240
221035,1780495527.865707,238
221036,1780495527.865709,235
221037,1780495527.8657112,232
221038,1780495527.8657138,227
221039,1780495527.86906,224
221040,1780495527.869065,221
221041,1780495527.869069,218
221042,1780495527.869071,215
221043,1780495527.869073,211
221044,1780495527.869075,209
221045,1780495527.869076,210
221046,1780495527.869078,203
221047,1780495527.86908,199
221048,1780495527.8690822,201
221049,1780495527.8690848,200
221050,1780495527.871593,198
221051,1780495527.871597,195
221052,1780495527.8715992,195
221053,1780495527.8716009,190
221054,1780495527.871603,183
221055,1780495527.871605,180
221056,1780495527.871606,176
221057,1780495527.871608,171
221058,1780495527.8716102,167
221059,1780495527.871613,163
221060,1780495527.9017558,159
221061,1780495527.901761,157
221062,1780495527.901763,156
221063,1780495527.9017642,151
221064,1780495527.901765,151
221065,1780495527.9017658,146
221066,1780495527.901767,147
221067,1780495527.901768,145
221068,1780495527.901769,144
221069,1780495527.9017699,144
221070,1780495527.901772,141
221071,1780495527.905748,141
221072,1780495527.90575,136
221073,1780495527.905751,132
221074,1780495527.9057522,133
221075,1780495527.9057531,129
221076,1780495527.905754,125
221077,1780495527.9057548,123
221078,1780495527.905756,121
221079,1780495527.905757,119
221080,1780495527.905758,117
221081,1780495527.9057589,114
221082,1780495527.945506,114
221083,1780495527.94551,113
221084,1780495527.9455109,112
221085,1780495527.9455118,112
221086,1780495527.945513,114
221087,1780495527.945513,114
221088,1780495527.945514,110
221089,1780495527.945515,115
221090,1780495527.945516,115
221091,1780495527.945517,115
221092,1780495527.9490461,112
221093,1780495527.9490502,114
221094,1780495527.949051,112
221095,1780495527.9490519,110
221096,1780495527.9490519,108
221097,1780495527.9490528,108
221098,1780495527.949054,102
221099,1780495527.949055,104
221100,1780495527.949056,104
221101,1780495527.949057,101
221102,1780495527.950706,103
221103,1780495527.957856,103
221104,1780495527.957858,103
221105,1780495527.957859,103
221106,1780495527.95786,108
221107,1780495527.9578612,108
221108,1780495527.9578612,112
221109,1780495527.957862,114
221110,1780495527.9578629,116
221111,1780495527.957864,119
221112,1780495527.957865,121
221113,1780495527.957866,117
221114,1780495527.960264,119
221115,1780495527.9602659,117
221116,1780495527.960267,116
221117,1780495527.960268,117
221118,1780495527.960269,120
221119,1780495527.960269,119
221120,1780495527.9602702,119
221121,1780495527.9602711,118
221122,1780495527.9602718,120
221123,1780495527.9602728,124
221124,1780495527.9628348,126
221125,1780495527.962837,123
221126,1780495527.962838,132
221127,1780495527.962838,133
221128,1780495527.9628391,136
221129,1780495527.96284,141
221130,1780495527.962841,139
221131,1780495527.962841,144
221132,1780495527.9628448,144
221133,1780495527.962846,142
221134,1780495527.962847,139
221135,1780495527.965784,134
221136,1780495527.9657862,135
221137,1780495527.9657862,132
221138,1780495527.965787,131
221139,1780495527.965795,131
221140,1780495527.965795,128
221141,1780495527.965796,130
221142,1780495527.9657972,129
221143,1780495527.965798,130
221144,1780495527.965798,132
221145,1780495527.9658,131
221146,1780495527.9702332,135
221147,1780495527.9702342,137
221148,1780495527.9702349,141
221149,1780495527.9702358,142
221150,1780495527.9702358,143
221151,1780495527.970237,148
221152,1780495527.970238,147
221153,1780495527.970239,144
221154,1780495527.97024,143
221155,1780495527.970241,138
221156,1780495527.972873,137
221157,1780495527.972875,133
221158,1780495527.972876,132
221159,1780495527.972876,131
221160,1780495527.972877,129
221161,1780495527.972878,130
221162,1780495527.9728792,125
221163,1780495527.97288,127
221164,1780495527.97288,124
221165,1780495527.9728808,128
221166,1780495527.972882,131
221167,1780495528.003006,133
221168,1780495528.00301,134
221169,1780495528.003011,135
221170,1780495528.0030122,140
221171,1780495528.0030131,140
221172,1780495528.0030148,137
221173,1780495528.0030148,135
221174,1780495528.003016,132
221175,1780495528.003017,129
221176,1780495528.003018,130
221177,1780495528.003019,125
221178,1780495528.006495,125
221179,1780495528.006497,122
221180,1780495528.006498,118
221181,1780495528.006498,115
221182,1780495528.006499,117
221183,1780495528.0065,119
221184,1780495528.0065012,118
221185,1780495528.0065012,117
221186,1780495528.006502,118
221187,1780495528.0065029,122
221188,1780495528.0092,119
221189,1780495528.009202,123
221190,1780495528.009203,123
221191,1780495528.009203,126
221192,1780495528.009204,120
221193,1780495528.009205,118
221194,1780495528.009206,116
221195,1780495528.009207,113
221196,1780495528.009207,110
221197,1780495528.009208,106
221198,1780495528.0092092,104
221199,1780495528.040765,101
221200,1780495528.040767,101
221201,1780495528.040768,96
221202,1780495528.040769,98
221203,1780495528.04077,94
221204,1780495528.040771,97
221205,1780495528.0407722,99
221206,1780495528.0407732,101
221207,1780495528.0407732,100
221208,1780495528.0407739,103
221209,1780495528.040776,107
221210,1780495528.045228,109
221211,1780495528.045231,109
221212,1780495528.045231,104
221213,1780495528.045232,102
221214,1780495528.045233,101
221215,1780495528.045234,100
221216,1780495528.045235,96
221217,1780495528.0452359,94
221218,1780495528.045237,90
221219,1780495528.045238,89
221220,1780495528.074341,86
221221,1780495528.074344,82
221222,1780495528.0743449,84
221223,1780495528.074346,84
221224,1780495528.074347,87
221225,1780495528.074348,88
221226,1780495528.0743492,87
221227,1780495528.07435,90
221228,1780495528.074351,91
221229,1780495528.074352,96
221230,1780495528.074354,99
221231,1780495528.077714,101
221232,1780495528.0777159,96
221233,1780495528.077717,96
221234,1780495528.077718,93
221235,1780495528.0777202,89
221236,1780495528.077721,88
221237,1780495528.077722,88
221238,1780495528.0777228,85
221239,1780495528.077724,82
221240,1780495528.077726,78
221241,1780495528.07952,78
221242,1780495528.081425,80
221243,1780495528.081428,80
221244,1780495528.081429,80
221245,1780495528.08143,84
221246,1780495528.0814312,84
221247,1780495528.081432,91
221248,1780495528.081433,92
221249,1780495528.081434,92
221250,1780495528.081435,99
221251,1780495528.0814369,100
221252,1780495528.0840309,100
221253,1780495528.084033,97
221254,1780495528.084034,93
221255,1780495528.084036,92
221256,1780495528.084037,90
221257,1780495528.0840378,85
221258,1780495528.084039,83
221259,1780495528.08404,81
221260,1780495528.084042,77
221261,1780495528.084043,76
221262,1780495528.0840452,74
221263,1780495528.087095,74
221264,1780495528.0870981,77
221265,1780495528.0870988,77
221266,1780495528.087101,81
221267,1780495528.087102,79
221268,1780495528.087103,84
221269,1780495528.087104,85
221270,1780495528.087105,88
221271,1780495528.0871072,86
221272,1780495528.0871081,86
221273,1780495528.087109,83
221274,1780495528.10792,81
221275,1780495528.107924,75
221276,1780495528.107925,75
221277,1780495528.107927,69
221278,1780495528.107928,68
221279,1780495528.107929,65
221280,1780495528.107931,64
221281,1780495528.1079319,60
221282,1780495528.107933,62
221283,1780495528.107935,60
221284,1780495528.110229,61
221285,1780495528.110232,64
221286,1780495528.110233,65
221287,1780495528.110235,68
221288,1780495528.110236,68
221289,1780495528.110237,69
221290,1780495528.110239,73
221291,1780495528.11024,76
221292,1780495528.1102452,72
221293,1780495528.110247,69
221294,1780495528.112003,69
221295,1780495528.114124,63
221296,1780495528.1141272,61
221297,1780495528.1141288,56
221298,1780495528.11413,52
221299,1780495528.114132,51
221300,1780495528.114133,48
221301,1780495528.114134,46
221302,1780495528.114136,44
221303,1780495528.1141372,47
221304,1780495528.1141381,46
221305,1780495528.145941,49
221306,1780495528.145945,48
221307,1780495528.145947,47
221308,1780495528.145949,51
221309,1780495528.145951,51
221310,1780495528.145953,52
221311,1780495528.145955,54
221312,1780495528.145956,52
221313,1780495528.145958,46
221314,1780495528.1459599,41
221315,1780495528.145962,37
221316,1780495528.145965,34
221317,1780495528.1503391,34
221318,1780495528.150343,32
221319,1780495528.1503448,32
221320,1780495528.150347,33
221321,1780495528.15035,32
221322,1780495528.1503518,31
221323,1780495528.150354,33
221324,1780495528.150356,32
221325,1780495528.150358,33
221326,1780495528.150362,32
221327,1780495528.152865,32
221328,1780495528.15287,33
221329,1780495528.1528718,33
221330,1780495528.152874,32
221331,1780495528.1528761,32
221332,1780495528.152878,32
221333,1780495528.1528802,31
221334,1780495528.152883,32
221335,1780495528.152885,31
221336,1780495528.152887,33
221337,1780495528.1528902,31
221338,1780495528.155345,32
221339,1780495528.15535,33
221340,1780495528.155352,32
221341,1780495528.155354,32
221342,1780495528.155356,32
221343,1780495528.155367,33
221344,1780495528.15537,32
221345,1780495528.1553721,32
221346,1780495528.155374,32
221347,1780495528.155377,32
221348,1780495528.18561,32
221349,1780495528.185629,31
221350,1780495528.185632,32
221351,1780495528.185639,32
221352,1780495528.185642,32
221353,1780495528.185645,32
221354,1780495528.185647,31
221355,1780495528.1856499,32
221356,1780495528.185656,33
221357,1780495528.1856582,32
221358,1780495528.185662,32
221359,1780495528.189075,31
221360,1780495528.1890812,31
221361,1780495528.189089,31
221362,1780495528.189091,31
221363,1780495528.1890938,31
221364,1780495528.189096,33
221365,1780495528.1891,32
221366,1780495528.1891022,32
221367,1780495528.189104,32
221368,1780495528.189107,32
221369,1780495528.18911,32
221370,1780495528.191979,32
221371,1780495528.191987,32
221372,1780495528.19199,32
221373,1780495528.191993,32
221374,1780495528.1919959,32
221375,1780495528.191998,32
221376,1780495528.1920042,33
221377,1780495528.1920068,32
221378,1780495528.19201,33
221379,1780495528.192013,32
221380,1780495528.196735,32
221381,1780495528.1967518,32
221382,1780495528.196755,31
221383,1780495528.196757,34
221384,1780495528.196759,32
221385,1780495528.196762,31
221386,1780495528.196764,32
221387,1780495528.196766,32
221388,1780495528.196769,32
221389,1780495528.1967711,32
221390,1780495528.196774,33
221391,1780495528.2457511,32
221392,1780495528.2457721,33
221393,1780495528.2457752,33
221394,1780495528.2457778,32
221395,1780495528.24578,31
221396,1780495528.245783,32
221397,1780495528.2457862,32
221398,1780495528.2457879,32
221399,1780495528.24579,32
221400,1780495528.245793,32
221401,1780495528.2457962,32
221402,1780495528.2490869,32
221403,1780495528.249099,33
221404,1780495528.2491012,32
221405,1780495528.2491038,33
221406,1780495528.249106,32
221407,1780495528.249108,31
221408,1780495528.2491121,30
221409,1780495528.249114,32
221410,1780495528.249117,32
221411,1780495528.24912,32
221412,1780495528.251929,32
221413,1780495528.251936,32
221414,1780495528.251939,32
221415,1780495528.2519412,32
221416,1780495528.2519438,31
221417,1780495528.251946,32
221418,1780495528.251949,34
221419,1780495528.2519522,31
221420,1780495528.2519538,33
221421,1780495528.251956,32
221422,1780495528.251959,32
221423,1780495528.2554119,33
221424,1780495528.255423,33
221425,1780495528.255428,31
221426,1780495528.255432,32
221427,1780495528.255439,32
221428,1780495528.255444,32
221429,1780495528.255449,32
221430,1780495528.255454,33
221431,1780495528.255458,32
221432,1780495528.255463,32
221433,1780495528.255469,32
221434,1780495528.257843,31
221435,1780495528.257851,32
221436,1780495528.257856,32
221437,1780495528.2578611,32
221438,1780495528.257867,32
221439,1780495528.2578719,33
221440,1780495528.257878,33
221441,1780495528.257882,32
221442,1780495528.257887,32
221443,1780495528.257893,32
221444,1780495528.260483,32
221445,1780495528.260491,33
221446,1780495528.260496,32
221447,1780495528.2605,31
221448,1780495528.2605052,32
221449,1780495528.260509,33
221450,1780495528.260514,32
221451,1780495528.2605178,32
221452,1780495528.260523,32
221453,1780495528.2605271,32
221454,1780495528.260534,32
221455,1780495528.290719,32
221456,1780495528.2907462,33
221457,1780495528.290751,32
221458,1780495528.290754,33
221459,1780495528.2907572,33
221460,1780495528.29076,32
221461,1780495528.290764,33
221462,1780495528.2907672,32
221463,1780495528.290771,33
221464,1780495528.290774,31
221465,1780495528.2907789,32
221466,1780495528.29407,31
221467,1780495528.294079,32
221468,1780495528.2940822,30
221469,1780495528.294085,32
221470,1780495528.294087,30
221471,1780495528.29409,32
221472,1780495528.2940931,31
221473,1780495528.2940958,33
221474,1780495528.2940989,32
221475,1780495528.294104,31
221476,1780495528.297,29
221477,1780495528.2970061,32
221478,1780495528.297008,31
221479,1780495528.29701,32
221480,1780495528.297013,33
221481,1780495528.297015,33
221482,1780495528.297018,32
221483,1780495528.29702,32
221484,1780495528.297023,31
221485,1780495528.297025,32
221486,1780495528.297028,32
221487,1780495528.329354,32
221488,1780495528.329361,32
221489,1780495528.3293629,31
221490,1780495528.329364,32
221491,1780495528.329366,32
221492,1780495528.329367,33
221493,1780495528.329368,32
221494,1780495528.329369,33
221495,1780495528.329371,32
221496,1780495528.329373,32
221497,1780495528.329376,33
221498,1780495528.332758,33
221499,1780495528.332763,32
221500,1780495528.3327649,33
221501,1780495528.332766,32
221502,1780495528.332767,32
221503,1780495528.332768,32
221504,1780495528.33277,33
221505,1780495528.332771,32
221506,1780495528.332772,32
221507,1780495528.3327749,32
221508,1780495528.3353019,33
221509,1780495528.335305,32
221510,1780495528.3353071,32
221511,1780495528.335308,32
221512,1780495528.335309,31
221513,1780495528.33531,32
221514,1780495528.335312,32
221515,1780495528.3353128,31
221516,1780495528.335314,31
221517,1780495528.335315,31
221518,1780495528.335317,32
221519,1780495528.3378172,33
221520,1780495528.3378198,33
221521,1780495528.337821,32
221522,1780495528.337822,32
221523,1780495528.337823,32
221524,1780495528.337824,33
221525,1780495528.337826,33
221526,1780495528.337827,32
221527,1780495528.3378282,32
221528,1780495528.3378298,31
221529,1780495528.337831,32
221530,1780495528.3692522,32
221531,1780495528.3692548,32
221532,1780495528.3692548,33
221533,1780495528.369256,32
221534,1780495528.369257,32
221535,1780495528.369258,33
221536,1780495528.369259,32
221537,1780495528.36926,28
221538,1780495528.36926,33
221539,1780495528.369261,33
221540,1780495528.3692632,32
221541,1780495528.375256,33
221542,1780495528.375257,32
221543,1780495528.3752582,32
221544,1780495528.375259,31
221545,1780495528.3752599,32
221546,1780495528.3752608,31
221547,1780495528.375262,34
221548,1780495528.375262,32
221549,1780495528.375263,32
221550,1780495528.3752651,33
221551,1780495528.377839,32
221552,1780495528.377841,30
221553,1780495528.377849,32
221554,1780495528.37785,32
221555,1780495528.3778508,32
221556,1780495528.377852,32
221557,1780495528.377853,32
221558,1780495528.377853,31
221559,1780495528.3778539,33
221560,1780495528.377855,33
221561,1780495528.377856,32
221562,1780495528.3804119,32
221563,1780495528.3804128,33
221564,1780495528.380414,32
221565,1780495528.380415,32
221566,1780495528.380416,32
221567,1780495528.380417,31
221568,1780495528.380417,31
221569,1780495528.380418,32
221570,1780495528.380419,33
221571,1780495528.3804202,32
221572,1780495528.394175,32
221573,1780495528.394177,32
221574,1780495528.3941782,33
221575,1780495528.394179,33
221576,1780495528.39418,32
221577,1780495528.394181,33
221578,1780495528.394182,33
221579,1780495528.394182,31
221580,1780495528.394183,33
221581,1780495528.3941839,32
221582,1780495528.394185,31
221583,1780495528.424267,32
221584,1780495528.424269,33
221585,1780495528.4242702,32
221586,1780495528.424271,32
221587,1780495528.4242718,31
221588,1780495528.424273,31
221589,1780495528.424273,32
221590,1780495528.424274,32
221591,1780495528.424275,32
221592,1780495528.4242759,31
221593,1780495528.424277,33
221594,1780495528.427747,31
221595,1780495528.4277492,31
221596,1780495528.4277492,31
221597,1780495528.4277499,32
221598,1780495528.4277508,32
221599,1780495528.427752,32
221600,1780495528.427753,32
221601,1780495528.427753,32
221602,1780495528.427754,32
221603,1780495528.427755,32
221604,1780495528.430847,33
221605,1780495528.430848,32
221606,1780495528.430849,31
221607,1780495528.4308548,32
221608,1780495528.4308548,33
221609,1780495528.430856,32
221610,1780495528.430857,31
221611,1780495528.430858,31
221612,1780495528.430859,32
221613,1780495528.43086,31
221614,1780495528.430861,32
221615,1780495528.435283,31
221616,1780495528.435285,33
221617,1780495528.435285,33
221618,1780495528.435286,32
221619,1780495528.435287,31
221620,1780495528.435288,33
221621,1780495528.4352891,32
221622,1780495528.43529,33
221623,1780495528.43529,31
221624,1780495528.435292,32
221625,1780495528.437058,31
221626,1780495528.466787,33
221627,1780495528.466791,32
221628,1780495528.4667919,32
221629,1780495528.466793,31
221630,1780495528.466794,32
221631,1780495528.466794,32
221632,1780495528.466795,33
221633,1780495528.466796,32
221634,1780495528.466797,32
221635,1780495528.466798,32
221636,1780495528.470334,33
221637,1780495528.470336,31
221638,1780495528.470337,33
221639,1780495528.470338,32
221640,1780495528.470338,30
221641,1780495528.470339,33
221642,1780495528.47034,32
221643,1780495528.4703412,33
221644,1780495528.470342,31
221645,1780495528.470342,33
221646,1780495528.4703438,31
221647,1780495528.472828,31
221648,1780495528.47283,31
221649,1780495528.472831,33
221650,1780495528.472832,32
221651,1780495528.472833,32
221652,1780495528.472833,33
221653,1780495528.472834,32
221654,1780495528.472835,32
221655,1780495528.472836,32
221656,1780495528.4728389,33
221657,1780495528.472841,32
221658,1780495528.475855,33
221659,1780495528.4758568,32
221660,1780495528.475858,33
221661,1780495528.475859,31
221662,1780495528.475859,32
221663,1780495528.4758599,32
221664,1780495528.475861,32
221665,1780495528.475862,33
221666,1780495528.475863,33
221667,1780495528.4758642,33
221668,1780495528.545443,32
221669,1780495528.5454469,32
221670,1780495528.5454478,32
221671,1780495528.54545,33
221672,1780495528.545451,31
221673,1780495528.545452,32
221674,1780495528.545454,32
221675,1780495528.5454552,33
221676,1780495528.5454578,31
221677,1780495528.54546,32
221678,1780495528.5454621,33
221679,1780495528.5478,32
221680,1780495528.547803,33
221681,1780495528.5478039,32
221682,1780495528.5478048,32
221683,1780495528.547807,32
221684,1780495528.547808,32
221685,1780495528.5478091,33
221686,1780495528.547811,32
221687,1780495528.547812,32
221688,1780495528.5478132,32
221689,1780495528.5507772,32
221690,1780495528.5507798,32
221691,1780495528.550781,32
221692,1780495528.550783,31
221693,1780495528.550784,32
221694,1780495528.550785,32
221695,1780495528.550787,33
221696,1780495528.5507882,31
221697,1780495528.550789,31
221698,1780495528.550791,33
221699,1780495528.550793,33
221700,1780495528.560547,32
221701,1780495528.560551,31
221702,1780495528.560553,32
221703,1780495528.560554,32
221704,1780495528.560556,32
221705,1780495528.5605571,32
221706,1780495528.560559,32
221707,1780495528.5605602,33
221708,1780495528.560562,32
221709,1780495528.560564,33
221710,1780495528.560566,32
221711,1780495528.562925,32
221712,1780495528.5629282,32
221713,1780495528.5629299,32
221714,1780495528.562932,32
221715,1780495528.562933,31
221716,1780495528.562935,33
221717,1780495528.562936,32
221718,1780495528.5629382,31
221719,1780495528.562939,32
221720,1780495528.5629408,31
221721,1780495528.562943,32
221722,1780495528.5658,32
221723,1780495528.565804,31
221724,1780495528.565805,33
221725,1780495528.565807,32
221726,1780495528.565808,31
221727,1780495528.56581,33
221728,1780495528.565825,33
221729,1780495528.5658271,32
221730,1780495528.565829,32
221731,1780495528.565831,32
221732,1780495528.5703712,32
221733,1780495528.570375,33
221734,1780495528.570376,33
221735,1780495528.570378,33
221736,1780495528.57038,31
221737,1780495528.5703812,33
221738,1780495528.570383,32
221739,1780495528.570387,32
221740,1780495528.570388,33
221741,1780495528.57039,33
221742,1780495528.5703921,32
221743,1780495528.572823,32
221744,1780495528.5728269,32
221745,1780495528.572829,31
221746,1780495528.57283,32
221747,1780495528.572832,32
221748,1780495528.572833,32
221749,1780495528.572835,31
221750,1780495528.5728362,33
221751,1780495528.5728378,32
221752,1780495528.572839,32
221753,1780495528.572842,32
221754,1780495528.5754108,31
221755,1780495528.5754151,31
221756,1780495528.575417,33
221757,1780495528.575419,32
221758,1780495528.57542,31
221759,1780495528.575422,32
221760,1780495528.575424,32
221761,1780495528.575426,31
221762,1780495528.575428,32
221763,1780495528.57543,31
221764,1780495528.610951,31
221765,1780495528.610958,33
221766,1780495528.610961,32
221767,1780495528.610964,32
221768,1780495528.610967,32
221769,1780495528.610969,31
221770,1780495528.610972,33
221771,1780495528.610975,33
221772,1780495528.6109781,33
221773,1780495528.61098,32
221774,1780495528.610985,32
221775,1780495528.6153758,32
221776,1780495528.615382,32
221777,1780495528.615385,31
221778,1780495528.615388,31
221779,1780495528.615391,33
221780,1780495528.615393,31
221781,1780495528.615396,32
221782,1780495528.615399,33
221783,1780495528.615402,32
221784,1780495528.615405,33
221785,1780495528.615409,33
221786,1780495528.617771,32
221787,1780495528.6177769,33
221788,1780495528.61778,32
221789,1780495528.617783,33
221790,1780495528.617785,32
221791,1780495528.6177878,31
221792,1780495528.617791,32
221793,1780495528.617794,32
221794,1780495528.6177971,31
221795,1780495528.617801,32
221796,1780495528.6204102,32
221797,1780495528.6204212,31
221798,1780495528.620424,33
221799,1780495528.620427,31
221800,1780495528.62043,34
221801,1780495528.6204329,32
221802,1780495528.6204429,32
221803,1780495528.620446,32
221804,1780495528.620449,33
221805,1780495528.6204522,32
221806,1780495528.620456,33
221807,1780495528.624209,31
221808,1780495528.624227,32
221809,1780495528.6242309,32
221810,1780495528.624234,31
221811,1780495528.624236,31
221812,1780495528.6242392,32
221813,1780495528.6242409,31
221814,1780495528.624243,33
221815,1780495528.6242461,34
221816,1780495528.624248,33
221817,1780495528.624254,32
221818,1780495528.659551,31
221819,1780495528.659585,31
221820,1780495528.659591,32
221821,1780495528.6595972,32
221822,1780495528.659602,30
221823,1780495528.659607,32
221824,1780495528.659616,33
221825,1780495528.659622,32
221826,1780495528.659627,31
221827,1780495528.659637,32
221828,1780495528.662907,33
221829,1780495528.6629188,33
221830,1780495528.662924,32
221831,1780495528.6629279,33
221832,1780495528.662931,32
221833,1780495528.662935,33
221834,1780495528.662938,32
221835,1780495528.662942,33
221836,1780495528.662945,32
221837,1780495528.662949,32
221838,1780495528.662954,31
221839,1780495528.665374,32
221840,1780495528.665386,33
221841,1780495528.66539,32
221842,1780495528.665395,32
221843,1780495528.6654,32
221844,1780495528.6654038,31
221845,1780495528.665409,31
221846,1780495528.6654148,32
221847,1780495528.665419,32
221848,1780495528.6654232,32
221849,1780495528.667969,31
221850,1780495528.667978,33
221851,1780495528.667983,32
221852,1780495528.667988,30
221853,1780495528.667993,31
221854,1780495528.667997,33
221855,1780495528.6680021,31
221856,1780495528.668011,32
221857,1780495528.668019,33
221858,1780495528.668024,32
221859,1780495528.66803,33
221860,1780495528.699463,32
221861,1780495528.699487,32
221862,1780495528.699491,32
221863,1780495528.6994932,33
221864,1780495528.699496,32
221865,1780495528.699498,31
221866,1780495528.699501,32
221867,1780495528.6995041,32
221868,1780495528.699507,32
221869,1780495528.69951,31
221870,1780495528.6995132,32
221871,1780495528.705361,32
221872,1780495528.705375,31
221873,1780495528.7053828,32
221874,1780495528.705389,32
221875,1780495528.705397,32
221876,1780495528.7054021,32
221877,1780495528.705408,33
221878,1780495528.705413,31
221879,1780495528.7054179,33
221880,1780495528.705423,32
221881,1780495528.705429,32
221882,1780495528.707859,32
221883,1780495528.707867,31
221884,1780495528.707872,33
221885,1780495528.7078772,32
221886,1780495528.707882,32
221887,1780495528.7078872,32
221888,1780495528.707895,33
221889,1780495528.7078998,31
221890,1780495528.707904,32
221891,1780495528.7079098,32
221892,1780495528.710565,31
221893,1780495528.710576,31
221894,1780495528.710579,33
221895,1780495528.710582,31
221896,1780495528.710585,33
221897,1780495528.7105868,31
221898,1780495528.71059,33
221899,1780495528.710593,32
221900,1780495528.710596,32
221901,1780495528.710598,32
221902,1780495528.710602,32
221903,1780495528.740654,31
221904,1780495528.7406862,32
221905,1780495528.7406888,33
221906,1780495528.740691,32
221907,1780495528.740694,32
221908,1780495528.740696,31
221909,1780495528.740698,32
221910,1780495528.7407,33
221911,1780495528.7407029,32
221912,1780495528.740705,32
221913,1780495528.740709,32
221914,1780495528.74403,32
221915,1780495528.744035,31
221916,1780495528.7440372,33
221917,1780495528.74404,32
221918,1780495528.744042,32
221919,1780495528.744044,32
221920,1780495528.7440472,31
221921,1780495528.7440488,32
221922,1780495528.7440588,33
221923,1780495528.744063,33
221924,1780495528.746992,33
221925,1780495528.7469969,33
221926,1780495528.746999,32
221927,1780495528.7470012,32
221928,1780495528.747006,32
221929,1780495528.747007,33
221930,1780495528.747009,32
221931,1780495528.7470112,32
221932,1780495528.747013,33
221933,1780495528.747015,31
221934,1780495528.747018,32
221935,1780495528.7529302,32
221936,1780495528.752934,32
221937,1780495528.752936,33
221938,1780495528.752938,31
221939,1780495528.75294,32
221940,1780495528.752942,33
221941,1780495528.752943,32
221942,1780495528.752945,31
221943,1780495528.7529469,33
221944,1780495528.752949,32
221945,1780495528.752952,32
221946,1780495528.782927,32
221947,1780495528.78293,31
221948,1780495528.7829309,32
221949,1780495528.782932,32
221950,1780495528.782933,31
221951,1780495528.782934,32
221952,1780495528.782936,32
221953,1780495528.782937,32
221954,1780495528.782938,33
221955,1780495528.782939,32
221956,1780495528.786499,32
221957,1780495528.7865012,31
221958,1780495528.786502,33
221959,1780495528.7865028,32
221960,1780495528.786504,32
221961,1780495528.786505,31
221962,1780495528.786506,32
221963,1780495528.786507,32
221964,1780495528.786508,32
221965,1780495528.786509,31
221966,1780495528.7865112,32
221967,1780495528.789047,31
221968,1780495528.7890491,31
221969,1780495528.78905,31
221970,1780495528.7890508,32
221971,1780495528.789052,32
221972,1780495528.789053,31
221973,1780495528.789054,32
221974,1780495528.7890549,33
221975,1780495528.7890549,32
221976,1780495528.789056,32
221977,1780495528.789058,31
221978,1780495528.796598,31
221979,1780495528.796601,33
221980,1780495528.796602,30
221981,1780495528.796603,32
221982,1780495528.796603,32
221983,1780495528.796604,31
221984,1780495528.7966049,32
221985,1780495528.796606,32
221986,1780495528.796607,33
221987,1780495528.796609,33
221988,1780495528.8456461,33
221989,1780495528.845649,32
221990,1780495528.84565,31
221991,1780495528.845651,32
221992,1780495528.8456519,32
221993,1780495528.845653,32
221994,1780495528.845653,32
221995,1780495528.845654,32
221996,1780495528.845655,32
221997,1780495528.8456562,31
221998,1780495528.8456562,32
221999,1780495528.845658,32
222000,1780495528.849012,32
222001,1780495528.849015,33
222002,1780495528.849016,32
222003,1780495528.8490171,32
222004,1780495528.849018,31
222005,1780495528.8490188,32
222006,1780495528.8490188,31
222007,1780495528.84902,32
222008,1780495528.849021,32
222009,1780495528.849022,32
222010,1780495528.851947,33
222011,1780495528.851949,32
222012,1780495528.8519502,32
222013,1780495528.8519511,33
222014,1780495528.8519511,32
222015,1780495528.851952,31
222016,1780495528.8519528,31
222017,1780495528.851954,32
222018,1780495528.851955,33
222019,1780495528.851956,33
222020,1780495528.855288,32
222021,1780495528.8552902,32
222022,1780495528.855291,32
222023,1780495528.8552918,32
222024,1780495528.855293,33
222025,1780495528.855293,32
222026,1780495528.855294,31
222027,1780495528.855295,34
222028,1780495528.855296,33
222029,1780495528.855296,32
222030,1780495528.855298,32
222031,1780495528.857727,32
222032,1780495528.857729,31
222033,1780495528.8577302,33
222034,1780495528.857731,32
222035,1780495528.857731,33
222036,1780495528.857732,33
222037,1780495528.857733,32
222038,1780495528.857734,31
222039,1780495528.857735,33
222040,1780495528.857735,32
222041,1780495528.857737,33
222042,1780495528.8603342,32
222043,1780495528.860341,32
222044,1780495528.860342,32
222045,1780495528.860343,33
222046,1780495528.860343,32
222047,1780495528.8603442,31
222048,1780495528.8603451,31
222049,1780495528.860346,30
222050,1780495528.8603468,33
222051,1780495528.860348,33
222052,1780495528.890597,32
222053,1780495528.8906,32
222054,1780495528.890601,32
222055,1780495528.8906019,33
222056,1780495528.890603,32
222057,1780495528.890603,33
222058,1780495528.890604,32
222059,1780495528.890605,32
222060,1780495528.8906062,31
222061,1780495528.890607,33
222062,1780495528.890608,32
222063,1780495528.8940501,32
222064,1780495528.894052,32
222065,1780495528.8940532,32
222066,1780495528.894054,31
222067,1780495528.894054,33
222068,1780495528.894055,32
222069,1780495528.8940558,33
222070,1780495528.894057,33
222071,1780495528.894057,32
222072,1780495528.894058,32
222073,1780495528.896972,32
222074,1780495528.8969731,33
222075,1780495528.896974,31
222076,1780495528.896975,31
222077,1780495528.8969758,32
222078,1780495528.8969758,33
222079,1780495528.896977,31
222080,1780495528.896978,32
222081,1780495528.8969789,32
222082,1780495528.89698,32
222083,1780495528.896981,31
222084,1780495528.901591,32
222085,1780495528.901593,32
222086,1780495528.9015942,31
222087,1780495528.9015949,32
222088,1780495528.9015958,32
222089,1780495528.9015958,31
222090,1780495528.901597,32
222091,1780495528.901598,34
222092,1780495528.901599,33
222093,1780495528.9016,32
222094,1780495528.904476,33
222095,1780495528.93809,31
222096,1780495528.938093,32
222097,1780495528.9380941,32
222098,1780495528.938095,32
222099,1780495528.938096,32
222100,1780495528.938096,31
222101,1780495528.938097,32
222102,1780495528.938098,33
222103,1780495528.938099,32
222104,1780495528.9380999,32
222105,1780495528.938102,33
222106,1780495528.941987,32
222107,1780495528.9419892,32
222108,1780495528.94199,32
222109,1780495528.9419909,31
222110,1780495528.941992,31
222111,1780495528.941994,32
222112,1780495528.941995,32
222113,1780495528.941996,32
222114,1780495528.941997,33
222115,1780495528.941998,32
222116,1780495528.94534,32
222117,1780495528.945343,32
222118,1780495528.945344,32
222119,1780495528.945345,32
222120,1780495528.945346,32
222121,1780495528.945347,33
222122,1780495528.945348,32
222123,1780495528.9453492,32
222124,1780495528.94535,32
222125,1780495528.945351,33
222126,1780495528.945353,32
222127,1780495528.947834,33
222128,1780495528.947836,33
222129,1780495528.9478369,31
222130,1780495528.947838,31
222131,1780495528.947839,33
222132,1780495528.94784,31
222133,1780495528.947841,31
222134,1780495528.9478421,31
222135,1780495528.947844,32
222136,1780495528.9478452,33
222137,1780495528.947846,31
222138,1780495528.9780009,33
222139,1780495528.978004,33
222140,1780495528.978005,32
222141,1780495528.978007,32
222142,1780495528.978008,32
222143,1780495528.978009,32
222144,1780495528.978011,32
222145,1780495528.9780118,33
222146,1780495528.978013,32
222147,1780495528.978015,32
222148,1780495528.981614,32
222149,1780495528.981617,33
222150,1780495528.981619,33
222151,1780495528.98162,33
222152,1780495528.981621,32
222153,1780495528.981623,32
222154,1780495528.9816241,31
222155,1780495528.981625,31
222156,1780495528.981627,32
222157,1780495528.981628,33
222158,1780495528.9816298,31
222159,1780495528.98405,31
222160,1780495528.984052,32
222161,1780495528.984054,32
222162,1780495528.984055,32
222163,1780495528.984056,32
222164,1780495528.9840581,32
222165,1780495528.9840589,32
222166,1780495528.9840598,32
222167,1780495528.984062,33
222168,1780495528.984063,32
222169,1780495528.984065,32
222170,1780495528.986955,32
222171,1780495528.986958,31
222172,1780495528.9869592,32
222173,1780495528.986961,32
222174,1780495528.986963,31
222175,1780495528.986964,32
222176,1780495528.9869661,31
222177,1780495528.986967,31
222178,1780495528.986969,32
222179,1780495528.986971,33
222180,1780495529.0192819,32
222181,1780495529.019286,31
222182,1780495529.019288,32
222183,1780495529.0192902,33
222184,1780495529.0192919,31
222185,1780495529.0192928,31
222186,1780495529.019295,33
222187,1780495529.0192971,33
222188,1780495529.019299,32
222189,1780495529.0193012,32
222190,1780495529.0193028,32
222191,1780495529.0228019,32
222192,1780495529.022806,33
222193,1780495529.022808,33
222194,1780495529.022809,32
222195,1780495529.022811,32
222196,1780495529.0228128,30
222197,1780495529.022815,31
222198,1780495529.0228171,31
222199,1780495529.022818,33
222200,1780495529.02282,31
222201,1780495529.0228229,33
222202,1780495529.0253499,33
222203,1780495529.025354,33
222204,1780495529.025356,32
222205,1780495529.0253592,32
222206,1780495529.0253599,31
222207,1780495529.025362,32
222208,1780495529.025364,33
222209,1780495529.025366,32
222210,1780495529.025368,32
222211,1780495529.0253708,32
222212,1780495529.029114,32
222213,1780495529.029118,33
222214,1780495529.029119,31
222215,1780495529.029121,32
222216,1780495529.029123,32
222217,1780495529.0291252,32
222218,1780495529.029127,32
222219,1780495529.0291278,31
222220,1780495529.02913,32
222221,1780495529.0291321,32
222222,1780495529.029135,32
222223,1780495529.0610151,33
222224,1780495529.061038,32
222225,1780495529.0610409,31
222226,1780495529.061044,33
222227,1780495529.061047,31
222228,1780495529.061049,32
222229,1780495529.061051,32
222230,1780495529.061053,33
222231,1780495529.061056,32
222232,1780495529.061058,33
222233,1780495529.0653062,32
222234,1780495529.065315,32
222235,1780495529.0653172,32
222236,1780495529.0653188,32
222237,1780495529.065322,32
222238,1780495529.065325,32
222239,1780495529.0653272,32
222240,1780495529.06533,32
222241,1780495529.065333,32
222242,1780495529.065335,32
222243,1780495529.0653582,32
222244,1780495529.067827,32
222245,1780495529.0678332,32
222246,1780495529.0678358,32
222247,1780495529.067839,32
222248,1780495529.067841,33
222249,1780495529.067843,33
222250,1780495529.0678458,32
222251,1780495529.067848,31
222252,1780495529.067851,32
222253,1780495529.067853,31
222254,1780495529.0678558,32
222255,1780495529.071656,32
222256,1780495529.071668,31
222257,1780495529.071672,32
222258,1780495529.0716748,33
222259,1780495529.071677,31
222260,1780495529.0716789,31
222261,1780495529.071682,32
222262,1780495529.0716841,32
222263,1780495529.071687,32
222264,1780495529.07169,33
222265,1780495529.074574,32
222266,1780495529.165903,33
222267,1780495529.165931,31
222268,1780495529.1659362,32
222269,1780495529.1659389,33
222270,1780495529.165942,31
222271,1780495529.165945,32
222272,1780495529.165948,31
222273,1780495529.165951,32
222274,1780495529.165953,32
222275,1780495529.1659572,31
222276,1780495529.175364,32
222277,1780495529.17537,31
222278,1780495529.175373,31
222279,1780495529.1753752,31
222280,1780495529.175377,32
222281,1780495529.175379,33
222282,1780495529.175381,32
222283,1780495529.175384,33
222284,1780495529.1753862,32
222285,1780495529.1753879,33
222286,1780495529.175392,32
222287,1780495529.17778,32
222288,1780495529.177786,32
222289,1780495529.177789,32
222290,1780495529.177792,32
222291,1780495529.177794,32
222292,1780495529.1777961,32
222293,1780495529.1777978,31
222294,1780495529.1778,32
222295,1780495529.177803,31
222296,1780495529.177805,32
222297,1780495529.1778078,32
222298,1780495529.1808121,32
222299,1780495529.180817,31
222300,1780495529.180831,33
222301,1780495529.180834,32
222302,1780495529.1808362,32
222303,1780495529.1808379,33
222304,1780495529.180841,32
222305,1780495529.180843,32
222306,1780495529.180845,32
222307,1780495529.1808488,32
222308,1780495529.1853282,32
222309,1780495529.1853309,32
222310,1780495529.185333,33
222311,1780495529.185335,32
222312,1780495529.185337,32
222313,1780495529.185339,32
222314,1780495529.185341,32
222315,1780495529.185343,31
222316,1780495529.185344,32
222317,1780495529.1853461,32
222318,1780495529.1853492,32
222319,1780495529.187701,32
222320,1780495529.187705,32
222321,1780495529.187707,33
222322,1780495529.1877089,32
222323,1780495529.187711,32
222324,1780495529.187712,32
222325,1780495529.187714,32
222326,1780495529.187716,31
222327,1780495529.187718,32
222328,1780495529.1877189,32
222329,1780495529.187722,30
222330,1780495529.190248,32
222331,1780495529.1902552,32
222332,1780495529.190258,32
222333,1780495529.19026,32
222334,1780495529.190262,31
222335,1780495529.190263,31
222336,1780495529.1902652,32
222337,1780495529.1902668,32
222338,1780495529.190269,32
222339,1780495529.190272,33
222340,1780495529.192798,32
222341,1780495529.192802,32
222342,1780495529.192804,32
222343,1780495529.192806,33
222344,1780495529.192808,31
222345,1780495529.19281,33
222346,1780495529.192811,32
222347,1780495529.1928132,31
222348,1780495529.192815,32
222349,1780495529.192817,32
222350,1780495529.19282,32
222351,1780495529.1958,32
222352,1780495529.195803,33
222353,1780495529.1958048,33
222354,1780495529.195806,33
222355,1780495529.195808,32
222356,1780495529.1958091,32
222357,1780495529.195811,32
222358,1780495529.19582,32
222359,1780495529.195822,32
222360,1780495529.1958232,32
222361,1780495529.1958258,32
222362,1780495529.200278,31
222363,1780495529.2002811,31
222364,1780495529.2002828,33
222365,1780495529.200284,32
222366,1780495529.200286,33
222367,1780495529.2002869,33
222368,1780495529.20029,32
222369,1780495529.200292,32
222370,1780495529.200293,31
222371,1780495529.200295,34
222372,1780495529.20276,32
222373,1780495529.202762,33
222374,1780495529.202764,31
222375,1780495529.202765,30
222376,1780495529.2027662,32
222377,1780495529.2027678,33
222378,1780495529.2027688,33
222379,1780495529.20277,31
222380,1780495529.202772,32
222381,1780495529.202773,32
222382,1780495529.202775,31
222383,1780495529.2052,32
222384,1780495529.2052019,31
222385,1780495529.205204,33
222386,1780495529.205206,33
222387,1780495529.205207,31
222388,1780495529.205208,32
222389,1780495529.2052102,32
222390,1780495529.205211,31
222391,1780495529.2052119,32
222392,1780495529.205214,32
222393,1780495529.207008,32
222394,1780495529.20911,31
222395,1780495529.2091122,32
222396,1780495529.209114,33
222397,1780495529.2091148,32
222398,1780495529.209117,32
222399,1780495529.209118,32
222400,1780495529.209119,32
222401,1780495529.209121,33
222402,1780495529.209122,32
222403,1780495529.209124,33
222404,1780495529.24421,32
222405,1780495529.244212,33
222406,1780495529.244213,32
222407,1780495529.244214,32
222408,1780495529.244215,31
222409,1780495529.244216,32
222410,1780495529.244216,32
222411,1780495529.2442172,32
222412,1780495529.244218,33
222413,1780495529.2442188,33
222414,1780495529.24422,33
222415,1780495529.2478201,32
222416,1780495529.247822,31
222417,1780495529.247823,32
222418,1780495529.247823,31
222419,1780495529.247824,33
222420,1780495529.247825,31
222421,1780495529.2478259,33
222422,1780495529.247827,31
222423,1780495529.247827,33
222424,1780495529.247828,32
222425,1780495529.247829,32
222426,1780495529.250369,31
222427,1780495529.250371,32
222428,1780495529.2503722,31
222429,1780495529.2503731,32
222430,1780495529.2503731,31
222431,1780495529.2503738,33
222432,1780495529.2503748,31
222433,1780495529.250376,32
222434,1780495529.250377,32
222435,1780495529.250378,33
222436,1780495529.2541099,31
222437,1780495529.254111,31
222438,1780495529.254112,33
222439,1780495529.254113,33
222440,1780495529.2541142,32
222441,1780495529.2541142,33
222442,1780495529.254115,32
222443,1780495529.254116,32
222444,1780495529.254117,32
222445,1780495529.254117,32
222446,1780495529.254119,33
222447,1780495529.2858691,32
222448,1780495529.285878,32
222449,1780495529.28588,31
222450,1780495529.285881,33
222451,1780495529.285881,32
222452,1780495529.285882,33
222453,1780495529.285883,32
222454,1780495529.285884,32
222455,1780495529.285884,32
222456,1780495529.2858849,31
222457,1780495529.285886,32
222458,1780495529.2902908,33
222459,1780495529.290293,32
222460,1780495529.290294,31
222461,1780495529.2902951,33
222462,1780495529.290296,32
222463,1780495529.290297,32
222464,1780495529.2902982,32
222465,1780495529.2902982,32
222466,1780495529.290299,32
222467,1780495529.2903,31
222468,1780495529.292696,32
222469,1780495529.2926998,32
222470,1780495529.292701,32
222471,1780495529.292702,32
222472,1780495529.292702,31
222473,1780495529.292703,32
222474,1780495529.292704,32
222475,1780495529.292705,31
222476,1780495529.292706,32
222477,1780495529.292706,31
222478,1780495529.2927082,33
222479,1780495529.295372,32
222480,1780495529.2953758,32
222481,1780495529.2953768,31
222482,1780495529.295378,32
222483,1780495529.295379,32
222484,1780495529.2953799,32
222485,1780495529.295381,33
222486,1780495529.295381,32
222487,1780495529.295382,32
222488,1780495529.295383,31
222489,1780495529.2953842,32
222490,1780495529.325491,31
222491,1780495529.325496,31
222492,1780495529.3254972,32
222493,1780495529.325498,33
222494,1780495529.3254988,32
222495,1780495529.3255,33
222496,1780495529.325501,33
222497,1780495529.325502,33
222498,1780495529.3255029,31
222499,1780495529.325505,32
222500,1780495529.329046,32
222501,1780495529.3290482,31
222502,1780495529.329049,32
222503,1780495529.32905,32
222504,1780495529.3290508,32
222505,1780495529.329052,33
222506,1780495529.329052,32
222507,1780495529.329053,33
222508,1780495529.3290539,33
222509,1780495529.329055,33
222510,1780495529.329056,32
222511,1780495529.331976,32
222512,1780495529.331978,33
222513,1780495529.331979,32
222514,1780495529.33198,32
222515,1780495529.33198,32
222516,1780495529.331981,32
222517,1780495529.3319821,33
222518,1780495529.331983,33
222519,1780495529.3319879,33
222520,1780495529.331989,32
222521,1780495529.33199,32
222522,1780495529.336593,32
222523,1780495529.336595,32
222524,1780495529.336596,31
222525,1780495529.336597,32
222526,1780495529.336598,31
222527,1780495529.336599,31
222528,1780495529.3366,32
222529,1780495529.3366,32
222530,1780495529.336601,32
222531,1780495529.3366022,33
222532,1780495529.366784,32
222533,1780495529.366787,31
222534,1780495529.3667881,32
222535,1780495529.366789,31
222536,1780495529.3667898,32
222537,1780495529.366791,31
222538,1780495529.366791,31
222539,1780495529.366792,33
222540,1780495529.366793,32
222541,1780495529.3667939,32
222542,1780495529.366796,32
222543,1780495529.370353,33
222544,1780495529.370355,32
222545,1780495529.370355,32
222546,1780495529.370356,31
222547,1780495529.370357,32
222548,1780495529.370358,32
222549,1780495529.370359,32
222550,1780495529.3703601,32
222551,1780495529.370361,32
222552,1780495529.370362,32
222553,1780495529.372873,33
222554,1780495529.372876,32
222555,1780495529.3728771,33
222556,1780495529.372878,32
222557,1780495529.372879,31
222558,1780495529.37288,33
222559,1780495529.372881,32
222560,1780495529.372882,31
222561,1780495529.3728828,32
222562,1780495529.372884,32
222563,1780495529.372885,31
222564,1780495529.404315,33
222565,1780495529.40432,33
222566,1780495529.404321,31
222567,1780495529.404323,32
222568,1780495529.404324,32
222569,1780495529.404325,31
222570,1780495529.404326,32
222571,1780495529.404327,31
222572,1780495529.4043279,32
222573,1780495529.40433,32
222574,1780495529.407168,32
222575,1780495529.4455009,32
222576,1780495529.4455092,31
222577,1780495529.4455109,32
222578,1780495529.4455118,32
222579,1780495529.445514,31
222580,1780495529.445516,32
222581,1780495529.445517,33
222582,1780495529.4455192,32
222583,1780495529.445534,32
222584,1780495529.445549,32
222585,1780495529.448249,34
222586,1780495529.4507918,33
222587,1780495529.4507961,32
222588,1780495529.450798,31
222589,1780495529.4508002,31
222590,1780495529.4508018,33
222591,1780495529.450804,31
222592,1780495529.450805,31
222593,1780495529.450807,32
222594,1780495529.450809,32
222595,1780495529.4508119,33
222596,1780495529.457906,32
222597,1780495529.45791,31
222598,1780495529.457912,32
222599,1780495529.4579132,33
222600,1780495529.4579148,32
222601,1780495529.457917,33
222602,1780495529.457919,32
222603,1780495529.457921,32
222604,1780495529.457922,31
222605,1780495529.4579241,31
222606,1780495529.457927,32
222607,1780495529.460326,32
222608,1780495529.46033,32
222609,1780495529.460332,32
222610,1780495529.460334,31
222611,1780495529.4603362,32
222612,1780495529.4603379,33
222613,1780495529.46034,32
222614,1780495529.460342,32
222615,1780495529.4603488,33
222616,1780495529.460351,32
222617,1780495529.460354,31
222618,1780495529.4627578,32
222619,1780495529.462763,31
222620,1780495529.462765,32
222621,1780495529.4627671,31
222622,1780495529.4627688,32
222623,1780495529.462771,33
222624,1780495529.462773,32
222625,1780495529.462775,32
222626,1780495529.462776,32
222627,1780495529.4627788,32
222628,1780495529.4658282,31
222629,1780495529.4658308,32
222630,1780495529.465833,31
222631,1780495529.465835,31
222632,1780495529.465837,32
222633,1780495529.4658382,33
222634,1780495529.46584,32
222635,1780495529.465842,33
222636,1780495529.465844,32
222637,1780495529.465846,32
222638,1780495529.465848,32
222639,1780495529.4703722,32
222640,1780495529.470376,32
222641,1780495529.470381,33
222642,1780495529.4703832,32
222643,1780495529.4703848,33
222644,1780495529.470387,33
222645,1780495529.470389,32
222646,1780495529.470391,32
222647,1780495529.4703941,31
222648,1780495529.4703958,31
222649,1780495529.470399,31
222650,1780495529.472847,31
222651,1780495529.472851,32
222652,1780495529.472854,32
222653,1780495529.472856,32
222654,1780495529.4728582,31
222655,1780495529.4728599,32
222656,1780495529.472862,32
222657,1780495529.472865,32
222658,1780495529.472867,32
222659,1780495529.4728699,32
222660,1780495529.4766378,32
222661,1780495529.4766421,32
222662,1780495529.476644,32
222663,1780495529.476646,32
222664,1780495529.476649,32
222665,1780495529.476651,31
222666,1780495529.476653,32
222667,1780495529.476655,31
222668,1780495529.476657,31
222669,1780495529.476661,32
222670,1780495529.479617,33
222671,1780495529.5110269,33
222672,1780495529.5110521,32
222673,1780495529.511055,33
222674,1780495529.5110579,33
222675,1780495529.51106,32
222676,1780495529.511063,32
222677,1780495529.511065,32
222678,1780495529.5110688,32
222679,1780495529.511071,31
222680,1780495529.511074,32
222681,1780495529.511078,33
222682,1780495529.515341,32
222683,1780495529.515352,32
222684,1780495529.515359,32
222685,1780495529.515362,32
222686,1780495529.5153642,32
222687,1780495529.5153658,32
222688,1780495529.51537,33
222689,1780495529.515373,32
222690,1780495529.515376,32
222691,1780495529.515379,32
222692,1780495529.5178518,32
222693,1780495529.5178611,32
222694,1780495529.5178628,33
222695,1780495529.517866,33
222696,1780495529.517869,32
222697,1780495529.517872,32
222698,1780495529.517875,33
222699,1780495529.517878,33
222700,1780495529.5178828,31
222701,1780495529.517885,32
222702,1780495529.517888,31
222703,1780495529.5203462,32
222704,1780495529.520353,31
222705,1780495529.5203571,33
222706,1780495529.5203588,32
222707,1780495529.520362,32
222708,1780495529.520364,33
222709,1780495529.520368,33
222710,1780495529.52037,32
222711,1780495529.520372,32
222712,1780495529.520374,32
222713,1780495529.5203772,33
222714,1780495529.5506382,32
222715,1780495529.550661,32
222716,1780495529.550664,32
222717,1780495529.550666,33
222718,1780495529.550669,32
222719,1780495529.550671,32
222720,1780495529.550675,32
222721,1780495529.550678,32
222722,1780495529.5506802,32
222723,1780495529.550684,32
222724,1780495529.554015,32
222725,1780495529.5540202,32
222726,1780495529.554023,32
222727,1780495529.554026,33
222728,1780495529.554028,32
222729,1780495529.5540302,32
222730,1780495529.554034,32
222731,1780495529.554037,33
222732,1780495529.554039,31
222733,1780495529.5540411,33
222734,1780495529.554044,33
222735,1780495529.557046,32
222736,1780495529.5570571,32
222737,1780495529.557062,32
222738,1780495529.557067,33
222739,1780495529.557072,32
222740,1780495529.557076,32
222741,1780495529.557085,31
222742,1780495529.557091,31
222743,1780495529.5570948,32
222744,1780495529.5571,33
222745,1780495529.557107,32
222746,1780495529.561593,32
222747,1780495529.5616052,32
222748,1780495529.561607,32
222749,1780495529.56161,31
222750,1780495529.561613,33
222751,1780495529.561616,32
222752,1780495529.561619,33
222753,1780495529.561622,32
222754,1780495529.561625,33
222755,1780495529.5616279,33
222756,1780495529.591985,33
222757,1780495529.592006,32
222758,1780495529.59201,32
222759,1780495529.5920131,32
222760,1780495529.592016,32
222761,1780495529.5920188,32
222762,1780495529.592022,32
222763,1780495529.592025,31
222764,1780495529.592028,33
222765,1780495529.592031,33
222766,1780495529.5920389,33
222767,1780495529.5953999,32
222768,1780495529.595412,32
222769,1780495529.595415,32
222770,1780495529.5954182,32
222771,1780495529.5954208,32
222772,1780495529.595424,31
222773,1780495529.595427,32
222774,1780495529.59543,32
222775,1780495529.595432,33
222776,1780495529.595435,32
222777,1780495529.597962,32
222778,1780495529.597973,31
222779,1780495529.597976,31
222780,1780495529.597978,33
222781,1780495529.597981,33
222782,1780495529.597983,32
222783,1780495529.597985,32
222784,1780495529.5979881,32
222785,1780495529.597991,31
222786,1780495529.597993,31
222787,1780495529.597997,32
222788,1780495529.6292999,32
222789,1780495529.629308,32
222790,1780495529.629311,32
222791,1780495529.629312,32
222792,1780495529.629314,32
222793,1780495529.629316,33
222794,1780495529.629318,32
222795,1780495529.62932,32
222796,1780495529.629322,33
222797,1780495529.6293252,31
222798,1780495529.632277,33
222799,1780495529.635286,32
222800,1780495529.6352901,33
222801,1780495529.6352918,33
222802,1780495529.635294,32
222803,1780495529.635295,33
222804,1780495529.635297,33
222805,1780495529.635299,32
222806,1780495529.6353002,31
222807,1780495529.6353018,31
222808,1780495529.635303,31
222809,1780495529.635306,32
222810,1780495529.63777,32
222811,1780495529.637774,31
222812,1780495529.637776,32
222813,1780495529.6377778,32
222814,1780495529.637779,31
222815,1780495529.637781,32
222816,1780495529.637783,31
222817,1780495529.637784,32
222818,1780495529.6377861,32
222819,1780495529.6377878,32
222820,1780495529.640212,31
222821,1780495529.6402152,32
222822,1780495529.640216,33
222823,1780495529.640218,33
222824,1780495529.64022,30
222825,1780495529.6402209,32
222826,1780495529.640223,32
222827,1780495529.640224,33
222828,1780495529.6402261,32
222829,1780495529.640228,33
222830,1780495529.641987,33
222831,1780495529.671754,31
222832,1780495529.6717598,32
222833,1780495529.671762,32
222834,1780495529.671763,32
222835,1780495529.671764,32
222836,1780495529.671765,33
222837,1780495529.671766,32
222838,1780495529.671767,31
222839,1780495529.671768,31
222840,1780495529.6717691,33
222841,1780495529.67177,31
222842,1780495529.675744,31
222843,1780495529.675746,33
222844,1780495529.6757472,32
222845,1780495529.675748,31
222846,1780495529.675749,32
222847,1780495529.675749,33
222848,1780495529.675751,31
222849,1780495529.675751,33
222850,1780495529.675752,32
222851,1780495529.675754,31
222852,1780495529.680247,33
222853,1780495529.680248,33
222854,1780495529.680249,32
222855,1780495529.6802502,32
222856,1780495529.680251,30
222857,1780495529.6802518,32
222858,1780495529.680253,32
222859,1780495529.680254,30
222860,1780495529.680254,32
222861,1780495529.680255,32
222862,1780495529.680257,32
222863,1780495529.682705,32
222864,1780495529.6827068,33
222865,1780495529.682708,32
222866,1780495529.682709,32
222867,1780495529.68271,32
222868,1780495529.6827111,32
222869,1780495529.682712,31
222870,1780495529.682712,33
222871,1780495529.682713,33
222872,1780495529.6827142,32
222873,1780495529.684435,32
222874,1780495529.746686,31
222875,1780495529.74669,32
222876,1780495529.74669,32
222877,1780495529.746691,32
222878,1780495529.7466922,32
222879,1780495529.7466931,32
222880,1780495529.7466938,32
222881,1780495529.7466948,32
222882,1780495529.746696,32
222883,1780495529.746697,32
222884,1780495529.7507231,32
222885,1780495529.750725,32
222886,1780495529.750726,32
222887,1780495529.750727,32
222888,1780495529.750727,33
222889,1780495529.750728,32
222890,1780495529.7507288,31
222891,1780495529.75073,32
222892,1780495529.75073,31
222893,1780495529.750731,32
222894,1780495529.750732,32
222895,1780495529.755376,32
222896,1780495529.755378,32
222897,1780495529.755379,31
222898,1780495529.75538,32
222899,1780495529.755381,32
222900,1780495529.755381,32
222901,1780495529.755382,31
222902,1780495529.755383,34
222903,1780495529.755384,33
222904,1780495529.7553852,32
222905,1780495529.7553852,32
222906,1780495529.7553868,32
222907,1780495529.7577631,32
222908,1780495529.757765,32
222909,1780495529.7577658,33
222910,1780495529.7577658,31
222911,1780495529.757767,31
222912,1780495529.757768,33
222913,1780495529.7577689,31
222914,1780495529.75777,32
222915,1780495529.75777,32
222916,1780495529.757772,32
222917,1780495529.760204,32
222918,1780495529.760206,32
222919,1780495529.7602072,32
222920,1780495529.760208,31
222921,1780495529.7602088,33
222922,1780495529.7602088,31
222923,1780495529.76021,31
222924,1780495529.760211,32
222925,1780495529.760212,32
222926,1780495529.760213,33
222927,1780495529.76284,32
222928,1780495529.762841,32
222929,1780495529.7628422,32
222930,1780495529.762843,33
222931,1780495529.7628438,32
222932,1780495529.762845,32
222933,1780495529.7628548,32
222934,1780495529.762856,33
222935,1780495529.762856,32
222936,1780495529.762857,31
222937,1780495529.7658281,34
222938,1780495529.7658298,33
222939,1780495529.7658298,31
222940,1780495529.765831,32
222941,1780495529.765832,31
222942,1780495529.765833,31
222943,1780495529.765834,33
222944,1780495529.765834,32
222945,1780495529.765835,33
222946,1780495529.765836,33
222947,1780495529.765837,33
222948,1780495529.772844,32
222949,1780495529.7728472,33
222950,1780495529.7728481,32
222951,1780495529.7728481,32
222952,1780495529.7728488,32
222953,1780495529.77285,33
222954,1780495529.772851,32
222955,1780495529.772851,32
222956,1780495529.772852,32
222957,1780495529.772853,32
222958,1780495529.774462,32
222959,1780495529.7765582,32
222960,1780495529.77656,31
222961,1780495529.7765608,33
222962,1780495529.776562,33
222963,1780495529.776562,33
222964,1780495529.776563,32
222965,1780495529.776564,31
222966,1780495529.776565,33
222967,1780495529.776566,32
222968,1780495529.776566,30
222969,1780495529.7765682,32
222970,1780495529.806748,32
222971,1780495529.806751,33
222972,1780495529.806752,32
222973,1780495529.806753,32
222974,1780495529.806754,32
222975,1780495529.806755,33
222976,1780495529.806756,32
222977,1780495529.806756,32
222978,1780495529.8067572,33
222979,1780495529.8067589,32
222980,1780495529.810743,31
222981,1780495529.810745,33
222982,1780495529.8107462,33
222983,1780495529.810747,32
222984,1780495529.8107479,32
222985,1780495529.8107488,33
222986,1780495529.81075,32
222987,1780495529.810751,33
222988,1780495529.810752,32
222989,1780495529.810753,32
222990,1780495529.810755,31
222991,1780495529.815418,32
222992,1780495529.81542,33
222993,1780495529.815423,32
222994,1780495529.815425,31
222995,1780495529.815425,31
222996,1780495529.815426,31
222997,1780495529.815427,33
222998,1780495529.815428,32
222999,1780495529.81543,33
223000,1780495529.8154309,32
223001,1780495529.815433,31
223002,1780495529.817814,32
223003,1780495529.817816,32
223004,1780495529.817817,31
223005,1780495529.8178182,32
223006,1780495529.8178189,32
223007,1780495529.8178198,32
223008,1780495529.817821,32
223009,1780495529.817822,32
223010,1780495529.817823,32
223011,1780495529.817824,32
223012,1780495529.8480551,32
223013,1780495529.8480582,32
223014,1780495529.848059,33
223015,1780495529.84806,32
223016,1780495529.848062,32
223017,1780495529.848063,32
223018,1780495529.848064,33
223019,1780495529.8480651,32
223020,1780495529.848066,33
223021,1780495529.848068,32
223022,1780495529.8480692,31
223023,1780495529.854141,33
223024,1780495529.854144,33
223025,1780495529.854146,32
223026,1780495529.8541481,32
223027,1780495529.854149,33
223028,1780495529.8541498,31
223029,1780495529.854152,32
223030,1780495529.854153,31
223031,1780495529.8541539,31
223032,1780495529.854156,31
223033,1780495529.8541582,32
223034,1780495529.856925,33
223035,1780495529.856927,32
223036,1780495529.856929,32
223037,1780495529.85693,31
223038,1780495529.856931,31
223039,1780495529.856933,32
223040,1780495529.8569338,32
223041,1780495529.856935,31
223042,1780495529.856937,31
223043,1780495529.856939,32
223044,1780495529.885736,32
223045,1780495529.885739,31
223046,1780495529.885741,32
223047,1780495529.8857422,32
223048,1780495529.885744,32
223049,1780495529.885746,32
223050,1780495529.885747,32
223051,1780495529.8857532,33
223052,1780495529.8857548,33
223053,1780495529.885757,32
223054,1780495529.889533,32
223055,1780495529.8915288,32
223056,1780495529.8915331,32
223057,1780495529.891535,32
223058,1780495529.891537,33
223059,1780495529.8915389,31
223060,1780495529.891541,33
223061,1780495529.891545,32
223062,1780495529.891547,31
223063,1780495529.8915489,32
223064,1780495529.891551,32
223065,1780495529.891553,31
223066,1780495529.8939772,32
223067,1780495529.8939798,33
223068,1780495529.893982,32
223069,1780495529.893984,32
223070,1780495529.893986,32
223071,1780495529.8939881,32
223072,1780495529.8939898,32
223073,1780495529.893992,32
223074,1780495529.893993,33
223075,1780495529.893996,33
223076,1780495529.896632,32
223077,1780495529.8966348,32
223078,1780495529.896637,31
223079,1780495529.8966389,32
223080,1780495529.896641,31
223081,1780495529.8966432,31
223082,1780495529.896645,32
223083,1780495529.896647,31
223084,1780495529.896648,32
223085,1780495529.89665,33
223086,1780495529.896653,32
223087,1780495529.926806,32
223088,1780495529.926812,32
223089,1780495529.926815,32
223090,1780495529.9268181,32
223091,1780495529.9268212,31
223092,1780495529.9268239,31
223093,1780495529.926827,32
223094,1780495529.926829,33
223095,1780495529.9268322,32
223096,1780495529.926837,33
223097,1780495529.929584,32
223098,1780495529.9319391,32
223099,1780495529.9319448,32
223100,1780495529.931948,32
223101,1780495529.931951,33
223102,1780495529.931953,33
223103,1780495529.931956,33
223104,1780495529.9319592,32
223105,1780495529.931962,33
223106,1780495529.931964,31
223107,1780495529.931969,33
223108,1780495529.937902,33
223109,1780495529.937921,32
223110,1780495529.937923,32
223111,1780495529.9379258,32
223112,1780495529.937928,32
223113,1780495529.937931,32
223114,1780495529.937948,32
223115,1780495529.937951,32
223116,1780495529.937953,32
223117,1780495529.937959,33
223118,1780495529.937963,32
223119,1780495529.940313,31
223120,1780495529.940321,32
223121,1780495529.940326,31
223122,1780495529.940329,31
223123,1780495529.940331,32
223124,1780495529.9403331,31
223125,1780495529.940342,32
223126,1780495529.940344,32
223127,1780495529.940346,32
223128,1780495529.940348,33
223129,1780495529.940351,32
223130,1780495529.970649,33
223131,1780495529.9706728,32
223132,1780495529.970678,32
223133,1780495529.97068,32
223134,1780495529.9706838,30
223135,1780495529.970686,32
223136,1780495529.9706922,32
223137,1780495529.970697,32
223138,1780495529.970701,33
223139,1780495529.970708,32
223140,1780495529.974025,32
223141,1780495529.9740312,34
223142,1780495529.9740338,32
223143,1780495529.974037,32
223144,1780495529.97404,31
223145,1780495529.9740422,32
223146,1780495529.9740438,32
223147,1780495529.974049,31
223148,1780495529.9740522,31
223149,1780495529.9740539,31
223150,1780495529.974057,32
223151,1780495529.9770591,32
223152,1780495529.977073,31
223153,1780495529.97708,32
223154,1780495529.977086,32
223155,1780495529.977091,32
223156,1780495529.977095,33
223157,1780495529.9771001,33
223158,1780495529.977104,32
223159,1780495529.977109,32
223160,1780495529.977113,31
223161,1780495529.980524,32
223162,1780495529.9805472,32
223163,1780495529.9805498,32
223164,1780495529.9805539,32
223165,1780495529.980557,31
223166,1780495529.980559,33
223167,1780495529.980562,32
223168,1780495529.980566,32
223169,1780495529.9805682,32
223170,1780495529.9805708,32
223171,1780495529.980575,31
223172,1780495530.0485382,33
223173,1780495530.048553,33
223174,1780495530.048556,33
223175,1780495530.0485592,32
223176,1780495530.0485609,32
223177,1780495530.048564,33
223178,1780495530.048566,32
223179,1780495530.048568,33
223180,1780495530.0485709,33
223181,1780495530.048574,32
223182,1780495530.050874,31
223183,1780495530.055307,32
223184,1780495530.0553129,32
223185,1780495530.055315,32
223186,1780495530.055318,32
223187,1780495530.05532,33
223188,1780495530.0553222,32
223189,1780495530.0553238,31
223190,1780495530.055326,32
223191,1780495530.055328,31
223192,1780495530.055331,33
223193,1780495530.0553339,31
223194,1780495530.0577521,32
223195,1780495530.057756,31
223196,1780495530.057759,32
223197,1780495530.057761,33
223198,1780495530.057763,32
223199,1780495530.057766,32
223200,1780495530.057769,31
223201,1780495530.057771,32
223202,1780495530.057773,31
223203,1780495530.057777,32
223204,1780495530.0602849,32
223205,1780495530.06029,32
223206,1780495530.060292,32
223207,1780495530.0602949,32
223208,1780495530.060297,31
223209,1780495530.060315,32
223210,1780495530.060317,33
223211,1780495530.060319,32
223212,1780495530.060321,31
223213,1780495530.060323,32
223214,1780495530.0603268,33
223215,1780495530.062846,32
223216,1780495530.0628521,32
223217,1780495530.0628622,29
223218,1780495530.0628638,31
223219,1780495530.062866,33
223220,1780495530.062867,32
223221,1780495530.062869,32
223222,1780495530.062871,31
223223,1780495530.0628731,32
223224,1780495530.0628748,32
223225,1780495530.062877,33
223226,1780495530.065728,33
223227,1780495530.065734,33
223228,1780495530.0657358,33
223229,1780495530.065738,32
223230,1780495530.06574,31
223231,1780495530.065742,32
223232,1780495530.065744,33
223233,1780495530.0657458,32
223234,1780495530.065748,33
223235,1780495530.065751,32
223236,1780495530.070296,32
223237,1780495530.070299,32
223238,1780495530.0703008,31
223239,1780495530.070303,32
223240,1780495530.070305,32
223241,1780495530.070306,32
223242,1780495530.0703082,33
223243,1780495530.0703092,32
223244,1780495530.0703108,31
223245,1780495530.070312,32
223246,1780495530.0703151,32
223247,1780495530.0727308,32
223248,1780495530.072735,36
223249,1780495530.072736,32
223250,1780495530.072738,31
223251,1780495530.07274,31
223252,1780495530.072742,31
223253,1780495530.072743,33
223254,1780495530.0727448,32
223255,1780495530.072757,32
223256,1780495530.0727592,32
223257,1780495530.072761,32
223258,1780495530.075253,31
223259,1780495530.075256,32
223260,1780495530.075257,30
223261,1780495530.075259,32
223262,1780495530.07526,32
223263,1780495530.075262,32
223264,1780495530.075265,32
223265,1780495530.075267,33
223266,1780495530.075268,31
223267,1780495530.07527,32
223268,1780495530.10546,32
223269,1780495530.105462,33
223270,1780495530.105463,32
223271,1780495530.105464,31
223272,1780495530.1054652,32
223273,1780495530.1054661,33
223274,1780495530.1054668,32
223275,1780495530.1054678,32
223276,1780495530.105469,31
223277,1780495530.10547,34
223278,1780495530.105472,33
223279,1780495530.1089652,32
223280,1780495530.1089668,32
223281,1780495530.108968,31
223282,1780495530.108969,32
223283,1780495530.10897,32
223284,1780495530.108971,33
223285,1780495530.108972,33
223286,1780495530.108973,33
223287,1780495530.108974,32
223288,1780495530.1089752,31
223289,1780495530.1089761,32
223290,1780495530.1118941,32
223291,1780495530.111897,32
223292,1780495530.1118982,32
223293,1780495530.111899,34
223294,1780495530.111899,32
223295,1780495530.1118999,31
223296,1780495530.111901,31
223297,1780495530.111902,32
223298,1780495530.111903,32
223299,1780495530.111904,32
223300,1780495530.116593,31
223301,1780495530.116595,31
223302,1780495530.116596,31
223303,1780495530.116597,32
223304,1780495530.1165981,32
223305,1780495530.116599,32
223306,1780495530.116599,33
223307,1780495530.1166,32
223308,1780495530.116606,32
223309,1780495530.116607,33
223310,1780495530.116608,32
223311,1780495530.174242,31
223312,1780495530.1742458,32
223313,1780495530.174247,32
223314,1780495530.174248,32
223315,1780495530.174248,32
223316,1780495530.174249,32
223317,1780495530.17425,32
223318,1780495530.174251,33
223319,1780495530.174252,32
223320,1780495530.174252,33
223321,1780495530.1742542,32
223322,1780495530.1777642,32
223323,1780495530.1777658,33
223324,1780495530.1777658,31
223325,1780495530.1777668,32
223326,1780495530.177768,31
223327,1780495530.177769,32
223328,1780495530.17777,32
223329,1780495530.177771,33
223330,1780495530.177772,32
223331,1780495530.177773,32
223332,1780495530.180326,32
223333,1780495530.180328,32
223334,1780495530.180328,32
223335,1780495530.1803288,32
223336,1780495530.18033,33
223337,1780495530.180331,33
223338,1780495530.180332,33
223339,1780495530.180332,32
223340,1780495530.1803331,32
223341,1780495530.180334,32
223342,1780495530.180335,31
223343,1780495530.182762,33
223344,1780495530.182764,32
223345,1780495530.182764,31
223346,1780495530.182765,32
223347,1780495530.1827662,32
223348,1780495530.1827672,33
223349,1780495530.182768,33
223350,1780495530.1827688,32
223351,1780495530.1827688,32
223352,1780495530.18277,33
223353,1780495530.182771,32
223354,1780495530.185808,32
223355,1780495530.1858099,31
223356,1780495530.185811,32
223357,1780495530.185811,32
223358,1780495530.185812,30
223359,1780495530.185813,33
223360,1780495530.185814,33
223361,1780495530.185815,32
223362,1780495530.185815,32
223363,1780495530.185817,33
223364,1780495530.214236,32
223365,1780495530.214242,30
223366,1780495530.2142432,33
223367,1780495530.2142441,31
223368,1780495530.2142441,32
223369,1780495530.214245,32
223370,1780495530.2142458,31
223371,1780495530.214247,32
223372,1780495530.214248,32
223373,1780495530.214249,31
223374,1780495530.21425,33
223375,1780495530.220267,31
223376,1780495530.220269,33
223377,1780495530.2202702,32
223378,1780495530.2202702,32
223379,1780495530.220271,32
223380,1780495530.220272,32
223381,1780495530.2202728,32
223382,1780495530.220274,33
223383,1780495530.220274,32
223384,1780495530.220275,33
223385,1780495530.2202759,31
223386,1780495530.222689,31
223387,1780495530.222691,31
223388,1780495530.222692,32
223389,1780495530.2226932,32
223390,1780495530.2226932,30
223391,1780495530.222694,32
223392,1780495530.2226949,34
223393,1780495530.2226958,31
223394,1780495530.222697,31
223395,1780495530.222698,32
223396,1780495530.225208,32
223397,1780495530.2252102,31
223398,1780495530.225211,32
223399,1780495530.2252119,32
223400,1780495530.2252128,32
223401,1780495530.2252128,32
223402,1780495530.225214,32
223403,1780495530.225215,32
223404,1780495530.225216,32
223405,1780495530.225216,32
223406,1780495530.225218,32
223407,1780495530.227793,31
223408,1780495530.227795,32
223409,1780495530.227796,33
223410,1780495530.227797,32
223411,1780495530.227797,32
223412,1780495530.227798,32
223413,1780495530.227799,32
223414,1780495530.2278001,31
223415,1780495530.2278001,31
223416,1780495530.227801,33
223417,1780495530.227802,32
223418,1780495530.235358,32
223419,1780495530.2353652,32
223420,1780495530.2353659,32
223421,1780495530.235373,32
223422,1780495530.2353752,32
223423,1780495530.2353752,31
223424,1780495530.2353761,32
223425,1780495530.2353768,32
223426,1780495530.235378,33
223427,1780495530.235379,31
223428,1780495530.2655349,32
223429,1780495530.2655392,32
223430,1780495530.2655401,31
223431,1780495530.265541,32
223432,1780495530.265543,31
223433,1780495530.265544,32
223434,1780495530.265545,33
223435,1780495530.265546,32
223436,1780495530.265547,32
223437,1780495530.265548,32
223438,1780495530.2655501,32
223439,1780495530.269082,31
223440,1780495530.269084,32
223441,1780495530.269085,32
223442,1780495530.269086,32
223443,1780495530.269087,33
223444,1780495530.269088,33
223445,1780495530.269089,33
223446,1780495530.26909,32
223447,1780495530.2690911,32
223448,1780495530.269092,31
223449,1780495530.269094,32
223450,1780495530.27157,32
223451,1780495530.271573,32
223452,1780495530.271574,33
223453,1780495530.271575,33
223454,1780495530.2715762,32
223455,1780495530.2715771,32
223456,1780495530.2715788,33
223457,1780495530.27158,32
223458,1780495530.271581,31
223459,1780495530.271583,33
223460,1780495530.275709,31
223461,1780495530.275711,32
223462,1780495530.275713,31
223463,1780495530.2757142,32
223464,1780495530.275715,32
223465,1780495530.275716,32
223466,1780495530.275717,33
223467,1780495530.275718,32
223468,1780495530.275719,33
223469,1780495530.27572,33
223470,1780495530.275722,32
223471,1780495530.34433,32
223472,1780495530.3443341,32
223473,1780495530.3443358,31
223474,1780495530.344338,33
223475,1780495530.34434,32
223476,1780495530.344341,31
223477,1780495530.344343,32
223478,1780495530.344345,32
223479,1780495530.3443468,32
223480,1780495530.344349,32
223481,1780495530.344352,31
223482,1780495530.347738,32
223483,1780495530.347741,32
223484,1780495530.347743,32
223485,1780495530.347745,32
223486,1780495530.347747,32
223487,1780495530.3477492,33
223488,1780495530.347751,32
223489,1780495530.3477519,32
223490,1780495530.347754,32
223491,1780495530.347757,32
223492,1780495530.350786,31
223493,1780495530.350791,32
223494,1780495530.350793,33
223495,1780495530.350795,36
223496,1780495530.3507981,32
223497,1780495530.3507998,31
223498,1780495530.350802,33
223499,1780495530.350805,31
223500,1780495530.350807,32
223501,1780495530.350809,32
223502,1780495530.350813,32
223503,1780495530.3616462,32
223504,1780495530.361652,32
223505,1780495530.361654,31
223506,1780495530.3616571,32
223507,1780495530.3616588,31
223508,1780495530.361661,32
223509,1780495530.361664,33
223510,1780495530.361666,32
223511,1780495530.361668,31
223512,1780495530.3616698,32
223513,1780495530.361674,31
223514,1780495530.3639889,32
223515,1780495530.3639932,31
223516,1780495530.3639948,31
223517,1780495530.363998,32
223518,1780495530.364,32
223519,1780495530.364002,31
223520,1780495530.364005,32
223521,1780495530.364007,32
223522,1780495530.364009,33
223523,1780495530.364012,32
223524,1780495530.366933,32
223525,1780495530.3669372,32
223526,1780495530.36694,34
223527,1780495530.366942,32
223528,1780495530.366944,32
223529,1780495530.366946,30
223530,1780495530.366949,32
223531,1780495530.366959,32
223532,1780495530.366961,31
223533,1780495530.366963,32
223534,1780495530.366967,33
223535,1780495530.370272,33
223536,1780495530.370278,33
223537,1780495530.370281,32
223538,1780495530.370284,31
223539,1780495530.3702872,32
223540,1780495530.3702888,31
223541,1780495530.370292,32
223542,1780495530.370295,32
223543,1780495530.3702981,31
223544,1780495530.3702998,32
223545,1780495530.370305,31
223546,1780495530.372769,34
223547,1780495530.3727748,32
223548,1780495530.372778,32
223549,1780495530.372781,31
223550,1780495530.3727841,32
223551,1780495530.372787,32
223552,1780495530.37279,32
223553,1780495530.3727932,32
223554,1780495530.3727958,32
223555,1780495530.3728,32
223556,1780495530.375378,31
223557,1780495530.375384,31
223558,1780495530.375387,31
223559,1780495530.37539,31
223560,1780495530.375393,32
223561,1780495530.375396,32
223562,1780495530.3753989,32
223563,1780495530.375402,33
223564,1780495530.3754041,32
223565,1780495530.3754072,33
223566,1780495530.375415,33
223567,1780495530.405789,32
223568,1780495530.405822,32
223569,1780495530.405828,31
223570,1780495530.405834,32
223571,1780495530.4058392,34
223572,1780495530.405844,32
223573,1780495530.405848,33
223574,1780495530.405851,33
223575,1780495530.405856,33
223576,1780495530.4058602,33
223577,1780495530.4058702,33
223578,1780495530.4090822,32
223579,1780495530.409097,31
223580,1780495530.409102,32
223581,1780495530.409108,33
223582,1780495530.4091132,32
223583,1780495530.409118,33
223584,1780495530.409127,32
223585,1780495530.409132,31
223586,1780495530.409137,32
223587,1780495530.4091442,32
223588,1780495530.4120462,31
223589,1780495530.41206,32
223590,1780495530.412062,31
223591,1780495530.412065,32
223592,1780495530.412071,32
223593,1780495530.412074,30
223594,1780495530.412076,33
223595,1780495530.4120781,33
223596,1780495530.412081,32
223597,1780495530.412083,32
223598,1780495530.412086,32
223599,1780495530.415354,33
223600,1780495530.4153621,33
223601,1780495530.415366,32
223602,1780495530.4153678,32
223603,1780495530.4153721,32
223604,1780495530.415374,32
223605,1780495530.415376,32
223606,1780495530.4153779,32
223607,1780495530.41538,33
223608,1780495530.415382,32
223609,1780495530.4153862,32
223610,1780495530.4456692,31
223611,1780495530.4456909,32
223612,1780495530.445696,32
223613,1780495530.445699,31
223614,1780495530.4457018,32
223615,1780495530.445705,31
223616,1780495530.4457102,33
223617,1780495530.445714,32
223618,1780495530.445717,32
223619,1780495530.4457228,32
223620,1780495530.449068,33
223621,1780495530.44908,31
223622,1780495530.4490829,32
223623,1780495530.449116,32
223624,1780495530.449119,32
223625,1780495530.449122,32
223626,1780495530.449124,31
223627,1780495530.449127,33
223628,1780495530.44913,33
223629,1780495530.4491332,32
223630,1780495530.449136,33
223631,1780495530.4515781,31
223632,1780495530.451589,32
223633,1780495530.451592,32
223634,1780495530.4515939,32
223635,1780495530.451597,33
223636,1780495530.4515991,32
223637,1780495530.451602,32
223638,1780495530.451604,31
223639,1780495530.451607,31
223640,1780495530.4516091,32
223641,1780495530.4818811,32
223642,1780495530.4819121,32
223643,1780495530.481915,31
223644,1780495530.481919,31
223645,1780495530.481921,33
223646,1780495530.481923,31
223647,1780495530.481926,33
223648,1780495530.481929,32
223649,1780495530.481933,33
223650,1780495530.481936,31
223651,1780495530.48194,33
223652,1780495530.485306,32
223653,1780495530.485313,32
223654,1780495530.485316,32
223655,1780495530.485319,31
223656,1780495530.485321,33
223657,1780495530.485323,34
223658,1780495530.485325,31
223659,1780495530.485328,32
223660,1780495530.4853299,32
223661,1780495530.485332,32
223662,1780495530.485335,32
223663,1780495530.487814,32
223664,1780495530.4878201,31
223665,1780495530.487823,32
223666,1780495530.4878259,33
223667,1780495530.487828,31
223668,1780495530.487831,31
223669,1780495530.487833,33
223670,1780495530.487836,32
223671,1780495530.487838,31
223672,1780495530.4878411,33
223673,1780495530.487844,33
223674,1780495530.4916139,32
223675,1780495530.491621,31
223676,1780495530.4916239,33
223677,1780495530.491627,31
223678,1780495530.49163,33
223679,1780495530.4916322,32
223680,1780495530.491637,33
223681,1780495530.49164,32
223682,1780495530.491643,32
223683,1780495530.49165,32
223684,1780495530.521795,31
223685,1780495530.5218,31
223686,1780495530.521801,32
223687,1780495530.521803,32
223688,1780495530.521804,32
223689,1780495530.521805,32
223690,1780495530.5218072,30
223691,1780495530.5218089,32
223692,1780495530.521814,31
223693,1780495530.521815,33
223694,1780495530.521816,31
223695,1780495530.525174,32
223696,1780495530.525177,32
223697,1780495530.525179,32
223698,1780495530.5251799,31
223699,1780495530.525182,33
223700,1780495530.525183,32
223701,1780495530.525184,31
223702,1780495530.525186,31
223703,1780495530.525187,32
223704,1780495530.5251882,32
223705,1780495530.527832,31
223706,1780495530.527835,30
223707,1780495530.5278358,33
223708,1780495530.527838,32
223709,1780495530.527839,32
223710,1780495530.52784,30
223711,1780495530.527842,31
223712,1780495530.5278442,32
223713,1780495530.5278451,33
223714,1780495530.5278459,33
223715,1780495530.527848,31
223716,1780495530.532005,33
223717,1780495530.532008,31
223718,1780495530.532009,32
223719,1780495530.53201,32
223720,1780495530.532012,32
223721,1780495530.532013,33
223722,1780495530.5320141,32
223723,1780495530.532015,33
223724,1780495530.532016,32
223725,1780495530.532018,31
223726,1780495530.535695,33
223727,1780495530.565443,32
223728,1780495530.5654452,33
223729,1780495530.5654469,32
223730,1780495530.5654469,31
223731,1780495530.565448,32
223732,1780495530.565449,33
223733,1780495530.56545,33
223734,1780495530.56545,31
223735,1780495530.565451,32
223736,1780495530.565452,33
223737,1780495530.565453,32
223738,1780495530.568941,32
223739,1780495530.568943,31
223740,1780495530.568943,32
223741,1780495530.5689442,32
223742,1780495530.568945,32
223743,1780495530.568946,31
223744,1780495530.5689511,32
223745,1780495530.568952,32
223746,1780495530.568953,32
223747,1780495530.5689542,31
223748,1780495530.571486,32
223749,1780495530.571488,32
223750,1780495530.571489,33
223751,1780495530.57149,33
223752,1780495530.57149,32
223753,1780495530.571491,33
223754,1780495530.5714922,32
223755,1780495530.5714931,32
223756,1780495530.5714931,33
223757,1780495530.5714939,31
223758,1780495530.5714948,33
223759,1780495530.574044,32
223760,1780495530.574045,32
223761,1780495530.574046,32
223762,1780495530.574047,32
223763,1780495530.574047,33
223764,1780495530.574048,32
223765,1780495530.574049,32
223766,1780495530.57405,31
223767,1780495530.57405,33
223768,1780495530.5740511,32
223769,1780495530.574052,32
223770,1780495530.6042,33
223771,1780495530.604202,32
223772,1780495530.604203,32
223773,1780495530.604204,32
223774,1780495530.604204,33
223775,1780495530.6042051,32
223776,1780495530.604206,32
223777,1780495530.604207,33
223778,1780495530.6042082,31
223779,1780495530.604209,32
223780,1780495530.6077728,31
223781,1780495530.607775,31
223782,1780495530.607776,32
223783,1780495530.607777,32
223784,1780495530.607778,32
223785,1780495530.607779,33
223786,1780495530.607779,32
223787,1780495530.60778,32
223788,1780495530.6077812,32
223789,1780495530.607782,31
223790,1780495530.6077828,32
223791,1780495530.610341,32
223792,1780495530.610343,32
223793,1780495530.610343,32
223794,1780495530.610344,32
223795,1780495530.610345,32
223796,1780495530.610346,32
223797,1780495530.610347,31
223798,1780495530.610347,32
223799,1780495530.610348,31
223800,1780495530.610349,33
223801,1780495530.6103501,32
223802,1780495530.654161,31
223803,1780495530.654164,32
223804,1780495530.654165,32
223805,1780495530.654166,32
223806,1780495530.654167,32
223807,1780495530.6541681,31
223808,1780495530.654169,31
223809,1780495530.654169,32
223810,1780495530.65417,32
223811,1780495530.654171,31
223812,1780495530.657842,33
223813,1780495530.657845,33
223814,1780495530.657846,33
223815,1780495530.657847,32
223816,1780495530.6578481,32
223817,1780495530.6578481,33
223818,1780495530.657851,32
223819,1780495530.657851,31
223820,1780495530.657852,31
223821,1780495530.657853,32
223822,1780495530.6578538,32
223823,1780495530.6603572,31
223824,1780495530.660359,32
223825,1780495530.6603599,31
223826,1780495530.6603599,32
223827,1780495530.660361,32
223828,1780495530.660362,31
223829,1780495530.660363,32
223830,1780495530.6603642,32
223831,1780495530.6603642,32
223832,1780495530.660365,31
223833,1780495530.660366,33
223834,1780495530.663212,32
223835,1780495530.663213,32
223836,1780495530.663214,32
223837,1780495530.6632152,31
223838,1780495530.663216,33
223839,1780495530.6632168,31
223840,1780495530.6632168,31
223841,1780495530.663218,32
223842,1780495530.663219,32
223843,1780495530.66322,33
223844,1780495530.665329,33
223845,1780495530.665331,31
223846,1780495530.665332,32
223847,1780495530.665333,32
223848,1780495530.665334,33
223849,1780495530.665334,31
223850,1780495530.665335,33
223851,1780495530.6653361,32
223852,1780495530.665337,31
223853,1780495530.665337,31
223854,1780495530.665339,32
223855,1780495530.6955352,31
223856,1780495530.6955369,32
223857,1780495530.6955378,32
223858,1780495530.695539,32
223859,1780495530.69554,32
223860,1780495530.695541,32
223861,1780495530.695542,32
223862,1780495530.695543,32
223863,1780495530.695544,33
223864,1780495530.6955452,32
223865,1780495530.6955469,31
223866,1780495530.698962,32
223867,1780495530.6989639,31
223868,1780495530.698965,32
223869,1780495530.698966,31
223870,1780495530.698967,32
223871,1780495530.6989682,32
223872,1780495530.6989691,31
223873,1780495530.69897,32
223874,1780495530.6989708,32
223875,1780495530.698973,31
223876,1780495530.701545,33
223877,1780495530.701547,31
223878,1780495530.701548,32
223879,1780495530.701549,32
223880,1780495530.70155,33
223881,1780495530.7015522,32
223882,1780495530.7015529,32
223883,1780495530.7015538,32
223884,1780495530.701555,31
223885,1780495530.701556,32
223886,1780495530.701558,32
223887,1780495530.703938,32
223888,1780495530.7039402,31
223889,1780495530.703941,33
223890,1780495530.7039418,32
223891,1780495530.703943,32
223892,1780495530.703944,33
223893,1780495530.703944,32
223894,1780495530.703945,32
223895,1780495530.7039459,32
223896,1780495530.703948,31
223897,1780495530.705636,32
223898,1780495530.735513,33
223899,1780495530.7355158,33
223900,1780495530.735517,33
223901,1780495530.735519,32
223902,1780495530.73552,32
223903,1780495530.735521,32
223904,1780495530.735523,32
223905,1780495530.7355242,32
223906,1780495530.7355258,32
223907,1780495530.735528,33
223908,1780495530.739054,32
223909,1780495530.7390568,32
223910,1780495530.739059,31
223911,1780495530.73906,32
223912,1780495530.739062,31
223913,1780495530.739063,33
223914,1780495530.739064,32
223915,1780495530.739071,33
223916,1780495530.739072,32
223917,1780495530.739074,32
223918,1780495530.7390761,32
223919,1780495530.741899,32
223920,1780495530.7419012,32
223921,1780495530.741903,33
223922,1780495530.7419038,32
223923,1780495530.741906,31
223924,1780495530.741907,31
223925,1780495530.741908,32
223926,1780495530.74191,32
223927,1780495530.741911,32
223928,1780495530.7419121,31
223929,1780495530.741914,33
223930,1780495530.745261,32
223931,1780495530.745263,33
223932,1780495530.745265,31
223933,1780495530.745266,32
223934,1780495530.7452679,32
223935,1780495530.745269,32
223936,1780495530.74527,31
223937,1780495530.7452722,31
223938,1780495530.745273,33
223939,1780495530.7452748,33
223940,1780495530.775593,32
223941,1780495530.775597,32
223942,1780495530.775599,33
223943,1780495530.775601,31
223944,1780495530.775605,32
223945,1780495530.775607,31
223946,1780495530.775609,32
223947,1780495530.775611,32
223948,1780495530.7756128,32
223949,1780495530.775615,32
223950,1780495530.7756171,31
223951,1780495530.77902,32
223952,1780495530.7790332,32
223953,1780495530.7790349,30
223954,1780495530.779037,32
223955,1780495530.779039,32
223956,1780495530.77904,33
223957,1780495530.779042,32
223958,1780495530.7790442,32
223959,1780495530.7790458,33
223960,1780495530.779047,32
223961,1780495530.7790499,32
223962,1780495530.781566,33
223963,1780495530.78157,33
223964,1780495530.7815711,31
223965,1780495530.781573,31
223966,1780495530.781575,31
223967,1780495530.7815769,30
223968,1780495530.781579,33
223969,1780495530.7815812,32
223970,1780495530.781583,32
223971,1780495530.781586,32
223972,1780495530.813588,31
223973,1780495530.8135948,32
223974,1780495530.8135989,32
223975,1780495530.813602,33
223976,1780495530.813605,33
223977,1780495530.813607,33
223978,1780495530.81361,32
223979,1780495530.813613,32
223980,1780495530.813616,31
223981,1780495530.813619,32
223982,1780495530.813623,32
223983,1780495530.817036,33
223984,1780495530.817054,32
223985,1780495530.817058,32
223986,1780495530.8170612,32
223987,1780495530.8170629,32
223988,1780495530.817065,33
223989,1780495530.817068,32
223990,1780495530.81707,32
223991,1780495530.8170729,32
223992,1780495530.817075,32
223993,1780495530.817078,31
223994,1780495530.819201,31
223995,1780495530.8192158,32
223996,1780495530.8192189,31
223997,1780495530.819222,31
223998,1780495530.819224,33
223999,1780495530.819227,33
224000,1780495530.8192298,31
224001,1780495530.819233,33
224002,1780495530.819235,33
224003,1780495530.819238,32
224004,1780495530.819241,32
224005,1780495530.8215811,33
224006,1780495530.821588,32
224007,1780495530.821593,31
224008,1780495530.821596,32
224009,1780495530.821599,32
224010,1780495530.821604,32
224011,1780495530.821606,32
224012,1780495530.8216078,32
224013,1780495530.821611,32
224014,1780495530.8216152,33
224015,1780495530.855458,31
224016,1780495530.855486,32
224017,1780495530.8554912,32
224018,1780495530.855495,32
224019,1780495530.855499,31
224020,1780495530.855503,31
224021,1780495530.855506,34
224022,1780495530.855509,33
224023,1780495530.855513,32
224024,1780495530.855516,32
224025,1780495530.855521,33
224026,1780495530.856875,33
224027,1780495530.856885,32
224028,1780495530.856889,32
224029,1780495530.8568928,33
224030,1780495530.856897,32
224031,1780495530.8569002,32
224032,1780495530.856905,33
224033,1780495530.856909,32
224034,1780495530.856912,32
224035,1780495530.856917,31
224036,1780495530.860769,32
224037,1780495530.86078,32
224038,1780495530.8607821,33
224039,1780495530.860785,32
224040,1780495530.860787,31
224041,1780495530.86079,33
224042,1780495530.8607922,32
224043,1780495530.860794,32
224044,1780495530.860797,32
224045,1780495530.860799,32
224046,1780495530.860802,32
224047,1780495530.868022,32
224048,1780495530.8680582,32
224049,1780495530.868064,31
224050,1780495530.868083,32
224051,1780495530.8680918,32
224052,1780495530.868108,33
224053,1780495530.8681118,32
224054,1780495530.868119,30
224055,1780495530.868122,31
224056,1780495530.868125,32
224057,1780495530.8681679,32
224058,1780495530.871673,32
224059,1780495530.871687,32
224060,1780495530.87169,31
224061,1780495530.871692,33
224062,1780495530.8716958,32
224063,1780495530.871698,33
224064,1780495530.8717031,32
224065,1780495530.871706,32
224066,1780495530.871708,33
224067,1780495530.871712,32
224068,1780495530.9019022,31
224069,1780495530.9019258,32
224070,1780495530.901935,32
224071,1780495530.901937,33
224072,1780495530.9019399,32
224073,1780495530.901942,32
224074,1780495530.901945,31
224075,1780495530.901948,32
224076,1780495530.90195,33
224077,1780495530.901953,31
224078,1780495530.901957,31
224079,1780495530.905483,32
224080,1780495530.905505,32
224081,1780495530.9055119,30
224082,1780495530.905518,32
224083,1780495530.905524,32
224084,1780495530.905529,32
224085,1780495530.905534,33
224086,1780495530.905539,31
224087,1780495530.905544,32
224088,1780495530.905549,32
224089,1780495530.905558,32
224090,1780495530.907934,32
224091,1780495530.907945,31
224092,1780495530.907949,33
224093,1780495530.907954,31
224094,1780495530.907957,34
224095,1780495530.9079611,32
224096,1780495530.907966,32
224097,1780495530.907972,31
224098,1780495530.907975,33
224099,1780495530.90798,31
224100,1780495530.9455209,32
224101,1780495530.9455302,33
224102,1780495530.945533,33
224103,1780495530.945535,33
224104,1780495530.945537,32
224105,1780495530.945538,31
224106,1780495530.9455402,32
224107,1780495530.9455419,32
224108,1780495530.945544,31
224109,1780495530.945547,32
224110,1780495530.948373,33
224111,1780495530.948378,32
224112,1780495530.9519901,32
224113,1780495530.9519942,32
224114,1780495530.9519958,32
224115,1780495530.951998,32
224116,1780495530.951999,32
224117,1780495530.952001,31
224118,1780495530.952003,32
224119,1780495530.9520042,33
224120,1780495530.9520059,32
224121,1780495530.952008,31
224122,1780495530.9552069,32
224123,1780495530.95521,31
224124,1780495530.955212,31
224125,1780495530.955214,33
224126,1780495530.955216,32
224127,1780495530.955217,33
224128,1780495530.95522,31
224129,1780495530.9552221,32
224130,1780495530.955223,32
224131,1780495530.955225,33
224132,1780495530.957806,33
224133,1780495530.95781,32
224134,1780495530.957812,33
224135,1780495530.957814,32
224136,1780495530.957815,32
224137,1780495530.957817,31
224138,1780495530.957818,33
224139,1780495530.95782,32
224140,1780495530.957821,32
224141,1780495530.957823,32
224142,1780495530.957825,31
224143,1780495530.960323,32
224144,1780495530.960327,32
224145,1780495530.9603279,31
224146,1780495530.96033,32
224147,1780495530.960331,33
224148,1780495530.960333,33
224149,1780495530.960335,32
224150,1780495530.960336,32
224151,1780495530.9603379,32
224152,1780495530.9603388,32
224153,1780495530.960341,33
224154,1780495530.990432,31
224155,1780495530.9904351,31
224156,1780495530.990436,32
224157,1780495530.990437,33
224158,1780495530.990438,32
224159,1780495530.990439,31
224160,1780495530.99044,33
224161,1780495530.9904408,32
224162,1780495530.9904408,33
224163,1780495530.990442,31
224164,1780495530.993907,32
224165,1780495530.993909,32
224166,1780495530.99391,31
224167,1780495530.993911,33
224168,1780495530.993912,32
224169,1780495530.993912,32
224170,1780495530.9939132,32
224171,1780495530.9939141,33
224172,1780495530.9939148,32
224173,1780495530.9939158,31
224174,1780495530.993917,32
224175,1780495530.9965281,31
224176,1780495530.9965289,31
224177,1780495530.9965298,33
224178,1780495530.996531,33
224179,1780495530.996532,32
224180,1780495530.996533,32
224181,1780495530.996533,31
224182,1780495530.996534,31
224183,1780495530.996535,32
224184,1780495530.996536,33
224185,1780495530.996537,32
224186,1780495531.000282,32
224187,1780495531.0002828,33
224188,1780495531.000284,32
224189,1780495531.000285,32
224190,1780495531.0002859,31
224191,1780495531.000287,32
224192,1780495531.000288,32
224193,1780495531.000288,32
224194,1780495531.000289,31
224195,1780495531.0002902,33
224196,1780495531.03046,32
224197,1780495531.030462,32
224198,1780495531.030463,33
224199,1780495531.030464,31
224200,1780495531.0304651,31
224201,1780495531.0304651,32
224202,1780495531.030466,31
224203,1780495531.030467,32
224204,1780495531.030468,32
224205,1780495531.030468,33
224206,1780495531.03047,33
224207,1780495531.0340412,31
224208,1780495531.0340428,32
224209,1780495531.0340438,32
224210,1780495531.0340438,32
224211,1780495531.034045,33
224212,1780495531.034046,32
224213,1780495531.034047,31
224214,1780495531.034047,32
224215,1780495531.034048,31
224216,1780495531.034049,34
224217,1780495531.03405,32
224218,1780495531.036424,31
224219,1780495531.036427,31
224220,1780495531.036428,32
224221,1780495531.036434,32
224222,1780495531.036435,32
224223,1780495531.036436,32
224224,1780495531.036437,32
224225,1780495531.036438,31
224226,1780495531.036439,32
224227,1780495531.0364401,32
224228,1780495531.066711,31
224229,1780495531.066714,32
224230,1780495531.0667148,31
224231,1780495531.066716,32
224232,1780495531.066717,33
224233,1780495531.0667179,32
224234,1780495531.066719,30
224235,1780495531.066719,31
224236,1780495531.06672,33
224237,1780495531.066721,32
224238,1780495531.0667222,32
224239,1780495531.070726,32
224240,1780495531.0707278,32
224241,1780495531.070729,32
224242,1780495531.07073,33
224243,1780495531.070731,31
224244,1780495531.070731,32
224245,1780495531.070732,31
224246,1780495531.070733,31
224247,1780495531.070734,32
224248,1780495531.070734,33
224249,1780495531.075263,32
224250,1780495531.075265,32
224251,1780495531.0752661,32
224252,1780495531.075267,32
224253,1780495531.075268,32
224254,1780495531.075268,31
224255,1780495531.0752692,30
224256,1780495531.07527,32
224257,1780495531.075271,33
224258,1780495531.0752718,32
224259,1780495531.075275,31
224260,1780495531.0777469,33
224261,1780495531.077748,32
224262,1780495531.077749,32
224263,1780495531.07775,32
224264,1780495531.077751,32
224265,1780495531.077751,30
224266,1780495531.077752,32
224267,1780495531.077763,33
224268,1780495531.077764,33
224269,1780495531.0777652,33
224270,1780495531.077766,32
224271,1780495531.108054,33
224272,1780495531.108056,32
224273,1780495531.108057,32
224274,1780495531.1080582,32
224275,1780495531.108059,32
224276,1780495531.10806,32
224277,1780495531.1080608,32
224278,1780495531.1080608,32
224279,1780495531.108062,32
224280,1780495531.108063,33
224281,1780495531.108064,31
224282,1780495531.1115048,32
224283,1780495531.111507,32
224284,1780495531.111508,31
224285,1780495531.111509,32
224286,1780495531.111509,31
224287,1780495531.11151,32
224288,1780495531.111511,31
224289,1780495531.111512,33
224290,1780495531.1115131,32
224291,1780495531.111514,33
224292,1780495531.114155,32
224293,1780495531.114157,31
224294,1780495531.1141582,32
224295,1780495531.114159,32
224296,1780495531.11416,31
224297,1780495531.114161,33
224298,1780495531.114161,32
224299,1780495531.114162,32
224300,1780495531.114163,31
224301,1780495531.1141639,32
224302,1780495531.114165,32
224303,1780495531.120417,33
224304,1780495531.120419,32
224305,1780495531.12042,30
224306,1780495531.1204212,33
224307,1780495531.120422,32
224308,1780495531.1204228,33
224309,1780495531.120424,32
224310,1780495531.120425,32
224311,1780495531.120426,33
224312,1780495531.120427,33
224313,1780495531.120428,32
224314,1780495531.1580522,32
224315,1780495531.1580548,31
224316,1780495531.158056,33
224317,1780495531.158057,33
224318,1780495531.158058,31
224319,1780495531.1580591,33
224320,1780495531.158061,31
224321,1780495531.158062,32
224322,1780495531.1580632,33
224323,1780495531.1580648,33
224324,1780495531.161948,32
224325,1780495531.161951,32
224326,1780495531.161952,33
224327,1780495531.1619542,32
224328,1780495531.161955,31
224329,1780495531.161956,33
224330,1780495531.161957,32
224331,1780495531.161959,32
224332,1780495531.16196,32
224333,1780495531.161961,31
224334,1780495531.161963,31
224335,1780495531.1652648,33
224336,1780495531.165268,33
224337,1780495531.165269,31
224338,1780495531.16527,32
224339,1780495531.165272,33
224340,1780495531.1652732,32
224341,1780495531.1652741,33
224342,1780495531.1652749,33
224343,1780495531.1652758,32
224344,1780495531.165277,32
224345,1780495531.165279,32
224346,1780495531.16784,32
224347,1780495531.1678421,32
224348,1780495531.167843,32
224349,1780495531.167844,33
224350,1780495531.167846,33
224351,1780495531.167847,32
224352,1780495531.1678479,31
224353,1780495531.167849,32
224354,1780495531.16785,31
224355,1780495531.167852,33
224356,1780495531.2380311,32
224357,1780495531.238036,33
224358,1780495531.238038,32
224359,1780495531.23804,32
224360,1780495531.2380428,32
224361,1780495531.238045,30
224362,1780495531.238047,32
224363,1780495531.238049,32
224364,1780495531.2380512,32
224365,1780495531.238055,32
224366,1780495531.254554,32
224367,1780495531.256429,32
224368,1780495531.2564359,32
224369,1780495531.2564402,33
224370,1780495531.2564428,32
224371,1780495531.256445,31
224372,1780495531.256448,32
224373,1780495531.25645,32
224374,1780495531.256452,33
224375,1780495531.256459,32
224376,1780495531.2564611,31
224377,1780495531.2564638,31
224378,1780495531.258872,32
224379,1780495531.258892,32
224380,1780495531.258894,32
224381,1780495531.2588959,32
224382,1780495531.258899,32
224383,1780495531.258901,32
224384,1780495531.2589068,32
224385,1780495531.258909,31
224386,1780495531.258911,33
224387,1780495531.258914,31
224388,1780495531.26142,31
224389,1780495531.261426,32
224390,1780495531.261429,33
224391,1780495531.261431,32
224392,1780495531.2614331,32
224393,1780495531.2614348,32
224394,1780495531.261437,32
224395,1780495531.26144,31
224396,1780495531.261442,32
224397,1780495531.261444,32
224398,1780495531.261447,33
224399,1780495531.264058,32
224400,1780495531.264075,32
224401,1780495531.264077,33
224402,1780495531.2640798,31
224403,1780495531.264082,33
224404,1780495531.2640839,32
224405,1780495531.264087,33
224406,1780495531.264089,32
224407,1780495531.264092,31
224408,1780495531.2640939,32
224409,1780495531.266391,31
224410,1780495531.266402,33
224411,1780495531.2664042,32
224412,1780495531.266407,33
224413,1780495531.266409,31
224414,1780495531.266412,33
224415,1780495531.2664142,31
224416,1780495531.2664168,32
224417,1780495531.26642,31
224418,1780495531.266422,32
224419,1780495531.266426,33
224420,1780495531.268998,31
224421,1780495531.2690072,32
224422,1780495531.269011,32
224423,1780495531.269013,31
224424,1780495531.269016,32
224425,1780495531.2690182,31
224426,1780495531.2690198,30
224427,1780495531.269023,32
224428,1780495531.2690282,32
224429,1780495531.2690299,31
224430,1780495531.269033,33
224431,1780495531.271518,32
224432,1780495531.27153,32
224433,1780495531.271536,32
224434,1780495531.271539,31
224435,1780495531.271543,31
224436,1780495531.2715461,33
224437,1780495531.271571,30
224438,1780495531.271575,33
224439,1780495531.271578,33
224440,1780495531.271581,32
224441,1780495531.271586,32
224442,1780495531.273997,32
224443,1780495531.274004,33
224444,1780495531.274008,33
224445,1780495531.2740119,33
224446,1780495531.274016,31
224447,1780495531.274019,33
224448,1780495531.274025,32
224449,1780495531.274029,32
224450,1780495531.274032,33
224451,1780495531.274038,32
224452,1780495531.276483,32
224453,1780495531.276489,33
224454,1780495531.276493,31
224455,1780495531.276496,30
224456,1780495531.276499,32
224457,1780495531.276504,32
224458,1780495531.276507,32
224459,1780495531.276511,33
224460,1780495531.276514,33
224461,1780495531.2765188,32
224462,1780495531.2781372,31
224463,1780495531.280818,33
224464,1780495531.280828,31
224465,1780495531.28083,32
224466,1780495531.280833,32
224467,1780495531.2808352,31
224468,1780495531.280837,31
224469,1780495531.280839,32
224470,1780495531.280842,32
224471,1780495531.280844,31
224472,1780495531.280846,32
224473,1780495531.314352,32
224474,1780495531.314379,32
224475,1780495531.314382,31
224476,1780495531.314385,33
224477,1780495531.3143868,32
224478,1780495531.31439,32
224479,1780495531.314392,32
224480,1780495531.314396,33
224481,1780495531.3144,31
224482,1780495531.314403,32
224483,1780495531.31441,32
224484,1780495531.317923,33
224485,1780495531.3179462,33
224486,1780495531.31795,33
224487,1780495531.317953,32
224488,1780495531.317955,33
224489,1780495531.3179579,32
224490,1780495531.317961,32
224491,1780495531.317964,33
224492,1780495531.3179672,33
224493,1780495531.3179688,33
224494,1780495531.317972,32
224495,1780495531.320261,33
224496,1780495531.320268,32
224497,1780495531.320272,32
224498,1780495531.3202739,33
224499,1780495531.320276,33
224500,1780495531.3202791,32
224501,1780495531.320281,33
224502,1780495531.320284,32
224503,1780495531.320286,32
224504,1780495531.320288,32
224505,1780495531.320292,32
224506,1780495531.322891,33
224507,1780495531.322904,31
224508,1780495531.32291,32
224509,1780495531.322915,32
224510,1780495531.3229198,33
224511,1780495531.322925,33
224512,1780495531.322933,32
224513,1780495531.3229382,32
224514,1780495531.3229492,33
224515,1780495531.322957,33
224516,1780495531.353214,32
224517,1780495531.35324,32
224518,1780495531.3532438,31
224519,1780495531.353246,33
224520,1780495531.353249,32
224521,1780495531.3532522,31
224522,1780495531.3532538,33
224523,1780495531.353257,32
224524,1780495531.35326,31
224525,1780495531.3532622,32
224526,1780495531.353267,32
224527,1780495531.356627,33
224528,1780495531.356641,33
224529,1780495531.356645,32
224530,1780495531.356649,33
224531,1780495531.356653,33
224532,1780495531.3566568,33
224533,1780495531.35666,32
224534,1780495531.3566642,31
224535,1780495531.3566668,32
224536,1780495531.356671,32
224537,1780495531.356676,32
224538,1780495531.3591151,33
224539,1780495531.359125,32
224540,1780495531.3591301,33
224541,1780495531.359133,33
224542,1780495531.359138,33
224543,1780495531.359178,32
224544,1780495531.3591838,32
224545,1780495531.359189,33
224546,1780495531.359193,32
224547,1780495531.3591979,33
224548,1780495531.389287,31
224549,1780495531.389295,32
224550,1780495531.389298,32
224551,1780495531.389299,31
224552,1780495531.389301,32
224553,1780495531.389303,31
224554,1780495531.389305,33
224555,1780495531.3893068,32
224556,1780495531.389309,32
224557,1780495531.389311,31
224558,1780495531.389314,32
224559,1780495531.392739,32
224560,1780495531.3927429,32
224561,1780495531.3927438,31
224562,1780495531.392746,32
224563,1780495531.392748,32
224564,1780495531.39275,32
224565,1780495531.3927522,33
224566,1780495531.3927538,32
224567,1780495531.392756,32
224568,1780495531.3927581,33
224569,1780495531.395201,32
224570,1780495531.395205,32
224571,1780495531.395207,33
224572,1780495531.395212,31
224573,1780495531.395214,32
224574,1780495531.395215,32
224575,1780495531.395217,32
224576,1780495531.3952188,32
224577,1780495531.39522,32
224578,1780495531.395222,31
224579,1780495531.395224,32
224580,1780495531.3978298,32
224581,1780495531.3978329,32
224582,1780495531.397835,32
224583,1780495531.3978372,31
224584,1780495531.397838,32
224585,1780495531.3978398,32
224586,1780495531.397841,31
224587,1780495531.397843,32
224588,1780495531.397844,31
224589,1780495531.3978581,32
224590,1780495531.39786,32
224591,1780495531.434282,32
224592,1780495531.4342852,33
224593,1780495531.434286,31
224594,1780495531.434287,31
224595,1780495531.434288,31
224596,1780495531.434289,32
224597,1780495531.43429,32
224598,1780495531.43429,33
224599,1780495531.434291,33
224600,1780495531.434292,33
224601,1780495531.434293,31
224602,1780495531.4376729,32
224603,1780495531.437675,32
224604,1780495531.437676,32
224605,1780495531.437676,32
224606,1780495531.4376771,31
224607,1780495531.437678,32
224608,1780495531.437679,31
224609,1780495531.4376802,32
224610,1780495531.437681,32
224611,1780495531.437682,32
224612,1780495531.4401321,33
224613,1780495531.4401338,32
224614,1780495531.440135,32
224615,1780495531.440136,33
224616,1780495531.440136,32
224617,1780495531.440137,32
224618,1780495531.440138,32
224619,1780495531.440139,32
224620,1780495531.44014,33
224621,1780495531.440141,33
224622,1780495531.4401422,31
224623,1780495531.4427462,32
224624,1780495531.4427478,32
224625,1780495531.442749,31
224626,1780495531.44275,32
224627,1780495531.44275,32
224628,1780495531.442751,33
224629,1780495531.442752,32
224630,1780495531.442753,32
224631,1780495531.442754,31
224632,1780495531.442754,33
224633,1780495531.4427562,32
224634,1780495531.4728808,33
224635,1780495531.472884,32
224636,1780495531.472885,32
224637,1780495531.472886,33
224638,1780495531.472887,32
224639,1780495531.472887,31
224640,1780495531.472888,31
224641,1780495531.4728892,32
224642,1780495531.4728901,32
224643,1780495531.4728909,32
224644,1780495531.4764988,31
224645,1780495531.476502,32
224646,1780495531.4765031,32
224647,1780495531.476504,33
224648,1780495531.476504,32
224649,1780495531.476505,31
224650,1780495531.476506,31
224651,1780495531.476507,32
224652,1780495531.476507,31
224653,1780495531.476508,30
224654,1780495531.4765089,32
224655,1780495531.4790359,31
224656,1780495531.479038,32
224657,1780495531.479039,32
224658,1780495531.479039,31
224659,1780495531.47904,32
224660,1780495531.479041,31
224661,1780495531.479042,32
224662,1780495531.479043,31
224663,1780495531.479043,32
224664,1780495531.4790442,31
224665,1780495531.4790452,32
224666,1780495531.481567,31
224667,1780495531.481568,32
224668,1780495531.481569,31
224669,1780495531.48157,31
224670,1780495531.481571,31
224671,1780495531.481571,32
224672,1780495531.4815722,32
224673,1780495531.481573,32
224674,1780495531.4815738,31
224675,1780495531.481575,32
224676,1780495531.5392058,32
224677,1780495531.53921,32
224678,1780495531.539211,32
224679,1780495531.539211,32
224680,1780495531.539212,32
224681,1780495531.539213,33
224682,1780495531.5392141,31
224683,1780495531.539215,33
224684,1780495531.539215,32
224685,1780495531.5392158,32
224686,1780495531.539217,32
224687,1780495531.542819,33
224688,1780495531.5428212,32
224689,1780495531.542822,33
224690,1780495531.5428228,32
224691,1780495531.542824,33
224692,1780495531.542825,32
224693,1780495531.542825,33
224694,1780495531.542835,31
224695,1780495531.542836,33
224696,1780495531.542837,32
224697,1780495531.542838,32
224698,1780495531.545258,32
224699,1780495531.54526,33
224700,1780495531.5452611,32
224701,1780495531.545262,32
224702,1780495531.545262,32
224703,1780495531.545263,32
224704,1780495531.545268,32
224705,1780495531.545269,32
224706,1780495531.54527,33
224707,1780495531.5452712,32
224708,1780495531.547787,31
224709,1780495531.5477881,33
224710,1780495531.547789,32
224711,1780495531.54779,33
224712,1780495531.547791,33
224713,1780495531.547792,33
224714,1780495531.547792,32
224715,1780495531.547793,33
224716,1780495531.5477939,32
224717,1780495531.547795,32
224718,1780495531.547796,32
224719,1780495531.550763,31
224720,1780495531.550764,31
224721,1780495531.550765,33
224722,1780495531.550766,31
224723,1780495531.5507672,32
224724,1780495531.5507681,32
224725,1780495531.5507681,32
224726,1780495531.5507689,31
224727,1780495531.5507698,32
224728,1780495531.550771,32
224729,1780495531.555233,32
224730,1780495531.5552351,33
224731,1780495531.5552351,32
224732,1780495531.555236,31
224733,1780495531.555237,32
224734,1780495531.5552378,31
224735,1780495531.555239,33
224736,1780495531.55524,32
224737,1780495531.55524,32
224738,1780495531.5552409,32
224739,1780495531.555243,31
224740,1780495531.557774,32
224741,1780495531.557776,32
224742,1780495531.557777,32
224743,1780495531.557777,31
224744,1780495531.557778,32
224745,1780495531.5577788,33
224746,1780495531.55778,32
224747,1780495531.557781,32
224748,1780495531.557782,31
224749,1780495531.5577831,32
224750,1780495531.557784,32
224751,1780495531.588023,31
224752,1780495531.588025,32
224753,1780495531.5880268,31
224754,1780495531.588028,32
224755,1780495531.588029,33
224756,1780495531.5880299,31
224757,1780495531.588031,32
224758,1780495531.588032,33
224759,1780495531.588033,31
224760,1780495531.5880342,31
224761,1780495531.588036,33
224762,1780495531.591465,31
224763,1780495531.591468,32
224764,1780495531.591469,32
224765,1780495531.59147,33
224766,1780495531.5914712,33
224767,1780495531.5914721,32
224768,1780495531.5914729,32
224769,1780495531.5914738,32
224770,1780495531.591475,31
224771,1780495531.591476,33
224772,1780495531.5940878,32
224773,1780495531.59409,33
224774,1780495531.594091,32
224775,1780495531.5940921,33
224776,1780495531.594093,32
224777,1780495531.594094,33
224778,1780495531.594095,32
224779,1780495531.594097,32
224780,1780495531.5940979,33
224781,1780495531.594099,31
224782,1780495531.5941,32
224783,1780495531.597853,32
224784,1780495531.597855,32
224785,1780495531.597856,32
224786,1780495531.597857,32
224787,1780495531.5978591,32
224788,1780495531.59786,32
224789,1780495531.597861,31
224790,1780495531.597862,31
224791,1780495531.597863,31
224792,1780495531.5978649,32
224793,1780495531.603351,30
224794,1780495531.6329558,32
224795,1780495531.632959,32
224796,1780495531.632961,32
224797,1780495531.632962,33
224798,1780495531.6329641,32
224799,1780495531.6329658,31
224800,1780495531.632967,32
224801,1780495531.632969,32
224802,1780495531.63297,32
224803,1780495531.632973,31
224804,1780495531.636553,32
224805,1780495531.6365561,32
224806,1780495531.636557,32
224807,1780495531.636559,33
224808,1780495531.63656,33
224809,1780495531.6365619,31
224810,1780495531.636563,33
224811,1780495531.636565,32
224812,1780495531.636567,32
224813,1780495531.636568,32
224814,1780495531.6365702,33
224815,1780495531.638973,31
224816,1780495531.638978,31
224817,1780495531.638979,32
224818,1780495531.638981,32
224819,1780495531.638983,31
224820,1780495531.638984,32
224821,1780495531.6389859,31
224822,1780495531.638987,31
224823,1780495531.638989,32
224824,1780495531.638991,32
224825,1780495531.6389928,33
224826,1780495531.647892,32
224827,1780495531.647896,32
224828,1780495531.6478982,33
224829,1780495531.6478999,31
224830,1780495531.6479008,30
224831,1780495531.647903,32
224832,1780495531.647905,31
224833,1780495531.647907,32
224834,1780495531.6479092,33
224835,1780495531.6479108,32
224836,1780495531.651671,32
224837,1780495531.651675,32
224838,1780495531.651677,33
224839,1780495531.651679,33
224840,1780495531.65168,31
224841,1780495531.6516821,31
224842,1780495531.651684,32
224843,1780495531.651686,33
224844,1780495531.6516879,32
224845,1780495531.651691,31
224846,1780495531.654519,32
224847,1780495531.686923,31
224848,1780495531.686929,32
224849,1780495531.686932,31
224850,1780495531.686934,32
224851,1780495531.6869361,31
224852,1780495531.686938,32
224853,1780495531.686941,32
224854,1780495531.686943,32
224855,1780495531.686945,33
224856,1780495531.686947,32
224857,1780495531.686949,33
224858,1780495531.686953,32
224859,1780495531.690136,31
224860,1780495531.690142,33
224861,1780495531.690145,32
224862,1780495531.690148,31
224863,1780495531.690151,31
224864,1780495531.690154,31
224865,1780495531.6901572,32
224866,1780495531.69016,32
224867,1780495531.6901639,31
224868,1780495531.6928089,30
224869,1780495531.692815,33
224870,1780495531.692818,32
224871,1780495531.692821,32
224872,1780495531.692823,32
224873,1780495531.692826,32
224874,1780495531.692829,33
224875,1780495531.692832,33
224876,1780495531.692835,31
224877,1780495531.6928372,33
224878,1780495531.692842,32
224879,1780495531.695264,33
224880,1780495531.695282,31
224881,1780495531.695285,31
224882,1780495531.6952882,32
224883,1780495531.69529,32
224884,1780495531.695293,32
224885,1780495531.6952949,32
224886,1780495531.695298,33
224887,1780495531.6953,32
224888,1780495531.695304,33
224889,1780495531.69696,31
224890,1780495531.7268212,32
224891,1780495531.726839,33
224892,1780495531.7268438,32
224893,1780495531.726847,32
224894,1780495531.7268522,33
224895,1780495531.7268548,32
224896,1780495531.726861,32
224897,1780495531.7268648,32
224898,1780495531.726869,32
224899,1780495531.726874,32
224900,1780495531.730806,30
224901,1780495531.730825,33
224902,1780495531.730828,32
224903,1780495531.7308302,32
224904,1780495531.7308328,32
224905,1780495531.730835,33
224906,1780495531.730838,32
224907,1780495531.73084,32
224908,1780495531.7308428,32
224909,1780495531.730845,32
224910,1780495531.730848,31
224911,1780495531.735223,33
224912,1780495531.735231,46
224913,1780495531.735234,42
224914,1780495531.7352371,42
224915,1780495531.735239,37
224916,1780495531.735242,37
224917,1780495531.735244,32
224918,1780495531.7352471,31
224919,1780495531.7352488,33
224920,1780495531.735252,33
224921,1780495531.735255,32
224922,1780495531.73774,32
224923,1780495531.737746,32
224924,1780495531.73775,33
224925,1780495531.737752,33
224926,1780495531.7377548,33
224927,1780495531.737757,31
224928,1780495531.737762,32
224929,1780495531.7377658,33
224930,1780495531.737769,31
224931,1780495531.737772,45
224932,1780495531.768218,46
224933,1780495531.768256,41
224934,1780495531.768262,40
224935,1780495531.768265,36
224936,1780495531.768268,32
224937,1780495531.76827,33
224938,1780495531.7682729,31
224939,1780495531.768276,32
224940,1780495531.768279,32
224941,1780495531.768281,32
224942,1780495531.768286,32
224943,1780495531.771469,31
224944,1780495531.771477,32
224945,1780495531.771481,32
224946,1780495531.771484,31
224947,1780495531.771486,32
224948,1780495531.771489,31
224949,1780495531.771497,31
224950,1780495531.771499,33
224951,1780495531.771501,32
224952,1780495531.7715032,33
224953,1780495531.774155,32
224954,1780495531.774168,33
224955,1780495531.774174,32
224956,1780495531.7741802,33
224957,1780495531.77421,28
224958,1780495531.774215,32
224959,1780495531.77422,32
224960,1780495531.77423,33
224961,1780495531.7742348,32
224962,1780495531.77424,32
224963,1780495531.774247,32
224964,1780495531.804396,32
224965,1780495531.8044102,31
224966,1780495531.8044128,33
224967,1780495531.804416,32
224968,1780495531.804419,32
224969,1780495531.804422,31
224970,1780495531.804425,32
224971,1780495531.804428,32
224972,1780495531.8044312,32
224973,1780495531.8044338,33
224974,1780495531.804439,32
224975,1780495531.807774,31
224976,1780495531.8077812,32
224977,1780495531.8077838,32
224978,1780495531.807787,33
224979,1780495531.807789,32
224980,1780495531.8077922,32
224981,1780495531.807795,32
224982,1780495531.807798,31
224983,1780495531.807801,33
224984,1780495531.807803,32
224985,1780495531.807808,32
224986,1780495531.810187,33
224987,1780495531.8101919,32
224988,1780495531.810194,32
224989,1780495531.8101969,31
224990,1780495531.810199,32
224991,1780495531.8102012,33
224992,1780495531.8102038,32
224993,1780495531.810207,31
224994,1780495531.810209,32
224995,1780495531.8102121,32
224996,1780495531.812723,32
224997,1780495531.8127282,33
224998,1780495531.81273,31
224999,1780495531.812733,31
225000,1780495531.812735,32
225001,1780495531.812737,32
225002,1780495531.8127391,32
225003,1780495531.812742,33
225004,1780495531.812744,31
225005,1780495531.812747,33
225006,1780495531.814552,32
225007,1780495531.854281,32
225008,1780495531.854284,32
225009,1780495531.8542862,31
225010,1780495531.8542871,32
225011,1780495531.8542879,32
225012,1780495531.854291,33
225013,1780495531.854293,46
225014,1780495531.854294,37
225015,1780495531.854295,34
225016,1780495531.854296,34
225017,1780495531.8542972,33
225018,1780495531.8542988,32
225019,1780495531.862644,32
225020,1780495531.862647,32
225021,1780495531.862648,32
225022,1780495531.8626492,32
225023,1780495531.8626502,32
225024,1780495531.8626509,32
225025,1780495531.8626518,31
225026,1780495531.862653,32
225027,1780495531.862654,32
225028,1780495531.86525,32
225029,1780495531.865252,31
225030,1780495531.8652532,33
225031,1780495531.865254,31
225032,1780495531.8652549,48
225033,1780495531.8652558,43
225034,1780495531.865257,40
225035,1780495531.865258,36
225036,1780495531.865259,37
225037,1780495531.8652601,33
225038,1780495531.865261,33
225039,1780495531.867604,33
225040,1780495531.867606,33
225041,1780495531.867607,33
225042,1780495531.867608,33
225043,1780495531.867609,33
225044,1780495531.867609,33
225045,1780495531.8676102,32
225046,1780495531.867611,32
225047,1780495531.867612,32
225048,1780495531.8676128,31
225049,1780495531.867614,32
225050,1780495531.870249,32
225051,1780495531.8702521,38
225052,1780495531.870253,41
225053,1780495531.870254,42
225054,1780495531.870255,39
225055,1780495531.8702562,36
225056,1780495531.870257,34
225057,1780495531.8702579,33
225058,1780495531.870259,31
225059,1780495531.87026,33
225060,1780495531.900427,32
225061,1780495531.900429,32
225062,1780495531.90043,32
225063,1780495531.9004312,32
225064,1780495531.9004319,32
225065,1780495531.9004319,32
225066,1780495531.9004328,32
225067,1780495531.900434,33
225068,1780495531.900435,31
225069,1780495531.900436,33
225070,1780495531.9004369,33
225071,1780495531.903955,43
225072,1780495531.9039629,43
225073,1780495531.9039638,41
225074,1780495531.903965,43
225075,1780495531.903967,40
225076,1780495531.903968,38
225077,1780495531.903969,35
225078,1780495531.903969,35
225079,1780495531.90397,33
225080,1780495531.903971,32
225081,1780495531.9039721,32
225082,1780495531.906427,33
225083,1780495531.9064288,32
225084,1780495531.90643,33
225085,1780495531.906431,32
225086,1780495531.906432,33
225087,1780495531.906432,31
225088,1780495531.906433,37
225089,1780495531.906434,41
225090,1780495531.906435,47
225091,1780495531.9064362,52
225092,1780495531.909044,55
225093,1780495531.909045,49
225094,1780495531.909046,48
225095,1780495531.9090471,47
225096,1780495531.909048,43
225097,1780495531.909049,42
225098,1780495531.9090502,37
225099,1780495531.9090502,36
225100,1780495531.909051,37
225101,1780495531.909052,33
225102,1780495531.9090528,32
225103,1780495531.940777,33
225104,1780495531.940779,34
225105,1780495531.94078,36
225106,1780495531.940781,35
225107,1780495531.940782,38
225108,1780495531.940782,44
225109,1780495531.940783,45
225110,1780495531.9407842,48
225111,1780495531.940785,51
225112,1780495531.940785,53
225113,1780495531.9407868,51
225114,1780495531.945227,49
225115,1780495531.945228,45
225116,1780495531.945229,44
225117,1780495531.94523,41
225118,1780495531.9452312,38
225119,1780495531.945232,37
225120,1780495531.9452329,36
225121,1780495531.9452329,35
225122,1780495531.9452338,33
225123,1780495531.945235,34
225124,1780495531.9477818,36
225125,1780495531.947783,38
225126,1780495531.947784,37
225127,1780495531.947785,40
225128,1780495531.947786,42
225129,1780495531.947786,46
225130,1780495531.947799,48
225131,1780495531.947799,50
225132,1780495531.9478002,53
225133,1780495531.947801,49
225134,1780495531.947802,50
225135,1780495531.950329,47
225136,1780495531.950331,44
225137,1780495531.950332,42
225138,1780495531.9503329,41
225139,1780495531.9503338,39
225140,1780495531.9503338,36
225141,1780495531.950335,36
225142,1780495531.950336,35
225143,1780495531.950337,36
225144,1780495531.950337,38
225145,1780495531.950339,40
225146,1780495531.9841878,41
225147,1780495531.984193,46
225148,1780495531.984194,48
225149,1780495531.984195,52
225150,1780495531.9841962,54
225151,1780495531.9841971,55
225152,1780495531.9841979,60
225153,1780495531.9841979,58
225154,1780495531.9841988,57
225155,1780495531.984201,56
225156,1780495531.987732,53
225157,1780495531.987734,52
225158,1780495531.987735,49
225159,1780495531.987736,47
225160,1780495531.9877372,47
225161,1780495531.9877381,45
225162,1780495531.9877388,47
225163,1780495531.9877388,48
225164,1780495531.9877398,50
225165,1780495531.987741,52
225166,1780495531.987742,54
225167,1780495531.990242,57
225168,1780495531.9902442,60
225169,1780495531.990245,63
225170,1780495531.9902458,67
225171,1780495531.990247,68
225172,1780495531.990248,71
225173,1780495531.990248,72
225174,1780495531.990249,69
225175,1780495531.9902499,67
225176,1780495531.990251,67
225177,1780495531.990252,67
225178,1780495531.992863,66
225179,1780495531.992865,64
225180,1780495531.992866,65
225181,1780495531.992867,63
225182,1780495531.992867,62
225183,1780495531.9928682,66
225184,1780495531.9928691,69
225185,1780495531.9928699,68
225186,1780495531.9928708,73
225187,1780495531.99288,74
225188,1780495532.02302,81
225189,1780495532.0230222,83
225190,1780495532.0230231,88
225191,1780495532.023024,91
225192,1780495532.0230248,94
225193,1780495532.023026,94
225194,1780495532.023027,93
225195,1780495532.023028,92
225196,1780495532.02303,90
225197,1780495532.023031,90
225198,1780495532.023032,89
225199,1780495532.026572,91
225200,1780495532.0265741,92
225201,1780495532.0265758,91
225202,1780495532.026577,93
225203,1780495532.026578,93
225204,1780495532.026579,96
225205,1780495532.0265799,99
225206,1780495532.026581,100
225207,1780495532.026582,105
225208,1780495532.026583,111
225209,1780495532.026585,114
225210,1780495532.029047,118
225211,1780495532.0290492,123
225212,1780495532.02905,124
225213,1780495532.0290508,128
225214,1780495532.029052,127
225215,1780495532.029053,127
225216,1780495532.029054,127
225217,1780495532.0290549,129
225218,1780495532.029056,129
225219,1780495532.029058,129
225220,1780495532.0606651,132
225221,1780495532.060668,132
225222,1780495532.060669,134
225223,1780495532.060671,134
225224,1780495532.060672,139
225225,1780495532.060674,145
225226,1780495532.0606751,148
225227,1780495532.060676,151
225228,1780495532.060677,157
225229,1780495532.06068,162
225230,1780495532.064522,166
225231,1780495532.066442,170
225232,1780495532.066444,171
225233,1780495532.066446,175
225234,1780495532.066447,179
225235,1780495532.066448,178
225236,1780495532.0664499,178
225237,1780495532.0664508,178
225238,1780495532.066452,178
225239,1780495532.066454,182
225240,1780495532.066456,184
225241,1780495532.0690198,182
225242,1780495532.069022,188
225243,1780495532.069024,192
225244,1780495532.069025,196
225245,1780495532.0690272,196
225246,1780495532.0690281,200
225247,1780495532.069029,207
225248,1780495532.069031,211
225249,1780495532.069032,215
225250,1780495532.069034,220
225251,1780495532.069036,226
225252,1780495532.0715342,227
225253,1780495532.071536,233
225254,1780495532.071538,231
225255,1780495532.071539,236
225256,1780495532.071541,235
225257,1780495532.071543,237
225258,1780495532.0715442,239
225259,1780495532.0715451,237
225260,1780495532.0715468,240
225261,1780495532.071548,241
225262,1780495532.07155,241
225263,1780495532.101721,248
225264,1780495532.1017249,247
225265,1780495532.101727,253
225266,1780495532.101729,255
225267,1780495532.101731,257
225268,1780495532.1017332,262
225269,1780495532.1017349,260
225270,1780495532.101737,265
225271,1780495532.101739,267
225272,1780495532.101741,269
225273,1780495532.104526,269
225274,1780495532.1064608,272
225275,1780495532.106465,271
225276,1780495532.1064682,269
225277,1780495532.1064699,268
225278,1780495532.106472,265
225279,1780495532.106474,262
225280,1780495532.1064901,263
225281,1780495532.1064918,263
225282,1780495532.106495,261
225283,1780495532.106498,259
225284,1780495532.109004,256
225285,1780495532.1090088,257
225286,1780495532.109011,256
225287,1780495532.109013,253
225288,1780495532.109015,251
225289,1780495532.1090171,249
225290,1780495532.1090188,248
225291,1780495532.109022,248
225292,1780495532.109024,246
225293,1780495532.109026,245
225294,1780495532.109029,244
225295,1780495532.1115499,239
225296,1780495532.111555,237
225297,1780495532.111557,235
225298,1780495532.111559,234
225299,1780495532.111561,228
225300,1780495532.111563,226
225301,1780495532.111566,223
225302,1780495532.111568,219
225303,1780495532.1115892,220
225304,1780495532.1115909,214
225305,1780495532.111595,209
225306,1780495532.151495,207
225307,1780495532.151523,206
225308,1780495532.151527,204
225309,1780495532.15153,198
225310,1780495532.1515331,196
225311,1780495532.151537,195
225312,1780495532.151541,193
225313,1780495532.151546,188
225314,1780495532.15155,183
225315,1780495532.151554,181
225316,1780495532.156363,177
225317,1780495532.156379,170
225318,1780495532.156384,166
225319,1780495532.156388,163
225320,1780495532.1563962,156
225321,1780495532.1564002,151
225322,1780495532.1564028,152
225323,1780495532.156408,145
225324,1780495532.1564128,141
225325,1780495532.15645,137
225326,1780495532.156456,134
225327,1780495532.15852,130
225328,1780495532.15853,126
225329,1780495532.1585338,122
225330,1780495532.158536,121
225331,1780495532.158539,116
225332,1780495532.158541,113
225333,1780495532.1585448,108
225334,1780495532.158547,103
225335,1780495532.15855,99
225336,1780495532.1585522,94
225337,1780495532.158556,89
225338,1780495532.161084,86
225339,1780495532.161102,82
225340,1780495532.1611059,77
225341,1780495532.16111,71
225342,1780495532.1611142,67
225343,1780495532.161118,65
225344,1780495532.161122,62
225345,1780495532.161126,56
225346,1780495532.161129,54
225347,1780495532.1611352,47
225348,1780495532.162946,46
225349,1780495532.1629639,43
225350,1780495532.1629682,39
225351,1780495532.1629708,36
225352,1780495532.162975,34
225353,1780495532.162978,32
225354,1780495532.162981,32
225355,1780495532.1629848,32
225356,1780495532.162988,32
225357,1780495532.162991,32
225358,1780495532.162996,33
225359,1780495532.198962,32
225360,1780495532.1989892,32
225361,1780495532.1989918,32
225362,1780495532.198994,31
225363,1780495532.198997,32
225364,1780495532.198999,32
225365,1780495532.199002,31
225366,1780495532.199005,33
225367,1780495532.199007,33
225368,1780495532.199009,33
225369,1780495532.199014,32
225370,1780495532.200223,33
225371,1780495532.20023,32
225372,1780495532.200233,32
225373,1780495532.200236,31
225374,1780495532.200238,32
225375,1780495532.2002409,32
225376,1780495532.200243,32
225377,1780495532.200247,31
225378,1780495532.2002492,32
225379,1780495532.2002518,32
225380,1780495532.2051032,32
225381,1780495532.205112,32
225382,1780495532.2051148,32
225383,1780495532.205122,32
225384,1780495532.205133,31
225385,1780495532.2051358,32
225386,1780495532.205138,32
225387,1780495532.205152,31
225388,1780495532.205162,32
225389,1780495532.205175,31
225390,1780495532.205179,32
225391,1780495532.206609,32
225392,1780495532.2066162,33
225393,1780495532.2066188,32
225394,1780495532.206621,32
225395,1780495532.206624,32
225396,1780495532.206626,33
225397,1780495532.20663,32
225398,1780495532.206634,31
225399,1780495532.2066371,32
225400,1780495532.206641,32
225401,1780495532.206646,32
225402,1780495532.240843,32
225403,1780495532.240865,33
225404,1780495532.240869,33
225405,1780495532.240872,32
225406,1780495532.240875,32
225407,1780495532.2408772,31
225408,1780495532.240881,32
225409,1780495532.240884,32
225410,1780495532.240886,32
225411,1780495532.240891,32
225412,1780495532.264153,32
225413,1780495532.264162,33
225414,1780495532.2641652,32
225415,1780495532.2641659,31
225416,1780495532.264168,32
225417,1780495532.26417,32
225418,1780495532.264172,32
225419,1780495532.264174,32
225420,1780495532.2641761,32
225421,1780495532.2641768,32
225422,1780495532.264181,33
225423,1780495532.2665112,31
225424,1780495532.266518,31
225425,1780495532.26652,32
225426,1780495532.2665222,32
225427,1780495532.2665238,31
225428,1780495532.266526,32
225429,1780495532.266528,32
225430,1780495532.266529,33
225431,1780495532.266531,32
225432,1780495532.2665331,33
225433,1780495532.268935,32
225434,1780495532.268939,32
225435,1780495532.2689412,31
225436,1780495532.268943,32
225437,1780495532.268945,33
225438,1780495532.268947,32
225439,1780495532.268948,31
225440,1780495532.268964,32
225441,1780495532.268966,32
225442,1780495532.268967,33
225443,1780495532.26897,31
225444,1780495532.271851,32
225445,1780495532.2718542,31
225446,1780495532.271856,33
225447,1780495532.2718568,32
225448,1780495532.271859,32
225449,1780495532.271861,31
225450,1780495532.271862,33
225451,1780495532.2718642,32
225452,1780495532.2718651,32
225453,1780495532.27187,32
225454,1780495532.271873,33
225455,1780495532.27522,31
225456,1780495532.275223,31
225457,1780495532.2752252,32
225458,1780495532.2752268,33
225459,1780495532.2752278,32
225460,1780495532.27523,33
225461,1780495532.275232,32
225462,1780495532.275233,32
225463,1780495532.2752352,32
225464,1780495532.275237,32
225465,1780495532.308419,32
225466,1780495532.3113961,33
225467,1780495532.311399,32
225468,1780495532.3114,32
225469,1780495532.311401,33
225470,1780495532.311401,32
225471,1780495532.311402,32
225472,1780495532.311403,33
225473,1780495532.311404,33
225474,1780495532.311405,32
225475,1780495532.3114061,32
225476,1780495532.3138812,31
225477,1780495532.3138828,32
225478,1780495532.313884,33
225479,1780495532.313885,32
225480,1780495532.313886,31
225481,1780495532.313886,32
225482,1780495532.313887,33
225483,1780495532.313888,33
225484,1780495532.313889,32
225485,1780495532.31389,33
225486,1780495532.3138912,32
225487,1780495532.3164742,33
225488,1780495532.3164759,32
225489,1780495532.3164768,31
225490,1780495532.316478,33
225491,1780495532.316479,33
225492,1780495532.316479,31
225493,1780495532.31648,32
225494,1780495532.316481,32
225495,1780495532.316482,33
225496,1780495532.316483,31
225497,1780495532.3164842,33
225498,1780495532.318888,33
225499,1780495532.318896,33
225500,1780495532.318897,31
225501,1780495532.318897,32
225502,1780495532.318898,31
225503,1780495532.318899,32
225504,1780495532.3188999,32
225505,1780495532.318901,30
225506,1780495532.318902,33
225507,1780495532.318903,32
225508,1780495532.3500001,32
225509,1780495532.3500018,32
225510,1780495532.350003,32
225511,1780495532.350004,32
225512,1780495532.350005,32
225513,1780495532.350006,32
225514,1780495532.350007,31
225515,1780495532.350007,32
225516,1780495532.3500092,33
225517,1780495532.3500109,32
225518,1780495532.351626,33
225519,1780495532.3535979,32
225520,1780495532.3536,32
225521,1780495532.353601,33
225522,1780495532.353601,32
225523,1780495532.353602,33
225524,1780495532.3536031,32
225525,1780495532.353604,31
225526,1780495532.353605,32
225527,1780495532.353605,31
225528,1780495532.353606,32
225529,1780495532.353607,32
225530,1780495532.357249,32
225531,1780495532.35725,32
225532,1780495532.3572512,32
225533,1780495532.3572521,32
225534,1780495532.357253,30
225535,1780495532.357253,33
225536,1780495532.3572538,33
225537,1780495532.357255,32
225538,1780495532.357256,32
225539,1780495532.357257,32
225540,1780495532.359821,32
225541,1780495532.359823,33
225542,1780495532.359823,33
225543,1780495532.359824,32
225544,1780495532.359825,31
225545,1780495532.3598258,32
225546,1780495532.359827,31
225547,1780495532.359827,31
225548,1780495532.359828,31
225549,1780495532.359829,31
225550,1780495532.35983,32
225551,1780495532.390771,31
225552,1780495532.390774,32
225553,1780495532.390775,32
225554,1780495532.3907762,31
225555,1780495532.390777,32
225556,1780495532.390777,31
225557,1780495532.390778,31
225558,1780495532.3907788,32
225559,1780495532.39078,32
225560,1780495532.39078,31
225561,1780495532.3907819,31
225562,1780495532.3952441,31
225563,1780495532.395246,32
225564,1780495532.3952472,32
225565,1780495532.3952472,33
225566,1780495532.3952482,32
225567,1780495532.395249,32
225568,1780495532.3952498,33
225569,1780495532.395251,32
225570,1780495532.395251,32
225571,1780495532.395252,32
225572,1780495532.395253,32
225573,1780495532.397737,33
225574,1780495532.397739,33
225575,1780495532.397739,32
225576,1780495532.3977401,32
225577,1780495532.397741,30
225578,1780495532.397742,32
225579,1780495532.397743,33
225580,1780495532.3977442,33
225581,1780495532.397745,32
225582,1780495532.3977458,33
225583,1780495532.4003048,31
225584,1780495532.400307,31
225585,1780495532.400308,32
225586,1780495532.400308,31
225587,1780495532.400309,32
225588,1780495532.40031,31
225589,1780495532.40031,31
225590,1780495532.400311,31
225591,1780495532.400312,33
225592,1780495532.4003131,31
225593,1780495532.400314,32
225594,1780495532.448054,32
225595,1780495532.4480572,32
225596,1780495532.4480581,31
225597,1780495532.4480588,34
225598,1780495532.4480598,31
225599,1780495532.448061,32
225600,1780495532.448062,30
225601,1780495532.448063,32
225602,1780495532.448064,32
225603,1780495532.448066,32
225604,1780495532.4480672,31
225605,1780495532.451827,33
225606,1780495532.45183,33
225607,1780495532.451831,31
225608,1780495532.451832,33
225609,1780495532.451833,32
225610,1780495532.4518342,33
225611,1780495532.451835,32
225612,1780495532.4518359,32
225613,1780495532.4518368,31
225614,1780495532.451838,32
225615,1780495532.4778938,33
225616,1780495532.477897,32
225617,1780495532.477899,33
225618,1780495532.4779,32
225619,1780495532.477901,32
225620,1780495532.4779022,32
225621,1780495532.4779038,32
225622,1780495532.4779048,32
225623,1780495532.477906,33
225624,1780495532.477907,32
225625,1780495532.477909,32
225626,1780495532.481917,34
225627,1780495532.48192,31
225628,1780495532.4819221,32
225629,1780495532.481923,33
225630,1780495532.481924,32
225631,1780495532.481926,32
225632,1780495532.481927,32
225633,1780495532.4819279,32
225634,1780495532.481929,33
225635,1780495532.481931,33
225636,1780495532.486531,32
225637,1780495532.4865332,33
225638,1780495532.4865348,32
225639,1780495532.486536,33
225640,1780495532.486537,32
225641,1780495532.4865391,33
225642,1780495532.486542,32
225643,1780495532.4865432,32
225644,1780495532.486544,32
225645,1780495532.4865448,31
225646,1780495532.486547,32
225647,1780495532.488807,32
225648,1780495532.4888089,32
225649,1780495532.488811,32
225650,1780495532.488812,32
225651,1780495532.488814,33
225652,1780495532.488815,33
225653,1780495532.488816,33
225654,1780495532.488818,32
225655,1780495532.488819,32
225656,1780495532.48882,33
225657,1780495532.490266,32
225658,1780495532.490269,32
225659,1780495532.490271,33
225660,1780495532.490272,31
225661,1780495532.490273,32
225662,1780495532.4902751,32
225663,1780495532.490276,33
225664,1780495532.490277,32
225665,1780495532.490279,32
225666,1780495532.49028,33
225667,1780495532.490282,32
225668,1780495532.494443,32
225669,1780495532.494445,32
225670,1780495532.494447,32
225671,1780495532.4944482,32
225672,1780495532.494449,32
225673,1780495532.494451,32
225674,1780495532.494452,34
225675,1780495532.494453,32
225676,1780495532.494455,32
225677,1780495532.494456,33
225678,1780495532.4944582,31
225679,1780495532.4962401,31
225680,1780495532.496243,32
225681,1780495532.496245,32
225682,1780495532.496246,32
225683,1780495532.496247,32
225684,1780495532.4962492,31
225685,1780495532.4962502,31
225686,1780495532.4962509,33
225687,1780495532.496253,31
225688,1780495532.496254,33
225689,1780495532.496256,32
225690,1780495532.528747,32
225691,1780495532.5287511,32
225692,1780495532.5287528,32
225693,1780495532.528755,31
225694,1780495532.528757,32
225695,1780495532.528759,31
225696,1780495532.5287611,31
225697,1780495532.528762,33
225698,1780495532.528764,31
225699,1780495532.5287669,32
225700,1780495532.530333,32
225701,1780495532.530336,33
225702,1780495532.530344,33
225703,1780495532.530346,32
225704,1780495532.530348,32
225705,1780495532.53035,33
225706,1780495532.530352,33
225707,1780495532.530354,32
225708,1780495532.530355,33
225709,1780495532.530357,33
225710,1780495532.53036,32
225711,1780495532.535747,31
225712,1780495532.5357509,32
225713,1780495532.535753,31
225714,1780495532.535755,32
225715,1780495532.535757,32
225716,1780495532.5357592,32
225717,1780495532.53576,32
225718,1780495532.5357618,32
225719,1780495532.535764,32
225720,1780495532.5357661,31
225721,1780495532.535769,33
225722,1780495532.5372758,32
225723,1780495532.53728,31
225724,1780495532.537281,32
225725,1780495532.5372832,33
225726,1780495532.537285,31
225727,1780495532.537287,33
225728,1780495532.537289,32
225729,1780495532.53729,33
225730,1780495532.537292,32
225731,1780495532.537295,32
225732,1780495532.571466,32
225733,1780495532.571487,32
225734,1780495532.571491,32
225735,1780495532.5714939,31
225736,1780495532.571496,32
225737,1780495532.5715032,32
225738,1780495532.5715048,31
225739,1780495532.571508,31
225740,1780495532.57151,31
225741,1780495532.5715132,32
225742,1780495532.5715158,32
225743,1780495532.575361,32
225744,1780495532.575375,33
225745,1780495532.57538,33
225746,1780495532.575383,31
225747,1780495532.575386,32
225748,1780495532.5753899,31
225749,1780495532.5753942,33
225750,1780495532.575396,33
225751,1780495532.575403,33
225752,1780495532.575406,33
225753,1780495532.5754108,32
225754,1780495532.577683,32
225755,1780495532.577695,32
225756,1780495532.577698,33
225757,1780495532.5777018,32
225758,1780495532.577704,33
225759,1780495532.577707,33
225760,1780495532.577711,32
225761,1780495532.577714,33
225762,1780495532.57773,32
225763,1780495532.5777369,32
225764,1780495532.581185,32
225765,1780495532.581196,32
225766,1780495532.5811992,32
225767,1780495532.581202,32
225768,1780495532.581205,32
225769,1780495532.581208,32
225770,1780495532.5812109,32
225771,1780495532.581213,32
225772,1780495532.581216,33
225773,1780495532.581219,31
225774,1780495532.581223,31
225775,1780495532.6115332,32
225776,1780495532.611562,32
225777,1780495532.611569,32
225778,1780495532.611574,31
225779,1780495532.61158,32
225780,1780495532.6115851,33
225781,1780495532.61159,32
225782,1780495532.611594,33
225783,1780495532.6115992,32
225784,1780495532.611604,32
225785,1780495532.611611,32
225786,1780495532.613023,30
225787,1780495532.613038,31
225788,1780495532.6130428,31
225789,1780495532.613048,32
225790,1780495532.613052,33
225791,1780495532.6130571,32
225792,1780495532.613062,32
225793,1780495532.613067,32
225794,1780495532.6130712,31
225795,1780495532.613078,32
225796,1780495532.616662,31
225797,1780495532.616674,32
225798,1780495532.61668,33
225799,1780495532.6166852,31
225800,1780495532.61669,32
225801,1780495532.616695,31
225802,1780495532.6167,33
225803,1780495532.616705,32
225804,1780495532.6167092,32
225805,1780495532.616714,33
225806,1780495532.616721,32
225807,1780495532.6477098,32
225808,1780495532.647736,31
225809,1780495532.647739,32
225810,1780495532.647742,32
225811,1780495532.6477451,31
225812,1780495532.647748,32
225813,1780495532.6477509,32
225814,1780495532.647755,31
225815,1780495532.647757,31
225816,1780495532.64776,32
225817,1780495532.647764,32
225818,1780495532.649785,32
225819,1780495532.64979,32
225820,1780495532.649793,32
225821,1780495532.649796,32
225822,1780495532.649798,32
225823,1780495532.649801,32
225824,1780495532.649804,33
225825,1780495532.649809,31
225826,1780495532.649811,32
225827,1780495532.6498141,32
225828,1780495532.653461,32
225829,1780495532.653472,30
225830,1780495532.653475,31
225831,1780495532.6534789,31
225832,1780495532.653481,32
225833,1780495532.653484,32
225834,1780495532.653486,32
225835,1780495532.6534889,32
225836,1780495532.653491,32
225837,1780495532.6534941,33
225838,1780495532.653497,32
225839,1780495532.656082,33
225840,1780495532.656092,32
225841,1780495532.6561,32
225842,1780495532.6561038,32
225843,1780495532.656111,32
225844,1780495532.656115,31
225845,1780495532.65612,31
225846,1780495532.6561239,33
225847,1780495532.6561291,32
225848,1780495532.6561348,31
225849,1780495532.658329,33
225850,1780495532.6867552,32
225851,1780495532.686764,32
225852,1780495532.6867661,32
225853,1780495532.686769,31
225854,1780495532.686771,32
225855,1780495532.686773,32
225856,1780495532.6867762,32
225857,1780495532.686778,31
225858,1780495532.68678,32
225859,1780495532.686784,32
225860,1780495532.691895,34
225861,1780495532.6919,32
225862,1780495532.691902,31
225863,1780495532.691904,34
225864,1780495532.691905,32
225865,1780495532.6919072,31
225866,1780495532.691909,31
225867,1780495532.691911,31
225868,1780495532.691913,32
225869,1780495532.691914,31
225870,1780495532.691917,33
225871,1780495532.696394,32
225872,1780495532.696398,32
225873,1780495532.6964,32
225874,1780495532.6964018,33
225875,1780495532.696404,32
225876,1780495532.6964061,32
225877,1780495532.6964219,32
225878,1780495532.696424,31
225879,1780495532.696425,32
225880,1780495532.696427,33
225881,1780495532.69643,33
225882,1780495532.698516,32
225883,1780495532.69852,31
225884,1780495532.6985211,31
225885,1780495532.6985228,31
225886,1780495532.698525,33
225887,1780495532.6985269,33
225888,1780495532.698529,32
225889,1780495532.698532,33
225890,1780495532.698533,31
225891,1780495532.698536,33
225892,1780495532.741951,31
225893,1780495532.741956,32
225894,1780495532.7419572,32
225895,1780495532.741958,32
225896,1780495532.7419589,33
225897,1780495532.74196,33
225898,1780495532.74196,32
225899,1780495532.741961,33
225900,1780495532.741962,32
225901,1780495532.741963,33
225902,1780495532.741965,33
225903,1780495532.74509,32
225904,1780495532.745091,32
225905,1780495532.7450922,31
225906,1780495532.745093,33
225907,1780495532.7450938,32
225908,1780495532.745095,31
225909,1780495532.745096,31
225910,1780495532.745097,31
225911,1780495532.745097,32
225912,1780495532.7450979,32
225913,1780495532.7451,31
225914,1780495532.747634,32
225915,1780495532.747636,32
225916,1780495532.747637,33
225917,1780495532.747638,32
225918,1780495532.747638,33
225919,1780495532.747639,34
225920,1780495532.7476401,30
225921,1780495532.747641,33
225922,1780495532.747641,32
225923,1780495532.747649,32
225924,1780495532.7506828,32
225925,1780495532.750685,33
225926,1780495532.750686,32
225927,1780495532.750686,31
225928,1780495532.750687,33
225929,1780495532.750688,32
225930,1780495532.750689,33
225931,1780495532.75069,32
225932,1780495532.75069,32
225933,1780495532.7506912,32
225934,1780495532.7506921,31
225935,1780495532.755293,31
225936,1780495532.755296,32
225937,1780495532.755297,32
225938,1780495532.7552981,33
225939,1780495532.755299,32
225940,1780495532.755299,32
225941,1780495532.7553,32
225942,1780495532.7553012,32
225943,1780495532.755302,32
225944,1780495532.755302,32
225945,1780495532.755303,31
225946,1780495532.7590451,33
225947,1780495532.7590458,32
225948,1780495532.7590468,31
225949,1780495532.759048,32
225950,1780495532.759049,32
225951,1780495532.75905,32
225952,1780495532.75905,32
225953,1780495532.759051,31
225954,1780495532.759052,33
225955,1780495532.759053,31
225956,1780495532.791711,31
225957,1780495532.791714,31
225958,1780495532.7917151,32
225959,1780495532.791716,31
225960,1780495532.791716,32
225961,1780495532.791717,32
225962,1780495532.791718,32
225963,1780495532.791719,32
225964,1780495532.79172,33
225965,1780495532.79172,33
225966,1780495532.791722,32
225967,1780495532.7951932,33
225968,1780495532.7951949,32
225969,1780495532.7951958,32
225970,1780495532.795197,31
225971,1780495532.795198,31
225972,1780495532.795198,33
225973,1780495532.795199,32
225974,1780495532.7952,32
225975,1780495532.795201,33
225976,1780495532.795201,32
225977,1780495532.797766,32
225978,1780495532.7977679,32
225979,1780495532.797769,33
225980,1780495532.79777,33
225981,1780495532.79777,31
225982,1780495532.797771,33
225983,1780495532.797772,33
225984,1780495532.7977731,31
225985,1780495532.797774,31
225986,1780495532.797774,31
225987,1780495532.797776,31
225988,1780495532.8279722,31
225989,1780495532.8279738,32
225990,1780495532.8279748,33
225991,1780495532.827976,31
225992,1780495532.827977,32
225993,1780495532.827977,31
225994,1780495532.827978,32
225995,1780495532.827979,30
225996,1780495532.82798,32
225997,1780495532.82798,32
225998,1780495532.8279822,32
225999,1780495532.831465,32
226000,1780495532.8314722,31
226001,1780495532.8314729,33
226002,1780495532.8314738,31
226003,1780495532.8314738,32
226004,1780495532.831475,31
226005,1780495532.831476,32
226006,1780495532.831477,32
226007,1780495532.831477,32
226008,1780495532.831478,31
226009,1780495532.831479,32
226010,1780495532.833781,32
226011,1780495532.833782,33
226012,1780495532.8337831,32
226013,1780495532.833784,32
226014,1780495532.833785,32
226015,1780495532.833786,31
226016,1780495532.833786,34
226017,1780495532.83379,31
226018,1780495532.83379,32
226019,1780495532.833792,31
226020,1780495532.83645,31
226021,1780495532.836451,32
226022,1780495532.836452,33
226023,1780495532.8364532,32
226024,1780495532.836454,32
226025,1780495532.836454,32
226026,1780495532.8364549,32
226027,1780495532.8364558,33
226028,1780495532.836457,32
226029,1780495532.836457,32
226030,1780495532.836459,32
226031,1780495532.866828,32
226032,1780495532.86683,31
226033,1780495532.866831,32
226034,1780495532.8668318,32
226035,1780495532.8668318,31
226036,1780495532.866833,32
226037,1780495532.866834,32
226038,1780495532.8668349,31
226039,1780495532.866836,31
226040,1780495532.866837,32
226041,1780495532.866838,33
226042,1780495532.870789,33
226043,1780495532.870792,31
226044,1780495532.8707929,32
226045,1780495532.870794,31
226046,1780495532.870795,32
226047,1780495532.870796,33
226048,1780495532.8707972,31
226049,1780495532.870798,31
226050,1780495532.870798,32
226051,1780495532.8707998,32
226052,1780495532.875335,30
226053,1780495532.875337,33
226054,1780495532.875338,32
226055,1780495532.875339,32
226056,1780495532.87534,31
226057,1780495532.875341,32
226058,1780495532.8753421,32
226059,1780495532.875343,32
226060,1780495532.8753438,32
226061,1780495532.875345,32
226062,1780495532.875346,33
226063,1780495532.8778229,32
226064,1780495532.877825,32
226065,1780495532.877826,32
226066,1780495532.8778272,32
226067,1780495532.8778281,32
226068,1780495532.877829,32
226069,1780495532.8778298,32
226070,1780495532.877831,32
226071,1780495532.877832,31
226072,1780495532.877833,31
226073,1780495532.877834,32
226074,1780495532.9078999,31
226075,1780495532.907902,32
226076,1780495532.907904,32
226077,1780495532.907905,31
226078,1780495532.907906,32
226079,1780495532.907907,31
226080,1780495532.9079092,33
226081,1780495532.9079099,33
226082,1780495532.9079108,32
226083,1780495532.907913,32
226084,1780495532.911517,31
226085,1780495532.91152,31
226086,1780495532.911521,32
226087,1780495532.911523,33
226088,1780495532.911524,33
226089,1780495532.911525,31
226090,1780495532.911526,33
226091,1780495532.911527,33
226092,1780495532.9115279,32
226093,1780495532.91153,33
226094,1780495532.911531,32
226095,1780495532.914062,33
226096,1780495532.914065,32
226097,1780495532.9140658,31
226098,1780495532.914067,32
226099,1780495532.914068,32
226100,1780495532.914069,32
226101,1780495532.914071,32
226102,1780495532.914072,32
226103,1780495532.914073,32
226104,1780495532.9140742,32
226105,1780495532.9140759,32
226106,1780495532.944223,33
226107,1780495532.944227,32
226108,1780495532.9442291,31
226109,1780495532.9442298,32
226110,1780495532.944232,31
226111,1780495532.944234,32
226112,1780495532.944235,31
226113,1780495532.944237,31
226114,1780495532.9442382,33
226115,1780495532.9442408,32
226116,1780495532.947721,32
226117,1780495532.947724,32
226118,1780495532.947726,32
226119,1780495532.9477272,32
226120,1780495532.9477289,32
226121,1780495532.9477298,32
226122,1780495532.947732,31
226123,1780495532.947734,32
226124,1780495532.947735,33
226125,1780495532.947737,32
226126,1780495532.9494421,31
226127,1780495532.951423,32
226128,1780495532.951426,32
226129,1780495532.9514282,32
226130,1780495532.951434,30
226131,1780495532.951436,32
226132,1780495532.951437,31
226133,1780495532.9514391,32
226134,1780495532.9514399,32
226135,1780495532.951442,32
226136,1780495532.951443,32
226137,1780495532.954049,31
226138,1780495532.9540532,32
226139,1780495532.9540539,31
226140,1780495532.954056,33
226141,1780495532.954057,32
226142,1780495532.9540591,31
226143,1780495532.95406,32
226144,1780495532.9540632,32
226145,1780495532.954064,32
226146,1780495532.954071,31
226147,1780495532.9540732,32
226148,1780495532.984288,33
226149,1780495532.9842932,32
226150,1780495532.984295,31
226151,1780495532.984297,32
226152,1780495532.9843001,32
226153,1780495532.984302,33
226154,1780495532.9843042,32
226155,1780495532.9843059,33
226156,1780495532.984308,32
226157,1780495532.984311,33
226158,1780495532.9843142,31
226159,1780495532.987744,32
226160,1780495532.987749,33
226161,1780495532.987753,31
226162,1780495532.987755,32
226163,1780495532.987757,31
226164,1780495532.987759,33
226165,1780495532.9877608,33
226166,1780495532.987763,32
226167,1780495532.987766,32
226168,1780495532.9877682,33
226169,1780495532.9877708,33
226170,1780495532.990699,31
226171,1780495532.990703,32
226172,1780495532.990705,31
226173,1780495532.9907079,31
226174,1780495532.99071,32
226175,1780495532.9907122,33
226176,1780495532.9907148,32
226177,1780495532.990717,32
226178,1780495532.990719,33
226179,1780495532.990722,32
226180,1780495532.996611,32
226181,1780495532.996617,31
226182,1780495532.9966211,32
226183,1780495532.996623,32
226184,1780495532.996626,32
226185,1780495532.996629,33
226186,1780495532.996632,32
226187,1780495532.996635,31
226188,1780495532.996638,33
226189,1780495532.99664,32
226190,1780495532.9966452,33
226191,1780495533.042051,32
226192,1780495533.04209,32
226193,1780495533.0421069,32
226194,1780495533.042113,32
226195,1780495533.042159,32
226196,1780495533.042175,33
226197,1780495533.04219,32
226198,1780495533.042222,31
226199,1780495533.042258,32
226200,1780495533.042287,32
226201,1780495533.042426,33
226202,1780495533.045351,31
226203,1780495533.0453691,33
226204,1780495533.045372,32
226205,1780495533.0453749,32
226206,1780495533.045378,31
226207,1780495533.0453818,32
226208,1780495533.045387,33
226209,1780495533.045391,32
226210,1780495533.045393,31
226211,1780495533.045398,33
226212,1780495533.047692,32
226213,1780495533.047701,32
226214,1780495533.047703,32
226215,1780495533.0477061,32
226216,1780495533.047709,32
226217,1780495533.047712,32
226218,1780495533.047714,33
226219,1780495533.0477178,31
226220,1780495533.04772,33
226221,1780495533.047722,33
226222,1780495533.0477262,32
226223,1780495533.050761,33
226224,1780495533.0507698,32
226225,1780495533.050774,31
226226,1780495533.050776,32
226227,1780495533.0507789,32
226228,1780495533.050781,32
226229,1780495533.050785,31
226230,1780495533.050787,32
226231,1780495533.050789,32
226232,1780495533.050792,31
226233,1780495533.052095,32
226234,1780495533.055264,32
226235,1780495533.055268,32
226236,1780495533.055271,31
226237,1780495533.055274,33
226238,1780495533.055277,31
226239,1780495533.055279,31
226240,1780495533.055285,32
226241,1780495533.0552871,31
226242,1780495533.055289,34
226243,1780495533.055292,33
226244,1780495533.0591009,32
226245,1780495533.0591428,32
226246,1780495533.059148,32
226247,1780495533.0591528,31
226248,1780495533.059157,31
226249,1780495533.0591629,32
226250,1780495533.059168,31
226251,1780495533.059173,32
226252,1780495533.059177,31
226253,1780495533.0591822,32
226254,1780495533.059189,31
226255,1780495533.0933208,33
226256,1780495533.093351,32
226257,1780495533.093359,32
226258,1780495533.093364,32
226259,1780495533.0933702,32
226260,1780495533.093375,32
226261,1780495533.0933812,32
226262,1780495533.093386,33
226263,1780495533.0933912,32
226264,1780495533.093396,30
226265,1780495533.093407,32
226266,1780495533.0966852,32
226267,1780495533.096701,33
226268,1780495533.096705,32
226269,1780495533.096709,32
226270,1780495533.0967119,31
226271,1780495533.096715,33
226272,1780495533.096722,32
226273,1780495533.096728,32
226274,1780495533.096732,32
226275,1780495533.096736,32
226276,1780495533.099102,33
226277,1780495533.099115,33
226278,1780495533.099118,33
226279,1780495533.0991201,32
226280,1780495533.099123,33
226281,1780495533.099125,33
226282,1780495533.099128,33
226283,1780495533.0991302,32
226284,1780495533.0991318,32
226285,1780495533.099134,32
226286,1780495533.099138,31
226287,1780495533.101543,32
226288,1780495533.101551,33
226289,1780495533.101554,32
226290,1780495533.101557,32
226291,1780495533.1015801,32
226292,1780495533.101582,32
226293,1780495533.101584,32
226294,1780495533.101587,31
226295,1780495533.101589,31
226296,1780495533.101591,31
226297,1780495533.1015942,31
226298,1780495533.131679,32
226299,1780495533.131685,33
226300,1780495533.131687,32
226301,1780495533.131689,32
226302,1780495533.131691,31
226303,1780495533.131692,31
226304,1780495533.131694,33
226305,1780495533.1316962,33
226306,1780495533.131698,32
226307,1780495533.131701,32
226308,1780495533.1352708,33
226309,1780495533.135277,32
226310,1780495533.1352792,32
226311,1780495533.1352808,32
226312,1780495533.135283,31
226313,1780495533.135285,33
226314,1780495533.135287,32
226315,1780495533.135288,31
226316,1780495533.1352901,32
226317,1780495533.1352918,32
226318,1780495533.135295,32
226319,1780495533.1377559,32
226320,1780495533.13776,33
226321,1780495533.137762,32
226322,1780495533.137764,31
226323,1780495533.137766,32
226324,1780495533.137768,32
226325,1780495533.137769,32
226326,1780495533.137771,31
226327,1780495533.137773,31
226328,1780495533.1377752,32
226329,1780495533.1377778,33
226330,1780495533.1691132,31
226331,1780495533.169116,31
226332,1780495533.169118,32
226333,1780495533.169119,32
226334,1780495533.16912,32
226335,1780495533.1691232,32
226336,1780495533.1691241,32
226337,1780495533.169131,33
226338,1780495533.169132,32
226339,1780495533.1691341,31
226340,1780495533.175185,32
226341,1780495533.1751869,31
226342,1780495533.175188,33
226343,1780495533.175189,32
226344,1780495533.17519,31
226345,1780495533.175191,31
226346,1780495533.175192,32
226347,1780495533.175193,32
226348,1780495533.175194,33
226349,1780495533.175195,33
226350,1780495533.175196,31
226351,1780495533.1776378,32
226352,1780495533.177641,33
226353,1780495533.1776419,32
226354,1780495533.177643,33
226355,1780495533.177644,33
226356,1780495533.177645,32
226357,1780495533.1776462,32
226358,1780495533.177647,32
226359,1780495533.177648,33
226360,1780495533.177648,32
226361,1780495533.180244,32
226362,1780495533.180246,33
226363,1780495533.180247,32
226364,1780495533.180248,32
226365,1780495533.180249,33
226366,1780495533.180249,32
226367,1780495533.1802502,32
226368,1780495533.180251,32
226369,1780495533.1802518,32
226370,1780495533.180253,32
226371,1780495533.180254,31
226372,1780495533.2104619,31
226373,1780495533.210465,33
226374,1780495533.2104661,32
226375,1780495533.210467,31
226376,1780495533.210468,32
226377,1780495533.210469,32
226378,1780495533.210469,32
226379,1780495533.21047,33
226380,1780495533.210471,32
226381,1780495533.2104719,32
226382,1780495533.213163,32
226383,1780495533.215224,32
226384,1780495533.2152262,32
226385,1780495533.215227,32
226386,1780495533.2152278,32
226387,1780495533.215229,32
226388,1780495533.21523,31
226389,1780495533.21523,32
226390,1780495533.215231,32
226391,1780495533.215232,32
226392,1780495533.215233,31
226393,1780495533.215234,32
226394,1780495533.2177029,30
226395,1780495533.217706,31
226396,1780495533.217707,32
226397,1780495533.217708,32
226398,1780495533.21771,32
226399,1780495533.21771,32
226400,1780495533.2177112,32
226401,1780495533.2177122,32
226402,1780495533.2177129,32
226403,1780495533.2177138,31
226404,1780495533.221072,32
226405,1780495533.221073,33
226406,1780495533.2210739,32
226407,1780495533.221075,31
226408,1780495533.221076,33
226409,1780495533.221077,33
226410,1780495533.221077,32
226411,1780495533.221078,32
226412,1780495533.221079,31
226413,1780495533.22108,33
226414,1780495533.221081,32
226415,1780495533.250529,31
226416,1780495533.2505322,32
226417,1780495533.250533,32
226418,1780495533.250533,33
226419,1780495533.2505338,33
226420,1780495533.250535,33
226421,1780495533.250536,31
226422,1780495533.250537,32
226423,1780495533.250537,32
226424,1780495533.2505379,31
226425,1780495533.250539,32
226426,1780495533.253906,31
226427,1780495533.253908,32
226428,1780495533.253909,31
226429,1780495533.25391,33
226430,1780495533.25391,32
226431,1780495533.253911,31
226432,1780495533.253912,32
226433,1780495533.2539132,32
226434,1780495533.253914,32
226435,1780495533.2539148,32
226436,1780495533.256562,32
226437,1780495533.256564,30
226438,1780495533.256565,32
226439,1780495533.256566,31
226440,1780495533.256566,32
226441,1780495533.256567,32
226442,1780495533.256568,31
226443,1780495533.2565691,32
226444,1780495533.2565691,33
226445,1780495533.25657,32
226446,1780495533.2565708,32
226447,1780495533.2867908,31
226448,1780495533.286794,33
226449,1780495533.286794,31
226450,1780495533.286795,32
226451,1780495533.286796,32
226452,1780495533.286797,32
226453,1780495533.286798,32
226454,1780495533.286798,31
226455,1780495533.2867992,32
226456,1780495533.2868,32
226457,1780495533.2868009,33
226458,1780495533.2902138,32
226459,1780495533.290216,32
226460,1780495533.290217,32
226461,1780495533.29022,31
226462,1780495533.290221,32
226463,1780495533.2902222,33
226464,1780495533.2902231,31
226465,1780495533.290224,32
226466,1780495533.290224,33
226467,1780495533.290226,32
226468,1780495533.302807,30
226469,1780495533.302809,31
226470,1780495533.3028102,32
226471,1780495533.3028102,32
226472,1780495533.302811,32
226473,1780495533.3028119,31
226474,1780495533.3028128,33
226475,1780495533.302814,32
226476,1780495533.302815,32
226477,1780495533.302816,31
226478,1780495533.302817,32
226479,1780495533.3051672,32
226480,1780495533.3051689,31
226481,1780495533.3051698,32
226482,1780495533.305171,33
226483,1780495533.305172,33
226484,1780495533.305172,32
226485,1780495533.305173,32
226486,1780495533.305174,32
226487,1780495533.305175,32
226488,1780495533.305176,32
226489,1780495533.3069289,32
226490,1780495533.309,31
226491,1780495533.309002,32
226492,1780495533.309003,32
226493,1780495533.309004,33
226494,1780495533.309005,31
226495,1780495533.309006,32
226496,1780495533.3090072,33
226497,1780495533.309008,32
226498,1780495533.3090088,32
226499,1780495533.30901,32
226500,1780495533.349238,32
226501,1780495533.349241,32
226502,1780495533.3492422,31
226503,1780495533.3492439,32
226504,1780495533.3492448,31
226505,1780495533.349246,32
226506,1780495533.349247,32
226507,1780495533.349248,32
226508,1780495533.34925,32
226509,1780495533.349251,32
226510,1780495533.3492532,32
226511,1780495533.3552089,31
226512,1780495533.355212,32
226513,1780495533.3552132,32
226514,1780495533.355214,31
226515,1780495533.355215,31
226516,1780495533.3552158,32
226517,1780495533.355218,31
226518,1780495533.355219,32
226519,1780495533.35522,31
226520,1780495533.355221,33
226521,1780495533.357604,31
226522,1780495533.357606,31
226523,1780495533.3576078,32
226524,1780495533.357609,32
226525,1780495533.35761,31
226526,1780495533.357611,32
226527,1780495533.357613,31
226528,1780495533.357614,31
226529,1780495533.357615,33
226530,1780495533.3576162,32
226531,1780495533.3576179,32
226532,1780495533.360526,33
226533,1780495533.3605278,32
226534,1780495533.360529,32
226535,1780495533.3605309,32
226536,1780495533.360532,31
226537,1780495533.360533,33
226538,1780495533.360534,31
226539,1780495533.3605351,32
226540,1780495533.360536,33
226541,1780495533.360538,33
226542,1780495533.360539,31
226543,1780495533.364094,32
226544,1780495533.364097,31
226545,1780495533.364098,32
226546,1780495533.3641,31
226547,1780495533.3641012,31
226548,1780495533.364102,31
226549,1780495533.364104,32
226550,1780495533.364105,33
226551,1780495533.364106,32
226552,1780495533.364108,32
226553,1780495533.36411,31
226554,1780495533.3678331,32
226555,1780495533.367836,31
226556,1780495533.367837,33
226557,1780495533.3678389,32
226558,1780495533.36784,33
226559,1780495533.367841,32
226560,1780495533.3678432,33
226561,1780495533.367844,31
226562,1780495533.367845,32
226563,1780495533.367847,31
226564,1780495533.40048,32
226565,1780495533.400485,32
226566,1780495533.400487,32
226567,1780495533.4004889,32
226568,1780495533.400491,32
226569,1780495533.400492,32
226570,1780495533.400494,32
226571,1780495533.4004962,31
226572,1780495533.400498,32
226573,1780495533.4005,32
226574,1780495533.400502,32
226575,1780495533.404066,32
226576,1780495533.40407,31
226577,1780495533.404072,32
226578,1780495533.404074,32
226579,1780495533.404076,32
226580,1780495533.404077,32
226581,1780495533.4040792,32
226582,1780495533.4040809,32
226583,1780495533.404083,31
226584,1780495533.404085,33
226585,1780495533.406525,33
226586,1780495533.406529,33
226587,1780495533.406531,32
226588,1780495533.406533,33
226589,1780495533.406535,31
226590,1780495533.406537,33
226591,1780495533.406539,32
226592,1780495533.406541,33
226593,1780495533.406543,33
226594,1780495533.406545,31
226595,1780495533.4065468,32
226596,1780495533.4366982,33
226597,1780495533.436705,31
226598,1780495533.4367082,32
226599,1780495533.4367108,31
226600,1780495533.436714,32
226601,1780495533.436716,33
226602,1780495533.4367192,33
226603,1780495533.4367218,33
226604,1780495533.436725,31
226605,1780495533.4367292,31
226606,1780495533.439424,32
226607,1780495533.441966,31
226608,1780495533.4419851,30
226609,1780495533.4419892,32
226610,1780495533.4419909,30
226611,1780495533.441995,32
226612,1780495533.441997,32
226613,1780495533.442,32
226614,1780495533.4420018,32
226615,1780495533.442004,32
226616,1780495533.4420102,31
226617,1780495533.442013,32
226618,1780495533.445237,32
226619,1780495533.445248,32
226620,1780495533.445251,31
226621,1780495533.445257,31
226622,1780495533.445259,33
226623,1780495533.4452622,33
226624,1780495533.445266,32
226625,1780495533.44527,32
226626,1780495533.445272,32
226627,1780495533.4452748,32
226628,1780495533.4477959,31
226629,1780495533.447804,31
226630,1780495533.447806,31
226631,1780495533.447809,32
226632,1780495533.4478111,33
226633,1780495533.447814,32
226634,1780495533.447816,32
226635,1780495533.447819,31
226636,1780495533.4478211,32
226637,1780495533.4478238,32
226638,1780495533.447828,33
226639,1780495533.479124,32
226640,1780495533.4791481,31
226641,1780495533.4791522,32
226642,1780495533.479156,33
226643,1780495533.479159,32
226644,1780495533.479163,32
226645,1780495533.479167,32
226646,1780495533.479171,33
226647,1780495533.4791749,31
226648,1780495533.479179,32
226649,1780495533.479184,31
226650,1780495533.481526,31
226651,1780495533.4815328,32
226652,1780495533.481537,32
226653,1780495533.4815402,32
226654,1780495533.4815428,32
226655,1780495533.481547,32
226656,1780495533.481552,31
226657,1780495533.481556,33
226658,1780495533.48156,31
226659,1780495533.48159,31
226660,1780495533.4828758,32
226661,1780495533.482882,32
226662,1780495533.4828851,34
226663,1780495533.482889,32
226664,1780495533.482892,32
226665,1780495533.4828951,31
226666,1780495533.482899,31
226667,1780495533.482903,33
226668,1780495533.482906,32
226669,1780495533.48291,32
226670,1780495533.482914,33
226671,1780495533.485309,32
226672,1780495533.485319,32
226673,1780495533.485325,32
226674,1780495533.4853299,31
226675,1780495533.485334,31
226676,1780495533.485339,31
226677,1780495533.485343,33
226678,1780495533.485348,32
226679,1780495533.485352,32
226680,1780495533.485358,32
226681,1780495533.488387,32
226682,1780495533.502151,32
226683,1780495533.502178,32
226684,1780495533.502182,33
226685,1780495533.5021849,33
226686,1780495533.5021892,32
226687,1780495533.502192,32
226688,1780495533.502196,33
226689,1780495533.502198,32
226690,1780495533.502201,32
226691,1780495533.502207,32
226692,1780495533.507104,31
226693,1780495533.5071151,32
226694,1780495533.5071201,32
226695,1780495533.507125,32
226696,1780495533.5071309,31
226697,1780495533.507135,32
226698,1780495533.5071402,33
226699,1780495533.507144,32
226700,1780495533.507149,32
226701,1780495533.5071528,32
226702,1780495533.50716,32
226703,1780495533.569173,31
226704,1780495533.569181,32
226705,1780495533.5691829,32
226706,1780495533.569185,33
226707,1780495533.5691872,30
226708,1780495533.569188,33
226709,1780495533.569191,31
226710,1780495533.569205,31
226711,1780495533.5692081,32
226712,1780495533.569209,31
226713,1780495533.569216,31
226714,1780495533.57148,31
226715,1780495533.571483,32
226716,1780495533.571485,31
226717,1780495533.571487,32
226718,1780495533.571489,31
226719,1780495533.571491,33
226720,1780495533.5714931,33
226721,1780495533.571497,32
226722,1780495533.571498,32
226723,1780495533.5715,32
226724,1780495533.5715032,30
226725,1780495533.573927,32
226726,1780495533.5739331,33
226727,1780495533.573935,31
226728,1780495533.573937,32
226729,1780495533.5739388,32
226730,1780495533.573941,32
226731,1780495533.5739431,32
226732,1780495533.573944,31
226733,1780495533.573946,31
226734,1780495533.5739489,32
226735,1780495533.576492,32
226736,1780495533.5764961,31
226737,1780495533.576498,32
226738,1780495533.5765,32
226739,1780495533.576502,32
226740,1780495533.576503,33
226741,1780495533.5765052,32
226742,1780495533.5765069,32
226743,1780495533.5765078,32
226744,1780495533.57651,32
226745,1780495533.578969,32
226746,1780495533.5789728,32
226747,1780495533.578974,32
226748,1780495533.578976,32
226749,1780495533.578977,31
226750,1780495533.578979,32
226751,1780495533.5789812,32
226752,1780495533.5789819,33
226753,1780495533.578984,32
226754,1780495533.578985,32
226755,1780495533.578988,32
226756,1780495533.581537,33
226757,1780495533.58154,32
226758,1780495533.5815418,32
226759,1780495533.581544,33
226760,1780495533.5815449,32
226761,1780495533.581547,32
226762,1780495533.581548,32
226763,1780495533.5815501,33
226764,1780495533.581551,33
226765,1780495533.581553,33
226766,1780495533.581555,32
226767,1780495533.584063,32
226768,1780495533.5840662,32
226769,1780495533.584068,31
226770,1780495533.58407,33
226771,1780495533.584071,31
226772,1780495533.584073,33
226773,1780495533.584079,32
226774,1780495533.584081,32
226775,1780495533.584082,32
226776,1780495533.584086,33
226777,1780495533.584088,32
226778,1780495533.6141078,32
226779,1780495533.61411,32
226780,1780495533.614111,32
226781,1780495533.614112,32
226782,1780495533.614113,33
226783,1780495533.614114,32
226784,1780495533.614115,33
226785,1780495533.6141162,31
226786,1780495533.6141171,31
226787,1780495533.6141188,31
226788,1780495533.617667,32
226789,1780495533.617669,32
226790,1780495533.6176698,31
226791,1780495533.617671,31
226792,1780495533.617672,32
226793,1780495533.617672,33
226794,1780495533.617673,32
226795,1780495533.6176739,30
226796,1780495533.617675,32
226797,1780495533.617676,31
226798,1780495533.617677,31
226799,1780495533.620584,31
226800,1780495533.620586,33
226801,1780495533.620587,31
226802,1780495533.620588,32
226803,1780495533.620589,33
226804,1780495533.62059,31
226805,1780495533.62059,31
226806,1780495533.6205912,33
226807,1780495533.620592,31
226808,1780495533.6205928,32
226809,1780495533.620594,31
226810,1780495533.627769,31
226811,1780495533.627771,32
226812,1780495533.6277719,32
226813,1780495533.627773,33
226814,1780495533.627774,32
226815,1780495533.627774,32
226816,1780495533.627775,32
226817,1780495533.627776,32
226818,1780495533.627777,32
226819,1780495533.627778,32
226820,1780495533.657869,32
226821,1780495533.657872,33
226822,1780495533.657873,32
226823,1780495533.657873,32
226824,1780495533.6578739,33
226825,1780495533.657875,31
226826,1780495533.657876,33
226827,1780495533.657877,32
226828,1780495533.657877,32
226829,1780495533.657879,32
226830,1780495533.660651,32
226831,1780495533.662661,31
226832,1780495533.662663,33
226833,1780495533.662664,31
226834,1780495533.662665,32
226835,1780495533.662666,32
226836,1780495533.662667,33
226837,1780495533.662668,32
226838,1780495533.662668,32
226839,1780495533.662669,32
226840,1780495533.6626701,32
226841,1780495533.6644201,31
226842,1780495533.666403,31
226843,1780495533.666404,32
226844,1780495533.6664052,32
226845,1780495533.666406,32
226846,1780495533.6664069,32
226847,1780495533.6664069,31
226848,1780495533.6664078,32
226849,1780495533.666409,33
226850,1780495533.66641,32
226851,1780495533.666411,31
226852,1780495533.668993,32
226853,1780495533.668994,31
226854,1780495533.6689951,32
226855,1780495533.668996,31
226856,1780495533.668997,31
226857,1780495533.668998,32
226858,1780495533.668998,32
226859,1780495533.668999,32
226860,1780495533.669,32
226861,1780495533.6690009,31
226862,1780495533.669002,32
226863,1780495533.705333,33
226864,1780495533.705336,32
226865,1780495533.705337,33
226866,1780495533.705337,32
226867,1780495533.705338,32
226868,1780495533.705339,33
226869,1780495533.70534,32
226870,1780495533.7053409,33
226871,1780495533.7053409,32
226872,1780495533.705342,32
226873,1780495533.705343,32
226874,1780495533.7089012,31
226875,1780495533.708904,32
226876,1780495533.708905,32
226877,1780495533.708906,31
226878,1780495533.708907,33
226879,1780495533.708907,33
226880,1780495533.708908,32
226881,1780495533.708909,32
226882,1780495533.70891,32
226883,1780495533.7089112,31
226884,1780495533.711825,32
226885,1780495533.711828,33
226886,1780495533.711829,34
226887,1780495533.71183,32
226888,1780495533.711831,32
226889,1780495533.711832,32
226890,1780495533.711832,31
226891,1780495533.711833,32
226892,1780495533.7118342,31
226893,1780495533.711835,32
226894,1780495533.7118359,31
226895,1780495533.7266119,32
226896,1780495533.726614,32
226897,1780495533.726615,33
226898,1780495533.726615,31
226899,1780495533.7266161,32
226900,1780495533.726617,32
226901,1780495533.726618,32
226902,1780495533.7266188,32
226903,1780495533.72662,32
226904,1780495533.72662,33
226905,1780495533.728918,32
226906,1780495533.72892,31
226907,1780495533.7289212,32
226908,1780495533.7289221,31
226909,1780495533.7289221,31
226910,1780495533.7289228,32
226911,1780495533.7289238,32
226912,1780495533.728925,33
226913,1780495533.728926,32
226914,1780495533.728926,33
226915,1780495533.728928,32
226916,1780495533.731528,32
226917,1780495533.73153,33
226918,1780495533.73153,33
226919,1780495533.731531,33
226920,1780495533.731532,33
226921,1780495533.731533,31
226922,1780495533.731534,32
226923,1780495533.731534,32
226924,1780495533.7315352,32
226925,1780495533.731536,32
226926,1780495533.7315369,32
226927,1780495533.761727,33
226928,1780495533.76173,31
226929,1780495533.7617311,32
226930,1780495533.761732,32
226931,1780495533.761733,32
226932,1780495533.7617338,32
226933,1780495533.761735,33
226934,1780495533.761736,32
226935,1780495533.7617369,32
226936,1780495533.761738,32
226937,1780495533.76174,32
226938,1780495533.765249,32
226939,1780495533.7652512,32
226940,1780495533.765252,32
226941,1780495533.765253,31
226942,1780495533.7652538,32
226943,1780495533.765255,32
226944,1780495533.765256,32
226945,1780495533.765257,32
226946,1780495533.765258,31
226947,1780495533.765259,31
226948,1780495533.7678561,32
226949,1780495533.767862,32
226950,1780495533.767863,32
226951,1780495533.767864,31
226952,1780495533.7678652,32
226953,1780495533.7678661,31
226954,1780495533.7678668,33
226955,1780495533.7678678,32
226956,1780495533.767869,31
226957,1780495533.76787,32
226958,1780495533.767871,33
226959,1780495533.775281,33
226960,1780495533.7752829,33
226961,1780495533.775284,32
226962,1780495533.775285,32
226963,1780495533.775286,31
226964,1780495533.775288,32
226965,1780495533.775289,32
226966,1780495533.77529,32
226967,1780495533.775291,32
226968,1780495533.775292,33
226969,1780495533.7752929,32
226970,1780495533.808096,33
226971,1780495533.808099,31
226972,1780495533.8081,32
226973,1780495533.808102,33
226974,1780495533.8081028,32
226975,1780495533.808104,32
226976,1780495533.808106,31
226977,1780495533.808107,32
226978,1780495533.808109,32
226979,1780495533.80811,31
226980,1780495533.8081121,33
226981,1780495533.811373,31
226982,1780495533.811376,32
226983,1780495533.811378,32
226984,1780495533.811379,31
226985,1780495533.81138,32
226986,1780495533.811382,32
226987,1780495533.811383,32
226988,1780495533.811384,32
226989,1780495533.8113852,32
226990,1780495533.811388,32
226991,1780495533.8139179,32
226992,1780495533.813921,32
226993,1780495533.8139231,32
226994,1780495533.813924,32
226995,1780495533.813926,32
226996,1780495533.813927,32
226997,1780495533.813928,32
226998,1780495533.81393,33
226999,1780495533.813931,32
227000,1780495533.813932,33
227001,1780495533.813935,31
227002,1780495533.816538,32
227003,1780495533.816541,33
227004,1780495533.8165429,32
227005,1780495533.816544,32
227006,1780495533.816546,32
227007,1780495533.8165472,33
227008,1780495533.816549,33
227009,1780495533.8165498,31
227010,1780495533.816552,32
227011,1780495533.816555,32
227012,1780495533.868025,33
227013,1780495533.8680298,31
227014,1780495533.868032,31
227015,1780495533.8680341,33
227016,1780495533.8680372,32
227017,1780495533.868039,32
227018,1780495533.868041,32
227019,1780495533.868043,32
227020,1780495533.868045,32
227021,1780495533.868047,31
227022,1780495533.868051,32
227023,1780495533.871531,33
227024,1780495533.871536,33
227025,1780495533.871538,32
227026,1780495533.871541,32
227027,1780495533.8715498,32
227028,1780495533.871553,32
227029,1780495533.871555,32
227030,1780495533.8715572,31
227031,1780495533.871559,31
227032,1780495533.871562,32
227033,1780495533.871565,32
227034,1780495533.873926,32
227035,1780495533.8739321,32
227036,1780495533.8739352,32
227037,1780495533.8739378,31
227038,1780495533.87394,32
227039,1780495533.873943,32
227040,1780495533.8739479,32
227041,1780495533.873951,33
227042,1780495533.873953,33
227043,1780495533.8739579,33
227044,1780495533.876535,33
227045,1780495533.8765419,31
227046,1780495533.876545,31
227047,1780495533.876548,32
227048,1780495533.87655,32
227049,1780495533.876553,32
227050,1780495533.876556,32
227051,1780495533.876559,33
227052,1780495533.8765619,32
227053,1780495533.876564,32
227054,1780495533.876569,32
227055,1780495533.878906,33
227056,1780495533.878911,33
227057,1780495533.878914,33
227058,1780495533.8789172,32
227059,1780495533.8789198,32
227060,1780495533.878923,32
227061,1780495533.878925,32
227062,1780495533.878928,33
227063,1780495533.878931,32
227064,1780495533.878934,33
227065,1780495533.8789382,33
227066,1780495533.88169,33
227067,1780495533.8817222,32
227068,1780495533.881726,32
227069,1780495533.881731,32
227070,1780495533.88174,32
227071,1780495533.881742,33
227072,1780495533.881748,31
227073,1780495533.8817542,32
227074,1780495533.881761,32
227075,1780495533.881771,32
227076,1780495533.914253,31
227077,1780495533.914272,33
227078,1780495533.9142761,33
227079,1780495533.9142778,31
227080,1780495533.91428,33
227081,1780495533.914283,32
227082,1780495533.914285,32
227083,1780495533.914287,33
227084,1780495533.91429,33
227085,1780495533.9142919,33
227086,1780495533.9142962,33
227087,1780495533.9177332,32
227088,1780495533.9177442,32
227089,1780495533.917747,31
227090,1780495533.917749,32
227091,1780495533.917752,32
227092,1780495533.9177542,32
227093,1780495533.9177558,32
227094,1780495533.917758,31
227095,1780495533.917761,33
227096,1780495533.917763,32
227097,1780495533.9177668,32
227098,1780495533.920717,33
227099,1780495533.920725,32
227100,1780495533.920728,32
227101,1780495533.9207308,31
227102,1780495533.920734,32
227103,1780495533.920736,32
227104,1780495533.920743,32
227105,1780495533.920747,32
227106,1780495533.920749,31
227107,1780495533.920753,33
227108,1780495533.929064,31
227109,1780495533.9290738,32
227110,1780495533.929077,32
227111,1780495533.9290812,31
227112,1780495533.9290829,33
227113,1780495533.929085,32
227114,1780495533.929087,31
227115,1780495533.92909,32
227116,1780495533.9290922,32
227117,1780495533.9290938,31
227118,1780495533.929097,33
227119,1780495533.932777,32
227120,1780495533.9327822,32
227121,1780495533.9327848,32
227122,1780495533.932787,32
227123,1780495533.932789,32
227124,1780495533.932791,32
227125,1780495533.9327931,32
227126,1780495533.9327948,32
227127,1780495533.932798,32
227128,1780495533.9328,33
227129,1780495533.963095,33
227130,1780495533.963119,32
227131,1780495533.963122,32
227132,1780495533.963125,33
227133,1780495533.963128,32
227134,1780495533.96313,32
227135,1780495533.9631329,32
227136,1780495533.963135,32
227137,1780495533.963142,32
227138,1780495533.9631438,32
227139,1780495533.96315,33
227140,1780495533.966523,32
227141,1780495533.9665349,32
227142,1780495533.9665458,32
227143,1780495533.966549,33
227144,1780495533.966551,33
227145,1780495533.966553,33
227146,1780495533.9665558,31
227147,1780495533.966558,31
227148,1780495533.96656,32
227149,1780495533.966563,32
227150,1780495533.9665658,33
227151,1780495533.9690602,33
227152,1780495533.969072,32
227153,1780495533.969075,32
227154,1780495533.969077,33
227155,1780495533.96908,33
227156,1780495533.969082,32
227157,1780495533.9690838,31
227158,1780495533.969087,32
227159,1780495533.969089,33
227160,1780495533.9690912,32
227161,1780495533.969095,33
227162,1780495533.999312,33
227163,1780495533.999323,32
227164,1780495533.999328,32
227165,1780495533.9993331,33
227166,1780495533.999336,32
227167,1780495533.99934,31
227168,1780495533.9993448,32
227169,1780495533.9993489,33
227170,1780495533.999351,31
227171,1780495533.9993558,32
227172,1780495534.002793,32
227173,1780495534.002799,32
227174,1780495534.002802,32
227175,1780495534.002805,31
227176,1780495534.002808,33
227177,1780495534.00281,33
227178,1780495534.0028129,32
227179,1780495534.002816,33
227180,1780495534.002819,31
227181,1780495534.0028212,32
227182,1780495534.002826,32
227183,1780495534.0051699,32
227184,1780495534.005177,31
227185,1780495534.00518,33
227186,1780495534.005183,33
227187,1780495534.0051851,32
227188,1780495534.005187,32
227189,1780495534.0051892,32
227190,1780495534.005192,32
227191,1780495534.005194,32
227192,1780495534.005196,32
227193,1780495534.0051992,32
227194,1780495534.007756,32
227195,1780495534.0077598,32
227196,1780495534.007762,32
227197,1780495534.007765,33
227198,1780495534.007767,33
227199,1780495534.007769,32
227200,1780495534.007783,33
227201,1780495534.0077848,32
227202,1780495534.007787,32
227203,1780495534.00779,32
227204,1780495534.0391629,32
227205,1780495534.039167,30
227206,1780495534.039169,32
227207,1780495534.03917,32
227208,1780495534.039171,32
227209,1780495534.0391722,31
227210,1780495534.0391731,32
227211,1780495534.0391748,32
227212,1780495534.039176,32
227213,1780495534.039177,32
227214,1780495534.039179,32
227215,1780495534.0451798,32
227216,1780495534.045183,33
227217,1780495534.045184,32
227218,1780495534.045186,32
227219,1780495534.045187,32
227220,1780495534.0451882,32
227221,1780495534.0451891,31
227222,1780495534.0451899,32
227223,1780495534.0451908,32
227224,1780495534.045192,31
227225,1780495534.045194,32
227226,1780495534.047633,32
227227,1780495534.0476348,32
227228,1780495534.047636,32
227229,1780495534.047637,32
227230,1780495534.047638,32
227231,1780495534.0476391,31
227232,1780495534.04764,32
227233,1780495534.047641,32
227234,1780495534.047643,32
227235,1780495534.047644,32
227236,1780495534.0501702,31
227237,1780495534.0501719,33
227238,1780495534.050173,32
227239,1780495534.050174,32
227240,1780495534.050176,31
227241,1780495534.050177,32
227242,1780495534.050178,32
227243,1780495534.050179,34
227244,1780495534.0501802,32
227245,1780495534.0501812,33
227246,1780495534.0501819,33
227247,1780495534.080443,32
227248,1780495534.080446,31
227249,1780495534.080446,32
227250,1780495534.080447,33
227251,1780495534.080448,32
227252,1780495534.080449,32
227253,1780495534.080449,32
227254,1780495534.08045,33
227255,1780495534.080451,33
227256,1780495534.0804522,33
227257,1780495534.0804532,33
227258,1780495534.083949,32
227259,1780495534.083951,32
227260,1780495534.0839522,31
227261,1780495534.083953,31
227262,1780495534.0839539,32
227263,1780495534.083955,31
227264,1780495534.083956,31
227265,1780495534.083956,32
227266,1780495534.083957,32
227267,1780495534.083958,33
227268,1780495534.086497,31
227269,1780495534.086499,32
227270,1780495534.0865002,33
227271,1780495534.0865011,32
227272,1780495534.0865011,32
227273,1780495534.0865018,32
227274,1780495534.086503,31
227275,1780495534.086504,31
227276,1780495534.086504,32
227277,1780495534.086505,32
227278,1780495534.086507,31
227279,1780495534.116627,32
227280,1780495534.116632,32
227281,1780495534.1166332,32
227282,1780495534.1166341,33
227283,1780495534.1166348,31
227284,1780495534.1166358,31
227285,1780495534.1166358,31
227286,1780495534.116637,32
227287,1780495534.116638,32
227288,1780495534.116639,32
227289,1780495534.1193652,32
227290,1780495534.121412,31
227291,1780495534.121414,33
227292,1780495534.121415,32
227293,1780495534.1214159,32
227294,1780495534.121417,31
227295,1780495534.121418,32
227296,1780495534.121419,32
227297,1780495534.121421,31
227298,1780495534.121422,31
227299,1780495534.121423,31
227300,1780495534.123998,33
227301,1780495534.124001,32
227302,1780495534.124001,32
227303,1780495534.124002,32
227304,1780495534.1240032,33
227305,1780495534.1240041,32
227306,1780495534.124005,32
227307,1780495534.124005,32
227308,1780495534.1240058,31
227309,1780495534.124007,32
227310,1780495534.124008,31
227311,1780495534.126555,32
227312,1780495534.1265569,32
227313,1780495534.126558,33
227314,1780495534.126558,32
227315,1780495534.126559,32
227316,1780495534.12656,32
227317,1780495534.126561,32
227318,1780495534.126562,31
227319,1780495534.126562,32
227320,1780495534.126563,31
227321,1780495534.126564,31
227322,1780495534.170482,32
227323,1780495534.170484,31
227324,1780495534.170485,32
227325,1780495534.170486,32
227326,1780495534.170487,32
227327,1780495534.170488,32
227328,1780495534.170489,34
227329,1780495534.170489,32
227330,1780495534.17049,32
227331,1780495534.170491,32
227332,1780495534.174023,31
227333,1780495534.174026,32
227334,1780495534.174027,31
227335,1780495534.174028,32
227336,1780495534.174028,32
227337,1780495534.174029,32
227338,1780495534.17403,32
227339,1780495534.174031,32
227340,1780495534.174032,34
227341,1780495534.174033,32
227342,1780495534.1740339,32
227343,1780495534.176391,32
227344,1780495534.176393,31
227345,1780495534.176394,33
227346,1780495534.176395,34
227347,1780495534.1763961,31
227348,1780495534.1763961,31
227349,1780495534.176397,33
227350,1780495534.176398,31
227351,1780495534.176399,33
227352,1780495534.1764,32
227353,1780495534.1788979,31
227354,1780495534.1789,33
227355,1780495534.1789,32
227356,1780495534.178901,31
227357,1780495534.178902,31
227358,1780495534.178903,33
227359,1780495534.178904,32
227360,1780495534.178905,33
227361,1780495534.1789062,33
227362,1780495534.1789062,32
227363,1780495534.1789079,32
227364,1780495534.1814048,31
227365,1780495534.181407,33
227366,1780495534.181408,31
227367,1780495534.1814091,32
227368,1780495534.1814091,33
227369,1780495534.18141,32
227370,1780495534.181411,32
227371,1780495534.181412,31
227372,1780495534.1814132,32
227373,1780495534.181414,33
227374,1780495534.1832662,32
